{"metrics": {"test": {"fp": [13], "f1_score": [0.4347826086956522], "risk": [0.24528301886792453], "recall": [1.0], "sensitivity": [1.0], "precision": [0.2777777777777778], "tp": [5], "tn": [35], "specificity": [0.7291666666666666], "fn": [0]}, "train": {"fp": [51], "f1_score": [0.5321100917431192], "risk": [0.24056603773584906], "recall": [1.0], "sensitivity": [1.0], "precision": [0.3625], "tp": [29], "tn": [132], "specificity": [0.7213114754098361], "fn": [0]}}, "model": {"n_features": 17807816}, "data": {"path": "/scratch/adrouin/patric_data/single_species_datasets/clindamycin___-8916328542551230855/dataset.kover", "split": "train_0.800_seed_5_10_folds", "uuid": "6c54415e-07b8-11e8-8a66-001b2193b764"}, "predictions": {"binary": [0, 0, 1, 0, 0, 1, 0, 1, 0, 0, 0, 0, 0, 0, 0, 1, 0, 1, 0, 0, 0, 1, 0, 0, 0, 1, 0, 0, 1, 0, 0, 1, 0, 0, 0, 0, 0, 0, 0, 0, 1, 0, 0, 1, 0, 1, 0, 0, 0, 1, 1, 1, 1, 0, 0, 1, 0, 0, 1, 0, 0, 1, 0, 0, 1, 1, 0, 0, 0, 0, 0, 0, 1, 0, 0, 1, 0, 1, 0, 1, 1, 1, 0, 0, 0, 0, 1, 1, 1, 0, 0, 1, 0, 0, 0, 1, 0, 0, 1, 0, 1, 1, 0, 0, 1, 0, 0, 1, 0, 1, 0, 0, 0, 0, 0, 0, 0, 0, 1, 0, 0, 0, 1, 0, 1, 0, 0, 0, 0, 0, 0, 0, 0, 1, 0, 1, 0, 0, 0, 1, 1, 0, 0, 0, 0, 0, 0, 1, 1, 0, 0, 0, 1, 0, 1, 0, 0, 1, 0, 0, 0, 1, 0, 1, 0, 0, 0, 0, 0, 0, 0, 0, 0, 0, 0, 0, 0, 0, 1, 0, 0, 0, 0, 0, 0, 1, 1, 1, 0, 1, 0, 0, 0, 0, 0, 0, 0, 0, 0, 0, 0, 0, 0, 0, 0, 1, 0, 0, 0, 0, 1, 1, 1, 0, 0, 0, 1, 0, 0, 0, 0, 0, 0, 0, 0, 0, 1, 0, 0, 1, 0, 1, 1, 1, 1, 1, 1, 1, 1, 1, 1, 1, 1, 1, 1, 1, 1, 1, 1, 1, 1, 1, 1, 1, 1, 1, 1, 1, 1, 1, 1, 1, 1, 1, 1], "proba": [0.7825808810110816, 0.7811263154564144, 0.48377469739948803, 0.5175910807497399, 0.6262606593559008, 0.4774765775517268, 0.7801717652038865, 0.4255195644802833, 0.5217582259027624, 0.527474925491233, 0.7787743216659102, 0.7831728051854095, 0.7781240551400277, 0.782969001122905, 0.7821745083558589, 0.4865961141341553, 0.7760933299731378, 0.48812129654477987, 0.5389734580356221, 0.541515792643472, 0.7820272521171119, 0.48302850941736525, 0.5288443163886555, 0.5060100202770741, 0.782729810680392, 0.4995230203042108, 0.5397973666134916, 0.5297866477528257, 0.49218954784607916, 0.7830736722072474, 0.5175190417067431, 0.4952267449715134, 0.7772877045719184, 0.7811363402672201, 0.7822074984280322, 0.7804570841184588, 0.7823932267864376, 0.5410296817486698, 0.5297975675578499, 0.781330068801095, 0.46392523203343494, 0.5395212562822338, 0.7818639327499773, 0.4901353955937385, 0.7798303476493039, 0.4659066053324987, 0.5115717311365965, 0.7792651247876463, 0.7832322729465485, 0.43171994965343335, 0.4649437146870694, 0.4596680337163839, 0.4842485420194856, 0.7833469335500994, 0.7813566214589329, 0.39070129300235074, 0.783073517914308, 0.5350064842152833, 0.47794036163781045, 0.5279909261734957, 0.7807934003329398, 0.4643836460055883, 0.7822364611682487, 0.538533385813183]}}