{"metrics": {"test": {"fp": [5], "f1_score": [0.5882352941176471], "risk": [0.4375], "recall": [0.5263157894736842], "sensitivity": [0.5263157894736842], "precision": [0.6666666666666666], "tp": [10], "tn": [8], "specificity": [0.6153846153846154], "fn": [9]}, "train": {"fp": [0], "f1_score": [1.0], "risk": [0.0], "recall": [1.0], "sensitivity": [1.0], "precision": [1.0], "tp": [53], "tn": [76], "specificity": [1.0], "fn": [0]}}, "model": {"n_features": 4672403}, "data": {"path": "/scratch/adrouin/data/patric/single_species_datasets/rifabutin___260162261243005161/dataset.kover", "split": "train_0.800_seed_9_10_folds", "uuid": "0c0af0ac-077e-11e8-81c0-001b2193b764"}, "predictions": {"binary": [0, 0, 0, 0, 1, 0, 0, 0, 0, 0, 0, 0, 0, 0, 0, 0, 0, 0, 1, 0, 0, 0, 0, 0, 0, 0, 0, 0, 0, 0, 0, 0, 0, 0, 0, 0, 0, 0, 0, 0, 0, 0, 0, 0, 0, 0, 0, 0, 0, 1, 0, 0, 0, 0, 0, 0, 0, 0, 1, 0, 0, 0, 0, 1, 0, 0, 0, 0, 0, 0, 0, 0, 0, 0, 0, 0, 0, 0, 0, 0, 0, 0, 0, 0, 0, 0, 0, 0, 0, 1, 1, 0, 0, 1, 1, 1, 1, 1, 1, 1, 1, 1, 1, 1, 0, 1, 1, 1, 1, 1, 1, 1, 1, 1, 1, 1, 1, 1, 1, 1, 1, 1, 1, 1, 0, 1, 1, 1, 1, 0, 1, 1, 1, 1, 1, 1, 1, 0, 1, 0, 1, 1, 1, 1, 1, 1, 1, 1, 1, 1, 1, 1, 1, 1, 1, 1, 1, 0, 1, 1, 0], "proba": [0.2620019190439721, 0.2620415910544969, 0.23418232459736524, 0.26102267194084244, 0.4562950644873058, 0.26203517819009864, 0.26206056774255887, 0.2620286777062993, 0.2619852850320091, 0.24078723556084955, 0.2620066831272116, 0.22465944222619888, 0.22683134433850874, 0.26195169041610333, 0.2619738790371679, 0.2620052761628599, 0.2620154242566098, 0.2620439240374113, 0.6014520517145543, 0.18182757612800246, 0.2620162130360962, 0.262004478516823, 0.2832573548796338, 0.2620594959883767, 0.2620329371781288, 0.26201761183658845, 0.26205340461961496, 0.2620199801957705, 0.26202918258888985, 0.2620204951914129, 0.26180751429423615, 0.26197616076281827, 0.26204243864593124, 0.26202555010921075, 0.21866841964143635, 0.26203458102238086, 0.26201587740253535, 0.2619972993179649, 0.2619877045513209, 0.2619747724968876, 0.19696886616410955, 0.26196591794479424, 0.26199903114310985, 0.26192821476263667, 0.2620133143168105, 0.2620182017695366, 0.23285321511376034, 0.17537118160081516, 0.2619580791872454, 0.6892051697156335, 0.2619894400922092, 0.2620139585481235, 0.26203095161865486, 0.26199724671401253, 0.2620513566008659, 0.16943716314098, 0.3401838747917197, 0.2619905765383055, 0.4656791446909586, 0.369753610074089, 0.262002783227362, 0.26199776544145453, 0.2688714766224809, 0.48674500315280156, 0.26198371500944984, 0.2597749712113911, 0.2620065704456456, 0.2619759217189928, 0.26197297965149013, 0.21386341103277137, 0.2532468516774513, 0.20520024787374813, 0.2619266948420062, 0.26198968056014355, 0.26196105889811855, 0.26202189896922445, 0.2619967721906393, 0.2620143197660238, 0.26197797124159633, 0.2619671008418638, 0.26200493730374375, 0.2619376985546392, 0.26206109569441893, 0.26204502815259584, 0.26197595508997623, 0.2620155754851097, 0.26201305041918216, 0.26197507343546933, 0.2619779016122183, 0.6279965485196117, 0.6279279789412591, 0.17882703724035942, 0.3441876464544605, 0.6279933732927223, 0.6280082718705088, 0.6280163195004811, 0.6668234467868461, 0.6280223828617526, 0.6279776297945686, 0.5542158060471054, 0.6278898992985453, 0.627963530166633, 0.6280050891318765, 0.6279035919268213, 0.27277237181698877, 0.6279701782184592, 0.6279919577868008, 0.6279200352646259, 0.6279708162137302, 0.6280047706839318, 0.6279438029001215, 0.62796635497535, 0.6280200139945517, 0.627938148705156, 0.6279902148945705, 0.6279481376485399, 0.6279678900862697, 0.5797023501386266, 0.6279537011218297, 0.4684028474511103, 0.5167876409073463, 0.6279890851860557, 0.628006584100817, 0.627972335361566, 0.39197143742287144, 0.705560565329372, 0.5606730697347959, 0.6279272773861247, 0.5612455342127021, 0.4346219426909066, 0.6670111070232774, 0.627935338282276, 0.6279294815280705, 0.627928423538237, 0.6279421917073346, 0.6280012796757354, 0.6279971669398711, 0.21869997735323202, 0.6279914967485517, 0.339993258938501, 0.6279693040587508, 0.6280465632307599, 0.6279305540842559, 0.6280330108117926, 0.6280016494770913, 0.6279318033057734, 0.6279462549841219, 0.6280267403719404, 0.6280004419791537, 0.7124265561858792, 0.5695050316800454, 0.6124006204693094, 0.62791487907386, 0.6366261183276645, 0.6279455558550968, 0.6279886367353106, 0.6279497368851575, 0.24100901721486573, 0.6279107634282498, 0.6279426585013588, 0.2778033605010251]}, "cv": {"hps": {"normalize_kernel": true, "degree": 6.0, "regularizer": 1000.0}, "score": 0.30256410256410254}}