{"metrics": {"test": {"fp": [4], "f1_score": [0.8181818181818181], "risk": [0.23529411764705882], "recall": [1.0], "sensitivity": [1.0], "precision": [0.6923076923076923], "tp": [9], "tn": [4], "specificity": [0.5], "fn": [0]}, "train": {"fp": [15], "f1_score": [0.75], "risk": [0.2647058823529412], "recall": [0.9], "sensitivity": [0.9], "precision": [0.6428571428571429], "tp": [27], "tn": [23], "specificity": [0.6052631578947368], "fn": [3]}}, "model": {"n_features": 6095164}, "data": {"path": "/scratch/adrouin/patric_data/single_species_datasets/oxacillin___6654735289702248879/dataset.kover", "split": "train_0.800_seed_0_10_folds", "uuid": "5e68fc00-084a-11e8-a17e-001b2193b764"}, "predictions": {"binary": [1, 1, 0, 0, 0, 0, 0, 1, 1, 0, 1, 1, 1, 1, 0, 0, 0, 1, 1, 0, 0, 1, 1, 0, 0, 0, 1, 0, 0, 1, 0, 0, 0, 0, 0, 0, 0, 0, 0, 1, 1, 0, 1, 1, 1, 0, 1, 1, 1, 1, 1, 1, 1, 1, 1, 1, 1, 1, 1, 1, 1, 0, 1, 1, 1, 1, 1, 1, 1, 1, 1, 1, 1, 1, 1, 0, 1, 1, 1, 1, 1, 1, 1, 0, 1], "proba": [0.4113696115391137, 0.4250746673883033, 0.5925434371047447, 0.5734935902622829, 0.5770797461586837, 0.5543339488653859, 0.5762610354010996, 0.42423329811199323, 0.3933928902648336, 0.54914341681845, 0.43019964508952674, 0.41070714586434764, 0.41316832701120687, 0.4096660246955101, 0.5487125931894707, 0.5750189918731018, 0.5920245261281856, 0.4227548671477727, 0.4571620166699734, 0.5115491765931541, 0.5929371745763612, 0.40880375882204667, 0.412689353047532, 0.5745751129875475, 0.5914284032106137, 0.5582909283370496, 0.41613952992773146, 0.5976677176305307, 0.5516904776801079, 0.4120860074080426, 0.5971102403135914, 0.5595751656249971, 0.5996683700108068, 0.5669648766508116, 0.5063716729323727, 0.5737379964381701, 0.5748559089844488, 0.5630398037209695, 0.5874686126669876, 0.44979709920323885, 0.4213830378709706, 0.5096075125415587, 0.42488341607443547, 0.42156532797362506, 0.4201212328975071, 0.5685218921460689, 0.36847718899751153, 0.36657684097474535, 0.3735206781669024, 0.36699536907328684, 0.4859192655852618, 0.3778218239836622, 0.3651465960991906, 0.36435256263459687, 0.36452362952655154, 0.36454012585790985, 0.484778826336536, 0.4916623008111248, 0.3678510236398309, 0.48702948215863096, 0.3767642857504133, 0.5357034712687089, 0.36449018307651015, 0.3661493249384794]}}