{"metrics": {"test": {"fp": [7], "f1_score": [0.875], "risk": [0.16091954022988506], "recall": [0.875], "sensitivity": [0.875], "precision": [0.875], "tp": [49], "tn": [24], "specificity": [0.7741935483870968], "fn": [7]}, "train": {"fp": [0], "f1_score": [1.0], "risk": [0.0], "recall": [1.0], "sensitivity": [1.0], "precision": [1.0], "tp": [215], "tn": [134], "specificity": [1.0], "fn": [0]}}, "model": {"n_features": 36073591}, "data": {"path": "/scratch/adrouin/data/patric/single_species_datasets/ampicillin___7053822222416630118/dataset.kover", "split": "train_0.800_seed_7_10_folds", "uuid": "9957fcbc-095d-11e8-b1fe-001b2193b764"}, "predictions": {"binary": [1, 0, 0, 0, 0, 0, 0, 0, 0, 0, 1, 0, 0, 0, 0, 0, 0, 0, 0, 0, 0, 0, 0, 1, 0, 1, 0, 0, 0, 0, 0, 0, 0, 1, 0, 0, 0, 0, 0, 0, 0, 0, 0, 0, 0, 0, 0, 0, 0, 0, 0, 0, 0, 0, 0, 0, 0, 0, 0, 0, 0, 0, 0, 0, 0, 0, 0, 0, 0, 0, 0, 0, 0, 0, 0, 0, 0, 0, 0, 0, 0, 0, 0, 0, 0, 0, 0, 0, 0, 0, 0, 0, 1, 0, 0, 0, 0, 0, 0, 0, 0, 0, 0, 0, 0, 0, 0, 0, 0, 0, 0, 0, 0, 0, 0, 0, 0, 0, 0, 0, 0, 0, 0, 0, 0, 0, 0, 0, 0, 0, 1, 0, 0, 0, 0, 0, 0, 0, 0, 0, 0, 0, 0, 0, 0, 0, 0, 0, 0, 0, 0, 0, 0, 0, 0, 0, 0, 0, 0, 0, 0, 0, 0, 0, 0, 1, 1, 0, 1, 1, 1, 1, 1, 1, 1, 1, 1, 1, 1, 1, 1, 1, 1, 1, 1, 1, 1, 1, 1, 1, 1, 1, 1, 1, 1, 1, 1, 1, 1, 1, 1, 1, 1, 1, 1, 1, 1, 1, 1, 1, 1, 1, 1, 1, 1, 1, 1, 1, 1, 1, 1, 1, 1, 1, 1, 1, 1, 1, 1, 1, 1, 1, 1, 0, 1, 1, 1, 1, 1, 1, 1, 1, 1, 1, 1, 1, 1, 1, 1, 1, 1, 1, 1, 1, 1, 1, 1, 1, 1, 1, 1, 1, 1, 1, 1, 1, 1, 1, 1, 1, 1, 1, 1, 1, 1, 1, 1, 1, 1, 1, 1, 1, 1, 1, 1, 1, 1, 1, 1, 1, 1, 1, 1, 1, 1, 1, 1, 1, 1, 1, 1, 1, 1, 1, 1, 1, 1, 1, 1, 1, 1, 1, 1, 1, 1, 1, 1, 1, 1, 1, 1, 1, 1, 1, 1, 1, 1, 1, 1, 1, 1, 1, 1, 1, 1, 1, 1, 1, 1, 1, 1, 1, 1, 1, 1, 1, 1, 1, 1, 1, 1, 1, 1, 1, 1, 1, 1, 1, 1, 1, 1, 1, 1, 1, 1, 1, 1, 1, 1, 1, 1, 1, 1, 1, 0, 1, 1, 1, 1, 1, 0, 1, 1, 1, 1, 1, 1, 1, 1, 1, 1, 1, 0, 1, 1, 1, 1, 1, 0, 1, 1, 1, 1, 1, 1, 1, 1, 1, 1, 1, 1, 1, 1, 1, 1, 1, 1, 1, 1, 1, 1, 1, 1, 1, 1, 1, 1, 0, 1, 1, 1, 1, 1, 1, 1, 1], "proba": [0.6415495486382387, 0.13975035611348308, 0.13975416894902776, 0.13968813301234018, 0.06953497295114817, 0.13967844234102886, 0.062105439113804575, 0.1397446007276218, 0.04914456679462055, 0.13966541629259566, 0.6473205233211075, 0.13968488809029778, 0.17008340976128397, 0.139778062170365, 0.13965250595297565, 0.1396443814422802, 0.13958431922838282, 0.13968929651499168, 0.13970728031137555, 0.5220205335586534, 0.13975119514343226, 0.2579002560510993, 0.13960885964551376, 0.6966462835681045, 0.13971355276476313, 0.6576036613741428, 0.1396518471234429, 0.13965823332889615, 0.13968265289368992, 0.13965605406701984, 0.13970630330674638, 0.13972551073681747, 0.13954407185058074, 0.5506799076891458, 0.13966539268743602, 0.13969026570764276, 0.13969302048869545, 0.1397303685694983, 0.12978352128245904, 0.13972690708778218, 0.13968173862865163, 0.13967655876277352, 0.0337742566722546, 0.13976644389553006, 0.10590097959865101, 0.13966186708270487, 0.139655271553938, 0.13757126211289902, 0.2727117933831464, 0.13967896071633368, 0.1393945976732975, 0.13955191017305935, 0.1397671284314606, 0.13969018328504862, 0.13968081883045697, 0.1397361829395808, 0.1396877027297038, 0.13968430760182432, 0.1395891496978886, 0.1397042375300447, 0.13967704174561046, 0.1396836296002229, 0.05116783774823263, 0.13964159860354597, 0.1397006523743067, 0.13972909475357312, 0.13967095362024354, 0.4798036048014955, 0.3851682223729931, 0.1397218040201303, 0.03927985981114408, 0.09466444695658309, 0.23045257069647265, 0.13965799750323532, 0.13958412416095442, 0.10219874724191584, 0.1396600393634527, 0.13974684080694644, 0.13970974003335362, 0.1396593359273252, 0.13975081965099534, 0.13973219486125937, 0.13959264950487157, 0.3818168481673191, 0.1397433899901055, 0.13976344158444026, 0.13963117341354148, 0.13973657342041798, 0.13968639044606737, 0.1396526226223375, 0.13971384752159252, 0.1397197166621211, 0.7440773819709298, 0.13972486451746413, 0.13973539510200156, 0.13971066339891738, 0.13973685574972883, 0.13976673822863284, 0.13976123014635733, 0.13975921978791292, 0.13963107972418956, 0.13971670749606627, 0.1332057382317985, 0.16287257520183027, 0.06573607476313321, 0.13972496334416104, 0.13968799438543106, 0.3205065506613636, 0.13970829252338482, 0.13971858477263063, 0.1397568834796147, 0.13970350390173947, 0.14673739467476227, 0.13960456212781414, 0.1397447653703866, 0.13960917585964314, 0.1396674906649073, 0.10674894130317979, 0.10269343926256883, 0.48684360660868775, 0.13959277693644545, 0.1397513262630754, 0.13972361533426822, 0.4892542122971035, 0.13973961389184095, 0.13973048687522002, 0.09913561510121278, 0.1396971804873001, 0.13968450146269643, 0.1397284652158519, 0.9901282988730341, 0.1397587649791501, 0.1397254490410159, 0.10966557380001939, 0.1396540035106981, 0.13972693009407836, 0.13970849876114996, 0.1392242008282562, 0.1396451740442674, 0.08258703021749139, 0.10593486222428668, 0.13976288326392844, 0.1397460257327882, 0.13968983921597644, 0.13958375153422273, 0.13961767391080546, 0.1396971894245558, 0.13966822190729206, 0.13969845534823527, 0.16025771413923018, 0.1396280576157431, 0.12203241637990893, 0.11259713227380604, 0.0800544342857495, 0.13968744586592072, 0.13971256677823093, 0.1396896288306911, 0.13967708732906864, 0.1396331535535421, 0.13965622311780362, 0.13969593455440404, 0.13969118609112566, 0.13963676371956518, 0.1396951907347212, 0.13966836325692514, 0.8910363008743334, 0.8909924102077984, 0.3911590128119265, 0.9347475708748422, 0.8910812931811447, 0.9028582586078252, 0.8909948409960762, 0.9816115585036951, 0.8910091199490313, 0.9524844374907905, 0.7910191403212762, 0.8910037257182329, 0.8910599664010653, 0.9933098752003667, 0.8910376397308215, 0.8910472321399167, 0.8910107215504114, 0.8910054497855504, 0.6822626029495468, 0.944822322652523, 0.8321671879887265, 0.8910526576608533, 0.8910707224222701, 0.9590456623346248, 0.7773855877287067, 0.8910499192267773, 0.9729074781337518, 0.9649834647774507, 0.8910189010605617, 0.9723344480232678, 0.967557755342348, 0.8112429574278496, 0.9367173171813512, 0.8909433890748896, 0.9502249062364516, 0.9647998063657671, 0.7161403116868565, 0.8910253301422518, 0.7348966290753913, 0.9531304023919088, 0.8910126238705762, 0.8909394834469511, 0.8909584873006773, 0.9313772013051875, 0.8909672758653844, 0.890979987205597, 0.5951575035105222, 0.8909135693008668, 0.8910232916744747, 0.958982096865452, 0.8910303830245645, 0.8910276280186213, 0.9587657557548261, 0.9206774313732781, 0.6136572885846917, 0.890974250053741, 0.8910349117762822, 0.9968482934479846, 0.9542739494736869, 0.9897554834765874, 0.971346055568366, 0.8910371449650134, 0.8909727922585771, 0.9063504442138195, 0.9930605892275973, 0.9513239664835373, 0.8910319885537651, 0.8977926959685896, 0.027324096460677006, 0.9366137439541206, 0.9010552977487539, 0.8909760311936107, 0.8909855131196254, 0.8910533837222565, 0.8958865258276558, 0.8910519738075604, 0.9707061358983473, 0.9681918878717369, 0.9584252536957143, 0.8909532402086833, 0.9902602393694507, 0.8909634648748429, 0.677270620259448, 0.9734479805098324, 0.9428832999244123, 0.9483967313681781, 0.9494759689425868, 0.978725867027778, 0.97489432767868, 0.980092660385922, 0.8910332568560114, 0.9651431444804215, 0.8764084493045222, 0.9805321386060358, 0.9082730405199397, 0.9506155791796516, 0.9757267895764749, 0.8909652594661723, 0.9716483409565532, 0.9517891935368217, 0.890969402083014, 0.8932072234686257, 0.9470022052447074, 0.9395896380033985, 0.8910486345297965, 0.8910517398149788, 0.9575691617148003, 0.9332711179282787, 0.8910480064203173, 0.9186722363475469, 0.6524762219118166, 0.8909651530251124, 0.8909578540523874, 0.9721548000855447, 0.9615419122256899, 0.8909738612013907, 0.9098702297657729, 0.8910164815354953, 0.8910072689364299, 0.8909930148877081, 0.8909562379038771, 0.7369841729704727, 0.8982364650232987, 0.8909699463389975, 0.9470344869513275, 0.9035013938180291, 0.9781006991501069, 0.9083764454623405, 0.947493264695424, 0.9826867915381332, 