{"metrics": {"test": {"fp": [17], "f1_score": [0.4918032786885246], "risk": [0.40789473684210525], "recall": [0.5172413793103449], "sensitivity": [0.5172413793103449], "precision": [0.46875], "tp": [15], "tn": [30], "specificity": [0.6382978723404256], "fn": [14]}, "train": {"fp": [32], "f1_score": [0.718146718146718], "risk": [0.24013157894736842], "recall": [0.6940298507462687], "sensitivity": [0.6940298507462687], "precision": [0.744], "tp": [93], "tn": [138], "specificity": [0.8117647058823529], "fn": [41]}}, "model": {"n_features": 39041770}, "data": {"path": "/scratch/adrouin/patric_data/single_species_datasets/meropenem___-9072632565547958275/dataset.kover", "split": "train_0.800_seed_2_10_folds", "uuid": "b1f77c1e-07ca-11e8-b57b-001b2193b764"}, "predictions": {"binary": [0, 1, 1, 1, 1, 0, 0, 0, 0, 0, 0, 0, 0, 0, 0, 0, 0, 1, 1, 0, 0, 0, 0, 0, 1, 0, 0, 0, 0, 1, 1, 1, 0, 1, 1, 0, 1, 0, 0, 0, 1, 0, 1, 0, 0, 0, 0, 0, 0, 0, 1, 0, 0, 0, 0, 0, 0, 0, 1, 0, 0, 0, 0, 0, 0, 1, 0, 1, 0, 0, 0, 0, 1, 0, 0, 0, 0, 1, 0, 0, 0, 1, 0, 0, 0, 0, 1, 0, 0, 0, 1, 0, 1, 0, 0, 0, 0, 0, 1, 0, 0, 1, 1, 1, 0, 0, 0, 0, 0, 0, 0, 0, 1, 0, 0, 0, 0, 0, 0, 1, 0, 1, 0, 0, 0, 0, 0, 0, 0, 0, 0, 1, 1, 0, 0, 0, 0, 0, 0, 0, 0, 0, 0, 0, 0, 0, 0, 0, 0, 0, 0, 0, 0, 0, 0, 0, 0, 0, 0, 0, 0, 0, 1, 0, 0, 0, 0, 1, 1, 0, 0, 0, 0, 0, 0, 0, 0, 0, 1, 1, 0, 0, 1, 1, 0, 0, 0, 1, 0, 1, 1, 0, 0, 0, 0, 1, 1, 0, 0, 0, 0, 0, 1, 0, 0, 0, 0, 0, 0, 0, 0, 0, 0, 1, 0, 0, 1, 1, 1, 1, 0, 1, 1, 1, 1, 1, 1, 0, 0, 1, 1, 1, 1, 1, 1, 1, 1, 1, 1, 1, 1, 1, 1, 1, 0, 1, 0, 1, 0, 1, 0, 1, 1, 1, 1, 0, 0, 0, 1, 1, 0, 1, 1, 0, 0, 1, 1, 1, 1, 0, 0, 1, 1, 1, 0, 1, 1, 1, 0, 0, 1, 0, 0, 0, 1, 1, 1, 1, 0, 1, 1, 0, 1, 1, 1, 0, 0, 1, 0, 1, 0, 1, 1, 1, 0, 0, 1, 0, 1, 1, 1, 0, 0, 1, 0, 1, 1, 0, 1, 0, 0, 1, 1, 1, 1, 1, 1, 1, 1, 1, 0, 1, 1, 0, 1, 1, 1, 0, 0, 0, 0, 0, 0, 1, 0, 1, 1, 1, 1, 1, 1, 1, 1, 1, 1, 1, 1, 0, 1, 1, 0, 1, 0, 0, 0, 1, 0, 1, 0, 1, 1, 1, 0, 1, 1, 0, 1, 1, 1, 0], "proba": [0.5070731761913891, 0.4707399176221677, 0.4731848614318732, 0.48985326137501867, 0.49718477059071897, 0.5272492810527132, 0.5382915107301163, 0.5373633077519616, 0.5273006982994229, 0.5358675289574315, 0.5106128755947769, 0.5072182308031272, 0.5300872914209255, 0.5213423722133581, 0.5227587554042924, 0.5072826797913099, 0.5311508333949635, 0.48838144177682496, 0.4930340332771424, 0.5216926719126711, 0.5262482906173396, 0.5307177145205865, 0.5251298971274323, 0.5299705711951271, 0.4964494092924712, 0.5206102155480897, 0.5186141546716281, 0.521645933378176, 0.5418701811673295, 0.49679045207909517, 0.49998875131797177, 0.4907033325161688, 0.5209097826592304, 0.4974804412980935, 0.49743867574481887, 0.5409940333209295, 0.4284371424026183, 0.5340890605077173, 0.5251272187495523, 0.5241647298592634, 0.4989468586935669, 0.5402011978013664, 0.4904113357615912, 0.5173857732799663, 0.5035811406455548, 0.5247994733320201, 0.5299923856251195, 0.5213704048921262, 0.5187468019694478, 0.5096192505844085, 0.42737454729299956, 0.5251013990347524, 0.5250324510979052, 0.5354543239158435, 0.5327375602401552, 0.5314923856821161, 0.5241728147610877, 0.529118269556665, 0.4996005836038041, 0.53380928670262, 0.5328972439447478, 0.5170779382610227, 0.5193780433700644, 0.5287732763616853]}}