{"metrics": {"test": {"fp": [3], "f1_score": [0.625], "risk": [0.07142857142857142], "recall": [0.625], "sensitivity": [0.625], "precision": [0.625], "tp": [5], "tn": [73], "specificity": [0.9605263157894737], "fn": [3]}, "train": {"fp": [1], "f1_score": [0.988235294117647], "risk": [0.0029585798816568047], "recall": [1.0], "sensitivity": [1.0], "precision": [0.9767441860465116], "tp": [42], "tn": [295], "specificity": [0.9966216216216216], "fn": [0]}}, "model": {"n_features": 31466580}, "data": {"path": "/scratch/adrouin/data/patric/single_species_datasets/tobramycin___7053822222416630118/dataset.kover", "split": "train_0.800_seed_9_10_folds", "uuid": "2ca1e864-05af-11e8-a59f-001b2193b764"}, "predictions": {"binary": [0, 0, 0, 0, 0, 0, 0, 0, 0, 0, 0, 0, 0, 0, 0, 0, 0, 0, 0, 0, 0, 0, 0, 0, 0, 0, 0, 0, 0, 0, 0, 0, 0, 0, 0, 0, 0, 0, 0, 0, 0, 0, 0, 0, 0, 0, 0, 0, 0, 0, 0, 0, 0, 0, 0, 0, 0, 0, 0, 1, 0, 0, 0, 0, 0, 0, 0, 0, 0, 0, 0, 0, 0, 0, 0, 0, 0, 0, 0, 0, 0, 0, 0, 0, 0, 0, 0, 0, 0, 0, 0, 0, 0, 0, 0, 0, 0, 0, 0, 0, 0, 0, 0, 0, 0, 0, 0, 0, 0, 0, 0, 0, 0, 0, 0, 0, 0, 0, 0, 0, 0, 0, 0, 0, 0, 0, 0, 0, 0, 0, 0, 0, 0, 0, 0, 0, 0, 0, 0, 0, 0, 0, 0, 0, 0, 0, 0, 0, 0, 0, 0, 0, 0, 0, 0, 0, 0, 0, 0, 0, 0, 0, 0, 0, 0, 0, 0, 0, 0, 0, 0, 0, 0, 0, 0, 0, 0, 0, 0, 0, 0, 0, 0, 0, 0, 0, 0, 0, 0, 0, 1, 0, 0, 0, 0, 0, 0, 0, 0, 0, 0, 0, 0, 0, 0, 0, 0, 0, 0, 1, 0, 0, 0, 0, 0, 0, 0, 0, 0, 0, 0, 1, 0, 0, 0, 0, 0, 0, 0, 0, 0, 0, 0, 0, 0, 0, 0, 0, 0, 0, 0, 0, 0, 0, 0, 0, 0, 0, 0, 0, 0, 0, 0, 0, 0, 0, 0, 0, 0, 0, 0, 0, 0, 0, 0, 0, 0, 0, 0, 0, 0, 0, 0, 0, 0, 0, 0, 0, 0, 0, 0, 0, 0, 0, 0, 0, 0, 0, 0, 0, 0, 0, 0, 0, 0, 0, 0, 0, 0, 0, 0, 0, 0, 0, 0, 0, 0, 0, 0, 0, 0, 0, 0, 0, 0, 0, 0, 0, 0, 0, 0, 0, 0, 0, 0, 0, 0, 0, 0, 0, 0, 0, 0, 0, 0, 0, 0, 0, 0, 0, 0, 0, 0, 0, 0, 0, 0, 0, 0, 0, 0, 0, 0, 0, 0, 0, 0, 0, 0, 0, 0, 0, 0, 0, 0, 0, 0, 0, 0, 0, 0, 0, 1, 1, 1, 1, 1, 1, 1, 1, 1, 1, 1, 1, 0, 1, 1, 0, 1, 1, 1, 1, 1, 1, 1, 1, 1, 1, 1, 1, 1, 1, 1, 1, 1, 1, 1, 1, 1, 1, 1, 0, 1, 1, 1, 1, 1, 1, 1, 1, 1, 1], "proba": [0.050194184888562705, 0.10065664351242108, 0.05020031667719418, 0.050153203150744195, 0.04643787627005184, 0.05019530942689076, 0.050138360425456656, 0.0501456309437431, 0.05021656088792348, 0.05020451599980867, 0.04110726782913274, 0.04348919175397629, 0.03942776049072567, 0.05019273608661881, 0.05003069585434632, 0.050198366911297865, 0.04611817451435133, 0.0307829465227614, 0.03980495070936237, 0.05020225438095155, 0.050197068788889986, 0.03770589273850802, 0.09872791296467712, 0.043947967319879454, 0.06157763755801291, 0.05015223384360038, 0.050162482583647694, 0.05017618896736168, 0.05019235537726205, 0.043756863715858, 0.0455310028579223, 0.043820218067789504, 0.045368681334191654, 0.05021838094639644, 0.0502497152843107, 0.047666873373273244, 0.041310529912802915, 0.043974326246336404, 0.05019895836436164, 0.050195949131842534, 0.039611623933837894, 0.050208256799463356, 0.044334684789390046, 0.050205400510436905, 0.030329468092453293, 0.03751212550554714, 0.04907467719790981, 0.05016199032728465, 0.050190859511221694, 0.09003858241424413, 0.05019282964391646, 0.05020872006713102, 0.22678393958823645, 0.05017826872592108, 0.05014292363643427, 0.05019016904414946, 0.2896847648540572, 0.050204269238058326, 0.3356984631533034, 0.7666969843245137, 0.04279332594023965, 0.17013945961897498, 0.050197052277744396, 0.2555366580912774, 0.03941198763724264, 0.04220279344898486, 0.04983502643528603, 0.05015302111328743, 0.0501861486966047, 0.05017658506134274, 0.05017788620938318, 0.04645975841677457, 0.05014652574918915, 0.049520206145651766, 0.03418252897417869, 0.05014435782367577, 0.04135438680966258, 0.05018464758604292, 0.05016616704066992, 0.05016864468557151, 0.050186108263669496, 0.05019127436791831, 0.04384389255455131, 0.0309538148352271, 0.05016727146892656, 0.05020265635469994, 0.03612924532965522, 0.050240832552561315, 0.050200175209969, 0.05020648947080708, 0.04243288771710383, 0.05015732242141143, 0.03107560339199784, 0.05019218948484773, 0.03163923492459349, 0.05019521172972574, 0.04347718760260566, 0.0502346326081131, 0.05018019282375969, 0.0501656646003056, 0.04726269374374917, 0.04982166417764059, 0.029036534425677107, 0.031961629965979683, 0.025136393699748336, 0.03196363568829327, 0.027993427667257, 0.03237003323076622, 0.03144777486629255, 0.04887802395860952, 0.03401934068919444, 0.050188755919500797, 0.038617953584877955, 0.040320654340788256, 0.08076509698793019, 0.027619852221666533, 0.04069180819990853, 0.06814723029672697, 0.031366306744569944, 0.04287637127558333, 0.08559002651326184, 0.02905538976325815, 0.050222189831393434, 0.05019437271967544, 0.05022892957528268, 0.04985425493607994, 0.08937150141868118, 0.03715624201892159, 0.04704646344195296, 0.04741561499518046, 0.042890981936305375, 0.041314842600813376, 0.05022859484853295, 0.035949033489069256, 0.050161518988447534, 0.03593764843508239, 0.05018146318694219, 0.07263876688875132, 0.050169636409335694, 0.0501847185745317, 0.05024139573573372, 0.06246750478515643, 0.04000753100403064, 0.042720857977656325, 0.05243499615871894, 0.050199587219041095, 0.029486598439335196, 0.041214642598842936, 0.033242129185440956, 0.03302985563196578, 0.05018460914879272, 0.05018510168879399, 0.05019427445121302, 0.0501797945075696, 0.042288729159332, 0.04368389135178474, 0.04251254361560015, 0.059084943617963036, 0.048453335466321794, 0.04231287743055155, 0.04942170455308858, 0.03800507609831765, 0.042117025336982146, 0.05016839957293458, 0.04453808954332919, 0.04097546494580984, 0.04936011310986075, 0.04427797136499248, 0.04095320349901854, 0.09776643989629046, 0.07726492664059315, 0.05018925754911455, 0.050191751821773496, 0.05015660164501288, 0.050194407128971184, 0.050175699438305264, 0.14092849764515158, 0.05014244295996472, 0.05018404283238148, 0.04403697069074791, 0.04050811440557687, 0.038772396774137775, 0.052156857966653716, 0.039440818494417586, 0.05308155228917768, 0.05018689117846028, 0.06684717874416198, 0.03235244235807482, 0.05018045524281669, 0.05017717711697748, 0.4755406631614836, 0.04933560751296201, 0.050208119249085865, 0.05020620203306815, 0.05018914315095875, 0.0501842171493054, 0.05019402795042572, 0.05023574886256877, 0.021898823195055313, 0.05018819334117572, 0.0502037791062567, 0.05017479006455138, 0.050221921975191354, 0.08179444796785572, 0.038963657581821326, 0.07301353534651495, 0.04395553530581798, 0.05017871731894868, 0.07842639766913181, 0.6884727093796448, 0.050167925988064584, 0.0502297863628587, 0.05020764294034202, 0.05021785000236877, 0.05949923399537961, 0.05016956449677913, 0.05021965302554252, 0.04187505520827973, 0.05019400317647937, 0.11652443807977886, 0.0491510800277193, 0.5912998032252573, 0.05022486159955681, 0.05023859278853913, 0.08244481587126437, 0.05019483163432095, 0.05018715112058555, 0.10549544462969768, 0.050211824367077204, 0.05017806838115232, 0.18540516907591587, 0.05021704022481526, 0.050199815052227675, 0.043362308127708554, 0.04709920530933727, 0.042346460113268564, 0.02972320182261815, 0.024698155081052695, 0.04507128251302366, 0.059744290657682136, 0.05426911140665089, 0.06115157760496085, 0.042605915580591965, 0.05017208624890674, 0.04879875691017775, 0.04106123912859102, 0.043402572251054775, 0.03611315894852539, 0.03293463362981715, 0.04233216902969871, 0.04222322884552781, 0.046829410823655875, 0.050220413419234604, 0.04789065535801803, 0.050219172390924785, 0.04844412139096152, 0.046331781100717645, 0.04480841554717727, 0.043273119038025984, 0.03250336852879368, 0.046624143489526856, 0.046054784521685446, 0.03885629545810298, 0.0480625523830928, 0.04315403956514837, 0.05020220328702178, 0.04980037513650191, 0.04454658581144322, 0.04001700060230564, 0.03927315781362812, 0.050215489055125316, 0.05018909159863027, 0.050198386739491625, 0.050193944810716346, 0.06935477337156573, 0.057774427309722536, 0.047384601937988095, 0.050209846613669874, 0.0459406296177492, 0.05021161628358078, 0.050181111374095456, 0.05016958978019981, 0.04095742462815972, 