{"metrics": {"test": {"fp": [11], "f1_score": [0.42105263157894735], "risk": [0.2222222222222222], "recall": [0.42105263157894735], "sensitivity": [0.42105263157894735], "precision": [0.42105263157894735], "tp": [8], "tn": [69], "specificity": [0.8625], "fn": [11]}, "train": {"fp": [47], "f1_score": [0.6358381502890174], "risk": [0.15789473684210525], "recall": [0.7746478873239436], "sensitivity": [0.7746478873239436], "precision": [0.5392156862745098], "tp": [55], "tn": [281], "specificity": [0.8567073170731707], "fn": [16]}}, "model": {"n_features": 43246793}, "data": {"path": "/scratch/adrouin/patric_data/single_species_datasets/amikacin___-9072632565547958275/dataset.kover", "split": "train_0.800_seed_7_10_folds", "uuid": "af064fce-07bd-11e8-810d-001b2193b764"}, "predictions": {"binary": [0, 1, 0, 0, 0, 0, 1, 0, 0, 0, 0, 0, 0, 0, 0, 0, 0, 0, 0, 0, 1, 0, 0, 0, 1, 1, 0, 0, 0, 0, 0, 0, 0, 1, 0, 0, 0, 0, 0, 0, 0, 0, 0, 0, 0, 0, 0, 1, 0, 0, 1, 0, 0, 0, 0, 0, 0, 0, 0, 0, 0, 0, 0, 0, 0, 1, 0, 0, 0, 0, 0, 0, 1, 0, 0, 0, 0, 0, 0, 0, 0, 1, 0, 0, 1, 0, 1, 0, 1, 1, 1, 0, 0, 0, 1, 0, 0, 0, 0, 0, 0, 0, 1, 0, 0, 0, 0, 1, 0, 0, 0, 0, 0, 0, 1, 0, 0, 0, 0, 0, 0, 0, 0, 0, 1, 0, 0, 1, 0, 0, 1, 0, 0, 0, 0, 0, 0, 1, 0, 0, 1, 0, 0, 0, 1, 0, 1, 0, 0, 0, 0, 0, 0, 0, 0, 0, 0, 0, 0, 0, 0, 0, 0, 0, 1, 0, 0, 1, 1, 0, 0, 0, 0, 1, 0, 0, 0, 0, 0, 1, 0, 1, 0, 0, 0, 0, 1, 1, 0, 0, 0, 0, 0, 0, 0, 0, 0, 0, 0, 0, 0, 0, 0, 0, 0, 0, 0, 0, 0, 0, 0, 0, 0, 0, 0, 0, 0, 0, 0, 0, 0, 0, 0, 0, 0, 0, 0, 1, 1, 0, 0, 0, 0, 0, 0, 0, 0, 0, 0, 0, 0, 0, 1, 0, 0, 0, 0, 0, 0, 0, 0, 0, 1, 0, 1, 0, 0, 1, 0, 1, 0, 0, 0, 0, 0, 1, 0, 1, 0, 1, 0, 0, 0, 0, 0, 0, 0, 0, 0, 0, 0, 0, 0, 1, 0, 0, 0, 0, 0, 0, 0, 0, 0, 0, 0, 0, 0, 1, 0, 0, 0, 0, 0, 0, 0, 0, 0, 0, 0, 0, 0, 0, 0, 0, 1, 0, 0, 0, 0, 0, 0, 0, 0, 0, 0, 0, 0, 0, 1, 0, 0, 0, 0, 0, 0, 0, 0, 0, 0, 0, 0, 1, 0, 0, 0, 0, 0, 1, 0, 0, 1, 0, 0, 1, 0, 0, 0, 0, 0, 1, 0, 0, 0, 0, 0, 0, 0, 0, 1, 0, 0, 0, 0, 0, 0, 0, 0, 0, 0, 1, 0, 0, 0, 0, 1, 0, 0, 0, 0, 0, 0, 0, 0, 0, 0, 0, 0, 0, 0, 0, 0, 0, 0, 1, 0, 0, 0, 0, 1, 1, 1, 0, 1, 1, 1, 0, 1, 1, 1, 1, 0, 0, 0, 1, 1, 1, 1, 1, 1, 1, 1, 1, 0, 1, 0, 1, 1, 1, 0, 1, 1, 1, 1, 1, 0, 0, 1, 1, 1, 1, 1, 1, 0, 1, 1, 1, 1, 1, 1, 1, 1, 1, 1, 1, 1, 1, 0, 0, 0, 1, 1, 1, 1, 0, 1, 1, 0, 1, 0, 1, 1, 1, 1, 1, 1, 1, 0, 1, 0, 0, 0, 0, 0, 0, 0, 0, 0, 1], "proba": [0.5113879069785559, 0.49937711175948757, 0.5203953449253611, 0.5453260854309264, 0.5460309876862883, 0.5410236085574472, 0.4534571643684255, 0.5371893070393319, 0.5392655978726021, 0.5459139540327529, 0.5353685422196489, 0.5289667734570439, 0.5088861131339869, 0.5337539990673023, 0.5310220961107162, 0.5149307956734667, 0.5456469587841386, 0.537127753725055, 0.5388482492792814, 0.5330570503198496, 0.46546682088700675, 0.5343762542544149, 0.5396451099090479, 0.5338029571620002, 0.4787696147774827, 0.454043098126715, 0.5353088193005484, 0.5396662575636823, 0.5278191237795272, 0.527878579979633, 0.5522490055189887, 0.5524700335855836, 0.5345626512796909, 0.48646295567630005, 0.5400711389793901, 0.5484272828454733, 0.5369810820504215, 0.5361440801931919, 0.5307843456862807, 0.5058270238196755, 0.5400278992724166, 0.5429642870617294, 0.5502772805442881, 0.5109087209509545, 0.5196865910285383, 0.5296566771631256, 0.5162161532552806, 0.4540623661015477, 0.5459063862139577, 0.5281735718118631, 0.45690009618431704, 0.5479836970027143, 0.5372820465656444, 0.5095409266714996, 0.5107447295751409, 0.5304843413656651, 0.5322728454754133, 0.5305204843712207, 0.5361958905103159, 0.5569006849922349, 0.5103779749650004, 0.540950354081961, 0.5482485907161344, 0.545271501534436]}}