{"metrics": {"test": {"fp": [0], "f1_score": [1.0], "risk": [0.0], "recall": [1.0], "sensitivity": [1.0], "precision": [1.0], "tp": [7], "tn": [10], "specificity": [1.0], "fn": [0]}, "train": {"fp": [0], "f1_score": [1.0], "risk": [0.0], "recall": [1.0], "sensitivity": [1.0], "precision": [1.0], "tp": [32], "tn": [36], "specificity": [1.0], "fn": [0]}}, "model": {"n_features": 999916}, "data": {"path": "/scratch/adrouin/data/patric/single_species_datasets/oxacillin___6654735289702248879/dataset.kover", "split": "train_0.800_seed_2_10_folds", "uuid": "5e68fc00-084a-11e8-a17e-001b2193b764"}, "predictions": {"binary": [0, 0, 0, 0, 0, 0, 0, 0, 0, 0, 0, 0, 0, 0, 0, 0, 0, 0, 0, 0, 0, 0, 0, 0, 0, 0, 0, 0, 0, 0, 0, 0, 0, 0, 0, 0, 0, 0, 0, 0, 0, 0, 0, 0, 0, 0, 1, 1, 1, 1, 1, 1, 1, 1, 1, 1, 1, 1, 1, 1, 1, 1, 1, 1, 1, 1, 1, 1, 1, 1, 1, 1, 1, 1, 1, 1, 1, 1, 1, 1, 1, 1, 1, 1, 1, 1, 1, 1, 1, 1, 1, 1, 1, 1, 1, 1, 1, 1, 1, 1, 1, 1, 1, 1, 1, 1, 1, 1, 1, 1, 1, 1, 1, 1, 1, 1, 1, 1, 1, 1, 1, 1, 1, 1, 1, 1, 1, 1], "proba": [0.07499968929125357, 0.09572671639119633, 0.009538307987088525, 0.034339926626148494, 0.04693754880646541, 0.07214879662315299, 0.04285193435629098, 0.08715518555941906, 0.2881238550006884, 0.04730813019263541, 0.11681086684872263, 0.08943154814154093, 0.0811627490375831, 0.10018157868226062, 0.03290851714761308, 0.04256779789075952, 0.0265602740634265, 0.0703183657748975, 0.10104773979440307, 0.1959349417610329, 0.026506643980801374, 0.0991842781651419, 0.12204297083404247, 0.04548069407739423, 0.026956545129187052, 0.02496722638065244, 0.1362371159824088, 0.008851582183391707, 0.07864585232109556, 0.22569137218461055, 0.007253255363409967, 0.09218336950160533, 0.007108913513387418, 0.029923149838891844, 0.23905790947758768, 0.034361246707564894, 0.04217714026894275, 0.029630864886484098, 0.02656979973667469, 0.15100761058808268, 0.10980549463180146, 0.23209686893183404, 0.09366885447717575, 0.0668713343680049, 0.06720087904764349, 0.021856450136163972, 0.9659308960819389, 0.9674218248113746, 0.9563631433101567, 0.9665895866650879, 0.9710552655260061, 0.9707315349336523, 0.9634243133396736, 0.9638783664726656, 0.9631845074976555, 0.9630656554999352, 0.8890156969948186, 0.8995884464378634, 0.9515137613709894, 0.5000019466452678, 0.9641015908550946, 0.8475224786472152, 0.9634803318562578, 0.9681815354299746, 0.9638056028196306, 0.9637292725601306, 0.9047318566120943, 0.8635581356232198, 0.967499633673387, 0.9678093142281319, 0.8417791807289486, 0.9630497525611161, 0.952569303539148, 0.8381920877773548, 0.9818429411178476, 0.567563125944221, 0.8377711857646585, 0.9688680052478296, 0.9709349759879946, 0.9661552809698223, 0.9634241218491838, 0.9668091531478741, 0.9327949284041106, 0.8736615591085319, 0.8729225410345448, 0.5000019466452678, 0.5000019466452678, 0.5000019466452678, 0.5000019466452678, 0.5000019466452678, 0.5000019466452678, 0.5000019466452678, 0.5000019466452678, 0.5000019466452678, 0.5000019466452678, 0.5000019466452678, 0.5000019466452678, 0.5000019466452678, 0.5000019466452678, 0.5000019466452678, 0.5000019466452678, 0.5000019466452678, 0.5000019466452678, 0.5000019466452678, 0.5000019466452678, 0.5000019466452678, 0.5000019466452678, 0.5000019466452678, 0.5000019466452678, 0.5000019466452678, 0.5000019466452678, 0.5000019466452678, 0.5000019466452678, 0.5000019466452678, 0.5000019466452678, 0.5000019466452678, 0.5000019466452678, 0.5000019466452678, 0.5000019466452678, 0.5000019466452678, 0.5000019466452678, 0.5000019466452678, 0.5000019466452678, 0.5000019466452678, 0.5000019466452678, 0.5000019466452678, 0.5000019466452678, 0.5000019466452678]}}