{"metrics": {"test": {"fp": [0], "f1_score": [0.88], "risk": [0.11538461538461539], "recall": [0.7857142857142857], "sensitivity": [0.7857142857142857], "precision": [1.0], "tp": [11], "tn": [12], "specificity": [1.0], "fn": [3]}, "train": {"fp": [0], "f1_score": [0.8955223880597014], "risk": [0.06481481481481481], "recall": [0.8108108108108109], "sensitivity": [0.8108108108108109], "precision": [1.0], "tp": [30], "tn": [71], "specificity": [1.0], "fn": [7]}}, "model": {"n_features": 10341091}, "data": {"path": "/scratch/adrouin/patric_data/single_species_datasets/vancomycin___-8850046431738590682/dataset.kover", "split": "train_0.800_seed_4_10_folds", "uuid": "99660f46-095d-11e8-b2a7-001b2193b764"}, "predictions": {"binary": [0, 0, 0, 0, 0, 0, 0, 0, 0, 0, 0, 0, 0, 0, 0, 0, 0, 0, 0, 0, 0, 0, 0, 0, 0, 0, 0, 0, 0, 0, 0, 0, 0, 0, 0, 0, 0, 0, 0, 0, 0, 0, 0, 0, 0, 0, 0, 0, 0, 0, 0, 0, 0, 0, 0, 0, 0, 0, 0, 0, 0, 0, 0, 0, 0, 0, 0, 0, 0, 0, 0, 0, 0, 0, 0, 0, 0, 0, 0, 0, 0, 0, 0, 0, 1, 1, 1, 1, 1, 0, 1, 1, 1, 1, 1, 1, 1, 1, 0, 1, 1, 1, 1, 1, 1, 1, 0, 1, 0, 0, 1, 1, 1, 1, 1, 1, 1, 1, 1, 0, 0, 1, 1, 1, 0, 1, 1, 1, 1, 1, 0, 1, 1, 1], "proba": [0.52178033283405, 0.5705573585222892, 0.5138363261997801, 0.5360684576001612, 0.5358395189153489, 0.5417177832160186, 0.5238762612323865, 0.5344892716351771, 0.545237266177055, 0.5483620224696143, 0.5301803809852993, 0.560515245615576, 0.5165030962287565, 0.5503873485240738, 0.5693685322643478, 0.5613366014434062, 0.5425876383609891, 0.570557101498852, 0.5253427897493987, 0.544808596072928, 0.5751042262668373, 0.5363272754118128, 0.5345351741744676, 0.5375821602870174, 0.5360673540477118, 0.5078987872032126, 0.5281973181451702, 0.5747837532395605, 0.5357207790506315, 0.5256629851386166, 0.5336989857210797, 0.526722330276476, 0.5215161450476604, 0.5298614422035993, 0.5473324182560074, 0.5340264819558436, 0.5207414451309351, 0.5225267948160766, 0.5283217630167012, 0.5664383882255591, 0.5487808780727257, 0.5347890368952228, 0.5437226871498075, 0.5192910013677127, 0.5459740437016346, 0.5592502118830496, 0.549041072153565, 0.5080946830349312, 0.5680600972226489, 0.5515540732973281, 0.5678421125569542, 0.5517212915007265, 0.5490336694118106, 0.5493086481322189, 0.5835928915486926, 0.5491065672769421, 0.5794730430359808, 0.5073036694816413, 0.5273900195289094, 0.5253905943251335, 0.5202629641232117, 0.5440934479088307, 0.5714468316721605, 0.547725172915028]}}