{"metrics": {"test": {"fp": [0], "f1_score": [0.9500000000000001], "risk": [0.05405405405405406], "recall": [0.9047619047619048], "sensitivity": [0.9047619047619048], "precision": [1.0], "tp": [19], "tn": [16], "specificity": [1.0], "fn": [2]}, "train": {"fp": [1], "f1_score": [0.9747899159663865], "risk": [0.019867549668874173], "recall": [0.9666666666666667], "sensitivity": [0.9666666666666667], "precision": [0.9830508474576272], "tp": [58], "tn": [90], "specificity": [0.989010989010989], "fn": [2]}}, "model": {"n_features": 999955}, "data": {"path": "/scratch/adrouin/data/patric/single_species_datasets/trimethoprim___2202579077548954665/dataset.kover", "split": "train_0.800_seed_3_10_folds", "uuid": "90cb0312-06e4-11e8-bece-001b2193b764"}, "predictions": {"binary": [0, 0, 0, 0, 0, 0, 0, 0, 0, 0, 0, 0, 0, 0, 0, 0, 0, 0, 0, 0, 0, 0, 0, 0, 0, 0, 0, 0, 0, 0, 0, 0, 0, 0, 0, 0, 0, 0, 0, 0, 1, 0, 0, 0, 0, 0, 0, 0, 0, 0, 0, 0, 0, 0, 0, 0, 0, 0, 0, 0, 0, 0, 0, 0, 0, 0, 0, 0, 0, 0, 0, 0, 0, 0, 0, 0, 0, 0, 0, 0, 0, 0, 0, 0, 0, 0, 0, 0, 0, 0, 0, 0, 0, 0, 0, 0, 0, 0, 0, 0, 0, 0, 0, 0, 0, 0, 0, 1, 1, 1, 1, 1, 1, 1, 1, 1, 0, 1, 1, 1, 1, 1, 0, 1, 1, 1, 1, 1, 1, 1, 1, 1, 1, 1, 1, 1, 1, 1, 0, 1, 1, 1, 1, 1, 1, 1, 1, 1, 0, 1, 1, 1, 1, 1, 1, 1, 1, 1, 1, 1, 1, 1, 1, 1, 1, 1, 1, 1, 1, 1, 1, 1, 1, 1, 1, 1, 1, 1, 1, 1, 1, 1, 1, 1, 1, 1, 1, 1, 0, 0, 0, 0], "proba": [0.2039581113692568, 0.09727997914461654, 0.11128732691738334, 0.43158456937806167, 0.1098282680403142, 0.10742379610573526, 0.21089890130657826, 0.07332106438594412, 0.1000711308485699, 0.14131701031874477, 0.16122536078003175, 0.0488233433790437, 0.05652345852003261, 0.0380437114725438, 0.13780103491023218, 0.11182252796532, 0.010132861690260949, 0.21439807370111577, 0.24960694106871636, 0.08561168605946706, 0.020974326382727275, 0.2185864219143276, 0.12833441466477394, 0.02191835317320942, 0.3436912269024114, 0.04293192604486455, 0.1557066331101097, 0.1946836839407554, 0.04939972478326773, 0.12411541572232106, 0.022447009414388583, 0.03513886778740202, 0.06564540051417805, 0.12760773975795175, 0.0680721526027106, 0.0388870574053553, 0.05135521327836426, 0.11705094659035274, 0.3170578713644115, 0.016058596533409436, 0.630480217234441, 0.06282176636107537, 0.09288208513373887, 0.16020842609968236, 0.015921025282046117, 0.1199985231385493, 0.2177088753254618, 0.149439696379879, 0.08621017977423064, 0.02571222182460287, 0.11071334088279798, 0.1387245863603511, 0.07251584355079499, 0.0611317151890138, 0.21237738036624487, 0.06486565211521135, 0.12737917949574323, 0.11424772732463882, 0.12828230379835506, 0.12884233015986235, 0.22975377537675212, 0.22536783423257803, 0.02348102741881505, 0.055837078101253976, 0.03164885897178395, 0.04746616070997241, 0.07409348041496772, 0.03680250921729623, 0.09714815215859053, 0.08605014287572649, 0.04360036734023092, 0.013346964957189131, 0.1218816885180719, 0.09063807202695195, 0.11885428731590977, 0.11305739828748355, 0.12698008124842747, 0.15383688320555042, 0.33456947603779813, 0.14868276518200468, 0.12361080496825648, 0.1256225122245963, 0.015397406604153594, 0.007874570129634984, 0.08086410050314678, 0.24475029285010355, 0.11890408065583284, 0.12243412164316135, 0.3607254398356389, 0.09662259172727695, 0.07505854880466604, 0.013131022802985165, 0.16295236718623682, 0.170374800517947, 0.04321298949559923, 0.10661143724167445, 0.08021967220937103, 0.03830581800506536, 0.042210376093655855, 0.1021326230831197, 0.16528924325323488, 0.11451943906332387, 0.15967689788961684, 0.15132794089374751, 0.05520950414096801, 0.0657635782957388, 0.11540436989950746, 0.9772093675526491, 0.9173790116048541, 0.6454567522456541, 0.9732767532091092, 0.9688810913005521, 0.9727049813639966, 0.9691578622984065, 0.9670857273761276, 0.9737032654886506, 0.30771519260053626, 0.9683137856146051, 0.9470773970880442, 0.9479650137698447, 0.7214006374455877, 0.5715293184329958, 0.36822586499023857, 0.9742126251418552, 0.9803192402992479, 0.9722473933076345, 0.9935746472164644, 0.9736568855631126, 0.8889143291586955, 0.9459708744879257, 0.9479574286752672, 0.9906683838209224, 0.9679365952437308, 0.9503714571961132, 0.969448805234591, 0.9586365235059708, 0.8436041393150272, 0.9604191148346571, 0.4951159360501553, 0.9754824327429776, 0.9430484899071063, 0.9621317360196168, 0.990888249093423, 0.856545429664534, 0.9450179454868486, 0.8865808628591979, 0.9341590384155314, 0.9630806237062103, 0.13769837322083664, 0.7180833952107171, 0.961667654283023, 0.928060703343993, 0.9780391369765133, 0.9667626773772312, 0.9256646153943914, 0.8591326372371543, 0.8526290748525992, 0.8309923587966365, 0.9543069183832029, 0.9855679976581659, 0.9727139050344373, 0.990955675984843, 0.9966079204840324, 0.9256826061779005, 0.9808404677992446, 0.9104859430502252, 0.9758963206109112, 0.6062438821756376, 0.9841209051160236, 0.9468155194525061, 0.9733172556212597, 0.8224398080468255, 0.9735673469698455, 0.9838874521271083, 0.9605711904445979, 0.9235678981315635, 0.9673482921913199, 0.9759984946048914, 0.9224586448315921, 0.965128694100552, 0.9839188960974697, 0.984073242088529, 0.9624863973659705, 0.9624634842866183, 0.9840759004423594, 0.9841280017575342, 0.6970733956453096, 0.9548261329096173, 0.4999206177225206, 0.4999206177225206, 0.4999206177225206, 0.4999206177225206]}}