{"metrics": {"test": {"fp": [9], "f1_score": [0.8905109489051095], "risk": [0.15151515151515152], "recall": [0.9104477611940298], "sensitivity": [0.9104477611940298], "precision": [0.8714285714285714], "tp": [61], "tn": [23], "specificity": [0.71875], "fn": [6]}, "train": {"fp": [0], "f1_score": [1.0], "risk": [0.0], "recall": [1.0], "sensitivity": [1.0], "precision": [1.0], "tp": [258], "tn": [142], "specificity": [1.0], "fn": [0]}}, "model": {"n_features": 42406238}, "data": {"path": "/scratch/adrouin/data/patric/single_species_datasets/imipenem___-3225223558739261696/dataset.kover", "split": "train_0.800_seed_0_10_folds", "uuid": "b4e39f74-0578-11e8-932f-001b2193b764"}, "predictions": {"binary": [0, 0, 0, 0, 0, 0, 0, 0, 0, 0, 0, 0, 0, 0, 0, 0, 0, 0, 0, 0, 0, 0, 0, 0, 0, 0, 0, 0, 1, 0, 0, 0, 1, 0, 0, 0, 0, 0, 0, 1, 0, 0, 0, 0, 0, 0, 0, 0, 0, 0, 0, 0, 0, 0, 0, 0, 0, 0, 0, 0, 0, 0, 0, 0, 0, 0, 0, 0, 0, 0, 0, 0, 0, 0, 0, 0, 0, 0, 0, 0, 0, 0, 1, 0, 0, 0, 0, 0, 1, 0, 0, 0, 0, 0, 0, 0, 0, 0, 0, 0, 0, 0, 0, 0, 0, 1, 0, 0, 0, 0, 0, 0, 0, 0, 0, 0, 0, 0, 0, 0, 0, 1, 0, 0, 0, 0, 0, 0, 0, 0, 0, 0, 0, 0, 0, 0, 0, 0, 0, 0, 0, 0, 0, 0, 0, 0, 0, 1, 0, 0, 0, 0, 0, 0, 0, 0, 0, 0, 0, 0, 0, 0, 0, 1, 0, 0, 0, 0, 0, 0, 0, 0, 0, 0, 0, 1, 1, 0, 1, 1, 1, 1, 1, 1, 1, 1, 1, 1, 1, 1, 1, 1, 1, 1, 1, 1, 1, 1, 1, 1, 1, 1, 1, 0, 1, 1, 1, 1, 1, 1, 1, 1, 1, 1, 1, 1, 1, 1, 1, 1, 1, 1, 1, 1, 1, 1, 1, 1, 1, 1, 1, 1, 1, 1, 1, 1, 1, 1, 1, 1, 1, 1, 1, 1, 1, 1, 1, 1, 1, 1, 1, 1, 1, 1, 1, 1, 1, 1, 1, 1, 1, 1, 1, 1, 1, 1, 1, 1, 1, 1, 1, 1, 1, 1, 1, 1, 1, 1, 1, 1, 1, 1, 1, 1, 1, 1, 1, 1, 1, 1, 1, 1, 1, 1, 1, 1, 1, 1, 1, 1, 1, 1, 1, 1, 1, 1, 1, 1, 1, 1, 1, 1, 1, 1, 1, 1, 1, 1, 1, 1, 1, 1, 1, 1, 1, 1, 1, 1, 1, 1, 1, 1, 1, 1, 1, 1, 1, 1, 1, 1, 1, 1, 1, 1, 1, 1, 1, 1, 1, 1, 1, 1, 1, 1, 1, 1, 1, 1, 1, 1, 1, 1, 1, 1, 1, 1, 1, 1, 1, 1, 1, 1, 1, 1, 1, 1, 1, 1, 1, 1, 1, 1, 1, 1, 1, 1, 1, 1, 1, 1, 1, 1, 1, 1, 1, 1, 1, 1, 1, 1, 1, 1, 1, 1, 1, 1, 1, 1, 1, 1, 1, 1, 1, 1, 1, 1, 1, 1, 1, 1, 1, 1, 1, 1, 1, 1, 1, 1, 1, 1, 1, 1, 1, 1, 1, 1, 1, 1, 1, 1, 1, 1, 1, 1, 1, 1, 1, 1, 0, 1, 1, 1, 1, 1, 1, 1, 1, 1, 1, 1, 1, 1, 1, 1, 1, 1, 1, 1, 1, 1, 1, 1, 0, 1, 1, 1, 1, 1, 1, 1, 1, 0, 1, 1, 1, 1, 1, 1, 1, 1, 1, 1, 1, 1, 1, 1, 1, 1, 1], "proba": [0.10014383221416004, 0.04663155437498819, 0.10757558406034586, 0.107619999481335, 0.10760712970473092, 0.1075720290835784, 0.10755050774254009, 0.10753307677886532, 0.08082276298422228, 0.10071148512471212, 0.1075433235142097, 0.10760024231503208, 0.10762685013632589, 0.10759996482063396, 0.08691801654466165, 0.10752727198701505, 0.08871971320008801, 0.05144871957735344, 0.05036743245461297, 0.10761046690780264, 0.10764878889512763, 0.10754187927567654, 0.10759048089143965, 0.10762428606485941, 0.10757906015893882, 0.03408468455680827, 0.1076055012622669, 0.083290965975958, 0.5519862973281268, 0.10767271375992689, 0.1076236936563063, 0.3658198864393621, 0.5672432400855583, 0.1075684568815276, 0.1076711839660469, 0.10757238815303366, 0.10760152820227521, 0.10760200303401181, 0.1150624072198146, 0.9466144934368319, 0.10755885915884976, 0.10759684930396352, 0.20586603998236763, 0.09726777212940396, 0.10758963293403415, 0.1075981344927858, 0.07833509010419708, 0.07837098312678742, 0.10756907672677521, 0.06414180038856443, 0.10765222649863321, 0.10759494317498859, 0.10761238360444342, 0.029990120371319682, 0.1076676681979766, 0.10764274303295125, 0.10756065301765472, 0.0819481166893961, 0.10762117279475471, 0.09048678286276544, 0.10334471026100965, 0.0943398115180521, 0.10760653210441998, 0.10762927317771874, 0.10762285960622475, 0.10757463595256217, 0.08482846017957398, 0.10756236297864559, 0.06563294012482405, 0.054721793945591575, 0.03638204507996325, 0.10770742469906287, 0.4543463455039884, 0.10760864166262296, 0.10764541531175278, 0.10763762630757032, 0.10762715224318943, 0.1076634551350683, 0.10762541238480872, 0.10758856665591417, 0.05630085104305688, 0.030098574381841853, 0.6367063633941714, 0.07401371215740196, 0.14484548864919838, 0.07629696511863886, 0.10761200825851527, 0.09524913851608353, 0.7178431335146281, 0.10766152223803542, 0.1076452900900648, 0.012927344090291002, 0.10755758724684326, 0.1076122742412029, 0.1075421068695915, 0.10047075973810914, 0.10756223271616033, 0.10759019835394279, 0.10766340882845862, 0.09755965915543337, 0.10767482416192543, 0.033022948835208794, 0.10760054431178673, 0.07316146168966617, 0.08405897563338267, 0.8155854359322384, 0.10756066344113942, 0.10761267559038591, 0.05690755407344809, 0.10762541238489519, 0.035034692301720016, 0.08634532702784309, 0.10762369504282483, 0.10766312155400318, 0.045873741689852594, 0.35291539282603057, 0.10756477087143944, 0.03363390239674114, 0.10760161726837175, 0.09183193798609252, 0.059897353563366486, 0.6026946663143632, 0.107554389673025, 0.04463550252936846, 0.0707230988878305, 0.10765649223978424, 0.067042975512024, 0.04777335660958627, 0.1681815305785917, 0.1075936427457329, 0.037617981066096075, 0.2463991311511626, 0.08989561079544475, 0.1075733453614763, 0.10761235324388373, 0.07309188864534094, 0.10763645826116214, 0.027631531736322584, 0.028628298677157448, 0.05661230009924364, 0.05979331785047556, 0.08070435434544347, 0.10762710531438546, 0.08124137759603867, 0.10755813759626186, 0.10762710056546428, 0.10763492633247364, 0.7623691580024514, 0.10761207060183976, 0.10765663695555111, 0.10254281129258584, 0.13445062817727274, 0.1076108065113917, 0.10759006606142067, 0.10767355538615593, 0.10756811853205753, 0.10757250671239414, 0.084549637878343, 0.06479716298547254, 0.10768069526289867, 0.08632708993700157, 0.09381786442038353, 0.10758706262838605, 0.6039553101732331, 0.10758957673640522, 0.13011165070430816, 0.025845587382603095, 0.10763800425043508, 0.08467423536031436, 0.026212687478044686, 0.10761399072041518, 0.10764375009230241, 0.09085446369827116, 0.10755609384645405, 0.26448001550893024, 0.8983054914459702, 0.9872052813139344, 0.4543195422729009, 0.9298653755564302, 0.9797068315838751, 0.9874389289409284, 0.992789547272125, 0.9445542345641366, 0.827973353524479, 0.8982951945079655, 0.8624975008728903, 0.930244124726102, 0.9499056923605148, 0.8983108597679551, 0.8982784592376096, 0.9277741480188945, 0.8983045873617398, 0.8909886512219021, 0.9532733413562138, 0.9800532023798578, 0.9504606480540255, 0.8983300312002357, 0.9932149634482078, 0.8982878165480344, 0.9905432221689346, 0.9142945649684273, 0.8982744154491925, 0.9730912528679038, 0.2993056530101207, 0.9685993596646731, 0.8982515241530568, 0.9359063915758907, 0.9828658454945479, 0.9840207063422755, 0.8982767151851163, 0.9850067801307018, 0.907634098991541, 0.9551106788595379, 0.8982827863467076, 0.8982766325080153, 0.90107785632091, 0.9956953798396907, 0.8983374543431741, 0.9429813438441984, 0.951816878584735, 0.9537105851796425, 0.8982404960271475, 0.8982667504238938, 0.9169578102649847, 0.9590291778508254, 0.9940732573839226, 0.8983153358546004, 0.9686762989825531, 0.9618854285558752, 0.9203967710821647, 0.8982337805007032, 0.8983445945472869, 0.9367361718721154, 0.9662085335260281, 0.9405818410815641, 0.995496565274743, 0.9959990595245086, 0.9319713402715193, 0.9804676273595705, 0.898297343970126, 0.8982551134813632, 0.991625450684919, 0.7358936777911664, 0.9962325305743944, 0.7102244517966301, 0.9974163346873077, 0.8982787855731815, 0.9888065292439301, 0.9894217013944224, 0.9962491591276359, 0.8982072137224077, 0.9536907585060617, 0.8982874342852727, 0.8982404009735854, 0.8982932285377458, 0.8982156045299241, 0.9600339402258442, 0.9303013049182414, 0.898307263838823, 0.9437775793098943, 0.8982915845694598, 0.8982501008908784, 0.7939521804232806, 0.9828823397234454, 0.9971807909430759, 0.9468125661942198, 0.9405378244593241, 0.8800734747351033, 0.9772750757980103, 0.8983465979555063, 0.8983390170203236, 0.9966819594619998, 0.8983147670574724, 0.7116656239862249, 0.9754458440538094, 0.973587148368122, 0.9999837193750499, 0.9950780801936847, 0.8982929944209104, 0.898323657188467, 0.9906414146999253, 0.8982604567159703, 