{"metrics": {"test": {"fp": [0], "f1_score": [0.9565217391304348], "risk": [0.07142857142857142], "recall": [0.9166666666666666], "sensitivity": [0.9166666666666666], "precision": [1.0], "tp": [11], "tn": [2], "specificity": [1.0], "fn": [1]}, "train": {"fp": [0], "f1_score": [1.0], "risk": [0.0], "recall": [1.0], "sensitivity": [1.0], "precision": [1.0], "tp": [35], "tn": [25], "specificity": [1.0], "fn": [0]}}, "model": {"n_features": 999846}, "data": {"path": "/scratch/adrouin/data/patric/single_species_datasets/ofloxacin___2202579077548954665/dataset.kover", "split": "train_0.800_seed_4_10_folds", "uuid": "65ccc8c6-06bc-11e8-951f-001b2193b764"}, "predictions": {"binary": [0, 0, 0, 0, 0, 0, 0, 0, 0, 0, 0, 0, 0, 0, 0, 0, 0, 0, 0, 0, 0, 0, 0, 0, 0, 0, 0, 1, 1, 1, 1, 1, 1, 1, 1, 1, 1, 1, 1, 1, 1, 1, 1, 1, 1, 1, 0, 1, 1, 1, 1, 1, 1, 1, 1, 1, 1, 1, 1, 1, 1, 1, 1, 1, 1, 1, 1, 1, 1, 1, 1, 1, 1, 1, 0, 0, 0, 0, 0, 0, 0, 0, 0, 0, 0, 0, 0, 0, 0, 0, 0, 0, 0, 0, 0, 0, 0, 0, 0, 0, 0, 0, 0, 0, 0, 0, 0, 0, 0, 0, 0, 0, 0, 0, 0, 0, 0, 0, 0, 0, 0, 0, 0, 0, 0, 0, 0, 0], "proba": [2.8864575042009897e-08, 8.557841557685477e-09, 6.202999906679064e-09, 1.5371909316355584e-06, 4.954067431780487e-09, 2.5438740793872646e-14, 9.013194367629854e-09, 4.099375308270386e-15, 2.1891091675682404e-08, 2.2213501543840048e-06, 2.5318338039766e-07, 0.0030265641004720276, 7.606447891864745e-11, 0.00011634181703427567, 4.533347525362706e-11, 2.465404245344507e-05, 1.0686652465772781e-07, 3.3792391834781234e-10, 1.2856804795951574e-08, 3.6117739447690293e-07, 0.0016020404247405193, 1.7967836347453928e-09, 3.808302075390188e-08, 3.4553323901948403e-13, 2.0055760917693293e-14, 2.8146318739372097e-08, 5.534860541441149e-10, 0.9999846499009141, 0.9999990088043401, 0.9999999999402016, 0.9999999999999998, 0.9926564323106339, 0.9999999892742023, 0.9999999999999902, 0.9999999999999818, 0.9999999999999998, 0.9999999979298055, 0.9999999999999998, 0.9999170275257903, 0.9999450460967813, 1.0, 0.9999999999999998, 0.9999460785594514, 0.9999999999999998, 0.9998798269070762, 0.9999990154998271, 4.705232745084065e-13, 0.9999993514934054, 0.9999142003286958, 0.9999853092710083, 0.999999999999994, 0.7711086691001663, 0.9999999999999944, 0.9999999999999998, 0.9999999999999998, 0.9999999984424639, 0.9999981487336932, 0.9998890796978283, 0.9999999999999998, 0.9999999999999998, 0.9999993194962574, 0.999885162618307, 0.9999999388049181, 0.99999999999999, 0.9981434858622688, 0.9999999999999951, 0.9999361846157532, 0.9999999999999996, 0.9999843262781475, 0.999847671638887, 0.9999405253023123, 0.9999097017342605, 0.9999999999999998, 0.999999998926631, 0.4998429221130622, 0.4998429221130622, 0.4998429221130622, 0.4998429221130622, 0.4998429221130622, 0.4998429221130622, 0.4998429221130622, 0.4998429221130622, 0.4998429221130622, 0.4998429221130622, 0.4998429221130622, 0.4998429221130622, 0.4998429221130622, 0.4998429221130622, 0.4998429221130622, 0.4998429221130622, 0.4998429221130622, 0.4998429221130622, 0.4998429221130622, 0.4998429221130622, 0.4998429221130622, 0.4998429221130622, 0.4998429221130622, 0.4998429221130622, 0.4998429221130622, 0.4998429221130622, 0.4998429221130622, 0.4998429221130622, 0.4998429221130622, 0.4998429221130622, 0.4998429221130622, 0.4998429221130622, 0.4998429221130622, 0.4998429221130622, 0.4998429221130622, 0.4998429221130622, 0.4998429221130622, 0.4998429221130622, 0.4998429221130622, 0.4998429221130622, 0.4998429221130622, 0.4998429221130622, 0.4998429221130622, 0.4998429221130622, 0.4998429221130622, 0.4998429221130622, 0.4998429221130622, 0.4998429221130622, 0.4998429221130622, 0.4998429221130622, 0.4998429221130622, 0.4998429221130622, 0.4998429221130622, 0.4998429221130622]}}