{"metrics": {"test": {"fp": [4], "f1_score": [0.4], "risk": [0.07228915662650602], "recall": [0.5], "sensitivity": [0.5], "precision": [0.3333333333333333], "tp": [2], "tn": [75], "specificity": [0.9493670886075949], "fn": [2]}, "train": {"fp": [0], "f1_score": [1.0], "risk": [0.0], "recall": [1.0], "sensitivity": [1.0], "precision": [1.0], "tp": [23], "tn": [311], "specificity": [1.0], "fn": [0]}}, "model": {"n_features": 990}, "data": {"path": "/scratch/adrouin/patric_data/single_species_datasets/cefoxitin___7053822222416630118/dataset.kover", "split": "train_0.800_seed_5_10_folds", "uuid": "99a3ee38-095d-11e8-8779-001b2193b764"}, "predictions": {"binary": [0, 0, 0, 0, 0, 0, 0, 0, 0, 0, 0, 0, 0, 0, 0, 0, 0, 0, 0, 0, 0, 0, 0, 0, 0, 0, 0, 0, 0, 0, 0, 0, 0, 0, 0, 0, 0, 0, 0, 0, 0, 0, 0, 0, 0, 0, 0, 0, 0, 0, 0, 0, 0, 0, 0, 0, 0, 0, 0, 0, 0, 0, 0, 0, 0, 0, 0, 0, 0, 0, 0, 0, 0, 0, 0, 0, 0, 0, 1, 0, 0, 0, 0, 0, 0, 0, 0, 0, 0, 0, 0, 0, 0, 0, 0, 0, 0, 0, 0, 0, 0, 0, 0, 0, 0, 0, 0, 0, 0, 0, 0, 0, 0, 0, 0, 0, 0, 0, 0, 0, 0, 0, 0, 0, 0, 0, 0, 0, 0, 0, 0, 0, 0, 0, 0, 0, 0, 0, 0, 0, 0, 0, 0, 0, 0, 0, 0, 0, 0, 0, 0, 0, 0, 0, 0, 0, 0, 0, 0, 0, 0, 0, 0, 0, 0, 0, 0, 0, 0, 0, 0, 0, 1, 0, 0, 0, 0, 0, 0, 0, 0, 0, 0, 0, 0, 0, 0, 0, 0, 0, 0, 0, 0, 0, 0, 0, 0, 0, 0, 0, 0, 0, 0, 1, 0, 0, 0, 0, 0, 0, 0, 0, 0, 0, 0, 0, 0, 0, 0, 0, 0, 0, 0, 0, 0, 0, 0, 0, 0, 0, 0, 0, 0, 0, 0, 0, 0, 0, 0, 0, 0, 0, 0, 0, 0, 0, 0, 0, 0, 0, 0, 0, 0, 0, 0, 0, 0, 0, 0, 0, 0, 0, 0, 0, 0, 0, 0, 0, 0, 0, 0, 0, 0, 0, 0, 0, 0, 0, 0, 0, 0, 0, 0, 0, 0, 0, 0, 0, 0, 0, 0, 0, 0, 0, 0, 0, 0, 0, 0, 0, 0, 0, 0, 0, 0, 0, 0, 0, 0, 0, 0, 0, 0, 0, 0, 0, 0, 0, 0, 0, 0, 0, 0, 0, 0, 0, 0, 0, 0, 0, 0, 0, 0, 0, 0, 0, 0, 0, 0, 0, 0, 0, 0, 0, 0, 0, 0, 0, 0, 0, 0, 0, 0, 0, 0, 0, 0, 0, 0, 0, 0, 0, 0, 0, 0, 0, 0, 0, 0, 0, 0, 0, 0, 0, 0, 0, 0, 0, 0, 0, 0, 0, 0, 0, 0, 1, 0, 0, 0, 0, 1, 1, 1, 1, 1, 1, 1, 1, 1, 1, 0, 1, 1, 1, 1, 1, 0, 1, 1, 1, 1, 1, 1, 1, 1, 1, 1, 0, 0, 0, 0, 0, 0, 0, 0, 0, 0, 0, 0, 0, 0, 0, 0, 0, 0, 0, 0, 0, 0, 0, 0, 0, 0, 0, 0, 0, 0, 0], "proba": [0.07950577447669661, 0.009855251606314726, 0.015040082808556489, 0.009091459349990132, 0.0056529027028728845, 0.047707447157096315, 0.012692637264009637, 0.01799344347488778, 0.06899716521796515, 0.015822813246889725, 0.02648270984201151, 0.010792015911339058, 0.026337606731912412, 0.02263250455018784, 0.008077256872669471, 0.01251552276075569, 0.005853723980163995, 0.0126114495328541, 0.00438677120808998, 0.0034777749027199577, 0.01294109785135596, 0.009284879679789252, 0.017142086260838893, 0.006676722212948933, 0.05973344662979144, 0.016214889692644115, 0.010768829398647012, 0.012081687402693072, 0.005188884048070025, 0.005763205149738945, 0.02119847628407356, 0.010823485810505016, 0.021623237734848495, 0.06328714994327708, 0.011203783066420931, 0.010713241488675255, 0.013095800210931183, 0.013438679936767804, 0.02679864994194787, 0.06009593793910255, 0.019949833448405493, 0.03286086525299287, 0.02389335759509448, 0.004317811232291423, 0.004341323305037968, 0.08055915124517221, 0.019439184862732, 0.016026528316469436, 0.010119590630488047, 0.008001501504211356, 0.0048881308563364844, 0.008273595129762853, 0.0015491406637665333, 0.0027363633559351432, 0.012680264172027056, 0.007943224845313122, 0.028618534193948355, 0.015450440035382861, 0.01706576052549699, 0.004482185047672774, 0.008108600382063744, 0.012661489832093966, 0.020962780047312994, 0.017742782185714696, 0.005776236520061728, 0.014049595025011847, 0.0023400281228025104, 0.0022009335188270447, 0.00943672583111148, 0.037394928775934144, 0.00749518088971851, 0.028735618173128818, 0.029080882130089112, 0.01534739591416412, 0.02633709867971718, 0.01129669999205622, 0.01539344945967796, 0.019099099514425222, 0.7380655347361667, 0.009609789070343688, 0.008512603566258704, 0.027660073927239518, 0.017742782185714696, 0.002646379062477276, 0.012204789831519134, 0.015545597499821429, 0.023970987879567404, 0.006954737803001798, 0.02253879028916971, 0.010222153264269498, 0.01642947828428958, 0.06199728824048441, 0.04583818571214036, 0.01820508674888846, 0.04147404442573729, 0.00331817490034692, 0.008565819392979235, 0.008715043839220192, 0.0049543369874743715, 0.01854036312705751, 0.03297858293001339, 0.03312651700057709, 0.01218667203000152, 0.011440226527619175, 0.01218667203000152, 0.005077037302955086, 0.014165661793589301, 0.03624658457609667, 0.0368695187267651, 0.03311799550370623, 0.03393537504866572, 0.01959557049780439, 0.0008685447957451248, 0.012478965133723085, 0.011316215919886229, 0.0016993571331622567, 0.03524546023365894, 0.0109253218091835, 0.008621294497648098, 0.019497323384714722, 0.012998929600709565, 0.009023438090564787, 0.011806943178983715, 0.004743666807636577, 0.02342239240726893, 0.018771836041034072, 0.014276592833259385, 0.0315965921087949, 0.005278254123014529, 0.014444867178802102, 0.003142357189161964, 0.004743666807636577, 0.008621294497648098, 0.01305604676195452, 0.012286884051888047, 0.01115328245514867, 0.009088387554548619, 0.024947203301177827, 0.013732968266259454, 0.007899650598716243, 0.013007309108426866, 0.028368159081429277, 0.012663306511328267, 0.008799421367954792, 0.35522481010943074, 0.013039411216445808, 0.043968362242236166, 0.14226089613800666, 0.0067297392679017, 0.0033708559703164555, 0.03905089299157841, 0.03565469698961128, 0.046509328286245606, 0.016548534226666772, 0.026201755522413047, 0.031606266815475174, 0.01975474851274624, 0.01692102620764937, 0.03429043628188908, 0.010855974243456646, 0.017142086260838893, 0.04297900091160565, 0.005379991942661525, 0.00843205287797907, 0.01128755074179983, 0.027535218297968025, 0.09406555020928409, 0.015543531003450272, 0.04768478454274581, 0.015635679161238907, 0.04768478454274581, 0.023542205570911502, 0.5109628508095868, 0.01204990814937611, 0.018635725275305593, 0.04614103466227805, 0.014467328292443125, 0.0016860167563791401, 0.0016977813392021518, 0.02970796146099334, 0.0021421690604638815, 0.0018308041885423943, 0.045668058707988124, 0.029257803393532796, 0.005615111433453454, 0.009536936014909795, 0.008333990630926144, 0.002579959933587832, 0.004483022313240935, 0.013901868632273093, 0.0074366235271412975, 0.012697358577708274, 0.00593886463984419, 0.012107482221567635, 0.0459596164257489, 0.006342324707954766, 0.013854065669146749, 0.03709265625303505, 0.011598258082462709, 0.01781117180264012, 0.013294635732449007, 0.019028229355164804, 0.003866602757709309, 0.8380754593534835, 0.0008659509751472852, 0.004004386490585638, 0.052246734429102354, 0.0012429051430297528, 0.010762133925463314, 0.017678974727329086, 0.009179918693422714, 0.00943672583111148, 0.011598258082462709, 0.0149254748932902, 0.009326241348897936, 0.01660347275452849, 0.015250107453239207, 0.008761073747969519, 0.0037535504373614466, 0.002690875723589488, 0.006836928575042096, 0.001970378982777816, 0.03441557260997553, 0.02935529342140813, 0.010875773483113662, 0.008348325335431285, 0.024481452518677366, 0.013528615419098, 0.006375046808649894, 0.018766983670967144, 0.020656774537635033, 0.016031483274777943, 0.014486747010088938, 0.01506518943931206, 0.011492193671245413, 0.2648828048470908, 0.022630064890160614, 0.006912180825585527, 0.005845132420091294, 0.006532088366517748, 0.017121336560914496, 0.0014200605728011896, 0.011070407129511328, 0.004901038278440489, 0.020670274215054078, 0.021000503610771958, 0.038612574806875216, 0.015413702604957724, 0.023884512380044066, 0.014878155003834015, 0.017427741596503784, 0.01747146787541663, 0.009296484488991933, 0.02293563074937339, 0.014822063347266922, 0.00553662281421471, 0.00874128907571495, 0.006360058542858763, 0.007511619966925826, 0.01253085037373764, 0.014203838433634765, 0.017676724054966852, 0.03090678883500255, 0.013600933920220142, 0.02136406126156358, 0.044650626753711745, 0.02293563074937339, 0.005823518480710647, 0.028604871384254542, 0.03591768554654182, 0.02534618752033092, 0.02534618752033092, 0.030166377852065787, 0.06117220636816454, 0.043024610974649644, 