{"classifications": {"train_errors": ["470.733", "470.731", "470.704", "470.687", "1398980.3", "470.762", "1398970.3", "470.626", "470.761", "470.708", "470.697", "1398969.3", "470.1553", "470.1554", "470.1558", "470.1559"], "test_correct": ["470.1561", "470.635", "470.644", "1398949.3", "470.683", "470.721", "470.747", "470.701", "470.718", "470.702", "470.739", "470.618", "470.744", "470.717", "470.750", "470.2846", "1398965.4", "1398947.3", "1398956.3", "470.756", "470.748", "470.680", "1398975.3"], "train_correct": ["470.1564", "470.1562", "470.1549", "470.1548", "470.1550", "470.758", "470.1551", "470.625", "470.658", "470.631", "470.1557", "470.638", "470.1552", "470.659", "470.1359", "470.767", "470.655", "1398944.3", "1398979.3", "1398977.3", "470.1565", "470.661", "1398972.3", "1398971.3", "470.645", "470.647", "470.1336", "470.675", "470.677", "470.678", "470.679", "470.682", "470.674", "470.746", "470.740", "470.722", "470.632", "470.720", "470.715", "470.700", "470.696", "470.695", "470.634", "470.630", "470.663", "470.651", "470.620", "470.710", "470.736", "470.685", "470.642", "470.735", "470.734", "470.636", "470.633", "470.698", "470.730", "470.737", "470.752", "470.713", "470.760", "470.749", "470.612", "470.711", "470.732", "470.641", "470.742", "1398990.4", "1398991.3", "470.2845", "470.2844", "470.2847", "1398957.3", "1398986.3", "470.712", "470.709", "470.706", "470.705", "470.686", "470.681", "470.657", "1398948.3", "1398952.3", "470.662", "1398954.3", "1398953.3", "1398985.3", "1398984.3", "470.741", "470.763", "470.759", "470.757", "470.755", "470.754", "470.613", "470.673", "470.1333", "1398958.3", "1398959.3", "1398963.3", "1398964.3", "1398967.3", "470.729", "470.1339", "1398973.3", "1398974.3", "1398983.3", "470.743"], "test_errors": ["470.649", "470.703", "1398962.3", "1398950.3", "470.765", "470.768", "470.1337", "470.629"]}, "metrics": {"test": {"fp": [6], "f1_score": [0.8260869565217391], "risk": [0.25806451612903225], "recall": [0.9047619047619048], "sensitivity": [0.9047619047619048], "precision": [0.76], "tp": [19], "tn": [4], "specificity": [0.4], "fn": [2]}, "train": {"fp": [7], "f1_score": [0.9101123595505618], "risk": [0.12903225806451613], "recall": [0.9], "sensitivity": [0.9], "precision": [0.9204545454545454], "tp": [81], "tn": [27], "specificity": [0.7941176470588235], "fn": [9]}}, "model": {"rules": ["Presence(AAACCTTGTTTCAACCATTGGTTTATGATGC)"], "depth": 1, "rule_identifiers": ["0"], "n_rules": 1, "rule_importances": [1.0]}, "data": {"path": "/scratch/adrouin/patric_data/single_species_datasets/ampicillin_sulbactam___-3225223558739261696/dataset.kover", "uuid": "b4df14cc-0578-11e8-aea5-001b2193b764", "split": "train_0.800_seed_7_10_folds"}, "cv": {"candidate_hp": {"criterion": ["gini"], "max_depth": [20]}, "best_hp": {"score": 0.5339913727742522, "values": {"min_samples_split": 2, "max_depth": 20, "criterion": "gini", "class_importance": {"0": 0.25, "1": 0.25}, "pruning_alpha": 0.024193548387096763}}, "strategy": "bound"}, "running_time": 297}