{"metrics": {"test": {"fp": [0], "f1_score": [0.8421052631578948], "risk": [0.03571428571428571], "recall": [0.7272727272727273], "sensitivity": [0.7272727272727273], "precision": [1.0], "tp": [8], "tn": [73], "specificity": [1.0], "fn": [3]}, "train": {"fp": [1], "f1_score": [0.9873417721518987], "risk": [0.0029585798816568047], "recall": [1.0], "sensitivity": [1.0], "precision": [0.975], "tp": [39], "tn": [298], "specificity": [0.9966555183946488], "fn": [0]}}, "model": {"n_features": 999976}, "data": {"path": "/scratch/adrouin/data/patric/single_species_datasets/tobramycin___7053822222416630118/dataset.kover", "split": "train_0.800_seed_7_10_folds", "uuid": "2ca1e864-05af-11e8-a59f-001b2193b764"}, "predictions": {"binary": [0, 0, 0, 0, 0, 0, 0, 0, 0, 0, 0, 0, 0, 0, 0, 0, 0, 0, 0, 0, 0, 0, 0, 0, 0, 0, 0, 0, 0, 0, 0, 0, 0, 0, 0, 0, 0, 0, 0, 0, 0, 0, 0, 0, 0, 0, 0, 0, 0, 0, 0, 0, 0, 0, 0, 0, 0, 0, 0, 0, 0, 0, 0, 0, 0, 0, 0, 0, 0, 0, 0, 0, 0, 0, 0, 0, 0, 0, 0, 0, 0, 0, 0, 0, 0, 0, 0, 0, 0, 0, 0, 0, 0, 0, 0, 0, 0, 0, 0, 0, 0, 0, 0, 0, 0, 0, 0, 0, 0, 0, 0, 0, 0, 0, 0, 0, 0, 0, 0, 0, 0, 0, 0, 0, 0, 0, 0, 0, 0, 0, 0, 0, 0, 0, 0, 0, 0, 0, 0, 0, 0, 0, 0, 0, 0, 0, 0, 0, 0, 0, 0, 0, 0, 0, 0, 0, 0, 0, 0, 0, 0, 0, 0, 0, 0, 0, 0, 0, 0, 0, 0, 0, 0, 0, 0, 0, 0, 0, 0, 0, 0, 0, 0, 0, 0, 0, 0, 0, 0, 0, 1, 0, 0, 0, 0, 0, 0, 0, 0, 0, 0, 0, 0, 0, 0, 0, 0, 0, 0, 0, 0, 0, 0, 0, 0, 0, 0, 0, 0, 0, 0, 0, 0, 0, 0, 0, 0, 0, 0, 0, 0, 0, 0, 0, 0, 0, 0, 0, 0, 0, 0, 0, 0, 0, 0, 0, 0, 0, 0, 0, 0, 0, 0, 0, 0, 0, 0, 0, 0, 0, 0, 0, 0, 0, 0, 0, 0, 0, 0, 0, 0, 0, 0, 0, 0, 0, 0, 0, 0, 0, 0, 0, 0, 0, 0, 0, 0, 0, 0, 0, 0, 0, 0, 0, 0, 0, 0, 0, 0, 0, 0, 0, 0, 0, 0, 0, 0, 0, 0, 0, 0, 0, 0, 0, 0, 0, 0, 0, 0, 0, 0, 0, 0, 0, 0, 0, 0, 0, 0, 0, 0, 0, 0, 0, 0, 0, 0, 0, 0, 0, 0, 0, 0, 0, 0, 0, 0, 0, 0, 0, 0, 0, 0, 0, 0, 0, 0, 0, 0, 0, 0, 0, 0, 0, 0, 0, 0, 0, 0, 0, 0, 0, 1, 1, 1, 1, 1, 1, 1, 1, 1, 1, 1, 1, 1, 1, 1, 1, 1, 1, 1, 1, 1, 1, 1, 1, 1, 1, 1, 1, 1, 1, 1, 1, 1, 1, 1, 0, 1, 1, 0, 1, 1, 1, 1, 1, 1, 1, 0, 1, 1, 1, 0, 0, 0, 0, 0, 0, 0, 0, 0, 0, 0, 0, 0, 0, 0, 0, 0, 0, 0, 0, 0, 0, 0, 0, 0, 0], "proba": [0.10193878428821557, 2.513423159527924e-06, 3.150662034156365e-09, 1.6560192178702383e-06, 1.4182886127264637e-17, 1.9051945307577915e-06, 1.3424122675913143e-06, 7.012434321128576e-08, 1.9325424500869197e-09, 6.63738230713576e-08, 1.0820744200516133e-06, 1.97822512891299e-08, 7.031544495747246e-06, 5.8187342617448366e-05, 6.105697026429592e-07, 1.7249845472954948e-06, 4.027272021908851e-09, 1.3524540133196015e-06, 3.107223976282831e-08, 2.2333641150730914e-06, 1.880881523754217e-08, 2.7871180583567766e-08, 5.5023095064854794e-09, 1.5630325999991298e-07, 5.1490528411225486e-08, 1.047833664130335e-10, 3.5202239437009565e-06, 6.891027604817733e-06, 7.913116693638405e-07, 3.1981862346612483e-08, 2.2360956593197604e-08, 9.576039140529459e-10, 1.6399265604076958e-07, 5.8139949031956326e-08, 2.7793001191386144e-11, 7.930652529399838e-08, 5.696798315880445e-09, 9.525450110738521e-08, 6.284126033297434e-05, 6.993263077249304e-07, 1.6684602508061202e-06, 2.723481370253825e-08, 0.00017263385390509602, 1.6102393409806836e-06, 1.2735765581695314e-08, 7.747041249231394e-07, 6.988974998222506e-10, 2.4840655944982087e-06, 3.477072555768998e-07, 3.5260529151266075e-15, 6.72637665999038e-11, 6.822028329873182e-07, 1.0459918516812725e-05, 1.8953107716894643e-07, 8.169596538888514e-10, 2.9034114756879244e-06, 5.2097206165761105e-05, 6.2299027361021285e-06, 2.3300766673050607e-06, 0.0002477062816060945, 2.450474955033032e-06, 0.0005258562209251911, 3.3854318326769144e-05, 3.858117540639343e-07, 1.7148328234794002e-05, 9.249751303792144e-10, 2.089577369658906e-06, 3.0661203115395315e-06, 4.415214347725958e-07, 3.2752339237859084e-06, 4.926778910953727e-08, 2.3093477932285912e-07, 6.158256672624769e-09, 1.3342968951568594e-08, 3.5398467944612426e-09, 1.5478625871689817e-07, 1.69612824085734e-08, 3.0934283003089075e-08, 1.5215669468406498e-09, 5.233840738456097e-07, 6.655838409953112e-08, 1.6743035676208065e-09, 4.577265830888288e-07, 1.996709033502818e-09, 7.337508176516286e-09, 4.1894059641342514e-06, 1.4476989258532724e-07, 2.555211797487615e-05, 2.98405742057838e-07, 4.924130001578901e-07, 8.050722025025046e-07, 6.113176483463223e-07, 3.227728878041109e-10, 2.3475244004566415e-10, 1.2377453878069413e-08, 2.853204305314988e-07, 7.479765433283428e-06, 2.4328257000096875e-05, 5.1839525011278936e-08, 2.6873329193324293e-08, 4.207292535783633e-06, 1.981565210834395e-07, 3.796646438288298e-06, 5.395681465360235e-06, 3.6905996915275545e-08, 2.4491044895898484e-06, 8.776937839112102e-06, 4.291139525526045e-07, 1.393980093534867e-07, 8.825926088074913e-07, 3.434639363058413e-08, 2.749806382178847e-08, 2.6944625615623834e-07, 1.969956315674443e-06, 1.2401561604391874e-08, 2.3973316302216622e-06, 1.3578537359817859e-06, 4.6154742399932235e-07, 2.8170938790011715e-06, 7.82296086779705e-08, 1.0697646996795669e-08, 9.344186088134779e-06, 8.322840711286642e-07, 0.0007568187017349603, 4.113088975992717e-06, 3.869597120864883e-07, 5.988807739510338e-06, 3.1965365702470526e-07, 8.364413596857074e-07, 3.4518179309547296e-07, 2.5903201344890427e-08, 1.1319789875716975e-06, 2.5102952688378784e-09, 2.633313553523983e-06, 1.5709754492032e-07, 3.4084316602814767e-07, 1.2193379902179302e-06, 2.0636162028690773e-10, 2.045740720850632e-05, 3.8156302714437577e-07, 4.246162043598908e-06, 7.937006605142966e-08, 4.370692605280518e-06, 1.5808912965755866e-06, 5.053457241954234e-07, 2.025976776320144e-06, 2.5331323171012007e-06, 2.6377441088807073e-06, 2.5780490123075357e-06, 2.7998886399179707e-06, 1.549595331866963e-05, 2.6718169770404422e-09, 0.001499473656476745, 7.884496034761809e-16, 1.3332929920558394e-06, 2.67619081101038e-07, 2.1918320376884764e-06, 1.3809733319459413e-06, 9.875674512527915e-07, 1.9621874270375326e-07, 3.915508728786985e-10, 2.0519518265222212e-07, 1.4744695808519155e-06, 1.3895327021832583e-09, 5.145028280167508e-10, 3.4036396729163085e-07, 3.4182252226811787e-07, 7.871909431719929e-13, 1.854160538522761e-12, 2.2002914608944577e-05, 3.38672852804364e-05, 2.107120176706969e-06, 9.332332001227368e-05, 8.542609653259763e-12, 0.014896760029432413, 4.264072177554394e-06, 4.832244445901872e-07, 4.184145748549133e-09, 1.4932369682142725e-07, 5.200527995762811e-07, 3.689908572386132e-06, 5.643809942794078e-07, 3.397454666497418e-12, 1.4163310708142775e-08, 7.5012689429554005e-06, 3.785695297239187e-07, 7.576772071254247e-09, 9.273058502865592e-07, 4.2017897751476655e-05, 0.004648991848301827, 0.6300878402202689, 5.700317907849993e-08, 2.2950600909949223e-05, 0.004017023205933624, 1.7241205729457677e-05, 0.0004552836061069706, 1.591281995775894e-06, 5.044749702729513e-07, 2.6762319693698363e-06, 5.928989410875005e-06, 1.4271456023352972e-06, 0.00011004377936842391, 6.577995121900917e-06, 0.3902761638717435, 4.684293476802465e-06, 5.303626144225361e-08, 6.099572207961109e-07, 2.2036593836927877e-08, 6.783155882538875e-07, 7.659063255016151e-08, 1.0451308668891344e-05, 4.503046021059331e-06, 2.5306149960424935e-09, 1.0231419359479127e-10, 3.1045215724378325e-08, 2.842603644243943e-06, 3.453837351971724e-09, 7.495277736330195e-09, 1.2453278949329054e-07, 1.9636542917283927e-06, 1.7176783438985302e-05, 2.968665686892848e-05, 2.2763305469820498e-06, 1.1771354216395164e-08, 6.821989452175887e-11, 3.821248753823272e-07, 2.374363261036707e-05, 9.705957769128447e-07, 2.535809498506644e-06, 2.977280593632824e-08, 3.7911168282564624e-05, 5.427296392364637e-07, 4.2440785512542975e-06, 1.8273646093004565e-07, 1.2105893372586943e-06, 7.527671753616416e-09, 9.634592089971686e-11, 5.256951102190288e-08, 1.6837190281366237e-07, 2.7770377080635836e-06, 1.7833609490628143e-07, 1.0893573801367142e-08, 8.17085898347131e-07, 4.4236372958871477e-10, 4.7139127222498284e-08, 6.5153672186544945e-06, 1.1606996502645334e-06, 5.0564108460757215e-06, 5.156549823574296e-09, 1.9932579380616398e-05, 2.7410723625509007e-06, 4.548511921053437e-05, 