{"metrics": {"test": {"fp": [0], "f1_score": [0.5], "risk": [0.058823529411764705], "recall": [0.3333333333333333], "sensitivity": [0.3333333333333333], "precision": [1.0], "tp": [2], "tn": [62], "specificity": [1.0], "fn": [4]}, "train": {"fp": [2], "f1_score": [0.7575757575757577], "risk": [0.05860805860805861], "recall": [0.6410256410256411], "sensitivity": [0.6410256410256411], "precision": [0.9259259259259259], "tp": [25], "tn": [232], "specificity": [0.9914529914529915], "fn": [14]}}, "model": {"n_features": 5803385}, "data": {"path": "/scratch/adrouin/data/patric/single_species_datasets/trimethoprim___-736338835843459561/dataset.kover", "split": "train_0.800_seed_1_10_folds", "uuid": "9b19236e-0804-11e8-816f-001b2193b764"}, "predictions": {"binary": [0, 0, 0, 0, 0, 0, 0, 0, 0, 0, 0, 0, 0, 0, 0, 0, 0, 0, 0, 0, 0, 0, 0, 0, 0, 0, 0, 0, 0, 0, 0, 0, 0, 0, 0, 0, 0, 0, 0, 0, 0, 0, 0, 0, 0, 0, 0, 0, 0, 0, 0, 0, 0, 0, 0, 0, 0, 0, 0, 0, 0, 0, 0, 0, 0, 1, 0, 0, 0, 0, 0, 0, 0, 0, 0, 0, 0, 0, 0, 0, 0, 0, 0, 0, 0, 0, 0, 0, 0, 0, 0, 0, 0, 0, 0, 0, 0, 0, 0, 0, 0, 0, 0, 0, 0, 0, 0, 0, 0, 0, 0, 0, 0, 0, 0, 0, 0, 0, 0, 0, 0, 0, 0, 0, 0, 0, 0, 0, 0, 0, 0, 0, 0, 0, 0, 0, 0, 0, 0, 0, 0, 0, 0, 0, 0, 0, 0, 0, 0, 1, 0, 0, 0, 0, 0, 0, 0, 0, 0, 0, 0, 0, 0, 0, 0, 0, 0, 0, 0, 0, 0, 0, 0, 0, 0, 0, 0, 0, 0, 0, 0, 0, 0, 0, 0, 0, 0, 0, 0, 0, 0, 0, 0, 0, 0, 0, 0, 0, 0, 0, 0, 0, 0, 0, 0, 0, 0, 0, 0, 0, 0, 0, 0, 0, 0, 0, 0, 0, 0, 0, 0, 0, 0, 0, 0, 0, 0, 0, 0, 0, 0, 0, 0, 0, 0, 0, 0, 0, 0, 0, 0, 0, 0, 0, 0, 0, 0, 0, 0, 0, 0, 0, 0, 0, 0, 0, 0, 0, 0, 0, 0, 0, 0, 0, 0, 0, 0, 0, 0, 0, 0, 0, 0, 0, 0, 0, 0, 0, 0, 0, 0, 0, 0, 0, 0, 0, 0, 0, 0, 0, 0, 0, 0, 0, 0, 0, 1, 0, 0, 1, 1, 1, 1, 1, 0, 1, 0, 1, 1, 1, 0, 1, 1, 0, 1, 0, 0, 1, 1, 1, 1, 0, 1, 0, 0, 0, 0, 1, 1, 1, 1, 1, 0, 1, 0, 1, 1, 0, 0, 1, 0], "proba": [0.04884453090589714, 0.051567535352836674, 0.033517592613590344, 0.048690237950393817, 0.03150231808601405, 0.04979797128927144, 0.037552879299864526, 0.03325969774973012, 0.05416084556424792, 0.053763230428642034, 0.06572495628364479, 0.06609794990378415, 0.0566369740225509, 0.053823259892616784, 0.06614868883787699, 0.04562075000335275, 0.06621558413868509, 0.05162256995314601, 0.052386365404743694, 0.03739257645496436, 0.04343088829162435, 0.058267121517563567, 0.05395132611470154, 0.042600697278476506, 0.051120880764477156, 0.04345436763588185, 0.03666888208414394, 0.03373104922441565, 0.031492078469930254, 0.04842985172077028, 0.034494187384682025, 0.04740338564614081, 0.026301265755443455, 0.04117000717483073, 0.034249632163005334, 0.06607445609215085, 0.05000245451019552, 0.06490166376163568, 0.04051018699492243, 0.05594268802948224, 0.059193109886209405, 0.06000169058254371, 0.0626108121801335, 0.06169471057311219, 0.0661963340369107, 0.06080377395136042, 0.06613549938427865, 0.06058204353329541, 0.06613105359379988, 0.08509274500048197, 0.09648572787411884, 0.06237265249766271, 0.06618006291505332, 0.04512147022524969, 0.052687848271533715, 0.06619519929110781, 0.0660338914029047, 0.06612183633348834, 0.0575093225460039, 0.04928786723744922, 0.06614769514078432, 0.06438327936734135, 0.06619696338612716, 0.06612941240896793, 0.07576422563122578, 0.8249193990518107, 0.0646552390060919, 0.055400103852820966, 0.11630248327030587, 0.05034184959681668, 0.05185620008452463, 0.03841064950010518, 0.044639948691891376, 0.053169880166519266, 0.05164805192038566, 0.06229199652227902, 0.052592310585981294, 0.047492656255762024, 0.049363498320914155, 0.0462264877415277, 0.057965309349262216, 0.05096434782429485, 0.06616112461361437, 0.06664834646912196, 0.05657458620479348, 0.06059543806257487, 0.07310216544928579, 0.06159431089608184, 0.06618417581976017, 0.06543952381078268, 0.04823080799746634, 0.0525429069086382, 0.04730204756147592, 0.05094721422807477, 0.054261797089865754, 0.05465414250052618, 0.04738881263160453, 0.08882803753566475, 0.051135472649870006, 0.0661369482341245, 0.05373474000809864, 0.04952073802140303, 0.05006510891231594, 0.04944172379526842, 0.049081352773341004, 0.042369310545642844, 0.048323336870680036, 0.06616817968650793, 0.06611557518730832, 0.060662387261245745, 0.03915931264281408, 0.06612518565831656, 0.06144247378224238, 0.040617514700464256, 0.06406964534355336, 0.0537618931917785, 0.04424723046663826, 0.024383231160093055, 0.0453837033339988, 0.02989274370956923, 0.04089988567647732, 0.047178799446255734, 0.05647688841809315, 0.05222137761878287, 0.049663991691389686, 0.06623274676434916, 0.07564778470701562, 0.06613382956991387, 0.06610929756135621, 0.0466060388832315, 0.06069236217269134, 0.06612642863800473, 0.06615143418693778, 0.16926862515983246, 0.06614972360968513, 0.05437691878678748, 0.06542935798474538, 0.050858497641700105, 0.06616818120003838, 0.05351664910965653, 0.05843038625423918, 0.0517115599196215, 0.05053353730098343, 0.04949835975369583, 0.05120105571105131, 0.05579447609788235, 0.03960676995255783, 0.06616044638441085, 0.049175791393358044, 0.9421263571865321, 0.06370169183162856, 0.06612687988104196, 0.06614843855659519, 0.12421020010225063, 0.06617800998800503, 0.058351640141141574, 0.08071497339528529, 0.049706799956555914, 0.06615190839263996, 0.0661990820669832, 0.066095214262939, 0.06399355395984911, 0.06614809452250107, 0.06616050578382689, 0.06614222727190802, 0.06619371340406997, 0.06875313085566888, 0.06609831334166574, 0.061832843978311486, 0.06614467864950614, 0.06043217919434367, 0.06619603677052918, 0.06617963728951047, 0.06614923888159113, 0.04842782213145568, 0.06619021636637926, 0.06609599344750569, 0.06612435487903716, 0.0963119108203228, 0.04985773208880884, 0.05236005883338466, 0.051093209333392266, 0.06618282831505296, 0.046577338493686185, 0.05364250893030223, 0.06610387201126978, 0.04573627416072437, 0.041759603414369253, 0.04621105333857937, 0.04774937083898086, 0.054824411034451, 0.04672179837062031, 0.052723977940018533, 0.04871274892521125, 0.04287247094682242, 0.04604133696240907, 0.04107567592538255, 0.03596842139516613, 0.050538342107082364, 0.05123568647487947, 0.06614038527382265, 0.03472264871444539, 0.04744815024781574, 0.05779455131041788, 0.042612493509983876, 0.06608110450085626, 0.06604364255778339, 0.06614802688439164, 0.06617707934084661, 0.08120799921188458, 0.0661899992231099, 0.06380909943286157, 0.06620132348708764, 0.044954963980729415, 0.0469718305934339, 0.048622227897853185, 0.04790297173079211, 0.03965200388614954, 0.045277341710794776, 0.04677028330764868, 0.04571393797838774, 0.04623681369596004, 0.06619027347767557, 0.06613035363475757, 0.06617080818525367, 0.026358874901121435, 0.10691577075774295, 0.06617976936022542, 0.06614573768721445, 0.0661674179658665, 0.06610356473166565, 0.05417460999686755, 0.01643675651169349, 0.06611144182052933, 0.0661331300536011, 0.0801806850576926, 0.0661473845060428, 0.06965968154602199, 0.06610578714577386, 0.100109895667642, 0.046954583643599467, 0.029604580073115918, 0.06615895553048122, 0.05992395711575627, 0.03772901029001773, 0.03671502985472689, 0.06616224790725875, 0.0392883841313504, 0.06614797738070079, 0.06615528249526205, 0.06615366912091875, 0.06614627722392262, 0.0661518849948471, 0.06616335299219388, 0.07935149892967276, 0.07813830627990928, 0.04929658943453302, 0.06619515549963939, 0.06617255371387308, 0.06098838011690371, 0.06623045964239187, 0.05021245897351779, 0.06545429796111495, 0.06328322034144229, 0.071452043287447, 0.0514248855684121, 0.053388620186426386, 0.05480016408285522, 0.0499933665593935, 0.05003156715064085, 0.0558872645341515, 0.05184611141492068, 0.029149183544040065, 0.05043434371107793, 0.05143729283805935, 0.048389045278321274, 0.05569024575849098, 0.0661332700598752, 0.04930794778670801, 0.0482776228230328, 0.03882880588122444, 0.05391526405220473, 0.06636756421329068, 0.053065293151119845, 0.04511368038370846, 0.03929095629921788, 0.10730405949435581, 0.04085345388594555, 0.05312332714623969, 0.04742323310971791, 0.04452349456146931, 0.047286468493669964, 0.04248750211244505, 0.04829689832070967, 