{"metrics": {"test": {"fp": [0], "f1_score": [0.9375], "risk": [0.09090909090909091], "recall": [0.8823529411764706], "sensitivity": [0.8823529411764706], "precision": [1.0], "tp": [15], "tn": [5], "specificity": [1.0], "fn": [2]}, "train": {"fp": [0], "f1_score": [1.0], "risk": [0.0], "recall": [1.0], "sensitivity": [1.0], "precision": [1.0], "tp": [51], "tn": [40], "specificity": [1.0], "fn": [0]}}, "model": {"n_features": 1000000}, "data": {"path": "/scratch/adrouin/data/patric/single_species_datasets/cefuroxime___49420779660966717/dataset.kover", "split": "train_0.800_seed_9_10_folds", "uuid": "5cf5178c-086d-11e8-a038-001b2193b764"}, "predictions": {"binary": [0, 0, 0, 0, 0, 0, 0, 0, 0, 0, 0, 0, 0, 0, 0, 0, 0, 0, 0, 0, 0, 0, 0, 0, 0, 0, 0, 0, 0, 0, 0, 0, 0, 0, 0, 0, 0, 0, 0, 0, 0, 0, 0, 0, 0, 1, 1, 1, 1, 1, 1, 1, 1, 1, 1, 1, 0, 1, 1, 1, 1, 1, 1, 1, 1, 0, 1, 1, 1, 1, 1, 1, 1, 1, 1, 1, 1, 1, 1, 1, 1, 1, 1, 1, 1, 1, 1, 1, 1, 1, 1, 1, 1, 1, 1, 1, 1, 1, 1, 1, 1, 1, 1, 1, 1, 1, 1, 1, 1, 1, 1, 1, 1, 1, 1, 1, 1, 1, 1, 1, 1, 1, 1, 1, 1, 1, 1, 1], "proba": [0.03933298187772877, 0.029890304342279544, 0.03061920248525952, 0.02104146059168998, 0.07643283433875778, 0.037649048424740185, 0.15558343159315222, 0.031288751730743844, 0.05047070385183319, 0.07168006728098661, 0.055175732264513506, 0.033541313489866185, 0.33213526944059457, 0.0234220102195142, 0.017341659236790163, 0.03985429826981188, 0.023367543815016746, 0.04016509933477321, 0.05218983450526868, 0.39621554023288663, 0.10444316021043747, 0.052345080499299264, 0.09790451080653582, 0.04100324206799478, 0.09396996635509781, 0.018199438034757997, 0.027624544329921112, 0.02591954171971664, 0.042062537656176444, 0.23757203512126887, 0.052615748062527314, 0.029007375982328516, 0.1259737312767137, 0.1390946835224368, 0.03680489831528383, 0.02503848268278901, 0.027269168782502944, 0.03816125905557356, 0.05390048464330761, 0.07137878098252959, 0.04029288504722371, 0.03377741359584427, 0.03775634702852847, 0.05579180495986515, 0.1147220932381667, 0.8878073991115469, 0.9884733705756892, 0.9830299948117729, 0.9642551995354242, 0.9526575058937712, 0.912286325026856, 0.9461413741534113, 0.9774026060046827, 0.9588377244689049, 0.9607561242177695, 0.9776798299889792, 0.4378389769812148, 0.9909035873952111, 0.961309845110013, 0.557193979439077, 0.9609856651723112, 0.995084218475245, 0.9622915499631854, 0.9876462783422074, 0.5718211623307133, 0.2329687402365464, 0.9855322485584722, 0.9781126947785316, 0.9947030946458177, 0.8993900894471402, 0.8736646237655035, 0.6385014639534367, 0.9251678693253709, 0.6953906841045543, 0.9833277351273824, 0.9394866087454068, 0.9931538080398182, 0.977903111760548, 0.9778968047849346, 0.9836603554302068, 0.9910762958381354, 0.9950811224874938, 0.9151959173269668, 0.9392121869642477, 0.9011514570975978, 0.9391593039653616, 0.911388605234229, 0.9552917361963326, 0.9784930444870225, 0.9604934540485812, 0.9753367993125551, 0.9880375279734999, 0.9774417882396957, 0.9611097181113579, 0.9802690771549543, 0.9628177922486454, 0.9951637216834169, 0.6753720060744959, 0.9920736258000383, 0.9834279198950784, 0.99068134945741, 0.8757860192618798, 0.980682628182618, 0.9781804817219745, 0.8833703670535262, 0.8964338766974642, 0.9045566223026147, 0.9794966972729796, 0.9884998455280233, 0.8929673893382131, 0.9797307607113972, 0.9839472203989967, 0.9954419956862433, 0.5000020198201156, 0.5000020198201156, 0.5000020198201156, 0.5000020198201156, 0.5000020198201156, 0.5000020198201156, 0.5000020198201156, 0.5000020198201156, 0.5000020198201156, 0.5000020198201156, 0.5000020198201156, 0.5000020198201156, 0.5000020198201156, 0.5000020198201156, 0.5000020198201156]}}