{"metrics": {"test": {"fp": [1], "f1_score": [0.9459459459459458], "risk": [0.04081632653061224], "recall": [0.9210526315789473], "sensitivity": [0.9210526315789473], "precision": [0.9722222222222222], "tp": [35], "tn": [59], "specificity": [0.9833333333333333], "fn": [3]}, "train": {"fp": [5], "f1_score": [0.9299363057324841], "risk": [0.05597964376590331], "recall": [0.8957055214723927], "sensitivity": [0.8957055214723927], "precision": [0.9668874172185431], "tp": [146], "tn": [225], "specificity": [0.9782608695652174], "fn": [17]}}, "model": {"n_features": 97}, "data": {"path": "/scratch/adrouin/patric_data/single_species_datasets/levofloxacin___-9072632565547958275/dataset.kover", "split": "train_0.800_seed_1_10_folds", "uuid": "43b381aa-07c3-11e8-8bd9-001b2193b764"}, "predictions": {"binary": [0, 1, 0, 0, 0, 0, 0, 0, 0, 0, 0, 0, 0, 0, 0, 0, 0, 0, 0, 0, 0, 0, 0, 0, 0, 0, 0, 0, 0, 0, 0, 0, 0, 0, 0, 0, 0, 0, 0, 0, 0, 0, 0, 0, 0, 0, 0, 0, 0, 0, 0, 0, 0, 0, 0, 0, 0, 0, 0, 0, 0, 0, 0, 0, 0, 0, 0, 0, 0, 0, 0, 0, 0, 0, 0, 0, 0, 0, 0, 0, 0, 0, 0, 0, 0, 0, 0, 0, 0, 0, 0, 0, 0, 0, 0, 0, 0, 0, 1, 0, 0, 0, 0, 0, 0, 0, 0, 0, 0, 0, 0, 0, 0, 0, 0, 0, 0, 0, 0, 1, 1, 0, 0, 0, 0, 0, 0, 0, 0, 0, 0, 0, 0, 0, 0, 0, 0, 0, 0, 0, 0, 0, 0, 0, 0, 0, 0, 0, 0, 0, 0, 0, 0, 0, 0, 0, 0, 0, 0, 0, 0, 0, 0, 0, 0, 0, 0, 0, 0, 0, 0, 0, 0, 0, 0, 0, 0, 0, 0, 0, 0, 0, 0, 0, 0, 0, 0, 0, 0, 0, 0, 0, 0, 0, 0, 0, 0, 0, 0, 0, 0, 0, 0, 0, 0, 0, 0, 0, 0, 0, 0, 0, 0, 0, 0, 0, 0, 0, 0, 0, 0, 0, 0, 0, 0, 0, 0, 1, 0, 0, 0, 0, 0, 0, 0, 0, 0, 0, 0, 0, 0, 0, 0, 0, 0, 0, 0, 0, 0, 0, 1, 0, 0, 0, 0, 0, 0, 0, 0, 0, 0, 0, 0, 0, 0, 0, 0, 0, 0, 0, 0, 0, 0, 0, 0, 0, 0, 0, 0, 0, 0, 0, 0, 0, 0, 0, 0, 0, 0, 0, 1, 0, 1, 1, 1, 1, 1, 1, 0, 1, 1, 0, 1, 1, 0, 1, 1, 1, 1, 1, 1, 0, 1, 1, 1, 1, 1, 1, 1, 1, 1, 1, 1, 1, 1, 1, 0, 1, 1, 1, 1, 1, 1, 1, 1, 1, 1, 1, 0, 1, 1, 1, 1, 1, 1, 1, 1, 1, 1, 1, 1, 1, 1, 0, 1, 1, 1, 1, 1, 1, 1, 1, 1, 1, 1, 1, 1, 1, 1, 0, 1, 1, 1, 1, 1, 1, 1, 1, 1, 1, 1, 1, 1, 1, 1, 1, 1, 1, 0, 0, 1, 1, 1, 1, 1, 1, 0, 1, 1, 1, 1, 1, 1, 1, 1, 1, 1, 1, 1, 1, 1, 1, 1, 1, 1, 1, 1, 1, 1, 1, 1, 0, 1, 0, 1, 0, 1, 1, 1, 1, 1, 1, 0, 1, 1, 1, 1, 1, 1, 1, 1, 1, 1, 1, 1, 0, 1, 1, 1, 1, 1, 1, 1, 1, 0, 1, 1, 1, 1, 1, 0, 1, 1, 1, 1, 1, 1, 1, 0, 1, 1, 1, 1, 1, 1, 1, 1, 1, 1, 1, 1, 1, 1, 1, 1, 1, 1, 1, 1, 1, 1, 0, 0, 0, 0, 0, 0, 0, 0, 0, 0, 0, 0, 0, 0, 0, 0, 0, 0, 0, 0, 0], "proba": [0.1084593033053302, 0.8904147596567864, 0.06918046545287876, 0.11721805966725353, 0.10777488058986995, 0.1449429681984942, 0.10612100843918314, 0.1125178153563872, 0.13188184818551885, 0.06918046545287876, 0.10769774886143388, 0.14736487731538592, 0.0967897638529307, 0.12401988843108491, 0.10833714915550997, 0.13188184818551885, 0.1006599291003532, 0.11800369539410656, 0.09160597313707651, 0.10080687719827042, 0.11248184479829128, 0.11997858930447963, 0.12478936411135191, 0.11721805966725353, 0.10062519336610133, 0.25252361051302435, 0.13412272672838016, 0.09037384901517, 0.12401988843108491, 0.11131306745395109, 0.10062519336610133, 0.09160597313707651, 0.16649672253370376, 0.09031002313641348, 0.09160597313707651, 0.13412272672838016, 0.18607182046701876, 0.15934809163660757, 0.08850065053725858, 0.25252361051302435, 0.1125178153563872, 0.1650610811241157, 0.11539547913264711, 0.18607182046701876, 0.0996733684206828, 0.09160597313707651, 0.09160597313707651, 0.09723662912697076, 0.25252361051302435, 0.1506236555603967, 0.11389256962957722, 0.10664217480195058, 0.09687616253249935, 0.1377699855571968, 0.1140185919392497, 0.1488933198194032, 0.09623357673314023, 0.1408798829256196, 0.10442899012472735, 0.1087150395758748, 0.091508699231888, 0.25252361051302435, 0.11539547913264711, 0.1274022766954736, 0.12689938890112273, 0.10022899451387707, 0.11539547913264711, 0.10544275442271911, 0.15934809163660757, 0.09791165340318976, 0.14925735082223526, 0.16598467608557943, 0.12658862598652568, 0.10998057355570692, 0.1393280821233258, 0.12323185151735942, 0.1125178153563872, 0.1555728852612924, 0.13188184818551885, 0.128680680277529, 0.09885897339965406, 0.09795222746397954, 0.13188184818551885, 0.1471548636399014, 0.1657180976694886, 0.42732203568014376, 0.12401988843108491, 0.11234674573387564, 0.1455092929168129, 0.1586985655597424, 0.08226222590136929, 0.08723594009264425, 0.11381664121022289, 0.13188184818551885, 0.09929759212961457, 0.10715658494182125, 0.10957863007222667, 0.12323185151735942, 0.8128136874713838, 0.1125178153563872, 0.10528829656465696, 0.46994742366408065, 0.11315165598878985, 0.08282249947416294, 0.11381664121022289, 0.10629790455585053, 0.1449429681984942, 0.08226222590136929, 0.10074413276295394, 0.1928328116332711, 0.1449429681984942, 0.13188184818551885, 0.1321718012079174, 0.14216735383414283, 0.1409655446973288, 0.4600921718064319, 0.09160597313707651, 0.1449429681984942, 0.15700703949305153, 0.8781798186989661, 0.7778202335617527, 0.14774548218399916, 0.10485286732145875, 0.12657088379593612, 0.15543697740339493, 0.25252361051302435, 0.15934809163660757, 0.10356278573022967, 0.13188184818551885, 0.2139819567430816, 0.12455886292911376, 0.10769774886143388, 0.08850065053725858, 0.11131306745395109, 0.1354169940655146, 0.14965473662675102, 0.12372562084710373, 0.321781618825291, 0.09160597313707651, 0.09160597313707651, 0.08972177880684765, 0.1853373801800091, 0.10715658494182125, 0.10998057355570692, 0.09160597313707651, 0.15365960547923674, 0.09312447826912397, 0.09160597313707651, 0.09160597313707651, 0.16308897875987272, 0.12230215322331876, 0.11248184479829128, 0.15484777974389657, 0.10715658494182125, 0.19847490208890098, 0.09760508036701461, 0.1657180976694886, 0.06918046545287876, 0.10583976424435255, 0.1026897479345345, 0.10313515003112761, 0.0924014653256546, 0.12446468169493306, 0.08226222590136929, 0.13188184818551885, 0.10022899451387707, 0.10715658494182125, 0.10482435877879939, 0.1063641959778645, 0.25252361051302435, 0.11256770972099983, 0.12375418519647123, 0.1469774945251567, 0.1087150395758748, 0.2139819567430816, 0.09904652405113712, 0.10102048030049388, 0.12015873287699412, 0.12923539751978297, 0.09847075440154598, 0.09630864697769251, 0.0996733684206828, 0.09408510981509637, 0.09160597313707651, 0.1586985655597424, 0.09862707820727888, 0.08972177880684765, 0.10528829656465696, 0.08579347452755268, 0.11539547913264711, 0.13142891728448156, 0.25252361051302435, 0.11496842667189668, 0.12180597158777853, 0.09469444296755454, 0.09469444296755454, 0.1657180976694886, 0.1033138688743392, 0.10458345889034214, 0.11259533869242241, 0.09630864697769251, 0.1296032590398471, 0.1136426263958307, 0.11440913286250042, 0.10281753834942095, 0.10481780604026548, 0.15484777974389657, 0.1296032590398471, 0.1499819989821914, 0.14140970974434394, 0.09408510981509637, 0.13808769880206512, 0.1407926537244437, 0.13188184818551885, 0.10074413276295394, 0.25252361051302435, 0.10000862820433414, 0.09623357673314023, 0.1449429681984942, 0.10143297592355369, 0.25252361051302435, 0.11259533869242241, 0.15934809163660757, 0.12972762872334537, 0.1449429681984942, 0.128680680277529, 0.10715658494182125, 0.8437434592219112, 0.12180597158777853, 0.10715658494182125, 0.13412272672838016, 0.13165868219850582, 0.15510482994057398, 0.1555728852612924, 0.09160597313707651, 0.12978202561597743, 0.15934809163660757, 0.10949913199459248, 0.12018260984052909, 0.1407091173808562, 0.09123444049825054, 0.13294151375767574, 0.11161284096055876, 0.2722663537200761, 0.11906765076829873, 0.09740942968730021, 0.13188184818551885, 0.1657180976694886, 0.13188184818551885, 0.19759887829426165, 0.6558964099796639, 0.20633570364695797, 0.15484777974389657, 0.3418044569880349, 0.12180597158777853, 0.13101151637404282, 0.08492936487068585, 0.2683846829799435, 0.08226222590136929, 0.09662144912003817, 0.11214048854293938, 0.06918046545287876, 0.10645464736124902, 0.10715658494182125, 0.14923925879953648, 0.09906256845012949, 0.09160597313707651, 0.11539547913264711, 0.4735081283838687, 0.1220041230060145, 0.1586985655597424, 0.12180597158777853, 