{"classifications": {"train_errors": ["573.15540", "573.15545", "573.15567", "573.15516", "573.15623", "1284797.4"], "test_correct": ["573.15594", "573.15579", "573.15617", "573.15539", "573.15600", "573.15559", "573.15544", "573.15514", "573.15517", "573.15525", "573.15512", "573.15608", "573.15529", "573.15531", "573.15612", "573.15560", "1284831.3", "573.15616", "1284789.4", "573.15610", "1284791.4", "1284792.4", "1284826.3", "1284788.3", "573.15580", "573.15614", "1284821.3", "1284806.4", "1284818.4", "1284805.4", "1304922.3", "573.15592"], "train_correct": ["573.15584", "573.15574", "573.15589", "573.15583", "573.15573", "573.15548", "573.15621", "573.15591", "573.15588", "573.15577", "573.15572", "573.15582", "573.15576", "573.15571", "573.15581", "573.15556", "573.15597", "573.15575", "573.15590", "573.15554", "573.15558", "573.15615", "573.15619", "573.15553", "573.15541", "573.15585", "573.15620", "573.15552", "573.15570", "573.15622", "573.15566", "573.15563", "573.15628", "573.15587", "573.15557", "573.15534", "573.15627", "573.15551", "573.15543", "573.15568", "573.15511", "573.15513", "573.15565", "573.15515", "573.15518", "573.15523", "573.15550", "573.15527", "573.15605", "573.15521", "573.15522", "573.15524", "573.15526", "573.15535", "573.15562", "573.15561", "573.15569", "573.15596", "573.15520", "573.15547", "573.15586", "573.15542", "573.15601", "573.15533", "573.15538", "573.15555", "573.15611", "573.15598", "573.15564", "573.15528", "573.15549", "573.15537", "573.15536", "573.15629", "1284828.3", "1284832.3", "573.15606", "1284827.3", "1304916.4", "1284807.4", "573.15602", "573.15593", "1284830.3", "1284813.3", "1284829.3", "1284803.4", "1284825.3", "1284822.3", "1304917.4", "1284802.4", "1284787.3", "1284819.3", "1284801.3", "1284817.3", "1284800.4", "1284793.4", "1284794.4", "1284812.3", "1284795.4", "1284824.3", "1304919.4", "1304921.4", "1284820.3", "1284815.3", "1284816.3", "573.15530", "1304918.4", "573.15618", "573.15613", "573.15546", "573.15603", "573.15595", "573.15609", "573.15626", "1284810.3", "1304923.3", "1304924.3", "1284796.3", "1284798.4", "1284799.4", "1304920.3", "1284834.3", "1284814.3", "1284811.3", "1284809.4", "1284823.3", "1284790.3", "1284808.4", "1284804.4", "1284833.4"], "test_errors": ["573.15607", "573.15624"]}, "metrics": {"test": {"fp": [1], "f1_score": [0.9411764705882353], "risk": [0.058823529411764705], "recall": [0.9411764705882353], "sensitivity": [0.9411764705882353], "precision": [0.9411764705882353], "tp": [16], "tn": [16], "specificity": [0.9411764705882353], "fn": [1]}, "train": {"fp": [5], "f1_score": [0.95], "risk": [0.04411764705882353], "recall": [0.9827586206896551], "sensitivity": [0.9827586206896551], "precision": [0.9193548387096774], "tp": [57], "tn": [73], "specificity": [0.9358974358974359], "fn": [1]}}, "model": {"rules": ["Presence(CGCGCTCGGCAGCGCAGAAGAGACCGGGCTC)"], "depth": 1, "rule_identifiers": ["0"], "n_rules": 1, "rule_importances": [1.0]}, "data": {"path": "/scratch/adrouin/patric_data/single_species_datasets/ticarcillin_clavulanic_acid___2202579077548954665/dataset.kover", "uuid": "f15e3612-06d1-11e8-9a0b-001b2193b764", "split": "train_0.800_seed_3_10_folds"}, "cv": {"candidate_hp": {"criterion": ["gini"], "max_depth": [20]}, "best_hp": {"score": 0.34026746604924807, "values": {"min_samples_split": 2, "max_depth": 20, "criterion": "gini", "class_importance": {"0": 0.25, "1": 0.25}, "pruning_alpha": 0.022058823529411752}}, "strategy": "bound"}, "running_time": 385}