{"metrics": {"test": {"fp": [1], "f1_score": [0.6923076923076923], "risk": [0.05755395683453238], "recall": [0.5625], "sensitivity": [0.5625], "precision": [0.9], "tp": [9], "tn": [122], "specificity": [0.991869918699187], "fn": [7]}, "train": {"fp": [0], "f1_score": [1.0], "risk": [0.0], "recall": [1.0], "sensitivity": [1.0], "precision": [1.0], "tp": [41], "tn": [519], "specificity": [1.0], "fn": [0]}}, "model": {"n_features": 982618}, "data": {"path": "/scratch/adrouin/data/patric/single_species_datasets/moxifloxacin___260162261243005161/dataset.kover", "split": "train_0.800_seed_2_10_folds", "uuid": "f1efab30-0765-11e8-ac0b-001b2193b764"}, "predictions": {"binary": [0, 0, 0, 0, 0, 0, 0, 0, 0, 0, 0, 0, 0, 0, 0, 0, 0, 0, 0, 0, 0, 1, 0, 0, 0, 0, 0, 0, 0, 0, 0, 0, 0, 0, 0, 0, 0, 0, 0, 0, 0, 0, 0, 0, 0, 0, 0, 0, 0, 0, 0, 0, 0, 0, 0, 0, 0, 0, 0, 0, 0, 0, 0, 0, 0, 0, 0, 0, 0, 0, 0, 0, 0, 0, 0, 0, 0, 0, 0, 0, 0, 0, 0, 0, 0, 0, 0, 0, 0, 0, 0, 0, 0, 0, 0, 0, 0, 0, 0, 0, 0, 0, 0, 0, 0, 0, 0, 0, 0, 0, 0, 0, 0, 0, 0, 0, 0, 0, 0, 0, 0, 0, 0, 0, 0, 0, 0, 0, 0, 0, 0, 0, 0, 0, 0, 0, 0, 0, 0, 0, 0, 0, 0, 0, 0, 0, 0, 0, 0, 0, 0, 0, 0, 0, 0, 0, 0, 0, 0, 0, 0, 0, 0, 0, 0, 0, 0, 0, 0, 0, 0, 0, 0, 0, 0, 0, 0, 0, 0, 0, 0, 0, 0, 0, 0, 0, 0, 0, 0, 0, 0, 0, 0, 0, 0, 0, 0, 0, 0, 0, 0, 0, 0, 0, 0, 0, 0, 0, 0, 0, 0, 0, 0, 0, 0, 0, 0, 0, 0, 0, 0, 0, 0, 0, 0, 0, 0, 0, 0, 0, 0, 0, 0, 0, 0, 0, 0, 0, 0, 0, 0, 0, 0, 0, 0, 0, 0, 0, 0, 0, 0, 0, 0, 0, 0, 0, 0, 0, 0, 0, 0, 0, 0, 0, 0, 0, 0, 0, 0, 0, 0, 0, 0, 0, 0, 0, 0, 0, 0, 0, 0, 0, 0, 0, 0, 0, 0, 0, 0, 0, 0, 0, 0, 0, 0, 0, 0, 0, 0, 0, 0, 0, 0, 0, 0, 0, 0, 0, 0, 0, 0, 0, 0, 0, 0, 0, 0, 0, 0, 0, 0, 0, 0, 0, 0, 0, 0, 0, 0, 0, 0, 0, 0, 0, 0, 0, 0, 0, 0, 0, 0, 0, 0, 0, 0, 0, 0, 0, 0, 0, 0, 0, 0, 0, 0, 0, 0, 0, 0, 0, 0, 0, 0, 0, 0, 0, 0, 0, 0, 0, 0, 0, 0, 0, 0, 0, 0, 0, 0, 0, 0, 0, 0, 0, 0, 0, 0, 0, 0, 0, 0, 0, 0, 0, 0, 0, 0, 0, 0, 0, 0, 0, 0, 0, 0, 0, 0, 0, 0, 0, 0, 0, 0, 0, 0, 0, 0, 0, 0, 0, 0, 0, 0, 0, 0, 0, 0, 0, 0, 0, 0, 0, 0, 0, 0, 0, 0, 0, 0, 0, 0, 0, 0, 0, 0, 0, 0, 0, 0, 0, 0, 0, 0, 0, 0, 0, 0, 0, 0, 0, 0, 0, 0, 0, 0, 0, 0, 0, 0, 0, 0, 0, 0, 0, 0, 0, 0, 0, 0, 0, 0, 0, 0, 0, 0, 0, 0, 0, 0, 0, 0, 0, 0, 0, 0, 0, 0, 0, 0, 0, 0, 0, 0, 0, 0, 0, 0, 0, 0, 0, 0, 0, 0, 0, 0, 0, 0, 0, 0, 0, 0, 0, 0, 0, 0, 0, 0, 0, 0, 0, 0, 0, 0, 0, 0, 0, 0, 0, 0, 0, 0, 0, 0, 0, 0, 0, 0, 0, 0, 0, 0, 0, 0, 0, 0, 0, 0, 0, 0, 0, 0, 0, 0, 0, 0, 0, 0, 0, 0, 0, 0, 0, 0, 0, 0, 0, 0, 0, 0, 0, 0, 0, 0, 0, 0, 0, 0, 0, 0, 0, 0, 0, 0, 0, 0, 0, 0, 0, 0, 0, 0, 0, 0, 0, 0, 0, 0, 0, 0, 0, 0, 0, 0, 0, 0, 0, 0, 0, 0, 0, 0, 0, 0, 0, 0, 0, 0, 0, 0, 0, 0, 0, 0, 0, 0, 0, 0, 0, 0, 0, 0, 0, 1, 1, 1, 1, 1, 1, 0, 1, 0, 1, 1, 1, 0, 1, 1, 1, 1, 1, 1, 1, 1, 1, 1, 1, 0, 1, 0, 1, 1, 1, 1, 1, 1, 1, 1, 1, 1, 1, 1, 1, 1, 1, 1, 1, 1, 0, 1, 1, 1, 1, 0, 1, 1, 1, 1, 1, 1, 0, 0, 0, 0, 0], "proba": [2.945729032448663e-14, 4.584162649181399e-13, 7.981202891560039e-11, 2.9634560900321e-12, 8.440242988753661e-11, 3.494247302350486e-08, 3.9904760263762486e-07, 6.642421722857787e-07, 1.3073920894994062e-07, 7.657126587680345e-09, 1.802970900889941e-07, 5.524781548141259e-10, 1.0749371146105867e-06, 1.6917723688092527e-06, 1.1875122896344484e-16, 5.051199084959195e-11, 5.243011184610113e-19, 7.441601018265641e-08, 8.722649138041344e-08, 8.030729395096719e-10, 7.21185502070338e-16, 0.9234555906875742, 8.465681373329795e-05, 8.090216482498204e-07, 5.3366969114974154e-06, 7.59415454243459e-08, 9.526833705830001e-05, 1.3127197212572454e-06, 1.1188019359324097e-08, 9.004202839691616e-08, 7.07712466510752e-08, 0.00030923318426300406, 1.6041017255239092e-10, 1.2302283899848416e-10, 3.916316231731785e-14, 2.6210278735924065e-11, 9.571798590923162e-11, 3.8396239141996966e-05, 5.997231621597182e-07, 4.1752183183207135e-07, 7.282433948239432e-07, 5.408330310124941e-09, 4.426139218301863e-07, 2.3560886381556064e-15, 7.37198416132912e-07, 1.0112257666077515e-20, 6.572170324887339e-13, 9.688491228942681e-13, 1.3034670647384332e-10, 1.535156245903862e-17, 5.096978272591136e-09, 9.911812716336334e-11, 9.130563709291436e-07, 6.132122637320301e-07, 1.1599389497118126e-08, 4.820974637620336e-13, 9.73372440029833e-10, 1.1626470254179532e-13, 5.3760751591338216e-08, 6.595216877871448e-05, 1.7367334600931568e-07, 6.4097348270246344e-15, 6.574661655617193e-08, 1.6361806601656818e-07, 1.2211151977107265e-08, 4.730308165759729e-11, 1.7134516410969291e-12, 2.9690301527967894e-17, 1.0844288009186462e-10, 4.3868183714691547e-10, 1.046978851317288e-08, 2.111706711741067e-07, 1.3625110766270553e-08, 5.567461384223261e-09, 7.405066258358159e-16, 6.109402390753506e-07, 1.0331029214955667e-15, 9.621237557443403e-07, 4.958890150741231e-07, 3.91947657189637e-09, 4.658454211242929e-15, 3.9076444084545665e-17, 2.6639020433656283e-08, 1.0975913446416093e-13, 3.872164654491667e-08, 2.755153549608231e-06, 0.028268959069736827, 2.960298408433399e-06, 6.829380318703808e-11, 1.11954090091263e-06, 1.403290994757113e-06, 1.3411063066762958e-07, 1.0985558069199416e-09, 1.801128709352749e-06, 1.2766023282604917e-08, 2.71179353115681e-07, 0.04376244152115724, 1.747155135473257e-06, 1.55877967765624e-07, 1.0482179717564398e-09, 1.0962173939210789e-15, 5.265922339732128e-12, 1.652874118976823e-13, 2.7181263977574475e-13, 2.982163243729604e-21, 6.877448987364139e-21, 7.488756243786414e-21, 1.0071266498801092e-10, 1.8969215487488126e-08, 5.772700317575073e-17, 2.63996948855882e-12, 1.4073507067238326e-12, 3.6517824246409716e-17, 1.2564292443709928e-16, 1.8481639298659788e-10, 9.819555682206055e-11, 4.429748678538934e-22, 1.1871671989665644e-16, 1.056362772831972e-08, 3.095760322416033e-07, 6.063878993986009e-07, 3.612957051613132e-17, 2.804539370474697e-16, 6.13629075097782e-18, 3.8551162929951694e-16, 5.9909824031971265e-09, 1.4310902185611268e-14, 2.468970047838902e-07, 2.3114210262643886e-11, 5.907711672567704e-19, 1.7444777689635254e-10, 7.200887089506367e-16, 1.3200901165819701e-17, 6.279189071765446e-11, 1.3049983667539174e-08, 5.693400676683258e-10, 4.691202881469233e-16, 7.947483329666819e-16, 0.04043470935153806, 2.509869129816817e-08, 2.5965528907220997e-06, 2.8833537521541254e-06, 2.0784222601256572e-23, 5.564533121173838e-20, 1.005450447732357e-11, 8.946615529202019e-14, 6.054920561624713e-10, 1.70896976529429e-07, 6.315606017132915e-14, 1.5446301963677837e-07, 1.4932157283739882e-07, 1.572440075026591e-06, 8.751512632450783e-08, 4.41068791010267e-06, 2.33994687736532e-07, 1.0449148526261827e-05, 7.270156716410449e-06, 7.715872715450515e-07, 7.200310011621104e-15, 4.2622879199915505e-10, 3.9229137140883096e-14, 3.0307992536961007e-24, 6.128311578517385e-07, 7.50804916517451e-15, 3.3294636280956004e-10, 2.2893334808963223e-08, 5.1915613001184396e-12, 1.4113922510362446e-10, 1.7959371576055644e-10, 1.1860391506825396e-10, 4.479201834914917e-11, 1.3559204568310175e-11, 1.6174614291976175e-07, 7.747096490294245e-08, 1.6293224589589208e-16, 5.835946031857777e-09, 3.475230046565329e-12, 1.862705210180899e-09, 3.16491358441374e-14, 2.3416874711641016e-14, 2.131921479522923e-07, 5.4816590028895684e-08, 1.5102326185437828e-09, 4.565324911110946e-12, 7.732252272897767e-08, 6.684504664065426e-10, 3.1523850739360923e-10, 3.594566063983498e-06, 2.554823641458582e-19, 6.083236750164828e-14, 2.2953077056946448e-10, 1.3741456984160417e-12, 3.9853880152228745e-12, 4.5075206267352064e-08, 3.7260985215135525e-15, 7.83354147446417e-14, 3.657812090527337e-08, 6.64287493101973e-08, 2.123901289531752e-12, 6.675499119363112e-12, 2.3107068807398312e-11, 1.920634924690192e-12, 4.6199568442231444e-21, 8.214872805121568e-08, 8.553391896711634e-08, 2.1118401759368689e-10, 1.3116918940597092e-13, 4.837391546286679e-19, 3.249485736458183e-11, 1.5328820332272792e-18, 1.3815523078049518e-10, 1.6932961836061408e-11, 2.3583615479003118e-08, 1.5049496657224135e-17, 2.3864045548043533e-09, 1.85683176009997e-11, 5.3736704975091654e-14, 6.646387734905478e-10, 4.962996010829299e-10, 5.683943099729534e-18, 6.1395547473113026e-15, 6.009349654661813e-09, 3.4100691961691357e-12, 