{"metrics": {"test": {"fp": [1], "f1_score": [0.8000000000000002], "risk": [0.18181818181818182], "recall": [0.7058823529411765], "sensitivity": [0.7058823529411765], "precision": [0.9230769230769231], "tp": [12], "tn": [15], "specificity": [0.9375], "fn": [5]}, "train": {"fp": [12], "f1_score": [0.8467153284671534], "risk": [0.15671641791044777], "recall": [0.8656716417910447], "sensitivity": [0.8656716417910447], "precision": [0.8285714285714286], "tp": [58], "tn": [55], "specificity": [0.8208955223880597], "fn": [9]}}, "model": {"n_features": 1000000}, "data": {"path": "/scratch/adrouin/data/patric/single_species_datasets/nicotinamide___260162261243005161/dataset.kover", "split": "train_0.800_seed_1_10_folds", "uuid": "2407f734-0767-11e8-a171-001b2193b764"}, "predictions": {"binary": [1, 0, 0, 0, 1, 0, 0, 0, 0, 0, 0, 0, 0, 0, 0, 0, 0, 0, 0, 0, 0, 0, 0, 0, 1, 0, 0, 0, 0, 0, 0, 0, 0, 0, 0, 1, 0, 0, 0, 0, 1, 0, 0, 1, 0, 0, 0, 0, 0, 0, 1, 0, 0, 1, 0, 0, 1, 0, 1, 1, 0, 0, 0, 0, 0, 0, 0, 0, 0, 0, 1, 0, 0, 0, 1, 0, 0, 0, 0, 0, 0, 0, 0, 1, 0, 0, 1, 1, 1, 1, 1, 1, 1, 1, 1, 1, 0, 1, 1, 1, 1, 0, 1, 0, 0, 1, 1, 1, 0, 1, 1, 1, 1, 1, 1, 0, 1, 1, 1, 1, 0, 1, 1, 1, 1, 1, 1, 1, 1, 1, 1, 1, 1, 0, 1, 1, 0, 1, 1, 1, 1, 1, 1, 1, 1, 0, 1, 1, 1, 1, 1, 1, 1, 1, 1, 1, 1, 1, 1, 0, 1, 1, 1, 0, 1, 1, 1, 1, 1, 1, 1, 1, 1, 1, 1, 1, 1, 1, 1, 1, 1, 1, 1, 1, 1, 1, 1, 1, 1, 1, 1, 1], "proba": [0.6062950253652746, 0.34803280336659925, 0.09459149606920929, 0.2722850753744136, 0.6204110396249338, 0.0870593781630631, 0.13069451947933772, 0.40050683290807804, 0.24849556912263204, 0.3443676122237829, 0.15833271629713178, 0.09563761549952382, 0.29778424324658503, 0.4562292126139397, 0.2940534618046248, 0.2250156744732341, 0.3235022879889806, 0.2647793079216483, 0.15257419603039746, 0.17389392775313395, 0.1585417157235032, 0.3445922842846314, 0.31821717780035785, 0.2539432048672113, 0.5904845496546501, 0.13570576618842442, 0.47982411574842354, 0.17688651810532094, 0.2485714821544447, 0.3124102444269749, 0.1570689392348511, 0.06964134391318934, 0.2648233322478542, 0.25650359802002287, 0.09425927150655142, 0.5893348069247473, 0.14858298787551902, 0.2633599106461081, 0.145487341902955, 0.12726818833811832, 0.5077067966166214, 0.09933510548489743, 0.1207419072797811, 0.6126605697520353, 0.31571748155202967, 0.30806194846133383, 0.13404048240770997, 0.10956507215802833, 0.38124267257153704, 0.06378403093309229, 0.5754689570106138, 0.1499218361805116, 0.1324431718455959, 0.7007071222167807, 0.444655445139955, 0.0460614958472431, 0.6093097638726006, 0.1353546861685681, 0.6252973855348899, 0.6670486552918571, 0.17416916585699208, 0.17500142811846453, 0.10631336972158911, 0.4451798322522899, 0.11813412032276319, 0.4644759232766499, 0.4506623973803272, 0.2503026083135687, 0.2910210540797111, 0.0973346431613969, 0.7032271284833869, 0.4584493564508806, 0.3291683876013984, 0.14254923529973124, 0.598633991253821, 0.31151173361806495, 0.42111090215407193, 0.16613446924656988, 0.2582568830012076, 0.48060629896037477, 0.05761043807198828, 0.15430273285833188, 0.28755966610052697, 0.8100222267397755, 0.4568867454795776, 0.28981308196681677, 0.5109256757178113, 0.5032769341704569, 0.7680974364026214, 0.778991525218826, 0.7305284072708939, 0.8011385726080558, 0.6382817701310116, 0.6502147473354315, 0.7031723514206178, 0.8089809157697626, 0.11447290811561674, 0.5712400447072253, 0.7701131614844341, 0.5906383955996825, 0.8082820062850442, 0.25761362863586934, 0.8046471703488752, 0.3155386026502203, 0.34054816951530265, 0.8202778951778282, 0.8111127392952447, 0.8157079380051362, 0.4889334529418905, 0.5025503949139272, 0.795626214505716, 0.8230625590841267, 0.8109801926353298, 0.8091052154848188, 0.7890255282618112, 0.2746580807400658, 0.8068764170419228, 0.8119317360391032, 0.7854435297501057, 0.8078256122511926, 0.3665513552538686, 0.8067412885087297, 0.7996257779909779, 0.7267480263976808, 0.8188527821074105, 0.7953309226279415, 0.8048849509697339, 0.7993436951676627, 0.801796695630314, 0.8043790864938799, 0.7977268508087926, 0.8176747749716134, 0.7979447958846413, 0.2692493725411034, 0.8030209767307372, 0.8029083396008625, 0.3179288228636734, 0.6279749756933664, 0.8030199891985598, 0.7947428985191467, 0.8060678079688074, 0.5088187573152981, 0.8126133065987309, 0.5050658759335506, 0.7959930234383878, 0.26902540110059286, 0.6459240728077092, 0.8156672500024736, 0.7824173165085082, 0.8253021797069342, 0.8121415832899779, 0.818025018181667, 0.8028660070129703, 0.6264779430607275, 0.7979972859534541, 0.8115022959267066, 0.6401092824648227, 0.7248610065659326, 0.8069633207605532, 0.485083089513123, 0.8073082334598521, 0.6369150044023433, 0.6401437418364879, 0.4485338025171882, 0.7734995063264941, 0.5645107632061057, 0.665379346359344, 0.5000168256395857, 0.5000168256395857, 0.5000168256395857, 0.5000168256395857, 0.5000168256395857, 0.5000168256395857, 0.5000168256395857, 0.5000168256395857, 0.5000168256395857, 0.5000168256395857, 0.5000168256395857, 0.5000168256395857, 0.5000168256395857, 0.5000168256395857, 0.5000168256395857, 0.5000168256395857, 0.5000168256395857, 0.5000168256395857, 0.5000168256395857, 0.5000168256395857, 0.5000168256395857, 0.5000168256395857, 0.5000168256395857, 0.5000168256395857, 0.5000168256395857]}}