{"metrics": {"test": {"fp": [2], "f1_score": [0.9565217391304348], "risk": [0.057971014492753624], "recall": [0.9565217391304348], "sensitivity": [0.9565217391304348], "precision": [0.9565217391304348], "tp": [44], "tn": [21], "specificity": [0.9130434782608695], "fn": [2]}, "train": {"fp": [5], "f1_score": [0.9781021897810219], "risk": [0.03237410071942446], "recall": [0.9804878048780488], "sensitivity": [0.9804878048780488], "precision": [0.9757281553398058], "tp": [201], "tn": [68], "specificity": [0.9315068493150684], "fn": [4]}}, "model": {"n_features": 1000000}, "data": {"path": "/scratch/adrouin/data/patric/single_species_datasets/chloramphenicol___-736338835843459561/dataset.kover", "split": "train_0.800_seed_8_10_folds", "uuid": "8798bc00-07d2-11e8-9853-001b2193b764"}, "predictions": {"binary": [0, 0, 0, 0, 0, 0, 0, 0, 0, 0, 1, 0, 0, 0, 0, 0, 0, 1, 0, 0, 0, 1, 0, 0, 0, 0, 0, 0, 0, 1, 0, 0, 0, 0, 0, 0, 0, 0, 0, 0, 0, 0, 0, 1, 0, 0, 0, 0, 0, 0, 0, 0, 0, 0, 0, 0, 0, 0, 0, 0, 0, 0, 0, 1, 0, 0, 0, 0, 0, 0, 0, 0, 0, 0, 0, 0, 0, 0, 0, 0, 0, 0, 0, 0, 0, 0, 0, 0, 0, 1, 0, 0, 0, 0, 0, 0, 1, 1, 1, 1, 1, 1, 1, 1, 1, 1, 1, 1, 0, 1, 1, 1, 1, 1, 1, 1, 0, 1, 1, 1, 1, 1, 1, 1, 1, 1, 1, 1, 1, 1, 1, 1, 1, 1, 1, 1, 1, 1, 1, 1, 1, 1, 1, 1, 1, 1, 1, 1, 1, 1, 1, 1, 1, 1, 1, 1, 1, 1, 1, 1, 1, 1, 1, 1, 1, 1, 1, 1, 1, 1, 1, 1, 1, 1, 1, 1, 1, 1, 1, 1, 0, 1, 1, 1, 1, 1, 1, 1, 1, 1, 0, 1, 1, 1, 1, 1, 1, 1, 1, 1, 1, 1, 1, 1, 1, 1, 1, 1, 1, 1, 1, 1, 0, 1, 1, 1, 1, 1, 1, 1, 1, 1, 1, 1, 1, 1, 1, 1, 1, 1, 1, 1, 1, 1, 1, 1, 1, 1, 1, 1, 1, 1, 1, 1, 1, 1, 1, 1, 1, 1, 1, 1, 1, 1, 1, 1, 1, 1, 1, 1, 1, 1, 1, 1, 1, 1, 1, 1, 1, 1, 1, 1, 1, 1, 1, 1, 0, 1, 1, 1, 1, 1, 1, 1, 1, 1, 1, 1, 1, 1, 1, 1, 1, 1, 1, 1, 1, 1, 1, 1, 1, 1, 1, 1, 1, 1, 1, 1, 1, 1, 1, 1, 1, 1, 1, 1, 1, 1, 1, 1, 1, 1, 1, 1, 1, 1, 1, 1, 1, 1, 1, 1, 1, 1, 1, 1, 1, 1, 1, 1, 1, 1, 1, 1, 1, 1, 1, 0, 0, 0, 0, 0, 0, 0, 0, 0, 0, 0, 0, 0, 0, 0, 0, 0, 0, 0, 0, 0, 0, 0, 0, 0, 0, 0, 0, 0, 0, 0, 0, 0, 0, 0, 0, 0], "proba": [0.009526824300944524, 0.10197650066818209, 0.09656531373228079, 0.036442399847893804, 0.0459722773531712, 0.11497589061546515, 0.01375455688318245, 0.05965854598005383, 0.0007112296208182515, 0.010067492326111595, 0.6610457818194284, 0.0526687751889995, 0.1828554627840294, 0.009067386825504892, 0.01262619599142051, 0.3935897589014977, 0.01138325289985978, 0.5021288288284421, 0.036793204184338374, 0.04504059357698401, 0.08830194416646361, 0.8103462781231173, 0.010929805268773726, 0.02921105105931876, 0.005242595112999587, 0.017497317074981304, 0.07629826813389973, 0.04465628821353699, 0.08212131027334725, 0.618321694718903, 0.014580901109940531, 0.09605640432539499, 0.06827674906037107, 0.0001828860152532227, 0.0002730605946474615, 0.014915538031303811, 0.00016928877551581928, 0.0008669053239677472, 0.01445094716331139, 0.09144886689138901, 0.027950961399951308, 0.04679137056642473, 0.009607476842749355, 0.637287391714464, 0.007174066463113415, 0.02533341954858637, 0.07517489441211606, 0.095711747446148, 0.039564559276213614, 0.1494365736888398, 0.0014436111786457104, 0.3433403228311078, 0.0020268257546068105, 0.004667224451353151, 0.0013950593827783148, 0.0025901961945570535, 0.04522687727103061, 0.02905918579722432, 0.09835229689622095, 0.002280188439761241, 0.004634251131963728, 0.012659129155192024, 0.015265857471308725, 0.9549016459612076, 0.0003483934757336999, 0.0010250132978591917, 0.07248183602411878, 0.000385423877507809, 0.0005026142013851797, 0.03916568960410264, 0.0009505894598911034, 0.022729612575665224, 0.01566267073881754, 0.034926691116212244, 0.16736096524841274, 0.178916389053432, 0.34602940896117224, 0.04594677623572713, 0.012756108024096408, 0.069024179995918, 0.06745140683049679, 0.07965190277966913, 0.409152470501749, 0.3416816181685343, 0.008470872183997055, 0.03397292383690793, 0.12155178802917453, 0.042331357565159954, 0.2758632292002888, 0.9612132376894538, 0.2086852065595561, 0.004682563578514018, 0.24278788644198654, 0.003014506342031423, 0.08562592752603533, 0.06307186103197557, 0.7700932734881726, 0.9862947425704572, 0.7411432643424859, 0.9800075135575911, 0.9731204831637711, 0.7410474070294856, 0.906756874091738, 0.9223711037772544, 0.8540551329210914, 0.6822663528469929, 0.9834610283695969, 0.6241994727695963, 0.3616365114936851, 0.9715932111379199, 0.9766302145539901, 0.9313901173473492, 0.6526081150877807, 0.9719627252097622, 0.9804620444812252, 0.9490119843442962, 0.34035598398961875, 0.9847231526972161, 0.6169188617338116, 0.8683967944236693, 0.9092317091711811, 0.8825006269442275, 0.8792168909782183, 0.9537657107611626, 0.7398779613483453, 0.877202296380098, 0.8571345314744356, 0.7675800045463108, 0.9476011227832796, 0.8756669672703552, 0.9265490974809613, 0.9562037463014569, 0.9819085261988744, 0.7125820270368952, 0.7321565813050199, 0.8651781415004108, 0.8318511601307328, 0.9864352232023672, 0.9659763265848611, 0.9585849741167808, 0.9315275829964021, 0.9837449872837648, 0.9363932121603254, 0.9890835504079013, 0.9611204503093866, 0.9879125018373273, 0.9005073115671018, 0.8515923810748595, 0.9794242943014448, 0.8950757037302097, 0.6671220795072532, 0.6953717009341392, 0.7321537297868286, 0.9564198740087383, 0.8252687559970805, 0.5081722566694784, 0.8135524852881147, 0.9896929503713338, 0.7968935449014876, 0.9782432088548083, 0.9823459078767246, 0.9830856753812387, 0.9844233700579826, 0.9781897760762136, 0.7452816543759587, 0.7296133638466663, 0.9925476085546855, 0.9864547762424372, 0.9914165404350085, 0.9818461174994841, 0.9797226215591537, 0.9955303079139107, 0.9600530287739449, 0.6733537026233577, 0.9860020289725152, 0.9853001093818784, 0.9778267817919755, 0.9872610656326837, 0.9937263526497622, 0.9828047244846627, 0.3462003579842204, 0.9721714028426414, 0.8862385135086089, 0.9899344249908253, 0.9890073806092671, 0.9842877599424664, 0.9824385550569675, 0.9811713811912299, 0.9944085746004826, 0.9605898359210208, 0.333345952987544, 0.6033914421592542, 0.6743291349714814, 0.9304345557370828, 0.8736019521928428, 0.9872886565455964, 0.9684575573515191, 0.9619743908727885, 0.9038825880146447, 0.8973748215329913, 0.7566838636247208, 0.9539444464446031, 0.8445997079593375, 0.889993913357739, 0.7133012094241336, 0.8883440407649675, 0.9925212252027676, 0.9119707529498238, 0.9021095709632078, 0.9360711519441024, 0.8009926568805504, 0.9724750434636423, 0.4784407555352842, 0.8298702603696404, 0.90702453160503, 0.7694474506030186, 0.9774073901624978, 0.8657944812510517, 0.8667925340125378, 0.9512210405423467, 0.8862130789320355, 0.9671187316336819, 0.7308594893622822, 0.6294967795753369, 0.9931643052711197, 0.977725052866993, 0.9931281277048127, 0.7993145351244226, 0.7416591277109738, 0.7494979322416485, 0.5221882352466503, 0.9915620375145908, 0.981054230443337, 0.9788593383845337, 0.9803777490680196, 0.9279143804527611, 0.9773156770601392, 0.9364972581732754, 0.8126462530910716, 0.9125970334018204, 0.8973088908197335, 0.8921226054078375, 0.8764869633638013, 0.9847738524341935, 0.9845418355794779, 0.9838546983904627, 0.9251667737258101, 0.9008229139254355, 0.9805538536210529, 0.9851275780196866, 0.9893061130238233, 0.809231383060753, 0.986992928628194, 0.9911633484907264, 0.966888880129504, 0.9521595229970362, 0.9857359557121105, 0.9890073806092671, 0.7257389360108163, 0.992809280541498, 0.9752353941195675, 0.975605580904115, 0.9331927549275281, 0.9789074714839497, 0.9855659920278708, 0.9167835108528961, 0.9806470850318966, 0.991286240650374, 0.9210255376820007, 0.9765026553273589, 0.9884405372804543, 0.9206903628918277, 0.9238295966093772, 0.8172113993012702, 0.6224217581368361, 0.9873480957721539, 0.48112624880981864, 0.987279271130453, 0.7984047811961664, 0.9890459954570501, 0.8855417309991084, 0.9779588636600333, 0.9863297589936174, 0.9820377158126803, 0.9873107472886594, 0.9891675333204978, 0.9815595968054441, 0.975835832084303, 0.9726091497575601, 0.7614968450424634, 0.7277596711775784, 0.8799573008119448, 0.9069563184845267, 0.7317859046449141, 0.8134334600482999, 