{"metrics": {"test": {"fp": [1], "f1_score": [0.9354838709677419], "risk": [0.09523809523809523], "recall": [0.90625], "sensitivity": [0.90625], "precision": [0.9666666666666667], "tp": [29], "tn": [9], "specificity": [0.9], "fn": [3]}, "train": {"fp": [6], "f1_score": [0.9446808510638298], "risk": [0.07647058823529412], "recall": [0.940677966101695], "sensitivity": [0.940677966101695], "precision": [0.9487179487179487], "tp": [111], "tn": [46], "specificity": [0.8846153846153846], "fn": [7]}}, "model": {"n_features": 11108007}, "data": {"path": "/scratch/adrouin/patric_data/single_species_datasets/ceftriaxone___-8916328542551230855/dataset.kover", "split": "train_0.800_seed_8_10_folds", "uuid": "91d498f2-07a9-11e8-bb75-001b2193b764"}, "predictions": {"binary": [0, 0, 0, 0, 1, 1, 0, 0, 0, 0, 0, 0, 1, 0, 0, 0, 0, 0, 0, 1, 0, 0, 0, 0, 0, 0, 0, 1, 0, 0, 0, 0, 0, 0, 0, 0, 0, 1, 0, 0, 0, 0, 0, 0, 0, 0, 0, 0, 1, 0, 0, 0, 0, 0, 0, 0, 0, 0, 0, 0, 0, 0, 1, 1, 1, 1, 1, 1, 1, 1, 1, 1, 1, 1, 1, 1, 1, 1, 1, 1, 1, 1, 1, 0, 1, 1, 1, 1, 1, 1, 1, 1, 1, 1, 1, 1, 1, 1, 1, 1, 1, 1, 1, 1, 1, 1, 1, 1, 1, 1, 1, 1, 1, 1, 1, 1, 1, 1, 1, 1, 1, 1, 1, 1, 1, 1, 1, 1, 1, 1, 1, 0, 1, 0, 1, 1, 1, 1, 1, 1, 1, 1, 1, 1, 0, 1, 1, 1, 1, 1, 1, 1, 1, 1, 0, 1, 1, 1, 1, 1, 1, 1, 1, 1, 1, 1, 1, 1, 1, 1, 1, 1, 1, 1, 1, 0, 1, 1, 0, 1, 1, 1, 1, 1, 1, 1, 1, 1, 1, 1, 0, 1, 1, 1, 1, 1, 1, 1, 1, 1, 1, 1, 1, 1, 1, 0, 1, 0, 1, 1, 1, 1], "proba": [0.10704839835388465, 0.10706274416370819, 0.11864862378643945, 0.1365950602776174, 0.9014585061094909, 0.6909024064579142, 0.09801278247092995, 0.10707692267965825, 0.10699639686969498, 0.12011689935714266, 0.25832559791299675, 0.10701292274614704, 0.8804574052530804, 0.19564943520759456, 0.15286564977267228, 0.10710799136943187, 0.10707297234228128, 0.10696745020983849, 0.11201394591840516, 0.936989757402698, 0.10485254677645138, 0.10709970136859334, 0.10702637856077851, 0.10703994891570723, 0.10703737439061613, 0.10131780973269178, 0.1070679081946638, 0.8153821445421353, 0.10704125292984908, 0.10710796445399154, 0.10698851957413302, 0.10702803185026176, 0.1070176415543093, 0.26503669558644477, 0.10702535020599777, 0.09766969432225585, 0.10712936876093701, 0.8767231996011858, 0.10704536849641126, 0.10696143102332883, 0.3743912841171373, 0.18137980954811458, 0.10711809535328683, 0.10702486474149574, 0.1069698662340748, 0.10565920583635205, 0.10706122902970582, 0.10701808907789156, 0.9254863110458741, 0.1070600925620263, 0.10708347856529986, 0.10725630481681706, 0.10690106886592968, 0.09842681147753903, 0.10699647466726903, 0.10580346779195862, 0.10704837313264265, 0.10694941285897724, 0.15009236712320126, 0.23010193838625967, 0.5, 0.09996883639508729, 0.936337645771736, 0.9387238793246042, 0.9368981777049028, 0.9363943969755277, 0.9388014811169623, 0.9370999464023205, 0.9377877624977901, 0.9393451804979437, 0.9365254213331646, 0.9312301257144625, 0.9363971817110913, 0.9368543201097269, 0.936360375267899, 0.9373913138761162, 0.9389228103775953, 0.9376378944918936, 0.9394302804166796, 0.9373900467895684, 0.9380847278686285, 0.9371290625168873, 0.9373881515077916, 0.20472781475060098, 0.9381373261915309, 0.9251851259796576, 0.9378457232711875, 0.9363953560002252, 0.9375436807137096, 0.9367252910625056, 0.9363897317565576, 0.9378387453754655, 0.9395387303581946, 0.9259558834954645, 0.9363289847797429, 0.9374825008539619, 0.9389953703134925, 0.9377699575729569, 0.9392095492553144, 0.9367220014161219, 0.9232124955953137, 0.9383025314483925, 0.9273366467327391, 0.937402973376294, 0.9379796035040914, 0.9372667372112863, 0.9385175262948439, 0.9389703760108725, 0.9374029297285212, 0.9380242278770992, 0.937812062739554, 0.9302892782728422, 0.9380433235010375, 0.9363369754046675, 0.9369687293698106, 0.9381455498181014, 0.9378247677840237, 0.9373684834940732, 0.9383289298840028, 0.9390010995072005, 0.9372784227648225, 0.9380721428967339, 0.9384603672245977, 0.9369255913009825, 0.9390141210606667, 0.9389220852016557, 0.935361678013937, 0.938176247127057, 0.9363599952513356, 0.9389246915308832, 0.9372259997310347, 0.18763115450512036, 0.9372763477407546, 0.20735184196913542, 0.9363817916789058, 0.9363686138418182, 0.9360624598788502, 0.9377128211085917, 0.9380611287098792, 0.9382961468459092, 0.9372987796360184, 0.9383237987348333, 0.9383084941275068, 0.9372455075686528, 0.15620687015116858, 0.9363232755310479, 0.9377328199806544, 0.936391012744153, 0.9380782043024145, 0.9371695948944924, 0.9380177644129626, 0.9379932255090677, 0.9372565177207998, 0.939144070147163, 0.2836135009907334, 0.9379853186476035, 0.9363786076427671, 0.9368250329352246, 0.936366530036419, 0.9363549351613909, 0.9384928793268456, 0.9380986185279742, 0.937193063140084, 0.9380989908084892, 0.938865736326861, 0.9363883742320955, 0.9377654890685969, 0.936312835064111, 0.936192086595687, 0.9379798066091148, 0.9389946256745207, 0.9363767694664883, 0.9385553074082138, 0.5817432565643449, 0.6412351976361986, 0.16413886208313597, 0.9384323626969483, 0.9386940227210561, 0.4718686964655855, 0.9363974053137534, 0.9382966073423027, 0.9355725178197936, 0.9377970744464885, 0.9358692915409806, 0.9364426777294573, 0.9363853212475003, 0.9393148979970225, 0.939345918773649, 0.9363751637442363, 0.9312102998073437, 0.41371260928118475, 0.9357674904125274, 0.936909275255219, 0.9382406355207037, 0.9363938762288466, 0.9389527001968903, 0.9381053200458074, 0.9377305478248604, 0.9380527531864973, 0.936396976053185, 0.9363756748735806, 0.9363944163056773, 0.9393150804519519, 0.9363936668964637, 0.9372690784134873, 0.3737067490660678, 0.9363940491722341, 0.23130749756094113, 0.9362970194635285, 0.938232565315416, 0.9382293772992112, 0.9382571896768164]}, "cv": {"hps": {"normalize_kernel": true, "degree": 7.0, "regularizer": 1.0}, "score": 0.09411764705882356}}