{"metrics": {"test": {"fp": [1], "f1_score": [0.5454545454545455], "risk": [0.07194244604316546], "recall": [0.4], "sensitivity": [0.4], "precision": [0.8571428571428571], "tp": [6], "tn": [123], "specificity": [0.9919354838709677], "fn": [9]}, "train": {"fp": [0], "f1_score": [0.9500000000000001], "risk": [0.007142857142857143], "recall": [0.9047619047619048], "sensitivity": [0.9047619047619048], "precision": [1.0], "tp": [38], "tn": [518], "specificity": [1.0], "fn": [4]}}, "model": {"n_features": 7176022}, "data": {"path": "/scratch/adrouin/data/patric/single_species_datasets/moxifloxacin___260162261243005161/dataset.kover", "split": "train_0.800_seed_9_10_folds", "uuid": "f1efab30-0765-11e8-ac0b-001b2193b764"}, "predictions": {"binary": [0, 0, 0, 0, 0, 0, 0, 0, 0, 0, 0, 0, 0, 0, 0, 0, 0, 0, 0, 0, 0, 0, 0, 0, 0, 0, 0, 0, 0, 0, 0, 0, 0, 0, 0, 0, 0, 0, 0, 0, 0, 0, 0, 0, 0, 0, 0, 0, 0, 0, 0, 0, 0, 0, 0, 0, 0, 0, 0, 0, 0, 0, 0, 0, 0, 0, 0, 0, 0, 0, 0, 0, 0, 0, 0, 0, 0, 0, 0, 0, 0, 0, 0, 0, 0, 0, 0, 0, 0, 0, 0, 0, 0, 0, 0, 0, 0, 0, 0, 0, 0, 0, 0, 0, 0, 0, 0, 0, 0, 0, 0, 0, 0, 0, 0, 0, 0, 0, 0, 0, 0, 0, 0, 0, 0, 0, 0, 0, 0, 0, 0, 0, 0, 0, 0, 0, 0, 0, 0, 0, 0, 0, 0, 0, 0, 0, 0, 0, 0, 0, 0, 0, 0, 0, 0, 0, 0, 0, 0, 0, 0, 0, 0, 0, 0, 0, 0, 0, 0, 0, 0, 0, 0, 0, 0, 0, 0, 0, 0, 0, 0, 0, 0, 0, 0, 0, 0, 0, 0, 0, 0, 0, 0, 0, 0, 0, 0, 0, 0, 0, 0, 0, 0, 0, 0, 0, 0, 0, 0, 0, 0, 0, 0, 0, 0, 0, 0, 0, 0, 0, 0, 0, 0, 0, 0, 0, 0, 0, 0, 0, 0, 0, 0, 0, 0, 0, 0, 0, 0, 0, 0, 0, 0, 0, 0, 0, 0, 0, 0, 0, 0, 0, 0, 0, 0, 0, 0, 0, 0, 0, 0, 0, 0, 0, 0, 0, 0, 0, 0, 0, 0, 0, 0, 0, 0, 0, 0, 0, 0, 0, 0, 0, 0, 0, 0, 0, 0, 0, 0, 0, 0, 0, 0, 0, 0, 0, 0, 0, 0, 0, 0, 0, 0, 0, 0, 0, 0, 0, 0, 0, 0, 0, 0, 0, 0, 0, 0, 0, 0, 0, 0, 0, 0, 0, 0, 0, 0, 0, 0, 0, 0, 0, 0, 0, 0, 0, 0, 0, 0, 0, 0, 0, 0, 0, 0, 0, 0, 0, 0, 0, 0, 0, 0, 0, 0, 0, 0, 0, 0, 0, 0, 0, 0, 0, 0, 0, 0, 0, 0, 0, 0, 0, 0, 0, 0, 0, 0, 0, 0, 0, 0, 0, 0, 0, 0, 0, 0, 0, 0, 0, 0, 0, 0, 0, 0, 0, 0, 0, 0, 0, 0, 0, 0, 0, 0, 0, 0, 0, 0, 0, 0, 0, 0, 0, 0, 0, 0, 0, 0, 0, 0, 0, 0, 0, 0, 0, 0, 0, 0, 0, 0, 0, 0, 0, 0, 0, 0, 0, 0, 0, 0, 0, 0, 0, 0, 0, 0, 0, 0, 0, 0, 0, 0, 0, 0, 0, 0, 0, 0, 0, 0, 0, 0, 0, 0, 0, 0, 0, 0, 0, 0, 0, 0, 0, 0, 0, 0, 0, 0, 0, 0, 0, 0, 0, 0, 0, 0, 0, 0, 0, 0, 0, 0, 0, 0, 0, 0, 0, 0, 0, 0, 0, 0, 0, 0, 0, 0, 1, 0, 0, 0, 0, 0, 0, 0, 0, 0, 0, 0, 0, 0, 0, 0, 0, 0, 0, 0, 0, 0, 0, 0, 0, 0, 0, 0, 0, 0, 0, 0, 0, 0, 0, 0, 0, 0, 0, 0, 0, 0, 0, 0, 0, 0, 0, 0, 0, 0, 0, 0, 0, 0, 0, 0, 0, 0, 0, 0, 0, 0, 0, 0, 0, 0, 0, 0, 0, 0, 0, 0, 0, 0, 0, 0, 0, 0, 0, 0, 0, 0, 0, 0, 0, 0, 0, 0, 0, 0, 0, 0, 0, 0, 0, 0, 0, 0, 0, 0, 0, 0, 0, 0, 0, 0, 0, 0, 0, 0, 0, 0, 0, 0, 0, 0, 0, 0, 0, 0, 0, 0, 0, 0, 0, 0, 0, 0, 0, 0, 0, 0, 0, 0, 0, 1, 1, 1, 0, 0, 1, 0, 1, 0, 1, 0, 0, 1, 1, 1, 0, 0, 1, 1, 1, 1, 1, 1, 1, 1, 1, 1, 1, 0, 1, 1, 0, 1, 1, 1, 1, 1, 1, 1, 1, 1, 1, 1, 1, 1, 0, 0, 1, 1, 1, 0, 1, 1, 1, 1, 1, 1], "proba": [0.009907202696992863, 0.008884144111144635, 0.047081337094080314, 0.05261392799559262, 0.021488431808161915, 0.06162825024366185, 0.06164853107132163, 0.06164307828289501, 0.06165918207871518, 0.06164643084805722, 0.0616315614836002, 0.04350524700546419, 0.17679553362895312, 0.061677131453548965, 0.007551827087145772, 0.026730919755783265, 0.0046334528424367945, 0.06164747823204432, 0.06168224755764247, 0.07483949375925544, 0.02692545826058403, 0.06165072504759955, 0.08441924457909258, 0.061694602570016806, 0.06165175238747039, 0.06169186159587979, 0.061650058984408854, 0.06162867135173254, 0.06161295054727802, 0.061669971013676876, 0.06165231266051141, 0.06166996679268594, 0.03511650232392372, 0.029006561327733587, 0.01747849091549502, 0.03055867791141169, 0.044185336847829215, 0.06167867592054581, 0.06164652337748794, 0.06161961046703465, 0.061668235733334395, 0.027726030982549214, 0.06167931764617316, 0.03997787941993388, 0.06165592942306404, 0.022378649794100428, 0.016978842410479124, 0.01213260561868905, 0.07471067512224042, 0.018155928599281647, 0.05524294458759565, 0.02642195908655468, 0.2896131999074566, 0.06065862488908178, 0.044627316288418685, 0.052283534053064025, 0.049620330555871936, 0.04138394080930029, 0.06961653730370855, 0.04884525172675713, 0.0616567632240301, 0.020235316720260337, 0.06163380453665736, 0.04743084097047689, 0.09448499139258607, 0.06163074598273432, 0.022890343423350286, 0.008149850069273684, 0.03041122873727186, 0.050809926592077996, 0.06166897803670491, 0.06165340531964879, 0.0527917988581284, 0.061628012621159925, 0.012972327951012877, 0.061651086379958316, 0.01725418979624809, 0.052809843830693204, 0.05290566402909138, 0.022472575495009597, 0.007520917379893359, 0.01196128145090409, 0.061635757679012616, 0.013079022162324308, 0.06163447460790822, 0.061652940224362074, 0.061674164178922304, 0.06164464930086168, 0.04023519277862993, 0.06167113882046619, 0.061636825358542854, 0.06165365384303483, 0.04321655247186728, 0.06168496749968281, 0.06165106672043252, 0.06165849003864451, 0.06167137324540386, 0.057673957236021194, 0.06161674996163047, 0.029691506117352422, 0.010702806772679797, 0.061660869302039546, 0.019235496617512195, 0.0028596301843489065, 0.00242064535441669, 0.0069909280065764065, 0.061641167946844225, 0.03093071532644464, 0.03497574250940267, 0.02279868957707934, 0.017995465540728048, 0.061645327915247884, 0.013092397068825494, 0.058225787405039836, 0.04559560018733466, 0.04428536713758929, 0.0142733573972029, 0.0031789599501738197, 0.06162112010040052, 0.061666780086636945, 0.06165013607597569, 0.015100759322769636, 0.021491101429047834, 0.010595131935610303, 0.01491030038996444, 0.05380387627983925, 0.012223116783428122, 0.0578018601174104, 0.021826793012485704, 0.02238826194658747, 0.03642834181504108, 0.016984516096969885, 0.009564985260173652, 0.051204192544326996, 0.056610087876331705, 0.044396742464388225, 0.01507340860484592, 0.01643388721526094, 0.06166507215173239, 0.06143929595968645, 0.06168767407127434, 0.061649348519685114, 0.005583742425474189, 0.030389853329329034, 0.034644118798948416, 0.025721694987372444, 0.03164513698673529, 0.06164483596679425, 0.030697352764102688, 0.06165032295914243, 0.06166568115303854, 0.05476626330292813, 0.06166832626091032, 0.06465623722002688, 0.06167422707043824, 0.06166723192005719, 0.061673650074271565, 0.061665815523031166, 0.037010194870223015, 0.018339690703551053, 0.01704905740381692, 0.006024192209275024, 0.061683753692798035, 0.029034327921036975, 0.05971067935899427, 0.04839626048398005, 0.0426995338405607, 0.02678684810301713, 0.02686586799052514, 0.03801038046303883, 0.029193603915755595, 0.04526186752950234, 0.061676587103125416, 0.027996578409269175, 0.016139185271027593, 0.056655557716054294, 0.0490827363998259, 0.06165365830906894, 0.02198452622212241, 0.013904472988598031, 0.05968028703326113, 0.052196067434253424, 0.0782265071606522, 0.02092740459741296, 0.061657771351869894, 0.028984448652532812, 0.03827288522071338, 0.05316581478005089, 0.00601487967760876, 0.02658468290426929, 0.055244776446408315, 0.014933757860682332, 0.027879628470150773, 0.03876903321296259, 0.012929457130846832, 0.010419258202775505, 0.06163094704498634, 0.061639764334640856, 0.0259483336893221, 0.04339622771205664, 0.023300354656886076, 0.012484370545352185, 0.005848529511533861, 0.09742013481307396, 0.06918266361442835, 0.022956980327354534, 0.015607841329018723, 0.028892844814907327, 0.02240548848582702, 0.008035593280862717, 0.01359567839722917, 0.045501519105246135, 0.032012754098065754, 0.005882805775797821, 0.06006018506060869, 0.03159800216881546, 0.039397296980506924, 0.061671399164344255, 0.0616634539091695, 0.011925709822006244, 0.01996398378586533, 0.046035733867303995, 0.020460318827120596, 0.0319350269481252, 0.0401924303587217, 0.035653240919182226, 0.04395217041384042, 0.049990448874134334, 0.020340613678166433, 0.04833911874785967, 0.0879563897179219, 0.04195749617056655, 0.06163216196984487, 0.06164530597985038, 0.03600850049921716, 0.03444472096358472, 0.031165053094642167, 0.02217601069355293, 0.04754212639151467, 0.04278653644227663, 