{"metrics": {"test": {"fp": [4], "f1_score": [0.9272727272727272], "risk": [0.11594202898550725], "recall": [0.9272727272727272], "sensitivity": [0.9272727272727272], "precision": [0.9272727272727272], "tp": [51], "tn": [10], "specificity": [0.7142857142857143], "fn": [4]}, "train": {"fp": [4], "f1_score": [0.9844789356984479], "risk": [0.025179856115107913], "recall": [0.9866666666666667], "sensitivity": [0.9866666666666667], "precision": [0.9823008849557522], "tp": [222], "tn": [49], "specificity": [0.9245283018867925], "fn": [3]}}, "model": {"n_features": 1000000}, "data": {"path": "/scratch/adrouin/data/patric/single_species_datasets/tetracycline___-736338835843459561/dataset.kover", "split": "train_0.800_seed_4_10_folds", "uuid": "9aaa5c84-07f7-11e8-bc88-001b2193b764"}, "predictions": {"binary": [0, 0, 0, 0, 0, 0, 0, 0, 0, 0, 0, 0, 0, 0, 0, 0, 0, 0, 0, 0, 0, 1, 1, 0, 0, 0, 0, 0, 0, 0, 0, 0, 0, 0, 0, 1, 0, 0, 0, 0, 0, 0, 0, 0, 0, 0, 0, 0, 0, 0, 0, 0, 1, 0, 1, 0, 0, 0, 0, 0, 1, 0, 0, 1, 0, 0, 1, 1, 1, 1, 1, 1, 1, 1, 1, 1, 1, 1, 1, 1, 1, 1, 1, 1, 1, 0, 1, 1, 1, 1, 1, 1, 1, 1, 1, 0, 1, 1, 1, 1, 1, 1, 1, 1, 1, 1, 1, 1, 1, 1, 1, 1, 1, 1, 1, 1, 1, 1, 1, 1, 1, 1, 1, 1, 1, 1, 1, 1, 1, 1, 1, 1, 1, 1, 1, 1, 0, 1, 1, 1, 1, 1, 1, 1, 1, 1, 1, 1, 1, 1, 1, 1, 1, 1, 1, 1, 1, 1, 1, 1, 1, 1, 1, 1, 1, 1, 1, 1, 1, 1, 1, 1, 1, 1, 1, 1, 1, 1, 0, 1, 1, 1, 1, 1, 0, 1, 1, 1, 1, 1, 1, 1, 1, 1, 1, 1, 1, 0, 1, 1, 1, 1, 1, 1, 1, 1, 1, 1, 0, 1, 1, 1, 1, 1, 1, 1, 1, 1, 1, 1, 1, 1, 1, 1, 1, 1, 1, 1, 1, 1, 1, 1, 1, 1, 1, 1, 1, 1, 1, 1, 1, 1, 1, 1, 1, 1, 1, 1, 1, 1, 1, 1, 1, 1, 1, 1, 1, 1, 1, 1, 1, 1, 1, 1, 1, 1, 1, 1, 1, 1, 1, 1, 1, 1, 1, 1, 1, 1, 1, 1, 1, 1, 1, 1, 1, 1, 1, 1, 1, 1, 1, 1, 1, 1, 1, 1, 1, 1, 1, 1, 1, 1, 1, 1, 1, 1, 1, 1, 1, 1, 1, 1, 1, 1, 1, 1, 1, 1, 1, 1, 1, 1, 1, 1, 1, 1, 1, 1, 1, 1, 1, 1, 1, 1, 1, 1, 1, 1, 1, 1, 1, 1, 1, 1, 1, 1, 1, 0, 0, 0, 0, 0, 0, 0, 0, 0, 0, 0, 0, 0, 0, 0, 0, 0, 0, 0, 0, 0, 0, 0, 0, 0, 0, 0, 0, 0, 0, 0, 0, 0, 0, 0, 0, 0], "proba": [0.01643090445583466, 0.0015626730298101328, 0.02824199560720589, 0.20311197983168844, 0.004008086891599707, 0.0037483452350119883, 0.06370355055278148, 1.7545157284264953e-05, 2.0543746228342912e-05, 0.03840357548133262, 0.07945637154755485, 0.024762731096856682, 0.006321833415327275, 0.08294046619051913, 0.010435162363465287, 0.0755071148095173, 0.0013622433466673554, 0.016434503543401705, 0.006556370752421504, 0.0009081800318888771, 7.935770075480695e-07, 0.8726596651137527, 0.9913993324010031, 0.007175877198239037, 3.955512638147795e-05, 0.020586329623891786, 0.040267487439988855, 0.0010899367481010994, 0.004392542409922177, 0.18045658774100423, 0.14069501595371686, 0.0622894831710226, 0.03537268416813012, 0.018350917735505075, 0.05723998516252413, 0.5462880283141732, 0.02784590936112596, 0.0014126850466256345, 0.01435561184072125, 0.004480807554161189, 0.032786472720181224, 0.010608720404922976, 0.0002691797881420026, 0.018330207409952812, 0.129583251908669, 0.00012545943643987696, 0.0037604669067741302, 0.008398700557054953, 0.01597704726675265, 0.4877669008805951, 0.020850555907386267, 0.01667858079505113, 0.9327081275529667, 0.03520368677724144, 0.9807911257410654, 0.08840093865448598, 0.09157853934866414, 0.00957740727345218, 0.26948201679902145, 0.024409146964478927, 0.9561933787585313, 0.0220325166242824, 0.008604912368097255, 0.8932500570974317, 0.04255357609261051, 0.007549148538359169, 0.9527141848541469, 0.999909502615614, 0.8477628446584117, 0.8032828672490866, 0.999783526647795, 0.9982956717497106, 0.9998215171035214, 0.9984540104515016, 0.9984540104515016, 0.9723631942183738, 0.9983548664459627, 0.8712601716447412, 0.9725660664139297, 0.9978220225025305, 0.9998916711348084, 0.9996153595735152, 0.999783526647795, 0.9983548664459627, 0.9807911257410654, 0.0266689530032326, 0.9983548664459627, 0.968377202428864, 0.9993113561661363, 0.9998745924923914, 0.9983548664459627, 0.9999095546056005, 0.9939645675894578, 0.9964033803977964, 0.999783526647795, 0.20543969832659348, 0.9988369154296837, 0.9654969229473918, 0.999655272436904, 0.9998873062501259, 0.9809930872916393, 0.9955852542477687, 0.9909953246543203, 0.9823501622544784, 0.9997637791854258, 0.9989095470295953, 0.9983808087298949, 0.9871149641593345, 0.993039538660246, 0.9955542861656801, 0.993915295892728, 0.9988369154296837, 0.9998908271715083, 0.999783526647795, 0.999770644089828, 0.9561933787585313, 0.996153330642381, 0.9973284123366525, 0.9811884318356369, 0.9999095546056005, 0.9983548664459627, 0.9983548664459627, 0.999033705499764, 0.9963993642122593, 0.98095733715271, 0.9947823039329003, 0.9789069732547716, 0.9802761215486453, 0.9792274051194751, 0.999783526647795, 0.9811793508377769, 0.9961035536988772, 0.9915532078828603, 0.9973823884462045, 0.9477452558585723, 0.999783526647795, 0.396524988963462, 0.9244359623007283, 0.999783526647795, 0.999783526647795, 0.999783526647795, 0.999783526647795, 0.9988369154296837, 0.999783526647795, 0.9997835202034079, 0.999783526647795, 0.9950743781020507, 0.9976918401968972, 0.9945633003914455, 0.9996792909309459, 0.9972503305766444, 0.9997807020375958, 0.9998882987353801, 0.9898518688747726, 0.999783526647795, 0.999783526647795, 0.999783526647795, 0.997693509540907, 0.9994116462719099, 0.9807911257410654, 0.7986421430442483, 0.9997834906081747, 0.9993638499398187, 0.999770644089828, 0.999783526647795, 0.999783526647795, 0.955218283152005, 0.999783526647795, 0.999783526647795, 0.9998159953403807, 0.9998916711348084, 0.999783526647795, 0.9653122480525917, 0.9877197698627689, 0.9270945976611131, 0.7675105025205714, 0.947771798371806, 0.9561933787585313, 0.11472462170804522, 0.9901917136263482, 0.9333627073456292, 0.9936838966487287, 0.9444160970017484, 0.928945880202503, 0.45796070553325013, 0.9915532078828603, 0.9872686077084344, 0.9833751040737567, 0.882367413374848, 0.5439829373619463, 0.9910020449707667, 0.9561933787585313, 0.962975118480646, 0.7989150625635814, 0.8527338069313668, 0.9434829052406889, 0.9992068117370986, 0.4107817580598714, 0.9994462200121813, 0.9926285247880064, 0.9561933787585313, 0.9130580590568916, 0.9915731618554209, 0.9926952565487275, 0.9997847959131823, 0.9750698819773216, 0.9998882987353801, 0.9828157388155764, 0.48278787286313213, 0.9915532078828603, 0.9561933787585313, 0.9985824633676231, 0.9995616727131645, 0.999783526647795, 0.999783526647795, 0.9995263195695776, 0.999783526647795, 0.999783526647795, 0.9999095546056005, 0.9999095546056005, 0.9999095546056005, 0.9876682694319024, 0.999888283856778, 0.9989645617937214, 0.9998882987353801, 0.9619327102450708, 0.9945633003914455, 0.9771875214060944, 0.9619327102450708, 0.999783526647795, 0.999783526647795, 0.9993112941575832, 0.999783526647795, 0.9995700039912573, 0.999783526647795, 0.9987588249159991, 0.999783526647795, 0.9997889422364559, 0.999770644089828, 0.999783526647795, 0.9561933787585313, 0.9990756744925965, 0.9994813137274215, 0.9999101573894501, 0.9992677637984632, 0.9998916711348084, 0.9998916711348084, 0.955218283152005, 0.999783526647795, 0.999783526647795, 0.9996008423076338, 0.999783526647795, 0.999783526647795, 0.9997494027042362, 0.993464252977031, 0.7733738605501013, 0.9913080913267431, 0.9960710250915309, 0.9881535675152158, 0.739282129386128, 0.9997861882753941, 0.7986421430442483, 0.999783526647795, 0.9639527073131757, 0.999783526647795, 0.999744118383872, 0.9985853057323844, 0.995178661317127, 0.9988564652642316, 0.9945633003914455, 0.9999095521338754, 0.9996016798606409, 0.9794411785345297, 0.9915532078828603, 0.9944149364893743, 0.999770644089828, 0.9988369154296837, 0.955218283152005, 0.9998183654469867, 0.8908235095025486, 0.9944389688273436, 0.9999524200247666, 0.9719347856123175, 0.9971645900895003, 0.9673997990435075, 0.9863701430717463, 0.9946514227362452, 0.9968115680282825, 0.9925807377675733, 0.9936682211034779, 0.9987322909501463, 0.9865223768794829, 0.9944759284264971, 0.9816923664925187, 0.9164326986185805, 0.9851861030251384, 0.9996726967176914, 0.9741611760104387, 0.9195114676194373, 