{"metrics": {"test": {"fp": [0], "f1_score": [0.9795918367346939], "risk": [0.028985507246376812], "recall": [0.96], "sensitivity": [0.96], "precision": [1.0], "tp": [48], "tn": [19], "specificity": [1.0], "fn": [2]}, "train": {"fp": [8], "f1_score": [0.9704433497536945], "risk": [0.04316546762589928], "recall": [0.9800995024875622], "sensitivity": [0.9800995024875622], "precision": [0.9609756097560975], "tp": [197], "tn": [69], "specificity": [0.8961038961038961], "fn": [4]}}, "model": {"n_features": 1000000}, "data": {"path": "/scratch/adrouin/data/patric/single_species_datasets/chloramphenicol___-736338835843459561/dataset.kover", "split": "train_0.800_seed_5_10_folds", "uuid": "8798bc00-07d2-11e8-9853-001b2193b764"}, "predictions": {"binary": [0, 0, 0, 0, 0, 0, 0, 0, 0, 0, 1, 0, 0, 0, 0, 1, 0, 1, 0, 0, 0, 1, 0, 0, 0, 0, 0, 0, 0, 1, 0, 0, 0, 0, 0, 0, 0, 0, 0, 0, 0, 0, 0, 1, 0, 0, 0, 0, 0, 0, 0, 0, 0, 0, 0, 0, 0, 0, 0, 0, 0, 0, 0, 1, 0, 0, 0, 0, 0, 0, 0, 0, 0, 0, 0, 0, 0, 0, 0, 0, 0, 0, 0, 0, 0, 0, 0, 0, 0, 1, 0, 0, 0, 0, 0, 0, 1, 1, 1, 1, 1, 1, 1, 1, 1, 1, 1, 1, 0, 1, 1, 1, 1, 1, 1, 1, 0, 1, 1, 1, 1, 1, 1, 1, 1, 1, 1, 1, 1, 1, 1, 1, 1, 1, 1, 1, 1, 1, 1, 1, 1, 1, 1, 1, 1, 1, 1, 1, 1, 1, 1, 1, 1, 1, 1, 1, 1, 1, 1, 1, 1, 1, 1, 1, 1, 1, 1, 1, 1, 1, 1, 1, 1, 1, 1, 1, 1, 1, 1, 1, 0, 1, 1, 1, 1, 1, 1, 1, 1, 1, 0, 1, 1, 1, 1, 1, 1, 1, 1, 1, 1, 1, 1, 1, 0, 1, 1, 1, 1, 1, 1, 1, 0, 1, 1, 1, 1, 1, 1, 1, 1, 1, 1, 1, 1, 1, 1, 1, 1, 1, 1, 1, 1, 1, 1, 1, 1, 1, 1, 1, 1, 1, 1, 1, 1, 1, 1, 1, 1, 1, 1, 1, 1, 1, 1, 1, 1, 1, 1, 1, 1, 1, 1, 1, 1, 1, 1, 1, 1, 1, 1, 1, 1, 1, 1, 1, 1, 1, 1, 1, 1, 1, 1, 1, 1, 1, 1, 1, 1, 1, 1, 1, 1, 1, 1, 1, 1, 1, 1, 1, 1, 1, 1, 1, 1, 1, 1, 1, 1, 1, 1, 1, 1, 1, 1, 1, 1, 1, 1, 1, 1, 1, 1, 1, 1, 1, 1, 1, 1, 1, 1, 1, 1, 1, 1, 1, 1, 1, 1, 1, 1, 1, 1, 1, 1, 1, 1, 0, 0, 0, 0, 0, 0, 0, 0, 0, 0, 0, 0, 0, 0, 0, 0, 0, 0, 0, 0, 0, 0, 0, 0, 0, 0, 0, 0, 0, 0, 0, 0, 0, 0, 0, 0, 0], "proba": [0.008990705164275472, 0.17726345257016052, 0.08153817673111657, 0.042948405224995115, 0.08377922781541967, 0.28368217798357337, 0.009174988490374911, 0.09855934465516379, 0.0006778174483910789, 0.00911230423722456, 0.8303735997644713, 0.07760677051250814, 0.25098260555330104, 0.005773597045904745, 0.00803067548368155, 0.5967641508111385, 0.00866801929295322, 0.534286952809706, 0.02032545665565133, 0.018014201634149282, 0.035131356473147204, 0.6134412521311098, 0.00976936236349687, 0.03480348490310084, 0.0201244678973245, 0.021448597043544397, 0.06903537475335736, 0.12994682203128924, 0.0669097208428207, 0.6581718170415869, 0.013119140446101945, 0.04687279093231618, 0.06145246583524144, 0.00021865637181477083, 0.00036789436343676637, 0.01860295209703654, 0.0002506185296946713, 0.00036579756259526265, 0.019241349511699812, 0.09343808298422819, 0.016547162879822913, 0.061810355260210254, 0.01519922486709769, 0.6617280629044545, 0.027482180143878595, 0.01968985889702542, 0.04015826751538204, 0.04990324837827706, 0.01697573810153813, 0.11897428049028635, 0.002556726371517198, 0.0800534037356223, 0.0027752976211405413, 0.005221490910571079, 0.002305497810553453, 0.0010194345508621496, 0.05567220086838856, 0.061884465682171756, 0.08359980618415246, 0.0021628750938857528, 0.0020925141888700786, 0.006180916190632159, 0.010620789667337639, 0.6379566670063519, 0.0006503342656959303, 0.0014960505343238888, 0.1257488638724534, 0.0007195870107761835, 0.0006244221675083376, 0.010788481455041682, 0.000978617053597456, 0.05231075804389, 0.010423170302189493, 0.06241417559330835, 0.1002603582678703, 0.2309990913545624, 0.46094760136775054, 0.06644704028300913, 0.06475337347831546, 0.07977993565016585, 0.1663299357790719, 0.05770770159525553, 0.48321666331347435, 0.48920746595335746, 0.007229821358313984, 0.00875862859220477, 0.11431726465537112, 0.06502062507449353, 0.44704285026991486, 0.9762299016633664, 0.26220593545657533, 0.00384403521899346, 0.3864232827889621, 0.001377632839866268, 0.23004789722799002, 0.13977901246029478, 0.7307998974713938, 0.9874244261350607, 0.8004093653226888, 0.984853622128958, 0.973546246203863, 0.6316914834832246, 0.8837477954939399, 0.9214242701103164, 0.8653019439018003, 0.7341664705657994, 0.9840451440776609, 0.6087071880954152, 0.49669837362152586, 0.9740209059404786, 0.9572501422254508, 0.878118792760194, 0.6851077513557297, 0.9752838530793444, 0.9870657191380277, 0.9135466625138114, 0.33352970062485576, 0.9903859436908172, 0.7902998013652577, 0.7975021230089151, 0.8492759411865032, 0.8876272811762822, 0.8217662546138579, 0.9563738048220748, 0.8094598153223576, 0.8091937045834869, 0.8498234919966888, 0.707358888056932, 0.9725341391300105, 0.8125097777764884, 0.9302358743595242, 0.9632277723526841, 0.9865211574094621, 0.5777846970932105, 0.8446872001483211, 0.8309446133561531, 0.7692764309174693, 0.9906794462757627, 0.9764176846360959, 0.9424459689273412, 0.9166171327678173, 0.990869905934238, 0.9410507811098109, 0.9895635061939461, 0.8646341872970076, 0.9876285652893739, 0.8403190186205987, 0.7504704942773717, 0.9872396276418979, 0.8540280243415397, 0.6912536139403285, 0.7099005093077421, 0.7720696064755747, 0.9485911693322951, 0.7553773452941308, 0.740701352262697, 0.7209721987918266, 0.9878248826958631, 0.7513084247410173, 0.9812438315602271, 0.9862081041389783, 0.9779075148333385, 0.9874159233892196, 0.9818913733087758, 0.6410328535985216, 0.8240061135117805, 0.992462710179932, 0.9899381443581998, 0.9930208194801585, 0.986798105363245, 0.9859094183304673, 0.9934148687587138, 0.9341543010405763, 0.78321528666405, 0.9894310069158022, 0.9889511072959064, 0.9898365010902074, 0.9903777372286519, 0.9936136292059851, 0.9874159233892196, 0.318303105129726, 0.9767318330878527, 0.8900779617073855, 0.9896772353044583, 0.9903641772406775, 0.9869360341291977, 0.9874159233892196, 0.9877643076531489, 0.9921577296580939, 0.9635286605867927, 0.07997672648608353, 0.6850004029705256, 0.6222974555423922, 0.8552996630268426, 0.750570686180863, 0.9347155364861874, 0.8964289277482566, 0.9716239479111354, 0.8460139229162857, 0.8750677905673987, 0.8058469076270987, 0.8284514098830563, 0.830372930738215, 0.7005883399512921, 0.4051267166745512, 0.7082453410201525, 0.9924274519114079, 0.8171095934821421, 0.8158123836277871, 0.9429634236609744, 0.6102606517819599, 0.9693456242952646, 0.35331523027846, 0.756404766386319, 0.8461338476133842, 0.8994871814345516, 0.9865952876215011, 0.6814581803295403, 0.7287717374817512, 0.8950519908491172, 0.8835563709744146, 0.8965536064297489, 0.7948466375031394, 0.7554648914512369, 0.9912719196604378, 0.9818566888568571, 0.9946909897859966, 0.7810146749237195, 0.7043964489508828, 0.8478766912549495, 0.6982991357871533, 0.990216334978988, 0.9837568201162138, 0.982530789634345, 0.9828132354939308, 0.9350613070969389, 0.9878014404874099, 0.9635837636334178, 0.7820444014400396, 0.8172746850381803, 0.8176160166662834, 0.8159461442968424, 0.7968171419922334, 0.9830177792244726, 0.9899261546927477, 0.987992422675478, 0.8800611147632366, 0.7625460071333955, 0.9809407635790944, 0.9876100310029854, 0.9905185139280472, 0.8054535137041341, 0.9902839591352232, 0.9923810842180538, 0.9477875291443286, 0.9389618101931094, 0.9903641772406775, 0.9903641772406775, 0.7802173424331805, 0.9904924106463917, 0.9785310115042398, 0.9662516558065235, 0.9217101406863717, 0.9846911610900638, 0.9884510155409869, 0.9091732796192556, 0.9836570254741638, 0.9860495010706428, 0.9261878757085189, 0.9828021084126222, 0.9904106661556472, 0.9203501423894636, 0.9304383017062736, 0.7609712478556334, 0.7509394064326422, 0.9906232257811649, 0.5135768909733349, 0.9910228772055348, 0.7042791686499741, 0.9883079520576644, 0.8861675422478048, 0.9658998730894784, 0.9874159233892196, 0.9908439742482683, 0.9924146206906531, 0.9878891308820398, 0.9882620509194655, 0.983151480718769, 0.9774150812162176, 0.5388391311999704, 0.6784136610609007, 0.8342901838953263, 0.6669760524005611, 0.7604201929216741, 0.6874366573431757, 0.8456224975470104, 0.9929742365705945, 0.9941884203071053, 