{"metrics": {"test": {"fp": [1], "f1_score": [0.9375], "risk": [0.05405405405405406], "recall": [0.9375], "sensitivity": [0.9375], "precision": [0.9375], "tp": [15], "tn": [20], "specificity": [0.9523809523809523], "fn": [1]}, "train": {"fp": [0], "f1_score": [1.0], "risk": [0.0], "recall": [1.0], "sensitivity": [1.0], "precision": [1.0], "tp": [65], "tn": [86], "specificity": [1.0], "fn": [0]}}, "model": {"n_features": 1000000}, "data": {"path": "/scratch/adrouin/data/patric/single_species_datasets/trimethoprim___2202579077548954665/dataset.kover", "split": "train_0.800_seed_0_10_folds", "uuid": "90cb0312-06e4-11e8-bece-001b2193b764"}, "predictions": {"binary": [0, 0, 0, 0, 0, 0, 0, 0, 0, 0, 0, 0, 0, 0, 0, 0, 0, 0, 0, 0, 0, 0, 0, 0, 0, 0, 0, 0, 0, 0, 0, 0, 0, 0, 0, 0, 0, 0, 0, 0, 0, 0, 0, 0, 0, 0, 0, 0, 0, 0, 0, 0, 0, 0, 0, 0, 0, 0, 0, 0, 0, 0, 0, 0, 0, 0, 0, 0, 0, 0, 0, 0, 0, 0, 0, 0, 0, 0, 0, 0, 0, 0, 0, 0, 0, 0, 0, 0, 1, 0, 0, 0, 0, 0, 0, 0, 0, 0, 0, 0, 0, 0, 0, 0, 0, 0, 0, 1, 1, 1, 1, 1, 1, 1, 1, 1, 1, 1, 1, 1, 1, 1, 1, 1, 1, 1, 1, 1, 1, 1, 1, 1, 1, 1, 1, 1, 1, 1, 1, 1, 1, 1, 1, 1, 1, 1, 1, 1, 0, 1, 1, 1, 1, 1, 1, 1, 1, 1, 1, 1, 1, 1, 1, 1, 1, 1, 1, 1, 1, 1, 1, 1, 1, 1, 1, 1, 1, 1, 1, 1, 1, 1, 1, 1, 1, 1, 1, 1, 0, 0, 0, 0], "proba": [0.013998159993784674, 0.002296730692164063, 0.005253091913493479, 0.06962736014916043, 0.0052040282733226756, 0.008398658376744075, 0.018227428131324223, 0.0020023514856754507, 0.008968815223997999, 0.08065066918881887, 0.009517404611143811, 0.0034056842480076174, 0.0026969742766367933, 0.0011913290860965438, 0.010640102525717093, 0.009274074869095893, 0.0003185848794168865, 0.04567136042298389, 0.04138449033671162, 0.00788474631231854, 0.0005235868727712098, 0.049849467800392754, 0.023641406290051504, 0.0005052423290613779, 0.037329592044738895, 0.0033678686331410643, 0.00747386277518551, 0.015751423938374923, 0.0028006917075090298, 0.04091269963965093, 0.0006654947597335887, 0.0029407208634659164, 0.003048052302095537, 0.007516224706089209, 0.0042590887975722325, 0.0012050812108830439, 0.004053294741345239, 0.0038611542763424475, 0.02431659942733696, 0.0008393818581131211, 0.08508340473305612, 0.005190437475568911, 0.006581460142283478, 0.017977249961823653, 0.00021884251829586197, 0.014363377319173757, 0.04896995216842192, 0.08802347587770559, 0.006031314744113654, 0.0004293701336202629, 0.008129486387141898, 0.005063797403474334, 0.004677593583289339, 0.0016264797117727058, 0.02099014428394504, 0.004261510247582199, 0.01929264050687995, 0.01352925784369591, 0.04957260042385945, 0.009788091480111928, 0.05700458758414402, 0.03515868619815609, 0.00037860487506149277, 0.003522743680007404, 0.0009742957057336152, 0.0025685143326995468, 0.002576225378183128, 0.005533953677311744, 0.005656323205160001, 0.006126691828393816, 0.0015727026119907088, 0.00022488688446139688, 0.0698081477272861, 0.0045271491581991685, 0.009994345072285145, 0.006227041414508257, 0.007086675373889771, 0.1191896692026149, 0.054226497181309175, 0.022973021324215095, 0.007049477279857461, 0.006796684381069851, 0.0005453979159172753, 0.0001506538086184518, 0.005296142980424388, 0.02765743466141794, 0.007791571220694938, 0.04560323803014852, 0.9311511733536986, 0.007520715633855156, 0.003571060315582223, 0.00047106442111627465, 0.01834378309466929, 0.00841171565144006, 0.0026774824231032114, 0.00739551849009038, 0.005330389456632654, 0.004629356245299606, 0.00237495896719232, 0.04953674160950616, 0.010140629158613447, 0.006388959567254834, 0.009375665310478142, 0.09670337085465694, 0.002923993780550912, 0.003405330816870641, 0.005541710473954995, 0.9986691456445314, 0.9952764487946257, 0.9518808003572077, 0.996888168784216, 0.9981641592924172, 0.9968701342310056, 0.9982590176239873, 0.9932838183004438, 0.9969562074836026, 0.6072087057348319, 0.9920469101478512, 0.9999063986734804, 0.9998864502023649, 0.9856823865858304, 0.9416750894332648, 0.9341520075782314, 0.999892015508556, 0.9989963684846669, 0.9967834611670686, 0.999920869367307, 0.9969693942619492, 0.9666512960194245, 0.9999051777555837, 0.9979256843504414, 0.9998934081667732, 0.9983139704048509, 0.9985268477977094, 0.9993560913446699, 0.9975773258284131, 0.9761438609575023, 0.9981298622161354, 0.9811646495196729, 0.999183960586186, 0.9585624998433862, 0.9980522084371493, 0.9998958936962982, 0.9758628302770453, 0.9906581416228066, 0.9916448212828601, 0.9961532900148011, 0.9997907324051039, 0.004594230422070829, 0.9895918895579409, 0.9998903262646718, 0.9665655808696175, 0.9995028998779333, 0.997165192104672, 0.99561815708602, 0.9819853408668124, 0.8374207520875373, 0.9950661783146398, 0.9995219354976755, 0.9998417679274775, 0.9951570827050542, 0.9998979543629513, 0.9999703051235732, 0.995211387925219, 0.9993142887021651, 0.895473297823083, 0.9985177351167003, 0.992421018562962, 0.9997075488709432, 0.999906536664924, 0.9969354644426819, 0.9673405243617264, 0.9969309370834493, 0.999686933854185, 0.9981932018565138, 0.9927635639401496, 0.9986235140281958, 0.9902875910647871, 0.9960815572002232, 0.9981949536050465, 0.9997068253788214, 0.9997088711710156, 0.9936481444625466, 0.9935991208056998, 0.9997196791370337, 0.9997075938926283, 0.9944637989437312, 0.9969425046424502, 0.49980486653228734, 0.49980486653228734, 0.49980486653228734, 0.49980486653228734]}}