{"metrics": {"test": {"fp": [3], "f1_score": [0.5555555555555556], "risk": [0.16], "recall": [0.5], "sensitivity": [0.5], "precision": [0.625], "tp": [5], "tn": [37], "specificity": [0.925], "fn": [5]}, "train": {"fp": [9], "f1_score": [0.7526881720430106], "risk": [0.115], "recall": [0.7142857142857143], "sensitivity": [0.7142857142857143], "precision": [0.7954545454545454], "tp": [35], "tn": [142], "specificity": [0.9403973509933775], "fn": [14]}}, "model": {"n_features": 29677326}, "data": {"path": "/scratch/adrouin/patric_data/single_species_datasets/cefalotin___7053822222416630118/dataset.kover", "split": "train_0.800_seed_4_10_folds", "uuid": "05673cc6-0588-11e8-9abe-001b2193b764"}, "predictions": {"binary": [0, 0, 0, 0, 0, 0, 0, 0, 1, 0, 0, 0, 0, 0, 0, 1, 0, 0, 0, 0, 0, 0, 0, 0, 0, 0, 0, 0, 0, 0, 0, 0, 0, 0, 0, 0, 0, 0, 0, 0, 0, 0, 0, 0, 0, 0, 0, 0, 0, 0, 0, 0, 0, 0, 0, 0, 0, 0, 1, 0, 0, 0, 0, 0, 0, 0, 0, 0, 0, 0, 0, 0, 0, 0, 0, 0, 0, 0, 0, 0, 0, 0, 0, 0, 0, 0, 0, 0, 0, 0, 0, 0, 0, 0, 1, 0, 0, 0, 0, 0, 0, 0, 1, 0, 0, 0, 0, 0, 1, 1, 0, 0, 1, 0, 1, 0, 0, 0, 0, 0, 0, 0, 0, 0, 1, 0, 0, 0, 1, 0, 0, 0, 0, 0, 0, 0, 0, 0, 0, 0, 0, 0, 0, 0, 0, 0, 0, 0, 0, 0, 0, 0, 0, 0, 0, 0, 0, 0, 1, 0, 0, 0, 0, 0, 0, 0, 0, 0, 0, 0, 0, 0, 0, 0, 0, 0, 0, 0, 0, 0, 0, 0, 0, 0, 0, 0, 0, 0, 0, 0, 0, 1, 0, 0, 0, 1, 1, 0, 0, 1, 1, 1, 0, 1, 1, 0, 1, 1, 1, 1, 1, 1, 1, 1, 1, 1, 1, 1, 0, 0, 1, 1, 0, 1, 0, 0, 0, 0, 0, 1, 1, 1, 1, 1, 1, 1, 1, 0, 1, 1, 1, 1, 1, 0, 0, 1, 0, 1, 1, 1], "proba": [0.5749054930825538, 0.5538852923448951, 0.5013019446138608, 0.5284905794766295, 0.5543889967681783, 0.5260166789003886, 0.5284004025032399, 0.5299326998349015, 0.48481970122096185, 0.5635033293652449, 0.5306645228728412, 0.5708356260304382, 0.5155216600182243, 0.5269137097711, 0.5302020708355603, 0.4908164138387607, 0.5283754140260187, 0.5286445695231801, 0.5224033821352521, 0.5268249492028897, 0.5312270580047551, 0.5201089476472808, 0.5720755106602843, 0.5303094553256315, 0.5571456496098732, 0.5796592803885869, 0.5309559185303568, 0.572568288871538, 0.5701870575947301, 0.572686548998984, 0.5736294153717736, 0.5758682235502263, 0.5729670499292107, 0.557612199272427, 0.5758408911034762, 0.5528356651865007, 0.5522888373672138, 0.5530052416884333, 0.5523121252756489, 0.5557752926392175, 0.5556380411799442, 0.5552362072014497, 0.5531481001758977, 0.5572983937944967, 0.5575660405944678, 0.5556400862530859, 0.5839818723634332, 0.5306442365089451, 0.5664935622773395, 0.5681870213317907, 0.5246308150449143, 0.6136749158305429, 0.5152518431816591, 0.613321841553386, 0.6203822535976453, 0.6197960344653672, 0.5246125522005509, 0.6222586205612516, 0.4768883650444072, 0.5282627107508326, 0.5827301473058779, 0.5215063468718301, 0.527152534761357, 0.6242653059180516]}}