{"metrics": {"test": {"fp": [0], "f1_score": [1.0], "risk": [0.0], "recall": [1.0], "sensitivity": [1.0], "precision": [1.0], "tp": [9], "tn": [17], "specificity": [1.0], "fn": [0]}, "train": {"fp": [1], "f1_score": [0.988235294117647], "risk": [0.009259259259259259], "recall": [1.0], "sensitivity": [1.0], "precision": [0.9767441860465116], "tp": [42], "tn": [65], "specificity": [0.9848484848484849], "fn": [0]}}, "model": {"n_features": 1000000}, "data": {"path": "/scratch/adrouin/data/patric/single_species_datasets/vancomycin___-8850046431738590682/dataset.kover", "split": "train_0.800_seed_3_10_folds", "uuid": "99660f46-095d-11e8-b2a7-001b2193b764"}, "predictions": {"binary": [0, 0, 0, 0, 0, 0, 0, 0, 0, 0, 0, 0, 0, 0, 0, 0, 0, 0, 0, 0, 0, 0, 0, 0, 0, 0, 0, 0, 0, 0, 0, 0, 0, 0, 0, 0, 0, 0, 0, 0, 0, 0, 0, 0, 0, 0, 0, 0, 0, 0, 0, 0, 0, 0, 0, 0, 0, 0, 0, 0, 0, 0, 0, 0, 1, 0, 0, 0, 0, 0, 0, 0, 0, 0, 0, 0, 0, 0, 0, 0, 0, 0, 0, 1, 1, 1, 1, 1, 1, 1, 1, 1, 1, 1, 1, 1, 1, 1, 1, 1, 1, 1, 1, 1, 1, 1, 1, 1, 1, 1, 1, 1, 1, 1, 1, 1, 1, 1, 1, 1, 1, 1, 1, 1, 1, 1, 1, 1, 1, 1, 1, 1, 1, 1, 0, 0, 0, 0, 0, 0, 0, 0, 0, 0, 0, 0, 0, 0, 0, 0, 0, 0, 0, 0, 0, 0, 0, 0, 0, 0, 0, 0, 0, 0, 0, 0, 0, 0, 0, 0, 0, 0, 0, 0, 0, 0, 0, 0, 0, 0, 0, 0, 0, 0, 0, 0, 0, 0, 0, 0, 0, 0], "proba": [0.059833751135664394, 0.012906881401959548, 0.027264927443357945, 0.048076199028412134, 0.05017210798309677, 0.038965138409339115, 0.041301788748663214, 0.05803391962112833, 0.008055539936628756, 0.033472641391612, 0.016122302093578164, 0.039747805098594484, 0.060824556727247014, 0.068885531716079, 0.042018038734976414, 0.03959574791558112, 0.011429741902646827, 0.037229954137004494, 0.041543812142164696, 0.00996406990394395, 0.012700536809427825, 0.04753919765380281, 0.0672553860501865, 0.03675522823851028, 0.04844790005111236, 0.03663383999814842, 0.04629790541940406, 0.016108469804247984, 0.050599135104189334, 0.04392822925130442, 0.02491125758521582, 0.021137473022153186, 0.01670980549879543, 0.05724801334170729, 0.016946269891574096, 0.050863819694251834, 0.044937734780611756, 0.020199504458573297, 0.09991662533815604, 0.043519709249549635, 0.008985486260390413, 0.05541079899370901, 0.01523999156348453, 0.009156314906865018, 0.010671373498672372, 0.07353830235404885, 0.008939910218218342, 0.041938787489288934, 0.03913969694340085, 0.006533553812653357, 0.03378978991612448, 0.0066035068172115175, 0.008505725171701907, 0.008506060533308367, 0.0186012500547719, 0.00892950249083123, 0.015621567011813145, 0.039825060695590137, 0.03026880159231355, 0.016935510098877435, 0.04721011377440601, 0.00917687551744169, 0.039857281071298385, 0.06727862010949433, 0.6247446610234549, 0.015339522500209273, 0.08210449941398035, 0.02353808513340288, 0.019626349980275584, 0.05155607902458991, 0.01683152363094124, 0.04111019964995653, 0.01388782908701644, 0.014321328192502217, 0.007586524093958142, 0.05348761300203003, 0.01494893912060617, 0.03981888260360476, 0.009961779271301067, 0.03948386094095606, 0.017252630726577983, 0.01598971347949905, 0.01646534261913384, 0.9333692536894029, 0.9292963955598288, 0.9958983789389481, 0.9980472420064713, 0.999170050270178, 0.9518113588771909, 0.9585874561626101, 0.9749825230962181, 0.9920727615672066, 0.9982447778280845, 0.9266856156752992, 0.9972958985885952, 0.9319651142913554, 0.9282363078277706, 0.9867632370863426, 0.7391936318866648, 0.9984535786156293, 0.9981115540765124, 0.9986989210134838, 0.9280422095996593, 0.950297445900332, 0.9862619692596333, 0.9980170511116689, 0.7258116966964067, 0.9979966747584016, 0.9000181713232253, 0.9586792907032724, 0.998096072630999, 0.9986826003037941, 0.9618009658684936, 0.9409053958922375, 0.9963108222613423, 0.9763190654463403, 0.9604966068668407, 0.9964207184690501, 0.9980585057905266, 0.8747314602449549, 0.880593088682091, 0.9760317949309545, 0.9978976942966526, 0.9554492087744887, 0.9162555616230256, 0.9793486542141959, 0.9921338647673006, 0.998450511552844, 0.9976154675714113, 0.9982797474300185, 0.9266133090293089, 0.9751181427523691, 0.9290818987171053, 0.9757259322516493, 0.4999907791801257, 0.4999907791801257, 0.4999907791801257, 0.4999907791801257, 0.4999907791801257, 0.4999907791801257, 0.4999907791801257, 0.4999907791801257, 0.4999907791801257, 0.4999907791801257, 0.4999907791801257, 0.4999907791801257, 0.4999907791801257, 0.4999907791801257, 0.4999907791801257, 0.4999907791801257, 0.4999907791801257, 0.4999907791801257, 0.4999907791801257, 0.4999907791801257, 0.4999907791801257, 0.4999907791801257, 0.4999907791801257, 0.4999907791801257, 0.4999907791801257, 0.4999907791801257, 0.4999907791801257, 0.4999907791801257, 0.4999907791801257, 0.4999907791801257, 0.4999907791801257, 0.4999907791801257, 0.4999907791801257, 0.4999907791801257, 0.4999907791801257, 0.4999907791801257, 0.4999907791801257, 0.4999907791801257, 0.4999907791801257, 0.4999907791801257, 0.4999907791801257, 0.4999907791801257, 0.4999907791801257, 0.4999907791801257, 0.4999907791801257, 0.4999907791801257, 0.4999907791801257, 0.4999907791801257, 0.4999907791801257, 0.4999907791801257, 0.4999907791801257, 0.4999907791801257, 0.4999907791801257, 0.4999907791801257, 0.4999907791801257, 0.4999907791801257, 0.4999907791801257, 0.4999907791801257]}}