{"metrics": {"test": {"fp": [5], "f1_score": [0.4999999999999999], "risk": [0.12121212121212122], "recall": [0.46153846153846156], "sensitivity": [0.46153846153846156], "precision": [0.5454545454545454], "tp": [6], "tn": [81], "specificity": [0.9418604651162791], "fn": [7]}, "train": {"fp": [0], "f1_score": [1.0], "risk": [0.0], "recall": [1.0], "sensitivity": [1.0], "precision": [1.0], "tp": [77], "tn": [322], "specificity": [1.0], "fn": [0]}}, "model": {"n_features": 6534}, "data": {"path": "/scratch/adrouin/patric_data/single_species_datasets/amikacin___-9072632565547958275/dataset.kover", "split": "train_0.800_seed_1_10_folds", "uuid": "af064fce-07bd-11e8-810d-001b2193b764"}, "predictions": {"binary": [0, 0, 0, 0, 0, 0, 0, 0, 0, 0, 0, 0, 0, 0, 0, 0, 0, 0, 0, 0, 0, 0, 0, 0, 0, 0, 0, 0, 0, 0, 0, 0, 0, 0, 0, 0, 0, 0, 0, 0, 0, 0, 0, 0, 0, 0, 0, 0, 0, 0, 0, 0, 0, 0, 0, 0, 0, 0, 0, 0, 0, 0, 0, 0, 0, 0, 0, 0, 0, 0, 0, 0, 0, 0, 0, 0, 0, 0, 0, 0, 0, 0, 0, 0, 0, 0, 1, 0, 0, 0, 0, 0, 0, 0, 0, 0, 0, 0, 0, 0, 0, 0, 0, 0, 0, 0, 0, 0, 0, 0, 0, 0, 0, 0, 0, 0, 0, 0, 0, 0, 0, 0, 0, 0, 0, 0, 0, 0, 0, 0, 0, 0, 0, 0, 0, 0, 0, 0, 0, 0, 0, 0, 0, 1, 0, 0, 0, 0, 0, 0, 0, 0, 0, 0, 0, 0, 0, 0, 0, 0, 0, 0, 0, 0, 0, 0, 0, 0, 0, 0, 0, 0, 0, 0, 0, 0, 0, 0, 0, 0, 0, 0, 0, 0, 0, 0, 0, 0, 0, 0, 0, 0, 0, 0, 0, 1, 0, 0, 0, 0, 0, 0, 0, 0, 0, 0, 0, 0, 0, 0, 0, 0, 0, 0, 0, 0, 0, 0, 0, 0, 0, 0, 0, 0, 0, 0, 0, 0, 0, 0, 0, 0, 0, 0, 0, 0, 0, 0, 0, 0, 0, 0, 0, 1, 0, 0, 0, 0, 0, 0, 0, 0, 1, 0, 0, 0, 0, 0, 0, 0, 0, 0, 0, 0, 0, 0, 0, 0, 0, 0, 0, 0, 0, 0, 0, 0, 0, 0, 0, 0, 0, 0, 0, 0, 0, 0, 0, 0, 0, 0, 0, 0, 0, 0, 0, 0, 0, 0, 0, 0, 0, 0, 0, 0, 0, 0, 0, 0, 0, 0, 0, 0, 0, 0, 0, 0, 0, 0, 0, 0, 0, 0, 0, 0, 0, 0, 0, 0, 0, 0, 0, 0, 0, 0, 0, 0, 0, 0, 0, 0, 0, 0, 0, 0, 0, 0, 0, 0, 0, 0, 0, 0, 0, 0, 0, 0, 0, 0, 0, 0, 0, 0, 0, 0, 0, 0, 0, 0, 0, 0, 0, 0, 0, 0, 0, 0, 0, 0, 0, 0, 0, 0, 0, 0, 0, 0, 0, 0, 0, 0, 0, 0, 0, 0, 0, 0, 0, 0, 0, 0, 0, 0, 0, 0, 0, 0, 0, 0, 1, 1, 1, 1, 1, 1, 1, 1, 1, 1, 1, 1, 1, 1, 1, 1, 1, 1, 1, 1, 1, 1, 1, 0, 1, 1, 1, 1, 1, 1, 1, 1, 1, 1, 1, 1, 1, 1, 1, 1, 0, 1, 1, 1, 1, 1, 1, 1, 1, 1, 1, 1, 0, 1, 1, 1, 1, 1, 1, 1, 0, 1, 1, 1, 1, 1, 1, 1, 1, 1, 1, 1, 1, 0, 1, 1, 0, 1, 1, 1, 1, 1, 1, 1, 0, 1, 1, 1, 1, 1, 0, 0, 0, 0, 0, 0, 0, 0, 0, 0, 0, 0, 0, 0], "proba": [0.00037720993334545137, 8.839214336343677e-05, 0.0005972224616318226, 0.00010886509618412075, 8.178743149209618e-06, 0.0003537366429150651, 0.0061307946009297115, 0.002938451943024881, 0.0006991319941792518, 8.169716429262317e-07, 0.00038365673951941734, 0.0005302348059274248, 1.926444571893384e-05, 8.891299169518882e-05, 0.0011103544397363635, 3.3162970867555082e-06, 1.9433104106191887e-06, 2.935229267674013e-05, 8.680416746001445e-06, 7.785178943508105e-06, 0.0007580533326669444, 1.617662249664945e-07, 0.0006061335722689474, 0.0017571380264700433, 0.0013626124170073937, 0.00025184583613941763, 0.009437284249680078, 0.0006657651121252606, 0.0015394882649433347, 0.001730502594011671, 1.1238791744496983e-05, 1.0866861194835045e-05, 0.00013719868050427546, 0.0007321382728162406, 0.0004976737150626969, 9.929336261961892e-05, 2.9976143076315676e-07, 0.00173745593721851, 0.0001625304029712997, 0.0009680922467899089, 0.0004130486932864071, 0.00017808217876279564, 3.065663319898324e-07, 6.51925736605943e-05, 8.930584384585176e-06, 0.0003923076871521363, 4.245101523318236e-08, 0.004265681511308128, 1.848459943916137e-05, 1.3653725874443507e-05, 0.0022902371190711398, 0.0002513485984836493, 2.8472425399890367e-05, 0.0007437454063762584, 3.6625992433601454e-05, 9.834335888276976e-05, 3.458225806822058e-05, 7.125426160957164e-05, 2.4907731604391777e-06, 5.4325715448668726e-05, 7.011623215903228e-05, 0.0004903810169969681, 4.581417568282648e-06, 5.974287926956089e-06, 2.7728605872765657e-05, 0.00011466740976043638, 0.00010124385639875303, 0.001003894197651504, 5.099471988380265e-05, 0.0014856879621804493, 7.124616466471361e-07, 5.785706981113617e-06, 0.04283759772619571, 3.877776278132746e-05, 1.9300831136440474e-06, 3.703127813793829e-05, 3.816916086070881e-05, 0.0017145730877590588, 0.00011618092203908284, 0.00020602915157151303, 0.0012785158903282129, 0.0020583709688447404, 0.00018662172671190825, 0.009036198294562706, 0.0009219634996776799, 0.0019392289499468155, 0.9286228454349097, 7.146074336274716e-07, 0.00017653257564618238, 0.002134878892404309, 0.0013695737381345435, 0.000455434848069088, 0.0002636313654498554, 2.394300018443508e-05, 0.00035734708263671815, 4.9542753715206846e-05, 3.794613513853952e-06, 0.00018210149973861358, 5.072202121441414e-07, 5.7085150104367316e-08, 0.0003484254723672421, 4.7779609358824675e-05, 0.00113940866377867, 0.00010812592047424942, 0.0025390012233491325, 0.0007202733854737825, 4.5567980621558584e-05, 0.0004299987124585496, 0.0001372023579402867, 2.366514949410204e-05, 0.0007811375778209699, 0.00032623696791208445, 2.8974691788225562e-06, 9.313831077312403e-05, 6.248084543199072e-05, 0.00010068419052187937, 0.0005349157329567756, 0.0009655792464444595, 0.0015148463143635786, 2.063899644719417e-05, 0.00010197031288975671, 2.0615573306108287e-05, 0.00020628173976564625, 8.782070306178152e-05, 0.00011714965717153304, 1.568871792422322e-05, 0.0028156627584750445, 0.0005317752492085956, 7.680268876103332e-05, 0.003192315946034523, 0.0007136330160568792, 5.890802658502253e-06, 0.0005817770581326676, 0.0002693984673962275, 0.00012805274274982012, 7.310814530417294e-05, 0.0059619330074674425, 0.0014348251781359466, 0.0051197219532070825, 1.5939043650418543e-05, 0.0015643052492056416, 0.00028777091049327086, 0.0009174518647628039, 0.5432534588310912, 0.020913317855225617, 0.0007208398400210728, 0.0007939965115736239, 0.000189439631282756, 3.7898409559024028e-06, 4.891083192441045e-06, 1.014845873545109e-05, 0.00014558085002082556, 0.0001398320065814015, 0.00014206529905724279, 4.671732639542583e-07, 5.3031936099803656e-06, 0.0003867648960828441, 2.9698708189541816e-05, 0.0008057045099858376, 1.9577722756714422e-07, 0.0009096065881268043, 7.509518123424286e-06, 0.0009162262381756258, 6.022540185392979e-07, 0.001357727607680831, 2.1436501307232928e-05, 0.0047593027557842425, 0.0008676084960479591, 7.872973961458506e-05, 0.00028280151515551813, 0.0019335446948004836, 0.0014383766949985575, 0.0004538086101338852, 0.0017817906668495494, 2.958035893333275e-06, 1.9669246275638616e-05, 4.654935871291619e-05, 9.228199992587058e-07, 0.0001312669338289901, 0.0002028500222932598, 0.00014558085002082556, 0.0017045789347409546, 0.0004117614986324855, 5.136845017744702e-05, 6.058994359345765e-05, 0.00020035714271331593, 0.00040431194849348663, 7.314075443112157e-06, 0.0012431819428819872, 0.00022136677366588255, 0.00039757301272024437, 0.00012230424524032867, 0.00015842824441289577, 3.9680874506150884e-05, 0.00044213929568295954, 0.6396800830700793, 0.01804796408662356, 7.422935868111765e-06, 8.09634086820365e-05, 0.0010937504452261523, 4.8101366304511496e-05, 3.1918683272829045e-05, 3.1598207804656286e-06, 1.5051019976938369e-07, 0.0009158819612402625, 1.2606042973687861e-06, 0.00018021391537181644, 3.9073441079334835e-06, 2.6227430358375687e-05, 0.05119803008655492, 0.00014853369789768757, 5.4027568233873376e-05, 3.257798504396075e-05, 1.612651523496638e-05, 6.949595628665273e-05, 0.00025797356165316017, 1.0705084371558773e-06, 0.00507781021032355, 0.0005340375798381936, 0.00020602915157151303, 0.00013214986383792984, 3.3197248228084633e-05, 0.000636957532704271, 0.0018550616095942424, 5.312017237521631e-06, 0.0001682374658382726, 8.550766854202884e-05, 0.0002106300458970829, 0.000775393866919797, 0.0005402757259006776, 0.00200054002558382, 1.4456987616524593e-05, 9.06370874418664e-05, 2.2577162328665202e-06, 1.5398895124043522e-05, 0.0407047709151631, 7.943832250301646e-05, 0.0013733895243732924, 0.00029998536305178455, 0.00034637906801220417, 2.8872898310109737e-05, 0.0033493433967375762, 0.00832588211001313, 0.9333330797267805, 0.0011585998441102916, 2.980951994629193e-06, 0.02378685860126018, 6.172349183372054e-05, 