{"metrics": {"test": {"fp": [0], "f1_score": [0.9333333333333333], "risk": [0.10909090909090909], "recall": [0.875], "sensitivity": [0.875], "precision": [1.0], "tp": [42], "tn": [7], "specificity": [1.0], "fn": [6]}, "train": {"fp": [0], "f1_score": [0.9308510638297873], "risk": [0.11711711711711711], "recall": [0.8706467661691543], "sensitivity": [0.8706467661691543], "precision": [1.0], "tp": [175], "tn": [21], "specificity": [1.0], "fn": [26]}}, "model": {"n_features": 14381774}, "data": {"path": "/scratch/adrouin/patric_data/single_species_datasets/ceftazidime___-3225223558739261696/dataset.kover", "split": "train_0.800_seed_1_10_folds", "uuid": "9991fcb4-095d-11e8-81b5-001b2193b764"}, "predictions": {"binary": [0, 0, 0, 0, 0, 0, 0, 0, 0, 0, 0, 0, 0, 0, 0, 0, 0, 0, 0, 0, 0, 0, 0, 0, 0, 0, 0, 0, 0, 1, 0, 0, 1, 1, 0, 1, 1, 1, 1, 1, 0, 1, 1, 1, 1, 1, 1, 0, 1, 1, 1, 1, 1, 1, 1, 0, 0, 1, 1, 1, 1, 1, 1, 1, 1, 1, 0, 1, 1, 1, 1, 1, 1, 1, 1, 1, 1, 1, 1, 1, 1, 0, 1, 1, 1, 1, 1, 1, 1, 1, 1, 1, 1, 1, 1, 1, 1, 1, 1, 1, 1, 1, 1, 1, 0, 0, 1, 1, 1, 0, 1, 0, 1, 1, 1, 1, 1, 1, 1, 1, 1, 1, 1, 1, 1, 1, 1, 1, 1, 1, 1, 1, 1, 1, 1, 1, 1, 1, 1, 1, 1, 1, 1, 1, 1, 1, 1, 1, 1, 1, 1, 1, 1, 1, 1, 1, 1, 1, 1, 1, 1, 1, 1, 1, 0, 1, 1, 0, 1, 1, 0, 1, 1, 0, 1, 1, 0, 0, 1, 1, 0, 1, 1, 1, 1, 1, 1, 1, 0, 0, 1, 0, 1, 1, 1, 1, 1, 1, 1, 1, 1, 1, 1, 1, 1, 1, 1, 1, 1, 1, 1, 1, 1, 1, 0, 0, 1, 1, 1, 1, 1, 1, 1, 1, 1, 1, 1, 1, 1, 1, 1, 1, 1, 1, 0, 1, 1, 1, 1, 0, 1, 1, 1, 1, 1, 1, 1, 0, 1, 1, 1, 1, 1, 1, 1, 1, 1, 0, 0, 1, 1, 1, 1, 1, 0, 1, 1, 1, 1, 1, 1, 1, 1, 1, 1, 1, 1], "proba": [0.5792854306926852, 0.629366682010918, 0.6670282638679543, 0.6673429816597062, 0.6671195280945834, 0.6673844701843273, 0.6674008913156998, 0.6673401820804163, 0.6673707228637674, 0.6948690679421965, 0.5522612333811293, 0.6964772867638361, 0.694396997529179, 0.7045819996792154, 0.6674166491288119, 0.5476995136235193, 0.6948783205862449, 0.6537813327339895, 0.6554240917424249, 0.6642945427114023, 0.6630645298047325, 0.5821217799140413, 0.6955778134215203, 0.7003999743082204, 0.6423136251910739, 0.7000745309165832, 0.5578481544166831, 0.5457038123979554, 0.55043842956683, 0.2140156072054418, 0.5566704729582947, 0.5504258519602915, 0.22976054076555164, 0.2255504322293219, 0.54616709448726, 0.23596048542519577, 0.29113972017790496, 0.4687911344696344, 0.21899369256068274, 0.19587973179077942, 0.5505284106536428, 0.24222671725991768, 0.481652696987643, 0.20848689966271142, 0.34604590175287414, 0.4631024535883639, 0.4639556786174068, 0.5366930910085582, 0.21019768354091264, 0.24938230653969656, 0.18791806510415898, 0.18794764552468435, 0.18793087405200898, 0.24212452391370085, 0.223220599971787, 0.538005446370941, 0.6132903949886936, 0.1869437847039612, 0.46886584155111866, 0.20879605809621793, 0.24965919788753818, 0.19561539845712833, 0.23312601226615112, 0.201218465245125]}}