{"metrics": {"test": {"fp": [0], "f1_score": [0.9333333333333333], "risk": [0.10909090909090909], "recall": [0.875], "sensitivity": [0.875], "precision": [1.0], "tp": [42], "tn": [7], "specificity": [1.0], "fn": [6]}, "train": {"fp": [0], "f1_score": [0.9308510638297873], "risk": [0.11711711711711711], "recall": [0.8706467661691543], "sensitivity": [0.8706467661691543], "precision": [1.0], "tp": [175], "tn": [21], "specificity": [1.0], "fn": [26]}}, "model": {"n_features": 14381774}, "data": {"path": "/scratch/adrouin/patric_data/single_species_datasets/ceftazidime___-3225223558739261696/dataset.kover", "split": "train_0.800_seed_7_10_folds", "uuid": "9991fcb4-095d-11e8-81b5-001b2193b764"}, "predictions": {"binary": [0, 0, 0, 0, 0, 0, 0, 0, 0, 0, 0, 0, 0, 0, 0, 0, 0, 0, 0, 0, 0, 0, 0, 0, 0, 0, 0, 0, 0, 1, 0, 0, 1, 1, 0, 1, 1, 1, 1, 1, 0, 1, 1, 1, 1, 1, 1, 0, 1, 1, 1, 1, 1, 1, 1, 0, 0, 1, 1, 1, 1, 1, 1, 1, 1, 1, 0, 1, 1, 1, 1, 1, 1, 1, 1, 1, 1, 1, 1, 1, 1, 0, 1, 1, 1, 1, 1, 1, 1, 1, 1, 1, 1, 1, 1, 1, 1, 1, 1, 1, 1, 1, 1, 1, 0, 0, 1, 1, 1, 0, 1, 0, 1, 1, 1, 1, 1, 1, 1, 1, 1, 1, 1, 1, 1, 1, 1, 1, 1, 1, 1, 1, 1, 1, 1, 1, 1, 1, 1, 1, 1, 1, 1, 1, 1, 1, 1, 1, 1, 1, 1, 1, 1, 1, 1, 1, 1, 1, 1, 1, 1, 1, 1, 1, 0, 1, 1, 0, 1, 1, 0, 1, 1, 0, 1, 1, 0, 0, 1, 1, 0, 1, 1, 1, 1, 1, 1, 1, 0, 0, 1, 0, 1, 1, 1, 1, 1, 1, 1, 1, 1, 1, 1, 1, 1, 1, 1, 1, 1, 1, 1, 1, 1, 1, 0, 0, 1, 1, 1, 1, 1, 1, 1, 1, 1, 1, 1, 1, 1, 1, 1, 1, 1, 1, 0, 1, 1, 1, 1, 0, 1, 1, 1, 1, 1, 1, 1, 0, 1, 1, 1, 1, 1, 1, 1, 1, 1, 0, 0, 1, 1, 1, 1, 1, 0, 1, 1, 1, 1, 1, 1, 1, 1, 1, 1, 1, 1], "proba": [0.550319331846143, 0.6447793769639165, 0.6950947700146737, 0.6963929315329, 0.6948809846867233, 0.6964233715944816, 0.6964117537899743, 0.6964034727063146, 0.6964237398823341, 0.6607806385556235, 0.5175033192314812, 0.6637865005496328, 0.660382890339648, 0.6688214078138413, 0.6964376691255991, 0.5500299676058157, 0.6607740279313183, 0.649843524267719, 0.6510549159814425, 0.6608281458124796, 0.6596086524408311, 0.5781945595092516, 0.6629610212134353, 0.6647007303458776, 0.6711918251828718, 0.663577176617466, 0.5729821929005116, 0.5614435690583683, 0.5167622085887726, 0.20924372543205358, 0.5219171548409909, 0.5165972575990938, 0.22607036360831292, 0.2199456530192586, 0.561462731035249, 0.2317642407801536, 0.2881000732259453, 0.46869063091729696, 0.21458430194456102, 0.1937931856662186, 0.5166419496962251, 0.23665211056184168, 0.48639989028027625, 0.2032700339594774, 0.3502968364844773, 0.464893894863888, 0.46649409165305616, 0.5370359472886507, 0.20451472861253533, 0.2421690426411966, 0.1834257601671084, 0.18347492943685423, 0.18344968310421025, 0.2365690992254105, 0.21867412205033454, 0.5356773891816167, 0.6310767590986004, 0.1824196586102189, 0.47177328714184763, 0.20340752930094463, 0.24329579864237108, 0.19358236216442234, 0.22755034211564978, 0.19583277477174438]}}