{"metrics": {"test": {"fp": [0], "f1_score": [1.0], "risk": [0.0], "recall": [1.0], "sensitivity": [1.0], "precision": [1.0], "tp": [15], "tn": [7], "specificity": [1.0], "fn": [0]}, "train": {"fp": [0], "f1_score": [1.0], "risk": [0.0], "recall": [1.0], "sensitivity": [1.0], "precision": [1.0], "tp": [53], "tn": [38], "specificity": [1.0], "fn": [0]}}, "model": {"n_features": 1000000}, "data": {"path": "/scratch/adrouin/data/patric/single_species_datasets/cefuroxime___49420779660966717/dataset.kover", "split": "train_0.800_seed_4_10_folds", "uuid": "5cf5178c-086d-11e8-a038-001b2193b764"}, "predictions": {"binary": [0, 0, 0, 0, 0, 0, 0, 0, 0, 0, 0, 0, 0, 0, 0, 0, 0, 0, 0, 0, 0, 0, 0, 0, 0, 0, 0, 0, 0, 0, 0, 0, 0, 0, 0, 0, 0, 0, 0, 0, 0, 0, 0, 0, 0, 1, 1, 1, 1, 1, 1, 1, 1, 1, 1, 1, 1, 1, 1, 1, 1, 1, 1, 1, 1, 1, 1, 1, 1, 1, 1, 1, 1, 1, 1, 1, 1, 1, 1, 1, 1, 1, 1, 1, 1, 1, 1, 1, 1, 1, 1, 1, 1, 1, 1, 1, 1, 1, 1, 1, 1, 1, 1, 1, 1, 1, 1, 1, 1, 1, 1, 1, 1, 1, 1, 1, 1, 1, 1, 1, 1, 1, 1, 1, 1, 1, 1, 1], "proba": [0.00043612639216382936, 9.207117923168874e-05, 0.000109079322519961, 5.5081819737236305e-05, 0.00018185801173594004, 7.185095978371389e-05, 0.000745581023819086, 6.004495399984835e-07, 6.682770162498335e-05, 0.002992779152512406, 0.0011023612815231252, 0.0001602125409346043, 0.0020511258319203525, 4.444187407285155e-05, 1.0120696055720965e-05, 5.955256500928949e-06, 1.6616550154654165e-05, 4.0357228281699716e-05, 0.00016373078478641395, 0.0012058388383841753, 0.0005212139860510158, 0.00016691794254847922, 0.00019097249745235118, 5.157037956417423e-05, 0.0001904427961542633, 2.39834175619715e-05, 5.215616027418612e-05, 7.07161880950364e-05, 0.00011076834017020564, 0.0022394174953835784, 0.00016354371322587123, 4.937028729760478e-05, 0.0003439699987768451, 0.0006509278650837023, 6.0546279129170345e-05, 4.810396186906789e-05, 0.0006831348765615131, 5.654258714835826e-05, 0.000627414433863671, 0.00023899488102262917, 5.572086901689517e-06, 5.042203806329698e-05, 6.914439787545184e-05, 0.00018595154421974252, 0.0016958118779650043, 0.9995619495779227, 0.9999911360633942, 0.9999357607239481, 0.9999431891590558, 0.9996522876289599, 0.9996186819776149, 0.9999355288792711, 0.9999820749856863, 0.9998606092239437, 0.9999427859202281, 0.9999672940010932, 0.9985629197285159, 0.9999880434932121, 0.9999402499991713, 0.998480240691158, 0.9999898186278792, 0.9999995282359003, 0.9998878618824654, 0.9999655165354304, 0.9983265769423287, 0.99824899419539, 0.9999711784355775, 0.9999887943672435, 0.9999989072634402, 0.9992436673271874, 0.9994116796468385, 0.9979633161011894, 0.9996634809690337, 0.9986221203100016, 0.9999597122348931, 0.9999098871420531, 0.9999968510587296, 0.9999702284063686, 0.9999738744227787, 0.9999618661469128, 0.9999966562060442, 0.9999984104727966, 0.9996538729252884, 0.9999379285531388, 0.9993370709828244, 0.9999343670888965, 0.9998118030587453, 0.9997155164975775, 0.9999748853259073, 0.9999068664109826, 0.999879193248963, 0.9999898251577626, 0.9999834005866057, 0.9999130692358922, 0.9999865720827569, 0.9999376681410823, 0.9999975021390958, 0.9978603512467843, 0.999998447197739, 0.9999599924305504, 0.9999669247563988, 0.999393922145031, 0.9999388703018504, 0.999976069962843, 0.9423582612437369, 0.9991253062561651, 0.9999101524563734, 0.9999832308380034, 0.9999911374946189, 0.9997897197345761, 0.9999928260561567, 0.9999597050986817, 0.9999982112814115, 0.5000093845780534, 0.5000093845780534, 0.5000093845780534, 0.5000093845780534, 0.5000093845780534, 0.5000093845780534, 0.5000093845780534, 0.5000093845780534, 0.5000093845780534, 0.5000093845780534, 0.5000093845780534, 0.5000093845780534, 0.5000093845780534, 0.5000093845780534, 0.5000093845780534]}}