{"metrics": {"test": {"fp": [1], "f1_score": [0.75], "risk": [0.18181818181818182], "recall": [0.6666666666666666], "sensitivity": [0.6666666666666666], "precision": [0.8571428571428571], "tp": [6], "tn": [12], "specificity": [0.9230769230769231], "fn": [3]}, "train": {"fp": [2], "f1_score": [0.9583333333333334], "risk": [0.021739130434782608], "recall": [1.0], "sensitivity": [1.0], "precision": [0.92], "tp": [23], "tn": [67], "specificity": [0.9710144927536232], "fn": [0]}}, "model": {"n_features": 5765350}, "data": {"path": "/scratch/adrouin/data/patric/single_species_datasets/meropenem___49420779660966717/dataset.kover", "split": "train_0.800_seed_9_10_folds", "uuid": "0badefa6-0873-11e8-80e1-001b2193b764"}, "predictions": {"binary": [0, 0, 0, 0, 0, 0, 0, 0, 0, 0, 0, 0, 0, 0, 0, 0, 0, 0, 0, 0, 0, 0, 0, 0, 0, 0, 0, 0, 0, 0, 0, 0, 0, 0, 0, 0, 0, 0, 0, 0, 0, 0, 0, 0, 0, 0, 0, 0, 0, 0, 0, 0, 0, 0, 0, 0, 0, 0, 0, 0, 0, 0, 0, 0, 0, 0, 0, 0, 0, 0, 0, 0, 0, 1, 1, 0, 1, 0, 0, 0, 0, 0, 1, 1, 1, 1, 1, 1, 0, 1, 1, 0, 0, 1, 1, 1, 1, 1, 1, 1, 1, 1, 1, 1, 1, 1, 1, 1, 1, 1, 1, 1, 1, 1], "proba": [0.07383920553030893, 0.07717706142934253, 0.07717603821520179, 0.07717717203343488, 0.07714399407449052, 0.07711466600271268, 0.07716289812360748, 0.07712918486625377, 0.07714299458897649, 0.07714956580484388, 0.07718318262244253, 0.07718812333216071, 0.07832394340048156, 0.07559780449858368, 0.07718473418264163, 0.07721122014953284, 0.06252330911748213, 0.07680315978305, 0.07717238515981606, 0.07720001090961674, 0.0771125663661632, 0.0694572127719489, 0.06874357847978474, 0.06330969226544743, 0.07699080454005516, 0.07709934816431793, 0.07714951798742321, 0.07716702855558663, 0.06877540039736921, 0.0771279675091108, 0.07714751420716676, 0.07717466010198652, 0.07717260813007325, 0.07479375099269417, 0.07290671817540298, 0.0771121663243322, 0.07716580382258374, 0.07715609254898508, 0.0771629971590214, 0.07715806125142594, 0.11320026414616133, 0.07454647844308572, 0.06014393067682743, 0.07191857118810396, 0.0771651562803962, 0.07717143677850882, 0.07715718996311688, 0.07715838039676125, 0.06659632874298162, 0.07716365528004665, 0.07712031085119013, 0.07489833835229723, 0.134346084436135, 0.07717581459892828, 0.10032875210670116, 0.07713819164749865, 0.14588368136612334, 0.07715495401652173, 0.07712117812791495, 0.08161805852770249, 0.11420717431752346, 0.07715132454872325, 0.07692764279408262, 0.07710439339808785, 0.077166328411711, 0.08278890815360741, 0.0697408100274209, 0.07711489324829679, 0.07716577292165176, 0.07721850470192552, 0.06565305717070356, 0.0655108210602413, 0.06996443710782942, 0.5606885077234177, 0.5449101786146799, 0.07714992351818527, 0.46144460932892173, 0.0771622984985421, 0.0772188144436627, 0.06410923354134943, 0.07716313781728246, 0.06915697841805266, 0.7878469689386138, 0.7879229530399781, 0.7879137736200429, 0.788014870140508, 0.7879209972491259, 0.787849003034627, 0.2515068850373667, 0.787839057631766, 0.7878136078805102, 0.13063105983943862, 0.11514918898246665, 0.7299460400943789, 0.7880296250045745, 0.7879188983306834, 0.7880077744515543, 0.7879593384651032, 0.7879301006411388, 0.787877172010344, 0.7878408777701829, 0.7460943151696807, 0.7857266166214941, 0.7878936303568896, 0.7877831309540337, 0.7879070792608058, 0.7254388378004952, 0.7879124959297769, 0.7880013220409336, 0.7880013876233509, 0.6432304757867314, 0.6874028914400545, 0.8060131713926363, 0.7333755112051101]}, "cv": {"hps": {"normalize_kernel": true, "degree": 5.0, "regularizer": 10.0}, "score": 0.13222222222222224}}