{"metrics": {"test": {"fp": [1], "f1_score": [0.9375], "risk": [0.05405405405405406], "recall": [0.9375], "sensitivity": [0.9375], "precision": [0.9375], "tp": [15], "tn": [20], "specificity": [0.9523809523809523], "fn": [1]}, "train": {"fp": [1], "f1_score": [0.96875], "risk": [0.026490066225165563], "recall": [0.9538461538461539], "sensitivity": [0.9538461538461539], "precision": [0.9841269841269841], "tp": [62], "tn": [85], "specificity": [0.9883720930232558], "fn": [3]}}, "model": {"n_features": 999997}, "data": {"path": "/scratch/adrouin/data/patric/single_species_datasets/trimethoprim___2202579077548954665/dataset.kover", "split": "train_0.800_seed_5_10_folds", "uuid": "90cb0312-06e4-11e8-bece-001b2193b764"}, "predictions": {"binary": [0, 0, 0, 0, 0, 0, 0, 0, 0, 0, 0, 0, 0, 0, 0, 0, 0, 0, 0, 0, 0, 0, 0, 0, 0, 0, 0, 0, 0, 0, 0, 0, 0, 0, 0, 0, 0, 0, 1, 0, 1, 0, 0, 0, 0, 0, 0, 0, 0, 0, 0, 0, 0, 0, 0, 0, 0, 0, 0, 0, 0, 0, 0, 0, 0, 0, 0, 0, 0, 0, 0, 0, 0, 0, 0, 0, 0, 0, 0, 0, 0, 0, 0, 0, 0, 0, 0, 0, 0, 0, 0, 0, 0, 0, 0, 0, 0, 0, 0, 0, 0, 0, 0, 0, 0, 0, 0, 1, 1, 1, 1, 1, 1, 1, 1, 1, 0, 1, 1, 1, 1, 0, 0, 1, 1, 1, 1, 1, 1, 1, 1, 1, 1, 1, 1, 1, 1, 1, 1, 1, 1, 1, 1, 1, 1, 1, 1, 1, 0, 1, 1, 1, 1, 1, 1, 1, 1, 1, 1, 1, 1, 1, 1, 1, 1, 1, 1, 1, 1, 1, 1, 1, 1, 1, 1, 1, 1, 1, 1, 1, 1, 1, 1, 1, 1, 1, 1, 1, 0, 0, 0, 0], "proba": [0.3467015312235262, 0.07782971760879387, 0.12931503229718214, 0.44434720816116735, 0.10719206274061345, 0.1981451954647741, 0.1976906600647612, 0.11213838655687051, 0.19186961992962212, 0.12069813867846217, 0.3753447021820732, 0.043472500697368556, 0.05520145670074818, 0.06147101296068907, 0.12238577776278359, 0.1025649694401675, 0.025194597455659145, 0.13207370566192161, 0.14451683751067324, 0.09865283880935016, 0.03412528074691162, 0.13511453786080366, 0.16825019137558453, 0.03757141855155644, 0.3280186502255066, 0.05121079286498358, 0.0988686894800556, 0.2745453454677462, 0.07010618966933943, 0.1042592492160857, 0.046274524700721506, 0.04993989960134836, 0.06656924554506026, 0.09739674803698564, 0.09005829752790515, 0.04773482010689982, 0.052678190569457405, 0.12267808706283147, 0.7557987810167278, 0.03482545056500203, 0.6782423243217476, 0.09926995318324101, 0.10821573821713525, 0.13846416628647118, 0.03254740100062092, 0.10665995074627903, 0.1361353334164503, 0.2926948600887663, 0.09575027669744482, 0.03064355557539879, 0.13434581831877696, 0.38047052539113707, 0.059769086830303964, 0.04856413015470318, 0.22024928909353728, 0.10097813614179488, 0.14839489780911133, 0.12439477636276983, 0.17852792698406694, 0.12257031767319461, 0.1374067623199029, 0.28900931551782594, 0.028804704811790472, 0.09305276970888564, 0.04729071699133652, 0.07902510252517139, 0.0658698659454485, 0.04554699858613921, 0.16952487220189702, 0.09548766420281714, 0.05030357047381403, 0.027271039973121216, 0.09522647608696723, 0.15698632059757422, 0.10366235649839127, 0.092428132153438, 0.09670706711209497, 0.165039458774742, 0.4417580789913154, 0.11617193361908107, 0.27776401288485114, 0.09645595235106846, 0.032904846662340316, 0.01394305337318918, 0.07934894908107515, 0.31686340494941867, 0.1711244748424439, 0.11502645870828047, 0.298925416060007, 0.11087419230609456, 0.042109452275402345, 0.025465955482198467, 0.14000436146524506, 0.11426631398246251, 0.05135278954868898, 0.13492347628331283, 0.07849088127417879, 0.04914421491897774, 0.05169066044948768, 0.11716050597710975, 0.38210102728482254, 0.11289856380472586, 0.22040694747703846, 0.29386502506939555, 0.07694404263290136, 0.10214234083450548, 0.1757786291009044, 0.9834132500830419, 0.9169145086884917, 0.6302570353606568, 0.9610549500185459, 0.9683272357347349, 0.9601367048936182, 0.9688894197139185, 0.9606685944508387, 0.9608943558787405, 0.20547508507274284, 0.9596730428911149, 0.9571254167464361, 0.9550903055978404, 0.8318338150867864, 0.09841440278180921, 0.30240752564730616, 0.990891751197295, 0.9701470846018957, 0.9640294416537263, 0.990384997192094, 0.960949502336931, 0.8531327174947326, 0.9556077665815319, 0.9563965881966245, 0.9897060464110828, 0.9740775028977681, 0.895828181051522, 0.9780948358454038, 0.9596000315770787, 0.7725425599967515, 0.9332181404732877, 0.7870123628231626, 0.9606604599106388, 0.930139620646813, 0.961576018993863, 0.9868072089149922, 0.5516414140714863, 0.9438053579598582, 0.7686248831364747, 0.8231068633104421, 0.9871035160197742, 0.3801194116853265, 0.924019867171571, 0.9816378736300495, 0.9123365215625094, 0.9924823647276843, 0.960634681760665, 0.9305849636742736, 0.7008387805937198, 0.9035699211228677, 0.9426471667740337, 0.9370376369120236, 0.9947543534728327, 0.9456596124187299, 0.9870532502674912, 0.9981322357116534, 0.9155784849293988, 0.9635858176754443, 0.8915049994076911, 0.9828843265810924, 0.9036795007388904, 0.9736259262362665, 0.9570958646049422, 0.9600695710840369, 0.9150524774740553, 0.9607972696009022, 0.9731133442486315, 0.933278563771304, 0.7783676060240007, 0.9538954329674708, 0.9780356112501688, 0.9125504957199021, 0.950397911389291, 0.973325505941849, 0.9735232154953981, 0.9770917385211499, 0.9770377625679522, 0.973910622690124, 0.9736259262362665, 0.9187636256284137, 0.9544985009565586, 0.49990631332891033, 0.49990631332891033, 0.49990631332891033, 0.49990631332891033]}}