{"metrics": {"test": {"fp": [1], "f1_score": [0.975609756097561], "risk": [0.02857142857142857], "recall": [1.0], "sensitivity": [1.0], "precision": [0.9523809523809523], "tp": [20], "tn": [14], "specificity": [0.9333333333333333], "fn": [0]}, "train": {"fp": [11], "f1_score": [0.8645161290322582], "risk": [0.14685314685314685], "recall": [0.8701298701298701], "sensitivity": [0.8701298701298701], "precision": [0.8589743589743589], "tp": [67], "tn": [55], "specificity": [0.8333333333333334], "fn": [10]}}, "model": {"n_features": 3026862}, "data": {"path": "/scratch/adrouin/data/patric/single_species_datasets/erythromycin___672792900560953954/dataset.kover", "split": "train_0.800_seed_4_10_folds", "uuid": "cda8b11e-07a0-11e8-b0b1-001b2193b764"}, "predictions": {"binary": [0, 0, 0, 0, 0, 0, 1, 1, 0, 0, 0, 0, 0, 0, 0, 0, 0, 0, 1, 0, 0, 0, 0, 0, 0, 0, 0, 0, 0, 1, 0, 0, 0, 1, 1, 0, 0, 1, 0, 0, 0, 0, 0, 0, 0, 0, 0, 0, 0, 1, 0, 0, 0, 0, 0, 0, 0, 0, 0, 0, 0, 1, 0, 0, 0, 0, 0, 0, 0, 0, 0, 0, 0, 1, 1, 0, 0, 0, 0, 1, 0, 1, 1, 1, 1, 1, 1, 1, 1, 1, 1, 1, 1, 1, 1, 1, 1, 1, 1, 1, 1, 0, 1, 1, 1, 1, 1, 1, 1, 1, 1, 1, 1, 1, 1, 1, 1, 1, 1, 1, 1, 1, 1, 1, 1, 1, 1, 1, 1, 1, 0, 1, 0, 0, 1, 0, 1, 1, 0, 1, 1, 1, 1, 1, 1, 1, 1, 1, 1, 1, 0, 0, 1, 1, 1, 1, 1, 1, 1, 1, 1, 1, 1, 1, 1, 1, 1, 1, 1, 1, 1, 1, 1, 1, 1, 0, 1, 0], "proba": [0.13264541940544566, 0.1334039670596459, 0.19101118463744896, 0.1462590783858474, 0.13353360963063804, 0.1893774219386832, 0.8767581174471284, 0.8745888149700993, 0.10189845347184216, 0.13059528981626572, 0.13042040347070896, 0.13352887642396372, 0.13278820224617596, 0.13363010424386906, 0.13355793747175876, 0.14809243533321528, 0.13578715447011105, 0.13360220961868083, 0.7231875074767622, 0.133471318362455, 0.21779475810618745, 0.19791705447739424, 0.22132781377212107, 0.1680825460188177, 0.1335358550760536, 0.13352975531452987, 0.13307671147305353, 0.13356364747945323, 0.37929594270931305, 0.8812096636128809, 0.1497753743549091, 0.13355738938317593, 0.23653710556712715, 0.8779081513368543, 0.7268995442667895, 0.13241029102571547, 0.12979126482361805, 0.7217478943178169, 0.13477435645048136, 0.13721838641979303, 0.13989102839928208, 0.12824770060556373, 0.13283751137223412, 0.13355359211608614, 0.13555971982116574, 0.1336204995238691, 0.13362048531523582, 0.1325242539653253, 0.3679799736761259, 0.8877219404984215, 0.13167845856737925, 0.12909873911363756, 0.13405159555535626, 0.133131330165423, 0.1445175189556723, 0.21057086431135064, 0.14681674611280118, 0.10432274872110728, 0.2327528267219075, 0.1338046991683991, 0.13347700469583673, 0.8847366740239696, 0.13353540208085699, 0.13352446189907735, 0.1380067251771835, 0.2414920229140491, 0.18570948761528513, 0.15540618568703488, 0.14664225265117983, 0.22369564305661974, 0.13889586473953583, 0.20301837574936013, 0.18799433759582182, 0.8750200781943276, 0.7149358627916749, 0.10523388068804805, 0.13476755408577856, 0.10519023491505096, 0.13350075103263379, 0.7154289818875263, 0.1334525878337428, 0.8881129266579668, 0.8881569238040291, 0.888109304884771, 0.8931261767358144, 0.8906859734241737, 0.8856766155485328, 0.742428048091495, 0.888102213045959, 0.890333111050599, 0.8880579865555542, 0.8881440113852245, 0.8880869103117757, 0.8881330669337703, 0.8505203492975004, 0.7452446644099996, 0.7431200681578021, 0.8880860756026075, 0.8856446402087657, 0.8895340478546714, 0.7598238665432674, 0.43151384508752083, 0.892332645419698, 0.8918976838950725, 0.8877839627916315, 0.8876461879951704, 0.8867690020271384, 0.8892141671785101, 0.8881103617422076, 0.8873152230061963, 0.895533651782229, 0.8928668600753694, 0.8888470371017354, 0.8938734567982881, 0.7172560595334964, 0.7254210526961261, 0.7369461561797904, 0.8799951755291446, 0.7501199237441868, 0.8864180758111487, 0.8903672328926538, 0.8881750804762635, 0.7275908415060867, 0.8803037515345685, 0.8881295398773495, 0.7354878315363375, 0.8844466137166822, 0.8883603357587236, 0.8880947999389954, 0.8905911103162313, 0.36424888978191844, 0.8571499149370969, 0.2722872453343559, 0.3160096814113185, 0.6972079360489969, 0.43560872965830205, 0.8858439791836465, 0.8857910496351317, 0.3405575992390366, 0.8903159689228646, 0.8935315918052129, 0.8950983450875517, 0.8940965428215047, 0.8881101484422741, 0.8861057153395011, 0.8880685291410025, 0.8880326682551261, 0.888089771262843, 0.8009786040721949, 0.8881602277354876, 0.1434492110726327, 0.24425272340828272, 0.8919663914601108, 0.8850418517426848, 0.6863203514205767, 0.8892581367727831, 0.8881620406424067, 0.8881526080899209, 0.8834810426673378, 0.8881329242443817, 0.8936095669214378, 0.8575703873771137, 0.8083626591726324, 0.8902073228359204, 0.8101854210084511, 0.8906250865642931, 0.8082216521323973, 0.889141414406147, 0.8067767117891177, 0.8108455520795448, 0.8880841142319396, 0.893717119723152, 0.7347963774562606, 0.8904982520586151, 0.889851571997295, 0.41239718499035033, 0.8580671140472999, 0.22663628729639745]}, "cv": {"hps": {"normalize_kernel": true, "degree": 3.0, "regularizer": 1.0}, "score": 0.16095238095238096}}