{"metrics": {"test": {"fp": [0], "f1_score": [0.7499999999999999], "risk": [0.2727272727272727], "recall": [0.6], "sensitivity": [0.6], "precision": [1.0], "tp": [9], "tn": [7], "specificity": [1.0], "fn": [6]}, "train": {"fp": [1], "f1_score": [0.9090909090909092], "risk": [0.0989010989010989], "recall": [0.8490566037735849], "sensitivity": [0.8490566037735849], "precision": [0.9782608695652174], "tp": [45], "tn": [37], "specificity": [0.9736842105263158], "fn": [8]}}, "model": {"n_features": 5654370}, "data": {"path": "/scratch/adrouin/patric_data/single_species_datasets/cefuroxime___49420779660966717/dataset.kover", "split": "train_0.800_seed_8_10_folds", "uuid": "5cf5178c-086d-11e8-a038-001b2193b764"}, "predictions": {"binary": [0, 0, 0, 0, 0, 0, 0, 0, 0, 0, 0, 0, 0, 0, 0, 0, 0, 0, 0, 1, 0, 0, 0, 0, 0, 0, 0, 0, 0, 0, 0, 0, 0, 0, 0, 0, 0, 0, 0, 0, 0, 0, 0, 0, 0, 1, 1, 1, 1, 1, 1, 1, 1, 1, 1, 1, 0, 1, 1, 0, 0, 1, 1, 1, 0, 0, 1, 1, 1, 0, 1, 0, 1, 0, 1, 0, 1, 1, 1, 1, 1, 1, 1, 0, 0, 0, 1, 1, 1, 1, 1, 1, 1, 1, 1, 1, 1, 0, 1, 1, 1, 1, 1, 1, 1, 0, 1, 1, 1, 1, 1, 1, 1], "proba": [0.5668255713306958, 0.551381676875161, 0.5617165669292639, 0.5613346242563052, 0.520895680198112, 0.5299587405314509, 0.5444667789983604, 0.5566378117588151, 0.5192377317764982, 0.5414931379513066, 0.523983627328636, 0.5692852486247717, 0.5376793954753959, 0.56369862270554, 0.5523144582684724, 0.5548324904863188, 0.551637824799692, 0.539488498912658, 0.5604344322140623, 0.4247520891317693, 0.5609637109184301, 0.5607093229271521, 0.5466947639437265, 0.5419056024630349, 0.5471547487484656, 0.5709141953484447, 0.546774084439246, 0.5509814504102432, 0.5513745688089151, 0.5403359136629025, 0.5603026550795824, 0.5481700275214585, 0.5297333197433244, 0.5610138473793407, 0.5548883671637673, 0.5568904387952521, 0.5708230695720169, 0.5364030762593829, 0.5355764471489171, 0.5310383897040122, 0.5559278828225747, 0.5676709966932509, 0.5704612362277219, 0.5408106441587969, 0.5620838168231993, 0.48621024654667916, 0.40694514761790096, 0.4442259505932505, 0.41587433480329317, 0.40968444802222576, 0.4833899878670089, 0.4826029971853007, 0.4121640643677838, 0.40745859698787934, 0.4734690677788242, 0.39768318533509456, 0.5274173738674589, 0.4213748955729715, 0.47337130522295695, 0.5325016165131022, 0.5017474645760757, 0.4206784402628204, 0.41187063424144815, 0.4429843127376646]}}