{"metrics": {"test": {"fp": [18], "f1_score": [0.6181818181818183], "risk": [0.44680851063829785], "recall": [0.85], "sensitivity": [0.85], "precision": [0.4857142857142857], "tp": [17], "tn": [9], "specificity": [0.3333333333333333], "fn": [3]}, "train": {"fp": [53], "f1_score": [0.7759999999999999], "risk": [0.2962962962962963], "recall": [0.97], "sensitivity": [0.97], "precision": [0.6466666666666666], "tp": [97], "tn": [36], "specificity": [0.4044943820224719], "fn": [3]}}, "model": {"n_features": 37176168}, "data": {"path": "/scratch/adrouin/patric_data/single_species_datasets/amoxicillin_clavulanic_acid___2202579077548954665/dataset.kover", "split": "train_0.800_seed_2_10_folds", "uuid": "b775749e-05da-11e8-8d40-001b2193b764"}, "predictions": {"binary": [0, 1, 1, 1, 1, 1, 1, 1, 1, 1, 1, 1, 0, 1, 0, 1, 1, 1, 0, 1, 1, 0, 1, 1, 0, 0, 0, 1, 1, 1, 0, 1, 1, 1, 0, 1, 0, 0, 1, 0, 0, 0, 1, 0, 0, 1, 0, 1, 1, 0, 0, 1, 1, 1, 1, 1, 0, 1, 1, 1, 1, 1, 1, 0, 1, 0, 1, 1, 0, 0, 0, 1, 1, 1, 0, 0, 0, 0, 0, 0, 1, 1, 1, 1, 1, 1, 1, 1, 0, 0, 0, 0, 1, 1, 1, 1, 1, 1, 1, 1, 0, 0, 0, 1, 1, 1, 1, 1, 0, 0, 1, 0, 1, 0, 0, 0, 1, 1, 1, 1, 1, 1, 1, 1, 1, 1, 1, 1, 1, 1, 1, 1, 1, 1, 1, 1, 1, 1, 1, 1, 1, 1, 1, 1, 1, 1, 1, 1, 1, 1, 1, 1, 1, 1, 1, 1, 1, 1, 1, 1, 1, 1, 1, 1, 1, 1, 1, 1, 1, 1, 1, 1, 1, 1, 1, 1, 1, 0, 1, 1, 1, 1, 1, 0, 1, 1, 1, 1, 1, 1, 1, 1, 1, 1, 1, 1, 1, 1, 1, 1, 1, 1, 0, 1, 1, 1, 1, 1, 1, 1, 1, 1, 1, 1, 1, 1, 0, 0, 1, 1, 1, 1, 1, 1, 1, 1, 1, 1, 1, 0, 1, 1, 1, 1, 1, 1], "proba": [0.5105455349527435, 0.4864477977720413, 0.4780549083810769, 0.4632395744791717, 0.48291166258616863, 0.4873464354591939, 0.46957132121000017, 0.4846473711857554, 0.44492980119457576, 0.47845189298708557, 0.49427704652708637, 0.48760955898210007, 0.6572436472122022, 0.49288490682742286, 0.6634408041991962, 0.45658037769529186, 0.49436956871715954, 0.48292822852752887, 0.550965506372516, 0.49541195458578224, 0.49928114416701985, 0.6600929533913528, 0.45608743897885173, 0.4903586659966736, 0.5066723920905227, 0.6519162851207481, 0.5118281561640287, 0.3996121226530352, 0.49836004998237465, 0.49721434077236565, 0.6570267251742674, 0.4737674432580281, 0.4856475719525968, 0.4610324704978205, 0.510142618193571, 0.48760297049531415, 0.5059864320046364, 0.648046572061883, 0.4874069074010871, 0.6584728747256257, 0.5246825098636557, 0.5018218175756992, 0.49975458821157737, 0.5450266087567919, 0.5066670681014829, 0.4795667454911833, 0.6569777174894187, 0.4862297624755428, 0.49278541417822447, 0.5502663606136297, 0.5037033586222432, 0.4760451262441729, 0.4591239865697214, 0.4732912570838499, 0.49751463730989104, 0.48340071902852066, 0.6628345203640379, 0.4783489235895238, 0.4757293644515824, 0.4612555452774857, 0.4806594574615787, 0.49362839485463933, 0.4995916320758824, 0.656992891061531]}}