{"metrics": {"test": {"fp": [0], "f1_score": [1.0], "risk": [0.0], "recall": [1.0], "sensitivity": [1.0], "precision": [1.0], "tp": [14], "tn": [20], "specificity": [1.0], "fn": [0]}, "train": {"fp": [2], "f1_score": [0.975609756097561], "risk": [0.022058823529411766], "recall": [0.9836065573770492], "sensitivity": [0.9836065573770492], "precision": [0.967741935483871], "tp": [60], "tn": [73], "specificity": [0.9733333333333334], "fn": [1]}}, "model": {"n_features": 26053723}, "data": {"path": "/scratch/adrouin/data/patric/single_species_datasets/ticarcillin_clavulanic_acid___2202579077548954665/dataset.kover", "split": "train_0.800_seed_2_10_folds", "uuid": "f15e3612-06d1-11e8-9a0b-001b2193b764"}, "predictions": {"binary": [0, 0, 0, 0, 0, 0, 0, 0, 0, 0, 0, 0, 0, 0, 0, 0, 0, 0, 0, 0, 0, 0, 0, 0, 0, 0, 0, 0, 1, 0, 0, 0, 0, 0, 0, 0, 0, 0, 0, 0, 0, 0, 0, 0, 0, 0, 0, 0, 0, 0, 0, 0, 0, 0, 0, 1, 0, 0, 0, 0, 0, 0, 0, 0, 0, 0, 0, 0, 0, 0, 0, 0, 0, 0, 0, 0, 0, 0, 0, 0, 0, 0, 0, 0, 0, 0, 0, 0, 0, 0, 0, 0, 0, 0, 0, 1, 1, 1, 1, 1, 1, 1, 1, 1, 1, 1, 1, 1, 1, 1, 0, 1, 1, 1, 1, 1, 1, 1, 1, 1, 1, 1, 1, 1, 1, 1, 1, 1, 1, 1, 1, 1, 1, 1, 1, 1, 1, 1, 1, 1, 1, 1, 1, 1, 1, 1, 1, 1, 1, 1, 1, 1, 1, 1, 1, 1, 1, 1, 1, 1, 1, 1, 1, 1, 1, 1, 1, 1, 1, 1], "proba": [0.041087637926373634, 0.03843472877098339, 0.041054943533976464, 0.04111053204178286, 0.043253826128348535, 0.0408449920957786, 0.038173794393192365, 0.04429714566035355, 0.04110277961411253, 0.04037221913001572, 0.041088223249897575, 0.04108804580213452, 0.04108189975188489, 0.04113576696055517, 0.041085942564315574, 0.04131003300953109, 0.03598222623461636, 0.041087738390290625, 0.041088540006027775, 0.04051062950034067, 0.03666857896796135, 0.04109136044898527, 0.0426057306489674, 0.04107914773364362, 0.03648096659404956, 0.04109299879146082, 0.035661956123145946, 0.04110214240649876, 0.9203678039077287, 0.041094840455241755, 0.04107841745095219, 0.11664278244865116, 0.04107411481560353, 0.04101373236237179, 0.041071909084721164, 0.04092224663143896, 0.04108867684842998, 0.07020016353324664, 0.048181488560462955, 0.04037791066084406, 0.03878049524184277, 0.03863660631309405, 0.03821252156419091, 0.07481206685589795, 0.04083094393640793, 0.04108985025585542, 0.03796028860590637, 0.04137934490426624, 0.04109407865444982, 0.039178521392854326, 0.034435840341946466, 0.07485866759822282, 0.041101488681319256, 0.03728803902821098, 0.04104991423869839, 0.9041202940611511, 0.04108103923003249, 0.04110935184120927, 0.08473923824078615, 0.04110648177117867, 0.04108568475734293, 0.041086172015492466, 0.04108316361082068, 0.06384731523209848, 0.04107398053682676, 0.041085990992118966, 0.041084436326441334, 0.037502635606766005, 0.041088223249897096, 0.2346499126536441, 0.041081971462756446, 0.03545227810924792, 0.0820860370839402, 0.041077961046247655, 0.04108795529418133, 0.05350039046623474, 0.041089776100664874, 0.03713082647357346, 0.04104878589144732, 0.041083933914460455, 0.04029733723960474, 0.04088776040207, 0.03485591281852157, 0.04109585901356373, 0.04114212423683933, 0.04110011677583332, 0.04108108294453431, 0.041092463248598755, 0.041170435413492905, 0.041092587993382064, 0.04110901166661182, 0.041102761239813414, 0.04108282864063213, 0.041088493192755926, 0.041074988976310615, 0.952617631467294, 0.9564967616306657, 0.9734731540901576, 0.9643814784261678, 0.9320996822349548, 0.9550611629954325, 0.9664055624901337, 0.952747981895577, 0.9572897066280116, 0.9533178047013483, 0.9532937225936493, 0.953274197671993, 0.9525227728976274, 0.9639055934493879, 0.9743773479112503, 0.044032039983053155, 0.9640964191342019, 0.9761778745354587, 0.9586103294737143, 0.9733603484842147, 0.9532909335234054, 0.9665506037049096, 0.9559130277534926, 0.9733302884118707, 0.9664003698676231, 0.9731064401892263, 0.9715542191400389, 0.9541587706729922, 0.9570748881026201, 0.9716476836450609, 0.9584198566567247, 0.8770219998334599, 0.971433764707958, 0.9532793698913875, 0.9555225547748746, 0.9532870780213265, 0.9667710878359523, 0.9662095876499275, 0.9702571205795356, 0.9538222617244623, 0.9671433381008729, 0.9548115397104041, 0.9682683023963401, 0.9532797900306227, 0.9533740636430078, 0.9532666332045757, 0.9211690552710765, 0.9532826454946106, 0.9532582522687745, 0.9532759157257764, 0.9532725435538978, 0.9532935490175521, 0.9558585937775442, 0.9729341327844546, 0.9532490405405228, 0.971968090313321, 0.9662504411529806, 0.9532909426826567, 0.9672437083997618, 0.9549342074134284, 0.9723838552067885, 0.8131410988357508, 0.9721637046695409, 0.9532619783166455, 0.9532654111409551, 0.9010530820238047, 0.953083608067484, 0.9747161843342718, 0.9770983616139192, 0.9692751673424037, 0.9663419474786327, 0.9581573501205407, 0.960405501961979, 0.8848434031221214, 0.9532392648888383]}, "cv": {"hps": {"normalize_kernel": false, "degree": 1.0, "regularizer": 1e-06}, "score": 0.04505494505494505}}