{"metrics": {"test": {"fp": [0], "f1_score": [0.958904109589041], "risk": [0.03260869565217391], "recall": [0.9210526315789473], "sensitivity": [0.9210526315789473], "precision": [1.0], "tp": [35], "tn": [54], "specificity": [1.0], "fn": [3]}, "train": {"fp": [1], "f1_score": [0.9657534246575342], "risk": [0.02702702702702703], "recall": [0.94], "sensitivity": [0.94], "precision": [0.9929577464788732], "tp": [141], "tn": [219], "specificity": [0.9954545454545455], "fn": [9]}}, "model": {"n_features": 107}, "data": {"path": "/scratch/adrouin/patric_data/single_species_datasets/moxifloxacin___-8916328542551230855/dataset.kover", "split": "train_0.800_seed_8_10_folds", "uuid": "188637c8-547d-11e8-9fd4-f0921c053df8"}, "predictions": {"binary": [0, 0, 0, 0, 0, 0, 0, 0, 0, 0, 0, 0, 0, 0, 0, 0, 0, 0, 0, 0, 0, 0, 0, 0, 0, 0, 0, 0, 0, 0, 0, 0, 0, 0, 0, 0, 0, 0, 0, 0, 0, 0, 0, 0, 0, 0, 0, 0, 0, 0, 0, 0, 0, 0, 0, 0, 0, 0, 0, 0, 0, 0, 0, 0, 0, 0, 0, 0, 0, 0, 0, 0, 0, 0, 0, 0, 0, 0, 0, 0, 0, 0, 0, 0, 0, 0, 0, 0, 0, 0, 0, 0, 0, 0, 0, 0, 0, 0, 0, 0, 0, 0, 0, 0, 0, 0, 0, 0, 0, 0, 0, 0, 0, 0, 0, 0, 0, 0, 0, 0, 0, 0, 0, 0, 0, 0, 0, 0, 0, 0, 0, 0, 0, 0, 0, 0, 0, 0, 1, 0, 0, 0, 0, 0, 0, 0, 0, 0, 0, 0, 0, 0, 0, 0, 0, 0, 0, 0, 0, 0, 0, 0, 0, 0, 0, 0, 0, 0, 0, 0, 0, 0, 0, 0, 0, 0, 0, 0, 0, 0, 0, 0, 0, 0, 0, 0, 0, 0, 0, 0, 0, 0, 0, 0, 0, 0, 0, 0, 0, 0, 0, 0, 0, 0, 0, 0, 0, 0, 0, 0, 0, 0, 0, 0, 0, 0, 0, 0, 0, 0, 0, 0, 0, 0, 0, 0, 0, 0, 0, 0, 0, 0, 0, 0, 0, 0, 0, 0, 0, 0, 0, 0, 0, 0, 0, 0, 0, 0, 0, 0, 0, 0, 0, 0, 0, 0, 0, 0, 0, 0, 0, 0, 0, 0, 0, 0, 0, 0, 0, 0, 0, 0, 0, 0, 1, 1, 1, 1, 1, 1, 1, 1, 1, 1, 1, 1, 1, 1, 1, 1, 1, 1, 1, 1, 0, 1, 1, 1, 1, 1, 1, 1, 1, 1, 1, 1, 1, 1, 1, 1, 1, 0, 1, 1, 1, 1, 1, 0, 1, 1, 1, 1, 1, 1, 0, 1, 1, 1, 1, 1, 1, 1, 1, 1, 1, 1, 1, 1, 1, 1, 0, 1, 1, 1, 1, 1, 1, 0, 0, 1, 1, 1, 1, 1, 1, 1, 1, 1, 1, 1, 1, 1, 1, 1, 1, 1, 1, 1, 1, 1, 1, 1, 1, 1, 1, 1, 1, 1, 1, 1, 1, 1, 1, 1, 1, 1, 1, 1, 1, 1, 1, 1, 1, 1, 1, 1, 1, 1, 1, 0, 1, 1, 1, 1, 1, 1, 1, 1, 1, 1, 1, 1, 0, 1, 1, 1, 1, 1, 1, 1, 1, 1, 1, 1, 1, 1, 1, 1, 1, 1, 1, 1, 1, 1, 1, 1, 1, 1, 1, 0, 1, 1, 1, 1, 1, 1, 1, 1, 0, 1, 1, 1, 1, 1, 0, 1, 1, 1, 1, 1, 1, 1, 0, 0, 0, 0, 0, 0, 0, 0, 0, 0, 0, 0, 0, 0, 0, 0, 0, 0, 0, 0, 0, 0, 0, 0, 0, 0, 0, 0, 0, 0, 0, 0, 0, 0, 0, 0, 0, 0, 0, 0, 0, 0, 0, 0, 0, 0, 0, 0, 0, 0], "proba": [0.13863449692092628, 0.188628069482406, 0.08151033930354046, 0.13050939967356778, 0.07584846059757998, 0.05093217955226601, 0.05093217955226601, 0.06482394590603238, 0.04560720199516738, 0.08151033930354046, 0.0755998914769432, 0.06482394590603238, 0.307080540478618, 0.08151033930354046, 0.04101917226621225, 0.0738836107481861, 0.06557851220879327, 0.04616654316981366, 0.08151033930354046, 0.3007946787436754, 0.04560720199516738, 0.12888804400587342, 0.08151033930354046, 0.08151033930354046, 0.05093217955226601, 0.1702138749248425, 0.08151033930354046, 0.07466910789468573, 0.07584846059757998, 0.04985556904152606, 0.05093217955226601, 0.0581475802063825, 0.2947192885238297, 0.10080992277857174, 0.07301416299371286, 0.04445678114830847, 0.10741424016355453, 0.06482394590603238, 0.06458071552379539, 0.08151033930354046, 0.08151033930354046, 0.052890366787763904, 0.04633185816299227, 0.08151033930354046, 0.31026952529969776, 0.06510462130286013, 0.04560720199516738, 0.04560720199516738, 0.08804099801001769, 0.04101917226621225, 0.05093217955226601, 0.05233490410728542, 0.06516700662281527, 0.06482394590603238, 0.08151033930354046, 0.188628069482406, 0.0689402785198644, 0.04101917226621225, 0.07584846059757998, 0.07541447298707024, 0.05404114895464859, 0.0689402785198644, 0.18399505980192415, 0.16921839566877678, 0.05093217955226601, 0.08151033930354046, 0.0689402785198644, 0.0579533767581199, 0.06482394590603238, 0.061766505161141405, 0.046960705728900536, 0.13791831060722348, 0.06510462130286013, 0.04560720199516738, 0.31026952529969776, 0.08253833518503764, 0.21061555582474106, 0.06557851220879327, 0.19460713728720333, 0.07584846059757998, 0.07122690637302134, 0.1803210245305764, 0.04560720199516738, 0.31026952529969776, 0.0689402785198644, 0.08151033930354046, 0.06564155112351934, 0.04101917226621225, 0.188628069482406, 0.188628069482406, 0.04558815443034951, 0.18189554333908542, 0.07541447298707024, 0.04560720199516738, 0.049224930427268554, 0.06557851220879327, 0.05093217955226601, 0.08151033930354046, 0.08151033930354046, 0.08151033930354046, 0.05859879193646812, 0.05093217955226601, 0.07584846059757998, 0.05384186121302568, 0.0784465786668671, 0.065046501973418, 0.05384186121302568, 0.21251590707469772, 0.06482394590603238, 0.06482394590603238, 0.04560720199516738, 0.04101917226621225, 0.07848243672501361, 0.2469971351428591, 0.05093217955226601, 0.08013512997863906, 0.06482394590603238, 0.047738012867876996, 0.05347826948473973, 0.07584846059757998, 0.08151033930354046, 0.07584846059757998, 0.10811711664611201, 0.06413671648077823, 0.05233490410728542, 0.31026952529969776, 0.188628069482406, 0.5, 0.07584846059757998, 0.08151033930354046, 0.06482394590603238, 0.06482394590603238, 0.1599130626178047, 0.045129171776463514, 0.04560720199516738, 0.05679600393208801, 0.08052289895254895, 0.0534224836293136, 0.9578628777302103, 0.045129171776463514, 0.07414461517584027, 0.0689402785198644, 0.08151033930354046, 0.04445678114830847, 0.05093217955226601, 0.043726639520882904, 0.05233490410728542, 0.04558815443034951, 0.051469842789848966, 0.22198872151565865, 0.06557851220879327, 0.04911122425229383, 0.0757150610778348, 0.07584846059757998, 0.052890366787763904, 0.08151033930354046, 0.5, 0.07505373509838802, 0.04560720199516738, 0.10775521999287811, 0.08151033930354046, 0.05679600393208801, 0.04445678114830847, 0.16921839566877678, 0.07116568026931587, 0.052890366787763904, 0.05679600393208801, 0.0736863875690034, 0.053264426838129715, 0.06482394590603238, 0.04560720199516738, 0.04558815443034951, 0.07541447298707024, 0.05093217955226601, 0.5, 0.052890366787763904, 0.08151033930354046, 0.188628069482406, 0.07194031269819819, 0.05404114895464859, 0.08151033930354046, 0.04101917226621225, 0.06516700662281527, 0.05233490410728542, 0.04101917226621225, 0.06482394590603238, 0.05093217955226601, 0.04101917226621225, 0.06482394590603238, 0.040573359459873046, 0.05093217955226601, 0.30783675261702814, 0.18034295816795634, 0.05820061897509914, 0.2424289419749733, 0.16812444510264918, 0.07541447298707024, 0.06482394590603238, 0.05679600393208801, 0.06482394590603238, 0.052890366787763904, 0.06413671648077823, 0.05093217955226601, 0.07575599279597878, 0.06482394590603238, 0.05484450561942413, 0.08151033930354046, 0.04475949975810789, 0.06557851220879327, 0.08151033930354046, 0.08151033930354046, 0.05679600393208801, 0.06482394590603238, 0.05093217955226601, 0.06482394590603238, 0.05093217955226601, 0.13087499548472464, 0.1803210245305764, 0.04445678114830847, 0.0689402785198644, 0.08151033930354046, 0.08151033930354046, 0.05093217955226601, 0.09817640101672294, 0.04560720199516738, 0.04459315325119438, 0.09423002603909103, 0.2764573163311171, 0.05093217955226601, 0.188628069482406, 0.05093217955226601, 0.08151033930354046, 0.04560720199516738, 0.16921839566877678, 0.07584846059757998, 0.07584846059757998, 0.05093217955226601, 0.08066146763689275, 0.04560720199516738, 0.04560720199516738, 0.0689402785198644, 0.052890366787763904, 0.13863449692092628, 0.07584846059757998, 0.10080992277857174, 0.0689402785198644, 0.07584846059757998, 0.04560720199516738, 0.04560720199516738, 0.05093217955226601, 0.12596235883600201, 0.05093217955226601, 0.04435795862721322, 0.052890366787763904, 0.05484450561942413, 0.052890366787763904, 0.06482394590603238, 0.04560720199516738, 0.08124484640655721, 0.07406394152731204, 0.31026952529969776, 0.05673856906462546, 0.04426398656307482, 0.04560720199516738, 0.08151033930354046, 0.06557851220879327, 0.05124720783086809, 0.05132290504838543, 0.04560720199516738, 0.05093217955226601, 0.3359112496088583, 0.08066146763689275, 0.06482394590603238, 0.06482394590603238, 0.8903265834376671, 