{"metrics": {"test": {"fp": [4], "f1_score": [0.9454545454545454], "risk": [0.08695652173913043], "recall": [0.9629629629629629], "sensitivity": [0.9629629629629629], "precision": [0.9285714285714286], "tp": [52], "tn": [11], "specificity": [0.7333333333333333], "fn": [2]}, "train": {"fp": [0], "f1_score": [0.9955555555555555], "risk": [0.007194244604316547], "recall": [0.9911504424778761], "sensitivity": [0.9911504424778761], "precision": [1.0], "tp": [224], "tn": [52], "specificity": [1.0], "fn": [2]}}, "model": {"n_features": 1000000}, "data": {"path": "/scratch/adrouin/data/patric/single_species_datasets/tetracycline___-736338835843459561/dataset.kover", "split": "train_0.800_seed_6_10_folds", "uuid": "9aaa5c84-07f7-11e8-bc88-001b2193b764"}, "predictions": {"binary": [0, 0, 0, 0, 0, 0, 0, 0, 0, 0, 0, 0, 0, 0, 0, 1, 0, 0, 0, 0, 0, 0, 0, 0, 0, 0, 0, 0, 0, 0, 0, 0, 0, 0, 0, 0, 1, 0, 0, 0, 0, 0, 0, 1, 0, 0, 0, 0, 0, 0, 0, 0, 0, 0, 0, 0, 0, 0, 0, 0, 0, 0, 0, 1, 0, 0, 0, 1, 0, 1, 1, 1, 1, 1, 1, 1, 1, 1, 1, 1, 1, 1, 1, 1, 1, 0, 1, 1, 1, 1, 1, 1, 1, 1, 1, 1, 1, 1, 1, 1, 1, 1, 1, 1, 1, 1, 1, 1, 1, 1, 1, 1, 1, 1, 1, 1, 1, 1, 1, 1, 1, 1, 1, 1, 1, 1, 1, 1, 1, 1, 1, 1, 1, 1, 1, 1, 1, 1, 1, 1, 1, 1, 1, 1, 1, 1, 1, 1, 1, 1, 1, 1, 1, 1, 1, 1, 1, 1, 1, 1, 1, 1, 1, 1, 1, 1, 1, 1, 1, 1, 1, 1, 1, 1, 1, 1, 1, 1, 0, 1, 1, 1, 1, 1, 0, 1, 1, 1, 1, 1, 1, 1, 1, 1, 1, 1, 1, 1, 1, 1, 1, 1, 1, 1, 1, 1, 1, 1, 1, 1, 1, 1, 1, 1, 1, 1, 1, 1, 1, 1, 1, 1, 1, 1, 1, 1, 1, 1, 1, 1, 1, 1, 1, 1, 1, 1, 1, 1, 1, 1, 1, 1, 1, 1, 1, 1, 1, 1, 1, 1, 1, 1, 1, 1, 1, 1, 1, 1, 1, 1, 1, 1, 1, 1, 1, 1, 1, 1, 1, 1, 1, 1, 1, 1, 1, 1, 1, 1, 1, 1, 1, 1, 1, 1, 1, 1, 1, 1, 1, 1, 1, 1, 1, 1, 1, 1, 1, 1, 1, 1, 1, 1, 1, 1, 1, 1, 1, 1, 1, 1, 1, 1, 1, 1, 1, 1, 1, 1, 1, 1, 1, 1, 1, 1, 1, 1, 1, 1, 1, 1, 1, 1, 1, 1, 1, 1, 1, 1, 1, 1, 1, 1, 1, 1, 1, 1, 1, 0, 0, 0, 0, 0, 0, 0, 0, 0, 0, 0, 0, 0, 0, 0, 0, 0, 0, 0, 0, 0, 0, 0, 0, 0, 0, 0, 0, 0, 0, 0, 0, 0, 0, 0, 0, 0], "proba": [0.004812666535039964, 0.31898916500029795, 0.026467065454330363, 0.05638752929003514, 0.0020126152968867614, 0.0022986652256637824, 0.03666375616823313, 4.141201071765926e-05, 4.779423052524298e-05, 0.26796751024763615, 0.026304666133997914, 0.03195535013488736, 0.008825541606261582, 0.05009080902949977, 0.03310284854236999, 0.9441010232679068, 0.005397256719441924, 0.014863401542563902, 0.005345395033339413, 0.0036942988069079124, 3.7616812757287273e-07, 0.023752497960981625, 0.2659459224628993, 0.0034587312709766383, 0.00018811149579319594, 0.019954317387701457, 0.06998253340138705, 0.000547598332868131, 0.034121577998989225, 0.09576038539218028, 0.046796040979924916, 0.015196092198629248, 0.04656584332895648, 0.19238454062424165, 0.004576629524923662, 0.23672814504035733, 0.6867679637152857, 0.002754846425691113, 0.00893081827202362, 0.001039234001444993, 0.017577923005985107, 0.08210774916558398, 0.01255449880360801, 0.8895898521631902, 0.003184504774002767, 0.002515572822712512, 0.0011631807902595314, 8.155513814425858e-05, 0.015306732125442384, 0.010447791411499433, 0.021385216532684423, 0.000266039487947598, 0.20864322795858284, 0.01743590691573889, 0.1305981561191775, 0.004051011899267834, 0.007610002020182741, 0.03750382814994951, 0.026539961737440065, 0.0012282367261987023, 0.4113264452208597, 0.005113801572676622, 0.08030698810837714, 0.99384772231531, 0.014024910959769632, 0.004236690981909764, 0.32834365062894183, 0.9992410927607885, 0.40913351786252544, 0.7014777753690628, 0.9999158841536506, 0.9990718861066069, 0.999660413495694, 0.9954461770959347, 0.9983937628334915, 0.9939709162205859, 0.9994722425621512, 0.5441080605898707, 0.9916175738630986, 0.9986506622203584, 0.9999774510634717, 0.9993605277427867, 0.999946583083289, 0.9996192338151183, 0.9336790342055223, 0.4052735205928877, 0.9982205231333922, 0.9767405969523059, 0.9996699506398825, 0.9999459082022196, 0.9896663842338412, 0.9999419746939268, 0.9938699415270135, 0.9985090086524202, 0.9999567811592103, 0.8580945383710232, 0.9999105865123741, 0.973132430287394, 0.9996753178632345, 0.9999290958860393, 0.9965340629568835, 0.99886423554657, 0.9474637573029105, 0.9399685015595265, 0.999916765810518, 0.9985744369763581, 0.9999806984900036, 0.9989107436920119, 0.9935052816020115, 0.9955701568081591, 0.997410995576768, 0.9999105865123741, 0.9999138890678999, 0.9998799305284777, 0.9999647361525446, 0.959520753493921, 0.964548119917046, 0.9987141864329324, 0.989023253183976, 0.9996991080906704, 0.9991214737856108, 0.9996302513111069, 0.9996920202947921, 0.999456441957704, 0.9694330123038746, 0.9969161209808889, 0.9959361148679171, 0.9640905197629503, 0.9994439393402759, 0.999946583083289, 0.994272369002495, 0.9982925105331171, 0.9311776609473331, 0.9985090086524202, 0.9871025391485775, 0.9995647780398642, 0.9515170791444011, 0.8457078323867059, 0.9999230517936636, 0.9999532877111904, 0.9999657854359048, 0.9999114130100942, 0.9949238350742162, 0.9985236818439821, 0.9999195449275404, 0.9992185744341694, 0.9993764128887658, 0.9996149014551752, 0.9631208500424635, 0.9999528939205572, 0.9999268045683454, 0.9997852073230102, 0.9999558018193275, 0.9190895021132341, 0.9996707243774743, 0.999967277923896, 0.9999532877111904, 0.9998554563703357, 0.9998768806907419, 0.7448319735825061, 0.9536377578716415, 0.9999195365390783, 0.9998541642909045, 0.9999647361525446, 0.999967277923896, 0.999967277923896, 0.9807085673649969, 0.9998482790882212, 0.9999532877111904, 0.9999712431633677, 0.9999774510634717, 0.9998937572734153, 0.9812611061544597, 0.9890004835014785, 0.9444482879811988, 0.8854939280450043, 0.9560872510453633, 0.9782083195873351, 0.4559148125466514, 0.9757602948255512, 0.9249259936726384, 0.9891927146197467, 0.9716306988856779, 0.9662148308054342, 0.46349516499861965, 0.9846744565131879, 0.9753423329994507, 0.9806623080404849, 0.9364908207922886, 0.8941404594572779, 0.994106435808552, 0.9630610564882137, 0.9935506209132485, 0.9782623685163855, 0.9874969613593799, 0.8938771196973833, 0.9993055330532203, 0.8936365016300526, 0.9895672000337407, 0.9976134830015305, 0.9955444859538983, 0.906715589366652, 0.9799317117609245, 0.9804912897756474, 0.9999017328997721, 0.9969561748375069, 0.9999530554780037, 0.9879129803977688, 0.6316982642351399, 0.9953733726959272, 0.9951240524670931, 0.9934176697697532, 0.9996208250715474, 0.9998814582993343, 0.9999411491612985, 0.9985205385294045, 0.9999237455363624, 0.9994639240613579, 0.9999234854952019, 0.9994176999148334, 0.9983645847409373, 0.9982260406141303, 0.9999699265768532, 0.9974719154321319, 0.9999362058825443, 0.9827753268205639, 0.9887298412021241, 0.8361687833193399, 0.9967174348120866, 0.999967277923896, 0.9999436462664081, 0.999788838550829, 0.9999532877111904, 0.9999126455304678, 0.9999410120496306, 0.9999175089403223, 0.998233368332078, 0.999917958558202, 0.9999664311017538, 0.999946583083289, 0.9903571941883027, 0.9129923918491457, 0.9999543634963952, 0.9999038100522687, 0.9996122350934995, 0.9997198927175548, 0.9999728938253282, 0.9897755769378114, 0.9999325456114413, 0.9999657854359048, 0.9999413648174259, 0.999228954545152, 0.9996351821745428, 0.9994769267209554, 0.9983069372148368, 0.8979941082931336, 0.9980638831593762, 0.9998642536217961, 0.9980677645438486, 0.9026389921798863, 0.9998412952618937, 0.9720882090167633, 0.9999570260463138, 0.9040137522745483, 0.999967277923896, 0.9995882657215682, 0.9894795157816525, 0.9980445036958839, 0.9775334898461466, 0.9926302885137037, 0.999660988014328, 0.9994649386470177, 0.9979125166814683, 0.9437450938165575, 0.9980503633552835, 0.9999647361525446, 0.9997224461326838, 0.9893141978484943, 0.9999488585994922, 0.9740831041669075, 0.9871496270789141, 0.9994694524854287, 0.9891557136013702, 0.9988613884436868, 0.8828349487291395, 0.9559245716414629, 0.9728293582598688, 0.998668801591563, 0.9850864985976805, 0.9870345311402255, 0.9983705380169259, 0.754991639635639, 0.9980631554023662, 0.9735301166048539, 0.981425124692142, 0.9618408655652442, 0.9999852332388073, 0.9974752374822944, 