{"metrics": {"test": {"fp": [1], "f1_score": [0.9636363636363636], "risk": [0.057971014492753624], "recall": [0.9464285714285714], "sensitivity": [0.9464285714285714], "precision": [0.9814814814814815], "tp": [53], "tn": [12], "specificity": [0.9230769230769231], "fn": [3]}, "train": {"fp": [5], "f1_score": [0.9493087557603687], "risk": [0.07913669064748201], "recall": [0.9237668161434978], "sensitivity": [0.9237668161434978], "precision": [0.976303317535545], "tp": [206], "tn": [50], "specificity": [0.9090909090909091], "fn": [17]}}, "model": {"n_features": 1000000}, "data": {"path": "/scratch/adrouin/data/patric/single_species_datasets/ampicillin___-736338835843459561/dataset.kover", "split": "train_0.800_seed_5_10_folds", "uuid": "df5b8ec2-07cd-11e8-a4fc-001b2193b764"}, "predictions": {"binary": [0, 0, 0, 0, 0, 0, 0, 0, 1, 1, 0, 0, 0, 0, 0, 0, 0, 0, 0, 0, 0, 0, 0, 0, 0, 0, 1, 0, 0, 0, 0, 0, 0, 1, 0, 0, 0, 0, 0, 0, 0, 0, 0, 0, 0, 0, 0, 0, 0, 0, 0, 1, 0, 0, 0, 0, 0, 0, 1, 0, 0, 0, 0, 0, 0, 0, 0, 0, 1, 1, 1, 1, 0, 1, 1, 1, 1, 1, 1, 1, 1, 1, 1, 1, 1, 1, 1, 1, 1, 1, 1, 1, 1, 1, 1, 1, 0, 1, 1, 1, 1, 1, 1, 1, 1, 1, 1, 1, 1, 1, 1, 1, 0, 1, 1, 1, 1, 1, 1, 1, 1, 1, 1, 1, 1, 1, 1, 1, 1, 0, 1, 1, 1, 1, 1, 1, 1, 1, 1, 1, 0, 1, 1, 1, 1, 1, 1, 1, 1, 1, 1, 1, 1, 1, 1, 1, 1, 0, 1, 1, 1, 1, 1, 1, 0, 1, 1, 1, 1, 1, 1, 1, 1, 1, 1, 0, 1, 1, 0, 1, 1, 1, 1, 1, 1, 1, 1, 1, 1, 1, 1, 1, 1, 1, 0, 1, 1, 1, 1, 1, 1, 1, 1, 1, 1, 1, 1, 1, 1, 1, 1, 1, 1, 1, 1, 1, 1, 1, 0, 1, 1, 1, 1, 1, 1, 1, 1, 1, 1, 1, 1, 1, 1, 1, 1, 1, 1, 1, 1, 1, 1, 1, 1, 0, 1, 1, 1, 1, 1, 1, 1, 1, 1, 1, 1, 1, 1, 1, 1, 0, 0, 1, 0, 0, 1, 1, 1, 1, 1, 1, 1, 1, 1, 1, 1, 1, 1, 1, 1, 1, 1, 1, 1, 1, 1, 1, 1, 1, 1, 1, 1, 1, 1, 1, 1, 1, 1, 1, 1, 1, 1, 1, 1, 1, 1, 1, 1, 0, 1, 1, 1, 1, 1, 1, 1, 1, 1, 1, 1, 1, 1, 1, 1, 1, 0, 1, 1, 1, 1, 1, 1, 1, 1, 1, 1, 1, 1, 1, 1, 1, 0, 0, 1, 1, 1, 1, 1, 0, 0, 0, 0, 0, 0, 0, 0, 0, 0, 0, 0, 0, 0, 0, 0, 0, 0, 0, 0, 0, 0, 0, 0, 0, 0, 0, 0, 0, 0, 0, 0, 0, 0, 0, 0, 0], "proba": [0.20152680434791598, 0.027899690383708497, 0.03209535455769204, 0.0010396075376464752, 0.10640323457011462, 0.10904478560272034, 0.10904795968021916, 0.4570782711830258, 0.5162496702687148, 0.9212687770659053, 0.23292895893350946, 0.2689239916449207, 0.04774632708656835, 0.1385731781033697, 0.07141225673536118, 0.0046452669795090905, 0.08349055332288209, 0.013460513991659715, 0.007706448921463937, 0.0005598541436862433, 0.07725162740731137, 0.10315734944519421, 0.0005096447515294791, 2.6815106997079362e-05, 0.26248046182941714, 0.000900402759011535, 0.6798030934153557, 0.08493181376801878, 0.03304716417926834, 0.0238893677351316, 0.16898072555106766, 0.07128100294720542, 0.08559367584863137, 0.9212687770659053, 0.1289004811005921, 0.0880822301169714, 0.2689239916449207, 0.3662634013507864, 0.20152680434791598, 0.046576317495952736, 0.0008638034209157154, 0.2689239916449207, 0.2720608382867203, 0.03023473038473101, 0.11246789885522064, 0.002375556756844892, 0.23953212742619764, 0.001371775677891422, 0.07906337949672507, 0.0017720513846214453, 0.21768727474789737, 0.8237495523869071, 0.006086876209346074, 0.035279067369937835, 0.013166597839928898, 0.1102521935982655, 0.006696772429647977, 0.09627654170925104, 0.8803903439788624, 0.07227413758113072, 0.07446377837762745, 0.2600336250744253, 0.042280373174571714, 0.13801194026896996, 0.04318617385388768, 0.06893111521414853, 0.005606428240560588, 0.05983932632779427, 0.9212687770659053, 0.8545006656681503, 0.8541789819307144, 0.8244322867039346, 0.28755912640232495, 0.8244322867039346, 0.963641752859994, 0.826445206527316, 0.8244322867039346, 0.7806327592696634, 0.8082842431681636, 0.8237495523869071, 0.9212687770659053, 0.9838376112438756, 0.9212687770659053, 0.921475446627941, 0.9366655878384812, 0.8244322867039346, 0.9223678943581131, 0.9212687770659053, 0.9446115326557685, 0.8237495523869071, 0.8244322867039346, 0.8381640240879978, 0.9462543302648374, 0.8244322867039346, 0.9958931406979412, 0.8079604791393694, 0.12810261618054042, 0.9363157114681613, 0.9212687770659053, 0.9216233435967138, 0.8550750265804524, 0.9161266540877218, 0.6798030934153557, 0.8352766534436551, 0.9212739592204754, 0.9072969759887779, 0.9212687770659053, 0.9212687770659053, 0.9363157114681613, 0.9190380331181659, 0.9100519838529902, 0.9212687770659053, 0.2684160775369148, 0.9212687770659053, 0.8366210315638882, 0.8377181370149407, 0.921264750289511, 0.8380007892101846, 0.9212687770659053, 0.9248479203999418, 0.8248001938772622, 0.8237495523869071, 0.8545006656681503, 0.7012824610441082, 0.865403204836987, 0.9969965048176281, 0.835881681758591, 0.921115297286446, 0.5387675329375775, 0.4963421420483958, 0.9234648100034859, 0.9363157114681613, 0.9174256541239583, 0.9212687770659053, 0.9212687770659053, 0.9199165284345467, 0.9212207101798838, 0.8236262977822277, 0.9363157114681613, 0.9212687770659053, 0.2689239916449207, 0.9181713067710257, 0.9212687770659053, 0.9212687770659053, 0.9212687770659053, 0.9212687770659053, 0.9212687770659053, 0.9212687770659053, 0.9212687770659053, 0.9212687770659053, 0.935895247440987, 0.9212687770659053, 0.9212687770659053, 0.9212687770659053, 0.9212687770659053, 0.9212687770659053, 0.9212687770659053, 0.13801194026896996, 0.9212601887988411, 0.9212687770659053, 0.9388535996163658, 0.9212687770659053, 0.9248479203999418, 0.9212687770659053, 0.2689239916449207, 0.9212687770659053, 0.9212687770659053, 0.9212687770659053, 0.9248479203999418, 0.9212687770659053, 0.9210967467381673, 0.8190202601050421, 0.9193086023022747, 0.9179395746110673, 0.9333486795611075, 0.2512617321761977, 0.8281063814450174, 0.9214668831462443, 0.2689239916449207, 0.9212687770659053, 0.9212687770659053, 0.917605980050792, 0.9447718259664579, 0.9212687770659053, 0.9212687770659053, 0.9212687770659053, 0.9213870584122363, 0.9446115326557685, 0.9027649454322644, 0.9212687770659053, 0.9212823196293559, 0.9212687770659053, 0.9212687770659053, 0.9212687770659053, 0.27384340125598244, 0.9363157114681613, 0.9212687770659053, 0.8429629891286134, 0.921284049167222, 0.921284049167222, 0.9212687770659053, 0.9432650844698414, 0.9203501392879868, 0.9045132684660538, 0.935895247440987, 0.9187740250207728, 0.935889564463739, 0.9323217627387264, 0.872515307902164, 0.9126434330289903, 0.9241517845823313, 0.9335737521913332, 0.9212687770659053, 0.9363157114681613, 0.9276377350369952, 0.8426796847491843, 0.9212687770659053, 0.9212687770659053, 0.2689239916449207, 0.9212687770659053, 0.9210861452734735, 0.8392642214173174, 0.8571126786258935, 0.8431316251921074, 0.9181016511250596, 0.9363157114681613, 0.8988266129235655, 0.9317644971624405, 0.9331832688108472, 0.9341222309296977, 0.9229495212049685, 0.8807886260877487, 0.9401267109436046, 0.9254412067363761, 0.9212687770659053, 0.8812841390562025, 0.9212687770659053, 0.9212687770659053, 0.9212687770659053, 0.9363157114681613, 0.9243529388715329, 0.9190439213005501, 0.9211398125002542, 0.2689239916449207, 0.9363157114681613, 0.835881681758591, 0.9212687770659053, 0.835881681758591, 0.9212687770659053, 0.835881681758591, 0.9212687770659053, 0.9212687770659053, 0.8841346053269945, 0.9212687770659053, 0.9169522982090331, 0.8846414617250439, 0.826536457174998, 0.5778081995492215, 0.5179914440001833, 0.2689239916449207, 0.2689239916449207, 0.9212687770659053, 0.2689239916449207, 0.2817027935828318, 0.8359435385808991, 0.8507607919754662, 0.9212687770659053, 0.9115163544949565, 0.9212687770659053, 0.9212687770659053, 0.9212687770659053, 0.9212687770659053, 0.9212687770659053, 0.9218879324272785, 0.8358784332363476, 0.835881681758591, 0.9360017902432919, 0.944803240141163, 0.9212687770659053, 0.9212687770659053, 0.9363157114681613, 0.935895247440987, 0.9212687770659053, 0.9212687770659053, 0.9212687770659053, 0.9212687770659053, 0.9212687770659053, 0.9212687770659053, 0.9212687770659053, 0.9212075540997301, 0.9212687770659053, 0.9212687770659053, 0.9175752340181105, 0.9212687770659053, 0.9383898445336284, 0.921474998402659, 0.9358917094261762, 0.9212687770659053, 