{"metrics": {"test": {"fp": [3], "f1_score": [0.9090909090909091], "risk": [0.14492753623188406], "recall": [0.8771929824561403], "sensitivity": [0.8771929824561403], "precision": [0.9433962264150944], "tp": [50], "tn": [9], "specificity": [0.75], "fn": [7]}, "train": {"fp": [7], "f1_score": [0.9612068965517241], "risk": [0.06474820143884892], "recall": [0.9529914529914529], "sensitivity": [0.9529914529914529], "precision": [0.9695652173913043], "tp": [223], "tn": [37], "specificity": [0.8409090909090909], "fn": [11]}}, "model": {"n_features": 1000000}, "data": {"path": "/scratch/adrouin/data/patric/single_species_datasets/streptomycin___-736338835843459561/dataset.kover", "split": "train_0.800_seed_6_10_folds", "uuid": "3c54eb68-07f2-11e8-aaa1-001b2193b764"}, "predictions": {"binary": [0, 0, 0, 0, 0, 0, 1, 0, 0, 0, 0, 0, 0, 0, 0, 0, 0, 0, 0, 0, 0, 0, 0, 1, 0, 1, 1, 0, 0, 1, 0, 0, 0, 0, 0, 0, 1, 0, 0, 1, 0, 1, 0, 0, 1, 0, 0, 0, 0, 0, 0, 1, 0, 0, 0, 0, 1, 1, 1, 1, 1, 1, 0, 1, 1, 1, 1, 1, 1, 1, 1, 1, 1, 1, 1, 1, 1, 1, 1, 1, 1, 1, 1, 1, 0, 0, 1, 1, 1, 1, 1, 1, 1, 1, 1, 1, 1, 1, 1, 1, 1, 0, 0, 1, 1, 1, 1, 1, 1, 1, 0, 1, 1, 1, 1, 1, 1, 1, 0, 1, 0, 0, 1, 1, 1, 1, 1, 1, 1, 1, 1, 1, 1, 1, 1, 1, 1, 1, 1, 1, 1, 1, 1, 1, 1, 1, 1, 1, 1, 1, 1, 1, 1, 1, 0, 1, 1, 1, 1, 1, 1, 1, 1, 1, 1, 1, 1, 1, 1, 1, 1, 1, 1, 1, 1, 1, 1, 1, 1, 1, 1, 0, 1, 1, 1, 1, 1, 1, 1, 1, 1, 1, 1, 1, 0, 1, 1, 1, 1, 1, 1, 1, 1, 1, 1, 1, 1, 1, 1, 1, 1, 1, 1, 1, 1, 1, 1, 1, 1, 1, 1, 1, 1, 1, 1, 1, 1, 1, 1, 1, 1, 1, 1, 1, 1, 1, 1, 1, 1, 1, 1, 1, 1, 1, 1, 1, 1, 1, 1, 1, 1, 1, 1, 1, 0, 0, 1, 1, 1, 1, 1, 0, 1, 1, 1, 1, 0, 1, 1, 1, 1, 1, 1, 1, 1, 1, 1, 1, 1, 1, 1, 1, 1, 1, 1, 1, 1, 1, 1, 1, 1, 1, 1, 1, 1, 1, 1, 1, 1, 1, 1, 1, 0, 1, 1, 1, 1, 1, 1, 1, 1, 1, 1, 1, 1, 1, 1, 1, 1, 1, 1, 1, 1, 1, 1, 1, 1, 1, 1, 1, 1, 1, 1, 0, 1, 1, 1, 1, 1, 1, 1, 1, 1, 1, 1, 1, 1, 0, 0, 0, 0, 0, 0, 0, 0, 0, 0, 0, 0, 0, 0, 0, 0, 0, 0, 0, 0, 0, 0, 0, 0, 0, 0, 0, 0, 0, 0, 0, 0, 0, 0, 0, 0, 0], "proba": [0.09170581242114793, 0.303747584876179, 0.19475966281805943, 0.23057005634615163, 0.17135457570838006, 0.0962858794644218, 0.6840248288167119, 0.3034057798357296, 0.16014319100551672, 0.13943538144596737, 0.178029534166251, 0.1594362589561608, 0.10087531646608015, 0.3015730872240194, 0.01669652287033122, 0.00224764626782669, 0.0022196276831628024, 0.0021825051283543063, 0.3052945813224769, 0.15687469175118446, 0.15487038861138264, 0.07890527792121886, 0.10272708619649641, 0.8650053646002885, 0.16598045050743987, 0.8065737412872721, 0.8131482682501685, 0.306399695407523, 0.002198604009676671, 0.8652935567347996, 0.30449927033195845, 0.1572620675923897, 0.24840638113402447, 0.13644280510873855, 0.07927378483709294, 0.1897877760072205, 0.8652935567347996, 0.1831227135217226, 0.19169108142166952, 0.5650148198758709, 0.17936308562721526, 0.5665804096026813, 0.21553365140955566, 0.22526017608109947, 0.8628562932578877, 0.3054140109834582, 0.29549320394155865, 0.17797068216975698, 0.19417605164244592, 0.1769564717651889, 0.195060102664938, 0.8652935567347996, 0.1498757554348547, 0.18679824791346206, 0.18906205260826586, 0.19547114182427697, 0.8078002988108438, 0.8086085329905216, 0.8087540625961456, 0.8087540625961456, 0.8111504689408814, 0.8086085329905216, 0.46212986094111846, 0.8024590491170281, 0.8086085329905216, 0.8131482682501685, 0.8131482682501685, 0.8086085329905216, 0.8651920623647394, 0.8087540625961456, 0.8086085329905216, 0.8652935567347996, 0.8131482682501685, 0.8654022668295942, 0.8131482682501685, 0.5664067735734816, 0.8652935567347996, 0.8133345082361437, 0.8086085329905216, 0.8641336645830751, 0.8131482682501685, 0.8653182423801062, 0.808511301018263, 0.7919650750251651, 0.46212986094111846, 0.4694961315108363, 0.8654031589044403, 0.8652935567347996, 0.8086085329905216, 0.8065737412872721, 0.8652935567347996, 0.8131482682501685, 0.814658841356339, 0.8652935567347996, 0.8656443509574641, 0.8652935567347996, 0.8645347373745826, 0.8652935567347996, 0.8652935567347996, 0.8652935567347996, 0.6676181425262137, 0.47682446108950655, 0.47682822385048207, 0.8652935567347996, 0.8652003173235658, 0.8652935567347996, 0.8652935567347996, 0.8649460147437665, 0.8652935567347996, 0.8652935567347996, 0.4629143722317407, 0.8087540625961456, 0.8087540625961456, 0.805337433434618, 0.669624189783072, 0.8654031589044403, 0.8647993773736303, 0.8488397685874041, 0.4694961315108363, 0.8652935567347996, 0.18788140999419292, 0.19281695805909047, 0.8653612166581667, 0.865399837226891, 0.865281308711374, 0.8132641612294111, 0.8651783322030566, 0.8142344094147, 0.8131542373544933, 0.8651920623647394, 0.8654031589044403, 0.8652935567347996, 0.8652935567347996, 0.8652935567347996, 0.8635112919415587, 0.8652935567347996, 0.8652935567347996, 0.8652935567347996, 0.8652935567347996, 0.8652935567347996, 0.8652935567347996, 0.8652935567347996, 0.8652935567347996, 0.8652935567347996, 0.8646432880368375, 0.8652935567347996, 0.8652935567347996, 0.8653730279886163, 0.8652935567347996, 0.8652935567347996, 0.8652935567347996, 0.8652935567347996, 0.8651920623647394, 0.8652935567347996, 0.4694961315108363, 0.5664067735734816, 0.8650256590502268, 0.8649460147437665, 0.8653117461090342, 0.8652935567347996, 0.5664067735734816, 0.8652935567347996, 0.5664067735734816, 0.8652935567347996, 0.8652935567347996, 0.8630195519953282, 0.8633947835808756, 0.8652935567347996, 0.8652935567347996, 0.8652935567347996, 0.8652935567347996, 0.8652935567347996, 0.8652935567347996, 0.8652935567347996, 0.8142530998561844, 0.5661929832577597, 0.5664067735734816, 0.5664067735734816, 0.8652935567347996, 0.5664067735734816, 0.5666262723980154, 0.1823405469548858, 0.8488397685874041, 0.8649460147437665, 0.8652935567347996, 0.8652935567347996, 0.8652935567347996, 0.8652935567347996, 0.56571492019228, 0.8654031589044403, 0.8653007916267089, 0.8656443509574641, 0.8652549055278345, 0.865213234987285, 0.3066291136914047, 0.8653612166581667, 0.8652935567347996, 0.8652935567347996, 0.8652935567347996, 0.8652935567347996, 0.8652935567347996, 0.8651920623647394, 0.6805874601954183, 0.8653730279886163, 0.6741257716846053, 0.8131482682501685, 0.6536609735615098, 0.8652935567347996, 0.8645347371489868, 0.8652935567347996, 0.8652935567347996, 0.8652935567347996, 0.8652935567347996, 0.8126953135233577, 0.8644522307937792, 0.8636557837817056, 0.813015975128895, 0.8652935567347996, 0.864951025161642, 0.8652935567347996, 0.8652935567347996, 0.8652935567347996, 0.8649460147437665, 0.8652935567347996, 0.8652935567347996, 0.8652935567347996, 0.5664067735734816, 0.8652935567347996, 0.865183576253595, 0.8649460147437665, 0.8653730279886163, 0.8652935567347996, 0.8652935567347996, 0.6707730119770092, 0.8652935567347996, 0.8653017342589964, 0.5664935936289215, 0.8623307663698525, 0.8488397685874041, 0.8652935567347996, 0.8652935567347996, 0.8652935567347996, 0.8652935567347996, 0.8289075453921769, 0.8648442994195048, 0.8652935567347996, 0.8652935567347996, 0.8131482682501685, 0.8652935567347996, 0.8652935567347996, 0.8652935567347996, 0.8131482682501685, 0.8652935567347996, 0.5664067735734816, 0.17703748943659328, 0.17715108752663852, 0.8652935567347996, 0.8615945863035581, 0.8652935567347996, 0.8652857989818423, 0.5664067735734816, 0.46951159158064826, 0.5553538724887935, 0.5663618809840552, 0.6676181425262137, 0.8131482682501685, 0.3521601338930168, 0.8289075453921769, 0.8654031589044403, 0.8654031589044403, 0.8131482682501685, 0.8652935567347996, 0.8653228923379688, 0.8652935567347996, 0.8652935567347996, 0.861744919176114, 0.8602562684782609, 0.8592484730819819, 0.8646586966150223, 0.8654031589044403, 0.8652935567347996, 0.865091719558588, 0.8653117461456555, 0.8652935567347996, 0.8656443509574641, 0.8651165218816111, 0.8650626271835969, 0.863304144419543, 0.8652935567347996, 0.8652935567347996, 0.8580622919168368, 0.8133976165015141, 0.8439305634329629, 0.8652935567347996, 0.8651995063657508, 0.8652935567347996, 0.5666652374936739, 0.8652935567347996, 0.8652935567347996, 0.8653730279886163, 