{"metrics": {"test": {"fp": [1], "f1_score": [0.7096774193548387], "risk": [0.2727272727272727], "recall": [0.5789473684210527], "sensitivity": [0.5789473684210527], "precision": [0.9166666666666666], "tp": [11], "tn": [13], "specificity": [0.9285714285714286], "fn": [8]}, "train": {"fp": [2], "f1_score": [0.8347826086956522], "risk": [0.1417910447761194], "recall": [0.7384615384615385], "sensitivity": [0.7384615384615385], "precision": [0.96], "tp": [48], "tn": [67], "specificity": [0.9710144927536232], "fn": [17]}}, "model": {"n_features": 86}, "data": {"path": "/scratch/adrouin/data/patric/single_species_datasets/nicotinamide___260162261243005161/dataset.kover", "split": "train_0.800_seed_9_10_folds", "uuid": "2407f734-0767-11e8-a171-001b2193b764"}, "predictions": {"binary": [0, 0, 0, 0, 1, 0, 0, 0, 0, 1, 0, 0, 0, 0, 0, 0, 0, 0, 0, 0, 0, 0, 0, 0, 0, 0, 0, 0, 0, 0, 0, 0, 0, 0, 0, 0, 0, 0, 0, 0, 0, 0, 0, 0, 0, 0, 0, 0, 0, 0, 0, 0, 0, 0, 0, 0, 0, 0, 0, 0, 0, 0, 0, 0, 0, 0, 0, 0, 0, 0, 0, 0, 0, 0, 0, 1, 0, 0, 0, 0, 0, 0, 0, 1, 0, 0, 1, 0, 0, 1, 0, 0, 0, 1, 1, 1, 0, 1, 0, 0, 1, 0, 1, 1, 1, 1, 1, 1, 1, 1, 1, 1, 1, 1, 1, 1, 1, 1, 0, 1, 1, 1, 1, 1, 1, 1, 1, 1, 1, 1, 1, 1, 1, 1, 1, 1, 1, 0, 1, 1, 1, 1, 1, 0, 1, 0, 0, 1, 1, 1, 1, 1, 1, 1, 1, 1, 0, 0, 1, 0, 1, 0, 0, 0, 0, 0, 0, 0, 0, 0, 0, 0, 0, 0, 0, 0, 0, 0, 0, 0, 0, 0, 0, 0, 0, 0, 0, 0, 0, 0, 0, 0], "proba": [0.4843249293445627, 0.21122862281070695, 0.2960460882110265, 0.2184354046068141, 0.8271121384787105, 0.26728173195582444, 0.2891694852415912, 0.2279199639456298, 0.21711027568261654, 0.5411990524694084, 0.19124120589865187, 0.18975204769001927, 0.20553057702971592, 0.2635392997486449, 0.24257150117758114, 0.2484173196509289, 0.2517282360885887, 0.20933430966560884, 0.23793055877106561, 0.19124120589865187, 0.19124120589865187, 0.18975204769001927, 0.23775793963529843, 0.2484173196509289, 0.44470221902946044, 0.19124120589865187, 0.29801170848669145, 0.18688144642303461, 0.2245559248324537, 0.26284497233936605, 0.19416278424622857, 0.2300303154101102, 0.23793055877106561, 0.2484173196509289, 0.21711027568261654, 0.44470221902946044, 0.23142629001845286, 0.2175914098393325, 0.19334898721268215, 0.19124120589865187, 0.40312168632294065, 0.22403881380393925, 0.22403881380393925, 0.44831151952369597, 0.20933430966560884, 0.20933430966560884, 0.258189498632823, 0.2636198539003749, 0.2788916082637609, 0.26728173195582444, 0.23379015156020586, 0.29434553247991446, 0.28480716155218894, 0.4753127726559975, 0.4438628166825987, 0.2763792694224441, 0.3924216012907211, 0.24309739713950412, 0.44470221902946044, 0.440069500108655, 0.22460014541491913, 0.21711027568261654, 0.2636198539003749, 0.4561768915786602, 0.18688144642303461, 0.3130972720412497, 0.30492471526057874, 0.2598440912580433, 0.19124120589865187, 0.22389875056587077, 0.44470221902946044, 0.37551960451646343, 0.19416278424622857, 0.19023607006858556, 0.47963596830959315, 0.630963768998015, 0.19229930809848209, 0.2891694852415912, 0.2891694852415912, 0.3268244836353814, 0.18975204769001927, 0.22460014541491913, 0.20553057702971592, 0.8667660907594238, 0.27499691022434547, 0.2484173196509289, 0.6991544076666639, 0.5, 0.42263025511245683, 0.8144908319426664, 0.3614588016622173, 0.269928742084491, 0.440069500108655, 0.8472617569653563, 0.7077731657429626, 0.8667660907594238, 0.20933430966560884, 0.6445130048641, 0.388729495706077, 0.21733338395184493, 0.8667660907594238, 0.2443835768853406, 0.8667660907594238, 0.6594425992464814, 0.6294462277158022, 0.8667660907594238, 0.8667660907594238, 0.8667660907594238, 0.5997365738317467, 0.6052776346443194, 0.8472617569653563, 0.8667660907594238, 0.8472617569653563, 0.8667660907594238, 0.8326628444475987, 0.6227959040381198, 0.8472617569653563, 0.8472617569653563, 0.4843249293445627, 0.8667660907594238, 0.559817877343949, 0.8667660907594238, 0.8667660907594238, 0.7077731657429626, 0.8472617569653563, 0.8472617569653563, 0.8667660907594238, 0.8472617569653563, 0.86458230586651, 0.8667660907594238, 0.8667660907594238, 0.8667660907594238, 0.8472617569653563, 0.5938690290457914, 0.8667660907594238, 0.8667660907594238, 0.5517882724617477, 0.4843249293445627, 0.8667660907594238, 0.8667660907594238, 0.8618397032063684, 0.6468205600724714, 0.8667660907594238, 0.3391875679359101, 0.8472617569653563, 0.29569987367220896, 0.4843249293445627, 0.8667660907594238, 0.8106974588899216, 0.6468205600724714, 0.8667660907594238, 0.8667660907594238, 0.8667660907594238, 0.7718167966407723, 0.839917992871271, 0.8667660907594238, 0.44470221902946044, 0.4843249293445627, 0.8213931911650549, 0.2678354890355029, 0.8667660907594238, 0.4843249293445627, 0.44470221902946044, 0.2678354890355029, 0.41805436561003223, 0.2943958855506842, 0.26269461208487266, 0.5, 0.5, 0.5, 0.5, 0.5, 0.5, 0.5, 0.5, 0.5, 0.5, 0.5, 0.5, 0.5, 0.5, 0.5, 0.5, 0.5, 0.5, 0.5, 0.5, 0.5, 0.5, 0.5, 0.5, 0.5]}}