{"metrics": {"test": {"fp": [5], "f1_score": [0.9333333333333332], "risk": [0.11764705882352941], "recall": [0.9767441860465116], "sensitivity": [0.9767441860465116], "precision": [0.8936170212765957], "tp": [42], "tn": [3], "specificity": [0.375], "fn": [1]}, "train": {"fp": [5], "f1_score": [0.9738562091503268], "risk": [0.03902439024390244], "recall": [0.9802631578947368], "sensitivity": [0.9802631578947368], "precision": [0.9675324675324676], "tp": [149], "tn": [48], "specificity": [0.9056603773584906], "fn": [3]}}, "model": {"n_features": 14599054}, "data": {"path": "/scratch/adrouin/data/patric/single_species_datasets/amikacin___-3225223558739261696/dataset.kover", "split": "train_0.800_seed_6_10_folds", "uuid": "99a32c1e-095d-11e8-9258-001b2193b764"}, "predictions": {"binary": [0, 1, 0, 0, 0, 0, 0, 0, 0, 0, 0, 0, 0, 0, 0, 1, 0, 0, 0, 0, 0, 1, 0, 0, 0, 0, 1, 0, 1, 0, 0, 0, 0, 1, 0, 0, 0, 0, 0, 1, 0, 0, 0, 1, 0, 0, 0, 0, 0, 0, 0, 1, 1, 0, 0, 0, 0, 0, 0, 0, 0, 1, 1, 1, 1, 1, 1, 1, 1, 1, 1, 1, 1, 1, 1, 1, 1, 1, 1, 1, 1, 1, 1, 1, 1, 1, 1, 1, 1, 1, 1, 1, 1, 1, 1, 1, 1, 1, 1, 1, 1, 1, 1, 1, 1, 1, 1, 1, 1, 1, 1, 1, 1, 1, 1, 1, 1, 1, 1, 1, 1, 1, 1, 1, 1, 1, 1, 1, 1, 1, 1, 0, 1, 1, 1, 1, 1, 1, 1, 1, 1, 1, 1, 1, 1, 1, 1, 1, 1, 1, 1, 1, 1, 1, 1, 1, 1, 0, 1, 1, 1, 1, 1, 1, 1, 1, 1, 1, 1, 1, 1, 1, 1, 1, 1, 1, 1, 1, 1, 1, 1, 1, 1, 1, 1, 1, 1, 1, 1, 1, 1, 1, 1, 1, 0, 1, 1, 1, 1, 1, 1, 1, 1, 1, 1, 1, 1, 1, 1, 1, 1, 1, 1, 1, 1, 1, 1, 1, 1, 1, 1, 1, 1, 1, 1, 1, 1, 1, 1, 1, 1, 0, 1, 1, 1, 1, 1, 1, 1, 1, 1, 1, 1, 1, 1, 1, 1, 1, 1, 1, 1, 1, 1, 1, 1, 1], "proba": [0.20615448534660455, 0.8127116724627208, 0.20618041968695164, 0.2061114714301976, 0.20610608346156165, 0.20609337542798195, 0.4208457067566978, 0.37573877517930143, 0.2295130487521898, 0.20617066571105583, 0.2061440696118074, 0.20615527678180465, 0.20604035902228018, 0.40004324938694685, 0.20605195607541604, 0.8010764613654712, 0.20613668711691988, 0.20598888385689906, 0.2061363071285051, 0.20591263357790468, 0.20602998055677785, 0.7623308985732138, 0.19444104388720546, 0.19644146414212987, 0.15439136454753163, 0.23238152525080666, 0.7823465487993512, 0.2059039274820981, 0.8181748074464888, 0.20609964747154347, 0.2060183502749392, 0.2127453665695234, 0.20604540892400192, 0.6586177095609299, 0.2198862774508893, 0.20605127884208696, 0.18788609631126624, 0.27913711217268156, 0.08958114961577061, 0.6661417292623829, 0.26597816827986254, 0.20612602553874132, 0.2061357265095256, 0.7859399925640718, 0.3316244341027288, 0.20603451132641165, 0.21081419063293588, 0.20603321093436505, 0.2060753222814426, 0.2061434271368901, 0.42054348955826, 0.6763991053929391, 0.8209125884480422, 0.20602649885819982, 0.20602492756497245, 0.20615069319531157, 0.20605434154876373, 0.29166862067770993, 0.20605453803905713, 0.2063791343200779, 0.20604456432488205, 0.9798602450906364, 0.9708443218263685, 0.9684140036910519, 0.8891439090303623, 0.8890899341964752, 0.9483361938006657, 0.8891166489034626, 0.9011409560574143, 0.8891035458919807, 0.9355571438478064, 0.9006918545472825, 0.9485806362575944, 0.9512936330255313, 0.8890979063989081, 0.8870257491930399, 0.8891062035155235, 0.8438974539949904, 0.9361065583866544, 0.9513318250477785, 0.7735675448513575, 0.891148707653204, 0.8891344410663, 0.8891103442850761, 0.9171477468548513, 0.749101442504993, 0.9460353274232262, 0.9459563151306577, 0.9476374643127967, 0.94911614953939, 0.8898817146548507, 0.9481408678408143, 0.9313977652499117, 0.8891000068468089, 0.8890805401300999, 0.8891494392237731, 0.9227246251204593, 0.9398031784612828, 0.889072918371385, 0.9051341627951012, 0.8891527897084195, 0.8891031426114402, 0.8891458785659407, 0.8970841200844452, 0.889144165720246, 0.8891545003787388, 0.9696555224807181, 0.9499168758378383, 0.950524078221061, 0.9362692702421873, 0.9451263513724755, 0.9178343673489707, 0.9478006916358535, 0.8805934083122168, 0.9312605339000259, 0.8890957756806839, 0.8891061466129715, 0.8891073651053532, 0.837768974258795, 0.9491170982030754, 0.669141478836282, 0.8917277042937352, 0.958077037743797, 0.9592317363945396, 0.7812083293359163, 0.6742955930044218, 0.8891062696383598, 0.8816394954622951, 0.9432833080437094, 0.8890886332424665, 0.913601534073678, 0.2932996081382343, 0.9374516146790878, 0.938739151016512, 0.9354095518363452, 0.8922878161637178, 0.9490388056643588, 0.9488068345202765, 0.945530964140763, 0.9425805369892389, 0.945288781434553, 0.9800111436270993, 0.9283291239004687, 0.9123715087796043, 0.88916392304289, 0.8905412819390944, 0.9141785459906482, 0.9330807634653284, 0.9364254630506628, 0.9437802989974965, 0.9427484077421688, 0.889105912449186, 0.9648994530471668, 0.9392239511521191, 0.9394053947988741, 0.9617584565968825, 0.9292522499774603, 0.18771310406656283, 0.9181701391851933, 0.8891126906767636, 0.8919765013470836, 0.980701369320644, 0.9153011545438707, 0.895515114994304, 0.8890596019078887, 0.8908968728521951, 0.8974524541953692, 0.8891628322078364, 0.8891263742527115, 0.8230632783573326, 0.9370637185582251, 0.8707990087688386, 0.94716125855676, 0.8966660136713595, 0.9243649554870087, 0.9543375857162857, 0.9369678980186146, 0.9422645953845917, 0.9350575363579442, 0.8890655692340182, 0.889089886542035, 0.9324632250106518, 0.9307579149259171, 0.855480550589897, 0.6478971484032628, 0.8000180075352372, 0.8891062618138458, 0.9068611869263041, 0.8891468047433568, 0.9070719270685562, 0.8890777618072216, 0.9468782999781327, 0.9524529248052355, 0.8890626568540643, 0.5386603523913135, 0.8968464807894698, 0.9000813263409994, 0.8096300326208313, 0.9510704286427087, 0.9440630194087374, 0.9509736160620104, 0.9524708368137355, 0.9799778437593437, 0.940835963869385, 0.6703870250986438, 0.9526783726079702, 0.9633239983470023, 0.8890822884163787, 0.8890897457519672, 0.8890842169108518, 0.8891049584128836, 0.938096419471638, 0.9349104105381913, 0.8891243035034868, 0.9264757530590636, 0.9306972440342788, 0.7757884628513584, 0.83223632006961, 0.8370901762301992, 0.8754386156597899, 0.8891123925292338, 0.9748931003199867, 0.9418590591830167, 0.9239987013274403, 0.8901326890957554, 0.8891134746878896, 0.9150217738919459, 0.8951026893160392, 0.9358236887570655, 0.904667738100619, 0.9254583979333961, 0.28017944108476206, 0.9360490595367648, 0.8998688218682604, 0.9014564680942486, 0.9728795958240581, 0.6312352119455679, 0.9191448671894339, 0.7836469930709749, 0.8393954026596143, 0.8891054927165324, 0.855040167329125, 0.8676420206564913, 0.8890945315555581, 0.8891032188408556, 0.9591413580735392, 0.66581687040804, 0.937750580741629, 0.9351503221707117, 0.9348642257267445, 0.8891038419988619, 0.8752941987149874, 0.9234732313743746, 0.6479613301242173, 0.7585810663668329, 0.9484145490907587]}, "cv": {"hps": {"normalize_kernel": false, "degree": 1.0, "regularizer": 1e-05}, "score": 0.1514285714285714}}