{"metrics": {"test": {"fp": [1], "f1_score": [0.6666666666666666], "risk": [0.18181818181818182], "recall": [0.5714285714285714], "sensitivity": [0.5714285714285714], "precision": [0.8], "tp": [4], "tn": [14], "specificity": [0.9333333333333333], "fn": [3]}, "train": {"fp": [0], "f1_score": [1.0], "risk": [0.0], "recall": [1.0], "sensitivity": [1.0], "precision": [1.0], "tp": [25], "tn": [67], "specificity": [1.0], "fn": [0]}}, "model": {"n_features": 5765350}, "data": {"path": "/scratch/adrouin/data/patric/single_species_datasets/meropenem___49420779660966717/dataset.kover", "split": "train_0.800_seed_4_10_folds", "uuid": "0badefa6-0873-11e8-80e1-001b2193b764"}, "predictions": {"binary": [0, 1, 0, 0, 0, 0, 0, 0, 0, 0, 0, 0, 0, 0, 0, 0, 0, 0, 0, 0, 0, 0, 0, 0, 0, 0, 0, 0, 0, 0, 0, 0, 0, 0, 0, 0, 0, 0, 0, 0, 0, 0, 0, 0, 0, 0, 0, 0, 0, 0, 0, 0, 0, 0, 0, 0, 0, 0, 0, 0, 0, 0, 0, 0, 0, 0, 0, 0, 0, 0, 0, 0, 0, 0, 0, 0, 0, 0, 0, 0, 0, 0, 1, 1, 1, 1, 1, 0, 1, 1, 1, 1, 1, 1, 1, 1, 1, 1, 1, 1, 1, 0, 1, 0, 1, 1, 1, 1, 1, 1, 1, 1, 1, 1], "proba": [0.05049580505057139, 0.4298308617316032, 0.10701011292237168, 0.40004938181643424, 0.10631805358298471, 0.10707593235968124, 0.1070047439028725, 0.10700632776807104, 0.09978587901204757, 0.12012440731693154, 0.10708525132879052, 0.10705225051103585, 0.09954915901600142, 0.10705141962269756, 0.10699507874033416, 0.10703670350298045, 0.058971768160425125, 0.08846279784776047, 0.10700365524772003, 0.10699274393370187, 0.10694599147378465, 0.0891165932639525, 0.10686764774153108, 0.07829444435889826, 0.1070535688322356, 0.09266688524534068, 0.06781674617177852, 0.10703717930186636, 0.10418085639169399, 0.10698457867018467, 0.08798973781185769, 0.10694616253931005, 0.10701627492853508, 0.07805316393011659, 0.1069221174744741, 0.10700361234517539, 0.11183497554614023, 0.10696136759337564, 0.0958344286959877, 0.10697806963791616, 0.10703155819055032, 0.10697436787289596, 0.03736746672823846, 0.08687568895121331, 0.07490794124355245, 0.10708642300312982, 0.2328467561797782, 0.10705690387040283, 0.08983875320745124, 0.1058921493072575, 0.11945977621376158, 0.06588035301766838, 0.10074304581279378, 0.10704724660723142, 0.09762478261455261, 0.10158623669120904, 0.10694979156455894, 0.13498578974963943, 0.11385371823789205, 0.10698674175114288, 0.08206428945584804, 0.10704399953015925, 0.08396980815107903, 0.1070156339006825, 0.10693531525073588, 0.07620150233447015, 0.055404963624891355, 0.08280215616828641, 0.08080172456746962, 0.08893996542539116, 0.044213327947985215, 0.043627733675003735, 0.07792894691713442, 0.10699677844819291, 0.10699031710925659, 0.06588609549750979, 0.10698204251138053, 0.08636113178008437, 0.06546649460268064, 0.08011766986261358, 0.06803246535120391, 0.10693496818485401, 0.7920730313101964, 0.7921047494452685, 0.7921021958311545, 0.7920629723385626, 0.7920490041103977, 0.3827349220268694, 0.7920825842245302, 0.7921008258731063, 0.7919858318799488, 0.7920959247033631, 0.7922280380698676, 0.7920887636827836, 0.7208176251906389, 0.7919804588858308, 0.7920444267467476, 0.7920118677111684, 0.7921082492587969, 0.7920816465427232, 0.7982994805177684, 0.13788356481856692, 0.792139883014288, 0.39078611157656445, 0.7449791976090222, 0.7921499312644702, 0.7697001327436953, 0.7921444569064782, 0.7921050979285894, 0.7921057304866616, 0.7920159933739008, 0.7920966098731125, 0.8065941328725214, 0.792074963029719]}, "cv": {"hps": {"normalize_kernel": false, "degree": 2.0, "regularizer": 1e-07}, "score": 0.16444444444444445}}