{"metrics": {"test": {"fp": [0], "f1_score": [0.9411764705882353], "risk": [0.045454545454545456], "recall": [0.8888888888888888], "sensitivity": [0.8888888888888888], "precision": [1.0], "tp": [8], "tn": [13], "specificity": [1.0], "fn": [1]}, "train": {"fp": [4], "f1_score": [0.9032258064516129], "risk": [0.06521739130434782], "recall": [0.9333333333333333], "sensitivity": [0.9333333333333333], "precision": [0.875], "tp": [28], "tn": [58], "specificity": [0.9354838709677419], "fn": [2]}}, "model": {"n_features": 999955}, "data": {"path": "/scratch/adrouin/data/patric/single_species_datasets/fusidic_acid___946434054234721145/dataset.kover", "split": "train_0.800_seed_9_10_folds", "uuid": "8b1fcb44-0867-11e8-8137-001b2193b764"}, "predictions": {"binary": [0, 0, 0, 0, 0, 0, 0, 0, 0, 0, 0, 0, 0, 0, 0, 0, 0, 0, 0, 0, 0, 0, 0, 0, 0, 0, 0, 1, 0, 0, 0, 0, 0, 0, 0, 1, 0, 0, 0, 0, 0, 0, 0, 0, 0, 0, 1, 0, 0, 0, 0, 0, 0, 0, 0, 0, 0, 0, 0, 0, 0, 1, 0, 0, 0, 0, 0, 0, 0, 0, 0, 0, 0, 0, 0, 1, 1, 1, 0, 1, 1, 1, 1, 0, 1, 1, 1, 1, 1, 1, 1, 1, 1, 1, 1, 1, 1, 1, 1, 1, 1, 1, 1, 1, 1, 1, 1, 1, 1, 1, 1, 1, 1, 0, 0, 0, 0, 0, 0, 0, 0, 0, 0, 0, 0, 0, 0, 0], "proba": [0.27389891013295625, 0.20018183259420216, 0.042918216078495545, 0.07253392676763747, 0.07064884872300388, 0.0528778605165253, 0.16147276012160824, 0.12452277045622087, 0.19773461767223938, 0.05072902938458009, 0.06940244640160757, 0.057471107791529245, 0.3963885361830393, 0.16809984992423727, 0.07030238753532944, 0.1188724242651783, 0.1753261938144644, 0.2771815516951193, 0.08113067710562917, 0.1523893293888557, 0.04660786714516298, 0.15612561225021962, 0.1836431470217418, 0.14023503278055638, 0.04999558048735003, 0.28159533123790176, 0.14994342204885294, 0.5125115380831862, 0.17441230364382396, 0.22748952746893758, 0.11414640776539961, 0.204786250387848, 0.06051391277604505, 0.11369257685858532, 0.02741503837534725, 0.5533758768250482, 0.0418684965126017, 0.09369433660410847, 0.0765554982532399, 0.09193768476721319, 0.16093842922684912, 0.10313637989423856, 0.20851519033882396, 0.492473294443984, 0.11088554750998574, 0.06832039039616092, 0.6339874543713132, 0.3188616451101297, 0.1405271990191365, 0.15018611093360887, 0.04634558872763262, 0.05634543556382575, 0.0992977836639555, 0.05805546049780897, 0.08484109696388832, 0.08202179902295219, 0.07973697652423774, 0.10138434951560536, 0.081683089709114, 0.059126312895615526, 0.03587282413512961, 0.6653793349459619, 0.09696465672247288, 0.18663006856992417, 0.07657994854275404, 0.08528886516514673, 0.06357047254571538, 0.14579719654297832, 0.12013349788169447, 0.13778686040813815, 0.15309366369347785, 0.2178001851166565, 0.09505938051983474, 0.06773842313813136, 0.14034021825164156, 0.8721317073155415, 0.9062994959805015, 0.9381409204557237, 0.37865537660598286, 0.8943963167492623, 0.890755568817654, 0.9021361381759518, 0.8339437512136144, 0.473606272855205, 0.9862871646381974, 0.8181486096170043, 0.8561340082068625, 0.745483667639544, 0.9311820568287894, 0.6204208132518935, 0.8475706086269976, 0.8144181062907677, 0.7951641185789955, 0.6820257090993647, 0.9389677169274179, 0.931270864747015, 0.82095199973774, 0.8481607095692218, 0.9315160521789879, 0.9301285287336887, 0.8471556257621004, 0.7755167168713543, 0.8375908279112848, 0.8563015802944502, 0.9295120448449667, 0.9407980301704412, 0.9118803721716185, 0.7579766722294319, 0.9486956941487538, 0.9459092106997895, 0.8733477291557893, 0.9401851424961097, 0.9341765160775246, 0.17514919321900407, 0.4999995589100591, 0.4999995589100591, 0.4999995589100591, 0.4999995589100591, 0.4999995589100591, 0.4999995589100591, 0.4999995589100591, 0.4999995589100591, 0.4999995589100591, 0.4999995589100591, 0.4999995589100591, 0.4999995589100591, 0.4999995589100591, 0.4999995589100591]}}