{"metrics": {"test": {"fp": [0], "f1_score": [0.9795918367346939], "risk": [0.028985507246376812], "recall": [0.96], "sensitivity": [0.96], "precision": [1.0], "tp": [48], "tn": [19], "specificity": [1.0], "fn": [2]}, "train": {"fp": [12], "f1_score": [0.9558823529411764], "risk": [0.06474820143884892], "recall": [0.9701492537313433], "sensitivity": [0.9701492537313433], "precision": [0.9420289855072463], "tp": [195], "tn": [65], "specificity": [0.8441558441558441], "fn": [6]}}, "model": {"n_features": 189}, "data": {"path": "/scratch/adrouin/patric_data/single_species_datasets/chloramphenicol___-736338835843459561/dataset.kover", "split": "train_0.800_seed_5_10_folds", "uuid": "8798bc00-07d2-11e8-9853-001b2193b764"}, "predictions": {"binary": [0, 0, 0, 0, 0, 0, 0, 0, 0, 0, 1, 0, 1, 0, 0, 1, 0, 1, 0, 0, 0, 1, 0, 0, 0, 0, 0, 0, 0, 0, 0, 0, 0, 0, 0, 0, 0, 0, 0, 0, 0, 0, 0, 1, 0, 0, 0, 0, 0, 0, 0, 0, 0, 0, 0, 0, 0, 0, 0, 0, 0, 0, 0, 1, 0, 0, 0, 0, 0, 0, 0, 0, 0, 0, 0, 0, 1, 0, 0, 0, 0, 0, 1, 1, 0, 0, 0, 0, 1, 1, 0, 0, 0, 0, 0, 0, 1, 1, 1, 1, 1, 1, 1, 1, 1, 1, 1, 1, 0, 1, 1, 1, 1, 1, 1, 1, 0, 1, 1, 1, 1, 1, 1, 1, 1, 1, 1, 1, 1, 1, 1, 1, 1, 1, 1, 1, 1, 1, 1, 1, 1, 1, 1, 1, 1, 1, 1, 1, 1, 1, 1, 1, 1, 1, 1, 1, 1, 1, 1, 1, 1, 1, 1, 1, 1, 1, 1, 1, 1, 1, 1, 1, 1, 1, 1, 1, 1, 1, 1, 1, 0, 1, 1, 1, 1, 1, 1, 1, 1, 1, 0, 1, 1, 1, 1, 1, 1, 1, 1, 1, 1, 0, 1, 1, 1, 1, 1, 1, 1, 1, 1, 1, 0, 1, 1, 1, 1, 1, 1, 1, 1, 1, 1, 1, 1, 1, 1, 1, 1, 1, 1, 1, 1, 1, 1, 1, 1, 1, 1, 1, 1, 1, 1, 1, 1, 1, 1, 1, 1, 1, 1, 1, 1, 1, 1, 1, 1, 1, 0, 1, 1, 1, 1, 1, 1, 1, 1, 1, 1, 1, 1, 1, 1, 1, 1, 1, 0, 1, 1, 1, 1, 1, 1, 1, 1, 1, 1, 1, 1, 1, 1, 1, 1, 1, 1, 1, 1, 1, 1, 1, 1, 1, 1, 1, 1, 1, 1, 1, 1, 1, 1, 1, 1, 1, 1, 1, 1, 1, 1, 1, 1, 1, 1, 1, 1, 1, 1, 1, 1, 1, 1, 1, 1, 1, 1, 1, 1, 1, 1, 1, 1, 1, 1, 1, 1, 1, 1, 0, 0, 0, 0, 0, 0, 0, 0, 0, 0, 0, 0, 0, 0, 0, 0, 0, 0, 0, 0, 0, 0, 0, 0, 0, 0, 0, 0, 0, 0, 0, 0, 0, 0, 0, 0, 0], "proba": [0.27687170004155937, 0.286819956627726, 0.07723437650927162, 0.28885803605135, 0.13459012676942894, 0.23846991918468008, 0.05803770924769358, 0.14545461916618846, 0.050700581643700206, 0.1460266167873503, 0.7268156822982276, 0.14545461916618846, 0.5012067677939068, 0.07840429052124318, 0.05204973343106386, 0.7072929529840386, 0.15644665741175515, 0.6828807995378366, 0.1317085905369267, 0.14545461916618846, 0.17226230691321504, 0.6828807995378366, 0.07794595441424301, 0.13459012676942894, 0.11300327799310095, 0.15355123162559142, 0.1317085905369267, 0.30566022906452345, 0.07723437650927162, 0.420527357706157, 0.05204973343106386, 0.07823878754211495, 0.08696324408390733, 0.12542062956199249, 0.12542062956199249, 0.05803770924769358, 0.12542062956199249, 0.12542062956199249, 0.06494601681015352, 0.15644665741175515, 0.07457755859292724, 0.15355123162559142, 0.18085645216276747, 0.5430053564988897, 0.06494601681015352, 0.3286230266171306, 0.12241526524753302, 0.1317085905369267, 0.07794595441424301, 0.17647785686652953, 0.09174739916966804, 0.4344704745867716, 0.042978334934816266, 0.04797552319814455, 0.0997196496345803, 0.050700581643700206, 0.15644665741175515, 0.1317085905369267, 0.14545461916618846, 0.09174739916966804, 0.061297510475015984, 0.050700581643700206, 0.05803770924769358, 0.7072929529840386, 0.042978334934816266, 0.05204973343106386, 0.28885803605135, 0.042978334934816266, 0.042978334934816266, 0.1317085905369267, 0.042978334934816266, 0.23930526516116857, 0.042978334934816266, 0.3014853878250896, 0.2543985523148011, 0.3027484590354465, 0.6828807995378366, 0.4191902411591085, 0.3903305817730937, 0.21817787577120543, 0.14545461916618846, 0.1609899110754315, 0.6891879252051636, 0.6828807995378366, 0.12066564663697901, 0.05133842361883859, 0.1317085905369267, 0.14913233557074015, 0.5059385663831989, 0.9511647888359226, 0.3763917983378578, 0.1460266167873503, 0.4343360593821302, 0.06205995238318138, 0.46296683444178816, 0.13459012676942894, 0.5911948976333533, 0.8817599835214853, 0.5430053564988897, 0.9510254548967488, 0.8968918694476394, 0.7906651877301359, 0.8741937083189759, 0.8741937083189759, 0.8316548611287777, 0.5430053564988897, 0.8817599835214853, 0.5131527349747558, 0.19002411067956212, 0.9192068248503402, 0.6177998307807286, 0.8600540083512533, 0.5430053564988897, 0.9136955898045266, 0.8817599835214853, 0.8738638876579231, 0.15743375392800188, 0.9411868397065077, 0.7690801695658881, 0.7471180045811072, 0.7247346614105045, 0.6084756323265837, 0.7072929529840386, 0.8021179187895476, 0.7268156822982276, 0.79441750865525, 0.8509534717210614, 0.7072929529840386, 0.828876985512987, 0.6828807995378366, 0.7991587325086011, 0.8191945935762354, 0.9511647888359226, 0.6828807995378366, 0.798454296997435, 0.7471180045811072, 0.7072929529840386, 0.9511647888359226, 0.8814473089653848, 0.7268156822982276, 0.8738638876579231, 0.9411868397065077, 0.8741937083189759, 0.9511647888359226, 0.7082432134648711, 0.9511647888359226, 0.5430053564988897, 0.7906651877301359, 0.5951710205075053, 0.8741937083189759, 0.5430053564988897, 0.5430053564988897, 0.5131527349747558, 0.7262204918289953, 0.7906651877301359, 0.8509534717210614, 0.6828807995378366, 0.9510254548967488, 0.7072929529840386, 0.9290210811823716, 0.9452882441324971, 0.9407667747782263, 0.9511647888359226, 0.9511647888359226, 0.7133183806872714, 0.5299137057944752, 0.9511647888359226, 0.9511647888359226, 0.9511647888359226, 0.9511647888359226, 0.9511647888359226, 0.9511647888359226, 0.7247346614105045, 0.5784119297772696, 0.9511647888359226, 0.9511647888359226, 0.8817599835214853, 0.9411868397065077, 0.9511647888359226, 0.9511647888359226, 0.3286230266171306, 0.9326469387518009, 0.8163620279717401, 0.9511647888359226, 0.9511647888359226, 0.9511647888359226, 0.9511647888359226, 0.9511647888359226, 0.9510254548967488, 0.7690801695658881, 0.1317085905369267, 0.6828807995378366, 0.585643482259615, 0.731470694848009, 0.6828807995378366, 0.828876985512987, 0.7471180045811072, 0.7690801695658881, 0.7247346614105045, 0.7471180045811072, 0.7511370523955323, 0.15930440417480313, 0.8446076716569779, 0.6828807995378366, 0.6142468682985721, 0.6828807995378366, 0.9511647888359226, 0.7479850421004411, 0.7375339939889205, 0.8446076716569779, 0.5795885732988846, 0.9326469387518009, 0.22321405028090816, 0.7247346614105045, 0.6828807995378366, 0.7987387106935968, 0.9411868397065077, 0.6828807995378366, 0.7072929529840386, 0.7133183806872714, 0.6330589177779014, 0.7247346614105045, 0.5299137057944752, 0.5784119297772696, 0.9511647888359226, 0.9452882441324971, 0.9511647888359226, 0.8509534717210614, 0.8741937083189759, 0.7268156822982276, 0.8741937083189759, 0.8686846923902773, 0.9511647888359226, 0.9511647888359226, 0.9511647888359226, 0.8446076716569779, 0.9411868397065077, 0.8446076716569779, 0.7749597294609114, 0.7471180045811072, 0.7072929529840386, 0.7072929529840386, 0.7471180045811072, 0.9511647888359226, 0.9411868397065077, 0.9511647888359226, 0.7471180045811072, 0.5593182164162989, 0.9326469387518009, 0.9452882441324971, 0.9511647888359226, 0.5911948976333533, 0.9511647888359226, 0.8817599835214853, 0.8741937083189759, 0.8741937083189759, 0.9511647888359226, 0.9511647888359226, 0.3443937300509446, 0.9511647888359226, 0.8817599835214853, 0.8741937083189759, 0.7268156822982276, 0.8817599835214853, 0.9511647888359226, 0.8741937083189759, 0.9511647888359226, 0.93507490683443, 0.8741937083189759, 0.8814473089653848, 0.9511647888359226, 0.7471180045811072, 0.8509534717210614, 0.7471180045811072, 0.5784119297772696, 0.9511647888359226, 0.4271811466838412, 0.8817599835214853, 0.7247346614105045, 0.9411868397065077, 0.8439669975710947, 0.8741937083189759, 0.9511647888359226, 0.9511647888359226, 0.9511647888359226, 0.9511647888359226, 0.8596931351955633, 0.8817599835214853, 0.9455253710783866, 0.6828807995378366, 0.7379816046416182, 0.798454296997435, 0.7072929529840386, 0.8163620279717401, 0.7305378345488286, 0.7247346614105045, 0.9511647888359226, 0.9511647888359226, 0.5776812815874233, 0.7471180045811072, 0.8692078904005437, 