{"metrics": {"test": {"fp": [4], "f1_score": [0.7058823529411764], "risk": [0.35714285714285715], "recall": [0.8571428571428571], "sensitivity": [0.8571428571428571], "precision": [0.6], "tp": [6], "tn": [3], "specificity": [0.42857142857142855], "fn": [1]}, "train": {"fp": [3], "f1_score": [0.951219512195122], "risk": [0.06666666666666667], "recall": [0.975], "sensitivity": [0.975], "precision": [0.9285714285714286], "tp": [39], "tn": [17], "specificity": [0.85], "fn": [1]}}, "model": {"n_features": 12410574}, "data": {"path": "/scratch/adrouin/data/patric/single_species_datasets/ofloxacin___2202579077548954665/dataset.kover", "split": "train_0.800_seed_3_10_folds", "uuid": "65ccc8c6-06bc-11e8-951f-001b2193b764"}, "predictions": {"binary": [0, 0, 0, 1, 0, 0, 0, 0, 0, 0, 1, 1, 0, 1, 0, 1, 0, 0, 0, 1, 1, 0, 0, 0, 0, 0, 0, 1, 1, 1, 1, 1, 1, 1, 1, 1, 1, 1, 1, 1, 1, 1, 1, 1, 1, 1, 0, 1, 1, 1, 1, 1, 1, 1, 1, 1, 0, 1, 1, 1, 1, 1, 1, 1, 1, 1, 1, 1, 1, 1, 1, 1, 1, 1], "proba": [0.12555647674242096, 0.10176573425526855, 0.10171458860838248, 0.6909285317694831, 0.10181240953716217, 0.10179588282983242, 0.10182385215970575, 0.10175456884255869, 0.10176874825689125, 0.10185544120248051, 0.6784720146455041, 0.8949585374434336, 0.10174944063153205, 0.8837692699017844, 0.09613694215553419, 0.8661953808113159, 0.10175055028258687, 0.10177828093526649, 0.10174944063152828, 0.603624036554341, 0.8963997356310571, 0.31054210459663134, 0.10177270315087561, 0.1017886398619718, 0.1328063013247572, 0.10176117311729167, 0.10175502436216836, 0.8131781456902066, 0.8974441651323428, 0.9006003877776863, 0.9004622003770617, 0.8973905588606944, 0.8794636172749162, 0.9066170008238982, 0.9049254465988681, 0.9004991916548455, 0.8973772135702885, 0.8998838354122588, 0.8972486308778833, 0.8974295278340441, 0.9002923395313647, 0.9002489358882508, 0.8974317600894253, 0.9006917098926359, 0.8463585926329775, 0.8974437144874813, 0.22032098407470835, 0.8812894633733996, 0.8974207299895072, 0.9004283949966014, 0.9059139556427306, 0.8892592037057601, 0.9059665968163483, 0.900012585386668, 0.9006384065646148, 0.8973575567775193, 0.19386912666542946, 0.8974334223850793, 0.9010505308220483, 0.9008895049947306, 0.8973495827267653, 0.8974387418195079, 0.8973261270403292, 0.9062451160552599, 0.8974252662380159, 0.9052242882699479, 0.8996432214361173, 0.9070154641718088, 0.8989538207057826, 0.8951338788967653, 0.8985875918063827, 0.8974198103436853, 0.900050381866166, 0.8974630875728988]}, "cv": {"hps": {"normalize_kernel": false, "degree": 1.0, "regularizer": 1e-06}, "score": 0.08333333333333334}}