{"metrics": {"test": {"fp": [7], "f1_score": [0.4166666666666667], "risk": [0.208955223880597], "recall": [0.4166666666666667], "sensitivity": [0.4166666666666667], "precision": [0.4166666666666667], "tp": [5], "tn": [48], "specificity": [0.8727272727272727], "fn": [7]}, "train": {"fp": [0], "f1_score": [1.0], "risk": [0.0], "recall": [1.0], "sensitivity": [1.0], "precision": [1.0], "tp": [60], "tn": [209], "specificity": [1.0], "fn": [0]}}, "model": {"n_features": 187848}, "data": {"path": "/scratch/adrouin/data/patric/single_species_datasets/cycloserine___260162261243005161/dataset.kover", "split": "train_0.800_seed_1_10_folds", "uuid": "5d40d132-074f-11e8-83ec-001b2193b764"}, "predictions": {"binary": [0, 0, 0, 0, 0, 0, 0, 0, 0, 0, 0, 0, 0, 0, 0, 0, 0, 0, 0, 0, 0, 0, 0, 0, 0, 0, 0, 0, 0, 0, 0, 0, 0, 0, 0, 0, 0, 1, 0, 0, 0, 0, 0, 0, 0, 0, 0, 0, 0, 0, 0, 0, 0, 0, 0, 0, 0, 0, 0, 0, 0, 0, 0, 0, 0, 0, 0, 0, 0, 0, 0, 0, 0, 0, 0, 0, 0, 0, 0, 0, 0, 0, 0, 1, 0, 0, 0, 0, 0, 0, 0, 0, 0, 0, 0, 0, 0, 0, 0, 0, 0, 0, 0, 0, 0, 0, 0, 0, 0, 0, 0, 0, 0, 0, 0, 0, 0, 0, 0, 0, 0, 0, 0, 0, 0, 0, 0, 0, 0, 0, 0, 0, 0, 0, 0, 0, 0, 0, 0, 0, 0, 0, 0, 0, 0, 0, 0, 0, 0, 0, 0, 0, 0, 0, 0, 0, 0, 0, 0, 0, 0, 0, 0, 0, 0, 0, 1, 0, 0, 0, 0, 0, 0, 0, 0, 0, 0, 0, 0, 0, 0, 0, 0, 0, 0, 0, 0, 0, 0, 0, 0, 0, 0, 0, 0, 0, 0, 0, 0, 0, 0, 0, 0, 0, 0, 0, 0, 0, 0, 1, 0, 0, 0, 0, 0, 1, 0, 0, 0, 0, 0, 0, 0, 0, 0, 0, 0, 0, 0, 0, 0, 0, 0, 0, 0, 0, 0, 0, 0, 0, 0, 0, 0, 1, 0, 0, 0, 0, 0, 0, 0, 0, 1, 0, 0, 0, 0, 0, 0, 0, 0, 0, 0, 0, 1, 0, 1, 1, 1, 1, 1, 1, 1, 1, 1, 1, 0, 1, 1, 0, 1, 0, 0, 1, 1, 1, 1, 1, 1, 1, 1, 1, 1, 1, 1, 1, 1, 1, 1, 1, 1, 1, 1, 1, 1, 1, 1, 1, 0, 1, 1, 1, 0, 1, 1, 1, 1, 1, 1, 1, 1, 1, 1, 1, 1, 1, 1, 1, 1, 1, 1, 1, 1, 1, 1, 1, 0, 0, 0, 0, 0, 0, 0, 0, 0, 0, 0, 0, 0, 0, 0, 0, 0, 0, 0, 0, 0, 0, 0, 0, 0, 0, 0, 0, 0, 0, 0, 0, 0, 0, 0, 0, 0, 0, 0, 0, 0, 0, 0, 0, 0, 0, 0, 0], "proba": [5.866472433007536e-06, 0.00015201407053118063, 5.352888427730489e-06, 6.650911903381534e-12, 4.723956985348479e-06, 5.436170734029317e-06, 4.479867618896672e-06, 1.1717389359676473e-05, 4.1469939679283025e-06, 5.718939034037884e-06, 4.866736708559874e-06, 4.3639918448255316e-06, 5.0800851757737595e-06, 5.743469471558174e-06, 5.220259000709179e-06, 3.901061444503338e-05, 5.214365232652587e-06, 5.126952031297925e-06, 5.427997349693953e-06, 4.468737963781247e-06, 6.019249005576968e-06, 3.4318230901606563e-06, 0.02239114156064365, 4.371212156449358e-06, 4.306936214946052e-06, 0.000154029832963124, 5.889961213202073e-06, 4.871936045675489e-06, 6.150388199817605e-06, 6.222057129373052e-06, 1.6177404117697494e-05, 5.70130559810792e-06, 6.525493744495902e-06, 4.721725360910827e-06, 5.264616587977802e-06, 4.691587760655941e-06, 4.898135372358588e-06, 0.9999953279574254, 6.596739135303673e-06, 4.372369621500259e-06, 5.301398839103264e-06, 4.651485434442972e-06, 4.972624780163346e-06, 2.7794088402235483e-09, 5.635594691990031e-06, 6.06650648178222e-06, 7.20596075999739e-06, 6.797804869353306e-06, 4.286994217489e-06, 0.00430073693644332, 7.745710145826296e-07, 6.2608637815765654e-06, 4.877362790561705e-06, 5.440183554401075e-06, 4.9738259905397906e-06, 5.89485722839311e-06, 4.25524608189899e-06, 5.108417600476622e-06, 5.734711958328562e-06, 6.171134216286782e-06, 6.0976366888653635e-06, 4.827947909889987e-06, 5.351183448009857e-06, 6.916965199777052e-06, 3.360956579145428e-05, 5.029887140252503e-06, 5.152192886270457e-06, 5.295721545783524e-06, 8.63603239778362e-13, 4.858344367745359e-06, 5.270268214111237e-06, 6.756788439158844e-13, 0.0007720140970101821, 4.77403989956924e-06, 8.111475030799717e-06, 5.297472236636372e-06, 1.0257677192410187e-05, 6.205957537772468e-06, 4.815612509874333e-06, 6.224631359997998e-06, 5.381258300201642e-06, 5.840097438514194e-06, 4.8599435303503125e-06, 0.9787378201614024, 3.130861774859678e-06, 7.602577740008537e-06, 4.6273156495841955e-07, 0.005468945668269195, 3.77783775183613e-06, 8.600422175221965e-06, 3.877548453621505e-06, 4.890215947151592e-06, 5.400130706025904e-06, 5.089909662146886e-06, 5.701260214368171e-06, 6.034771131700778e-06, 4.978168537316273e-06, 2.9868816830369377e-06, 4.4111543867529985e-06, 4.8017067679315454e-06, 6.974796288403956e-06, 4.243475342001014e-06, 7.508216106557392e-06, 5.727736456167478e-06, 6.004287869829313e-08, 4.1588307178639315e-06, 4.542798343444306e-06, 4.108407010180802e-06, 5.047306419902566e-06, 1.0314294939064733e-05, 5.457847943063488e-06, 5.127204564197009e-06, 6.0088970256207336e-06, 6.156810721486382e-06, 3.569455294366386e-06, 5.169425239878124e-07, 5.588051024570737e-06, 6.568376831477734e-06, 7.0627503319885305e-06, 5.674602484810452e-06, 6.7617437358225545e-06, 2.152613030310965e-05, 4.765850113352037e-06, 6.635318788997894e-06, 5.045896196801556e-06, 6.920184909033721e-06, 3.016542648075154e-09, 4.78121327133322e-06, 5.359795712860772e-06, 0.0001657443626867675, 3.6618253905390118e-06, 3.4843974118708906e-06, 6.827367732328761e-06, 9.855605465302826e-06, 7.814984221187953e-06, 7.126972021936245e-06, 1.0748167681702516e-12, 5.989999835457724e-06, 3.180327762539659e-06, 5.034077141344501e-06, 4.700975786593042e-06, 7.152891333301916e-06, 4.230246059951809e-06, 3.288551962293166e-07, 0.0011173489847516992, 5.100373633619138e-06, 5.084175398598016e-06, 4.0915148747584656e-06, 6.065535872653619e-06, 5.242773095480479e-06, 6.455556991422732e-06, 0.00204035647295378, 4.613338779303823e-06, 1.4029617753868906e-09, 5.5052478552139375e-06, 1.1906020040468063e-06, 4.518779790475863e-06, 6.1477596014768644e-06, 3.609557597180018e-06, 4.972684724315791e-06, 4.453185934359255e-06, 5.037300280498925e-06, 5.650477922472391e-06, 4.7111217093017576e-06, 6.051790216787235e-06, 4.370131904436391e-06, 0.9999228696219232, 5.462708133999778e-06, 6.829974844821986e-06, 5.106961406134811e-06, 5.857920518341236e-06, 8.520569265644726e-06, 6.840882916445287e-06, 3.5126289063408656e-06, 4.38558429378353e-06, 6.786970646071576e-06, 4.098321502760167e-06, 6.010228749192879e-06, 0.08343721568800103, 3.959998342936601e-06, 3.2042395170730467e-06, 5.399875565933313e-06, 3.789317333212769e-06, 0.00010531442124802885, 7.95406765751963e-06, 7.5302071980617025e-06, 8.740695611550314e-06, 8.066463814202465e-06, 7.153100978403096e-06, 5.880465890654384e-06, 2.305624150486305e-06, 6.357212336263819e-06, 6.570385707290848e-06, 5.199978332080962e-06, 5.989028847901605e-06, 0.0011193113778335895, 2.3924556164356333e-05, 1.1495942165905305e-05, 4.429016819745819e-06, 5.388187959799263e-06, 4.628331485431468e-06, 5.360436531448968e-06, 4.263920451045663e-06, 1.8643959559631315e-05, 5.4763902639477745e-06, 5.725649681821312e-06, 5.8966022258512126e-06, 6.869442284512324e-06, 4.720773077343611e-06, 0.949771525318127, 5.5251478711444635e-06, 5.253925344952184e-06, 5.215061793342656e-06, 4.892182854527348e-06, 5.506505450777272e-06, 0.941364232249106, 9.065651339732075e-07, 8.128540340985173e-06, 4.202346774999313e-06, 7.589427360037331e-06, 7.9437052383736e-06, 6.246441714785476e-06, 5.570596286963496e-06, 7.891428019661629e-06, 2.6280439293284325e-06, 5.740954308746882e-06, 1.3567476392899354e-07, 4.029873482560978e-06, 5.531203597444083e-06, 5.575606457478705e-06, 6.180117331121086e-06, 5.6813376299411164e-06, 7.6056727057590595e-06, 5.10305421326267e-06, 2.4175586352836137e-06, 3.248276970909774e-05, 4.636786164838253e-06, 4.013001770401106e-06, 5.745374400314043e-06, 3.6450298590932514e-06, 3.367537449134255e-06, 4.04723820907142e-06, 6.3311983346815275e-06, 0.99999777959482, 6.0508282615903376e-06, 7.911177144861792e-06, 4.741787441323899e-06, 5.298780012173288e-06, 8.76947683103372e-06, 5.0564053836596076e-06, 4.752757676253561e-06, 4.457769587079677e-06, 0.9940598664083687, 4.013434297228878e-06, 6.9804274115425e-07, 0.010400041212807576, 4.567869770140106e-06, 4.3667013743309825e-06, 1.1738830566422818e-05, 6.924778454906663e-06, 3.578013960348863e-06, 4.915819161851046e-06, 6.6408585192611184e-06, 6.092658122932909e-06, 0.9999473476563944, 2.784828543711951e-05, 