{"metrics": {"test": {"fp": [0], "f1_score": [0.5555555555555556], "risk": [0.3333333333333333], "recall": [0.38461538461538464], "sensitivity": [0.38461538461538464], "precision": [1.0], "tp": [5], "tn": [11], "specificity": [1.0], "fn": [8]}, "train": {"fp": [3], "f1_score": [0.8148148148148149], "risk": [0.20833333333333334], "recall": [0.7213114754098361], "sensitivity": [0.7213114754098361], "precision": [0.9361702127659575], "tp": [44], "tn": [32], "specificity": [0.9142857142857143], "fn": [17]}}, "model": {"n_features": 5341646}, "data": {"path": "/scratch/adrouin/patric_data/single_species_datasets/ciprofloxacin___946434054234721145/dataset.kover", "split": "train_0.800_seed_2_10_folds", "uuid": "8b1fb550-0867-11e8-b4d8-001b2193b764"}, "predictions": {"binary": [0, 0, 0, 0, 0, 0, 0, 0, 1, 0, 0, 1, 0, 0, 1, 0, 0, 0, 0, 0, 0, 0, 0, 0, 0, 0, 0, 0, 0, 0, 0, 0, 0, 0, 0, 0, 0, 0, 0, 0, 0, 0, 0, 0, 0, 0, 0, 0, 0, 1, 1, 0, 1, 1, 1, 0, 1, 0, 1, 1, 1, 1, 1, 0, 1, 1, 1, 1, 0, 1, 1, 1, 0, 0, 0, 0, 1, 1, 0, 1, 1, 1, 1, 1, 1, 0, 1, 1, 1, 0, 0, 1, 1, 1, 0, 0, 1, 1, 1, 1, 1, 1, 1, 0, 1, 0, 1, 1, 1, 1, 0, 1, 0, 0, 0, 1, 1, 0, 1, 1], "proba": [0.6048147080423837, 0.5722332213978472, 0.5703376465193578, 0.5575192316522332, 0.5264519324324676, 0.5232032766623995, 0.5357128322787617, 0.5301538408977303, 0.478502917883939, 0.61091063308082, 0.5240446387399467, 0.4191502118248133, 0.5667272594780691, 0.6096013278937401, 0.37583220009800017, 0.6062641550240355, 0.6124777454487121, 0.6007191687302239, 0.6018209478006279, 0.575482562809953, 0.6115896367326678, 0.6115849924590359, 0.526635721261639, 0.6129351009293389, 0.546407623645838, 0.5477100500700572, 0.5308505128803005, 0.5410766821166842, 0.5423559386274662, 0.553690947292778, 0.5535090249466715, 0.5285888234412774, 0.559365427612515, 0.5266203646506242, 0.5247929703712428, 0.5302495210125427, 0.603897626428909, 0.5997056627806365, 0.5832067174087632, 0.5492703651965026, 0.5363165453890445, 0.5568272951016968, 0.5399625902511418, 0.5422243582624484, 0.5651231194986409, 0.5832349184541115, 0.5287087889701507, 0.5037141772890499, 0.5109502358775787, 0.3313093637119488, 0.38560530521189906, 0.5089355131782123, 0.41915916634570854, 0.36761324496006476, 0.4292037871075976, 0.5106322161025708, 0.4239707500718145, 0.5208750183676143, 0.4558727599096222, 0.3471253468081775, 0.35108530806237104, 0.3408870335965283, 0.3239764324268134, 0.5280607652519038]}}