{"metrics": {"test": {"fp": [0], "f1_score": [1.0], "risk": [0.0], "recall": [1.0], "sensitivity": [1.0], "precision": [1.0], "tp": [4], "tn": [63], "specificity": [1.0], "fn": [0]}, "train": {"fp": [0], "f1_score": [1.0], "risk": [0.0], "recall": [1.0], "sensitivity": [1.0], "precision": [1.0], "tp": [31], "tn": [238], "specificity": [1.0], "fn": [0]}}, "model": {"n_features": 5060137}, "data": {"path": "/scratch/adrouin/data/patric/single_species_datasets/ciprofloxacin___260162261243005161/dataset.kover", "split": "train_0.800_seed_9_10_folds", "uuid": "0a3ff80a-074a-11e8-a975-001b2193b764"}, "predictions": {"binary": [0, 0, 0, 0, 0, 0, 0, 0, 0, 0, 0, 0, 0, 0, 0, 0, 0, 0, 0, 0, 0, 0, 0, 0, 0, 0, 0, 0, 0, 0, 0, 0, 0, 0, 0, 0, 0, 0, 0, 0, 0, 0, 0, 0, 0, 0, 0, 0, 0, 0, 0, 0, 0, 0, 0, 0, 0, 0, 0, 0, 0, 0, 0, 0, 0, 0, 0, 0, 0, 0, 0, 0, 0, 0, 0, 0, 0, 0, 0, 0, 0, 0, 0, 0, 0, 0, 0, 0, 0, 0, 0, 0, 0, 0, 0, 0, 0, 0, 0, 0, 0, 0, 0, 0, 0, 0, 0, 0, 0, 0, 0, 0, 0, 0, 0, 0, 0, 0, 0, 0, 0, 0, 0, 0, 0, 0, 0, 0, 0, 0, 0, 0, 0, 0, 0, 0, 0, 0, 0, 0, 0, 0, 0, 0, 0, 0, 0, 0, 0, 0, 0, 0, 0, 0, 0, 0, 0, 0, 0, 0, 0, 0, 0, 0, 0, 0, 0, 0, 0, 0, 0, 0, 0, 0, 0, 0, 0, 0, 0, 0, 0, 0, 0, 0, 0, 0, 0, 0, 0, 0, 0, 0, 0, 0, 0, 0, 0, 0, 0, 0, 0, 0, 0, 0, 0, 0, 0, 0, 0, 0, 0, 0, 0, 0, 0, 0, 0, 0, 0, 0, 0, 0, 0, 0, 0, 0, 0, 0, 0, 0, 0, 0, 0, 0, 0, 0, 0, 0, 0, 0, 0, 0, 0, 0, 0, 0, 0, 0, 0, 0, 0, 0, 0, 0, 0, 0, 0, 0, 0, 0, 0, 0, 0, 0, 0, 0, 0, 0, 0, 0, 0, 0, 0, 0, 0, 0, 0, 0, 0, 0, 0, 0, 0, 0, 0, 0, 0, 0, 0, 0, 0, 0, 0, 0, 0, 0, 0, 0, 0, 0, 0, 1, 1, 1, 1, 1, 1, 1, 1, 1, 1, 1, 1, 1, 1, 1, 1, 1, 1, 1, 1, 1, 1, 1, 1, 1, 1, 1, 1, 1, 1, 1, 1, 1, 1, 1], "proba": [0.022311363416181645, 0.09447566521905255, 0.058914014265595754, 0.05901263051823008, 0.0588511340911611, 0.05881580043433853, 0.05887957683926408, 0.05096097687767364, 0.05895549989561812, 0.042930959587072964, 0.05895621645678073, 0.019623143567172197, 0.014312361994907636, 0.013187671710240377, 0.1036116491734135, 0.058959034273785384, 0.05886122816395623, 0.031095465324358154, 0.047982016341805406, 0.05884028157530777, 0.05884231374506392, 0.05882995468435433, 0.06159761760079964, 0.014888911278392609, 0.3442729471529709, 0.05884208218618096, 0.022944557069720393, 0.026732872583050012, 0.03414223166357377, 0.03585949380486509, 0.058925820278723624, 0.015477863353793966, 0.029231973735559868, 0.058870143834356264, 0.037278105694104696, 0.020832027042413714, 0.026035028718667554, 0.03685367484467916, 0.020764288028605058, 0.03831719995440389, 0.04399784547820126, 0.017032182902232126, 0.04975686684367147, 0.05305633984044615, 0.04672107132213763, 0.05275296407537359, 0.05581838213071221, 0.027253681950245728, 0.012453782599745583, 0.013025321232913282, 0.0589502285775231, 0.05886633603533668, 0.08713172165146728, 0.053448006143368705, 0.05881111643965317, 0.05885643590290301, 0.016876500782227556, 0.02459940880703278, 0.03235668310852512, 0.018896034365758766, 0.04561925756495117, 0.048464427256024296, 0.03806987424661192, 0.05122172346387811, 0.030071744528727747, 0.03912358753967677, 0.026061171512440882, 0.05882650111539622, 0.058935386190980314, 0.01478100272486749, 0.045605391104540656, 0.0561077385225105, 0.029306881873820294, 0.05885999203377441, 0.03291321071362692, 0.024613976477355463, 0.0296418153393148, 0.031465094613854654, 0.04449718098232013, 0.058833823708600075, 0.05889249580343551, 0.05888021210034776, 0.048909213672747066, 0.017091787833225878, 0.045840466794702016, 0.05884488210102536, 0.03532027302299376, 0.02370823740098872, 0.058936930101847564, 0.03576940183883256, 0.03597733687777094, 0.030368846266188815, 0.05890644933071452, 0.0589442968396458, 0.0589131427764902, 0.043018863285571377, 0.03825403066554862, 0.05887040026383416, 0.058938114679778005, 0.037166272304103104, 0.05893806501462498, 0.037703551058301164, 0.029510337438349847, 0.013989676156817097, 0.05892982487033262, 0.03004225874194494, 0.03228375853554688, 0.0588591083913221, 0.02812705417415634, 0.010855723660924198, 0.058864375006873186, 0.026499894024523237, 0.0753824466060271, 0.030695184910759604, 0.022401814728466023, 0.019065303033471648, 0.058945917659073324, 0.01354453480246005, 0.05887636859540057, 0.03383226399971205, 0.024377357708097132, 0.038203991588436854, 0.05890239288200392, 0.05888364557426016, 0.02517727678395884, 0.12372062298287537, 0.05702854115458783, 0.033862103267436335, 0.07210726365813819, 0.034441518331825426, 0.024335341145933796, 0.016847195255470047, 0.03639659405775529, 0.026782867256647695, 0.05891509214366094, 0.04369475428127695, 0.016423834733822664, 0.09237378639380356, 0.03128889078101054, 0.05886514690147513, 0.018163319835948617, 0.03768958211534049, 0.036865155261279564, 0.02220654434843079, 0.035783901454583385, 0.030308053150386118, 0.024666157603657674, 0.0384570558415091, 0.05889055100222687, 0.05891808426064079, 0.014314055783749004, 0.0325103698730772, 0.036886246806789265, 0.04062840215545063, 0.058825798405147546, 0.008421387347557636, 0.023486701230195077, 0.035646260187607554, 0.055069172638429184, 0.037232951367610734, 0.04089803272243703, 0.01155562711997229, 0.01949909419871878, 0.045625060681701114, 0.028320507244124594, 0.01675542052681451, 0.058890906426396335, 0.014432912432815404, 0.05885270107253261, 0.013007916009510194, 0.059262075473529664, 0.02033828903891024, 0.018261429300605182, 0.01823983073787471, 0.021310199698786222, 0.044625673056413365, 0.015720934184368443, 0.022788096634782852, 0.011794960298125037, 0.039576971627110206, 0.05890693379996037, 0.014934724200256063, 0.009004486611052331, 0.058893491691174124, 0.0536280265390293, 0.03867325161522536, 0.10219252006941525, 0.039862220382697086, 0.026908222701991072, 0.05894278744583027, 0.0430316955619725, 0.05888086462081251, 0.012074407378637948, 0.023687619272392282, 0.05884738725870938, 0.05885965530656716, 0.038838699475414094, 0.058870735756049855, 0.03830486457781913, 0.058947729386298865, 0.05897386913651714, 0.058920075253725536, 0.026672113674544123, 0.022547046857583908, 0.04458361400471644, 0.006364059480800065, 0.05886774071768632, 0.02980801324624179, 0.021192978158747863, 0.044679316525266015, 0.050517658765530826, 0.05889569299455225, 0.019451806203198425, 0.037050125786231014, 0.040542327721224694, 0.006682970073230194, 0.03709468866673404, 0.03312419843299845, 0.04564437612127767, 0.007443936747913969, 0.05891614693752305, 0.023798092198219906, 0.02685918206523884, 0.058929654555447984, 0.04048588044312706, 0.018436604990286504, 0.05627120701227832, 0.012368913366864522, 0.04306138771418294, 0.05883168791025727, 0.03947826835927489, 0.0548974595056829, 0.008921154852422654, 0.014936943107617364, 0.01933896100228667, 0.058871767875379545, 0.05888019564241127, 0.019827220807557243, 0.006497330143451974, 0.03371927122623969, 0.01589921244903623, 0.021749218530100135, 0.015954676786182023, 0.03494374862371039, 0.041138846858221396, 0.23623806436189762, 0.02057336997964361, 0.19993057164889735, 0.10026030193641752, 0.058866619374804, 0.06912276868752396, 0.17984709834376522, 0.05891722868679474, 0.027026473554942483, 0.04744693413074939, 0.028695678589633695, 0.03261314882327232, 0.058907055911242304, 0.0212363534255059, 0.05896996041429719, 0.05286668515829984, 0.00805624602684417, 0.05891619366185211, 0.027841299248493365, 0.01236366465461103, 0.04890404681117632, 0.018798203585435415, 0.010486895593984498, 0.05881168007621914, 0.05882031693287436, 0.04878290854605099, 0.058856301827747586, 0.058930725339098405, 0.04498848537521262, 0.033749800964901544, 0.0392578196188233, 0.035035477608338084, 0.05260449321800143, 0.02747326312929515, 0.04381880821624414, 0.04305556313506231, 0.05894475647841235, 0.05891706218075214, 0.05890556647909278, 0.05886912165326735, 0.058821597184748685, 0.05892721756131053, 0.040998117435464304, 0.05885795090236651, 0.017444387782164776, 0.04891893074126165, 0.058911733148709, 0.051549536177549184, 0.035115292384080406, 0.058921222364659, 0.014005926705577447, 0.11446471292840246, 