{"metrics": {"test": {"fp": [5], "f1_score": [0.7027027027027027], "risk": [0.16417910447761194], "recall": [0.6842105263157895], "sensitivity": [0.6842105263157895], "precision": [0.7222222222222222], "tp": [13], "tn": [43], "specificity": [0.8958333333333334], "fn": [6]}, "train": {"fp": [2], "f1_score": [0.9523809523809524], "risk": [0.01858736059479554], "recall": [0.9433962264150944], "sensitivity": [0.9433962264150944], "precision": [0.9615384615384616], "tp": [50], "tn": [214], "specificity": [0.9907407407407407], "fn": [3]}}, "model": {"n_features": 999943}, "data": {"path": "/scratch/adrouin/data/patric/single_species_datasets/cycloserine___260162261243005161/dataset.kover", "split": "train_0.800_seed_0_10_folds", "uuid": "5d40d132-074f-11e8-83ec-001b2193b764"}, "predictions": {"binary": [0, 0, 0, 0, 0, 0, 0, 0, 0, 0, 0, 0, 0, 0, 0, 0, 0, 0, 0, 0, 0, 0, 0, 0, 0, 0, 0, 0, 0, 0, 0, 0, 1, 0, 0, 0, 0, 0, 1, 0, 0, 0, 0, 0, 0, 0, 0, 0, 0, 0, 0, 0, 0, 0, 0, 0, 0, 0, 0, 0, 0, 0, 0, 0, 0, 0, 0, 0, 0, 0, 0, 0, 0, 0, 0, 0, 0, 0, 0, 0, 0, 0, 0, 0, 0, 0, 0, 0, 0, 0, 0, 0, 0, 0, 0, 0, 0, 0, 0, 0, 0, 0, 0, 0, 0, 0, 0, 0, 0, 0, 0, 0, 0, 0, 0, 0, 0, 0, 0, 0, 0, 0, 0, 0, 0, 0, 0, 0, 0, 0, 0, 0, 0, 0, 0, 0, 0, 0, 0, 0, 0, 0, 0, 0, 0, 0, 0, 0, 0, 0, 0, 0, 0, 0, 0, 0, 0, 0, 0, 0, 0, 0, 0, 0, 0, 0, 0, 0, 0, 0, 0, 0, 1, 0, 0, 0, 0, 0, 0, 0, 0, 0, 0, 0, 0, 0, 0, 0, 0, 0, 0, 0, 0, 0, 0, 0, 0, 1, 0, 0, 0, 0, 0, 0, 0, 0, 0, 0, 0, 0, 0, 0, 0, 0, 0, 0, 0, 0, 0, 0, 1, 0, 1, 0, 0, 0, 0, 0, 0, 0, 0, 0, 0, 0, 0, 0, 0, 0, 0, 0, 0, 0, 0, 1, 0, 0, 0, 0, 0, 0, 0, 0, 0, 0, 0, 0, 0, 0, 0, 0, 0, 0, 0, 0, 1, 0, 1, 1, 1, 1, 1, 1, 1, 1, 1, 1, 1, 1, 1, 1, 1, 1, 1, 1, 1, 1, 1, 1, 0, 1, 1, 1, 0, 1, 1, 1, 1, 1, 1, 1, 1, 1, 1, 0, 0, 1, 0, 1, 1, 1, 1, 1, 0, 1, 1, 1, 1, 1, 1, 1, 1, 0, 1, 0, 1, 1, 1, 1, 1, 1, 1, 1, 1, 1, 1, 1, 1, 1, 1, 1, 1, 1, 1, 1, 1, 1, 1, 1, 1, 1, 1, 1, 1, 1, 1, 1, 1, 1, 1, 1, 1, 1, 1, 1, 1, 1, 1, 1, 1, 1, 1, 1, 1, 1, 1, 1, 1, 1, 1, 1, 1, 1, 1, 1], "proba": [0.0014021221335280296, 0.0019151475947957611, 0.0004935377741038887, 0.0013331524319196324, 8.052178675837559e-07, 0.00017746243933924885, 0.00732286185869093, 0.008947088173955271, 0.006958685498531971, 0.3661724974806255, 0.0009502589989393612, 8.961940814767698e-06, 0.001409661614319969, 0.0008616078390565018, 0.00025471298599351354, 0.00030126449994622557, 0.0007816501672028698, 0.00010851453277595681, 0.0003437010961094435, 6.422683824305532e-05, 0.0017484261335436327, 0.00013059848716917653, 0.0004484112969641116, 0.0005304365801202145, 0.0010088212862272112, 0.0018917450122409873, 0.001209034616389795, 0.0005022771007112492, 0.0017849433557064333, 0.00043380995225046273, 0.00011267592709940391, 0.0003650526071497496, 0.6943410027676441, 0.04478022717632356, 0.0025589786368485083, 0.15871241578896272, 0.001625633875425815, 0.09373897382105371, 0.608724737635324, 0.00019223154449094252, 0.0015706161860853643, 0.002030710175490291, 6.786142178626895e-06, 7.960084236002078e-05, 0.01316586470826959, 0.007126433921698557, 0.008159941491588992, 0.0013237546985399966, 0.0016916243879011666, 0.0024549508917486806, 9.692404135031892e-06, 0.0033561526253088544, 0.0009692294511249119, 0.04922225330306042, 0.001937067704828487, 0.004576139150896763, 0.000588389277754597, 0.004945741020241831, 0.00381855189924622, 0.13970963577469048, 0.00034341656395305454, 9.854140687555264e-05, 0.0008415288838066505, 0.002211572964169217, 0.0008203291899738477, 4.847686280645859e-05, 0.00019603117431018165, 0.0006275387955396782, 4.474662465456973e-06, 0.00014700814243794548, 4.126247619472305e-05, 2.5049309261591156e-05, 1.4550467536501784e-05, 1.705820867604899e-05, 7.745164006957563e-05, 1.3352811884857924e-05, 2.1595418578737625e-05, 0.0021358539533852068, 0.00011841077258012126, 1.3885386593597875e-05, 3.709242828128736e-05, 0.00030652522072267124, 0.04517179256907352, 0.005400534337559422, 0.00010755911031384147, 0.09990697569401727, 0.00043272002845315936, 0.011631596860158099, 4.672305312488523e-05, 0.19877184103627307, 0.0028703937358157596, 0.0016116813900251556, 0.000837330061147678, 1.094293186354187e-05, 0.0025540119877146415, 0.004594704691345702, 3.8217156221362395e-05, 3.1860967304776896e-05, 3.7262452851459114e-05, 0.0003546795879735964, 0.0014531184793888261, 0.000910405845499994, 0.17280301370066267, 0.004153219842989621, 0.01627570414260482, 0.0006802333947133975, 0.0009253270224964769, 0.028198991429383636, 0.006688042647659201, 0.00029151921507323636, 1.3818331244438937e-05, 0.004931047119889628, 8.021314386322675e-05, 4.6962248977260035e-05, 0.013869576123835027, 3.929301844342956e-05, 5.7789937257042815e-05, 0.0014302844776947197, 0.0005749605043193296, 0.024095389772264077, 0.010871570019743216, 0.00041497234020123946, 0.002399182795196724, 0.005771154425842053, 0.0018376038956873834, 0.0045644579373974445, 5.9074539620094625e-06, 0.0009498998984714065, 0.0013909851824075504, 4.5713431266274646e-05, 1.3858176726140297e-05, 0.017010700588309943, 0.01278670938212503, 0.009775372532228615, 9.046072842543508e-05, 2.6674667874587685e-06, 5.097622308415776e-06, 0.0016415138627909507, 1.4448469132259303e-06, 0.0002923594464766536, 5.640143387138454e-05, 2.013865709488002e-05, 3.8696368029517165e-06, 5.1213679343291994e-05, 0.00017454202285026175, 7.960956259489784e-05, 3.5186764776906783e-06, 0.001982137898093567, 0.0001489375510508158, 0.00010859220561506323, 0.028450814199438932, 0.003149553632904388, 1.9760096312760215e-06, 2.0668203806087317e-06, 0.0007676497350543557, 0.0004437029828990527, 0.0007772320208713618, 0.00034125271511913075, 5.200652027986485e-05, 2.9191348794228957e-06, 0.003721108518672026, 8.555202033406923e-06, 2.6181620817849897e-07, 0.0008324035469283752, 0.0007904677185580622, 0.002562412661660073, 0.1663172685754, 0.0005276687934270761, 0.0007646725889572078, 0.00037097693125640984, 0.0010148327192165917, 0.0003156240369131365, 0.8050276914018428, 1.4328751192149829e-05, 0.0012403792203578264, 4.292678322500819e-05, 0.0001119037806741832, 0.0005514439538453567, 0.0012683164406401448, 0.0008714436179378049, 5.1757384507994905e-06, 0.0011455449576117012, 4.8291125929837456e-05, 0.05240767479227485, 0.2660198264951002, 0.38147332543033696, 0.1443171000466987, 0.21140999649051537, 0.0660005506846412, 0.00021804248146606824, 1.927960258850239e-05, 1.4742662721258139e-06, 0.03253770397892208, 4.2144701670876136e-07, 0.04367036946087217, 0.004209888474819196, 0.007709252430233146, 0.7156281485812377, 5.242376846023838e-05, 0.01608049559480578, 0.0006850892219407279, 0.00033959687085280724, 4.7162908770018125e-06, 0.2199544115820462, 0.03613457822231271, 0.005824999881963884, 0.12117870002911348, 0.006339688107043362, 0.018664320569391258, 0.08457838113129885, 1.0265408564777033e-05, 0.026751914736868866, 0.0031763209187940585, 1.378823969780083e-07, 0.0004620591202082402, 0.05506107143539593, 3.589289317188374e-07, 0.2792480857138977, 0.017538410237957963, 0.1502765922667357, 0.6662386582688857, 0.018559333951217432, 0.5499151545292009, 0.06124351424443194, 0.00024726191473162197, 0.03270963756417394, 0.0002024521565204526, 0.0007163678996635718, 0.05837854066919794, 0.005881563993015307, 0.007571678107698067, 0.02959181997975131, 0.14508086458800984, 0.001771278278947964, 0.00012664073333427676, 0.007846934714064904, 0.0005681767853502247, 0.04896014037173344, 2.272847634892542e-06, 0.14347698416209975, 0.021406763227590754, 0.03837915807271081, 0.021203942400180555, 0.9116054830569306, 0.036317257461361496, 0.0007756750305411718, 0.0028345885102533308, 0.0018427130353459605, 0.013611232813180475, 0.0006041214717477509, 0.0008708587695295519, 0.009881091679384514, 0.2063331848336808, 0.0006726159099365526, 9.732437512182308e-05, 0.002377037688492027, 1.238961132473129e-05, 2.0125717399501232e-05, 0.24412398102626495, 0.0020246433954078363, 0.00031118046611977997, 0.02675208483556271, 0.08244173401110604, 0.006405955710286213, 0.9902321945189342, 0.2543464618438568, 0.9962081900331567, 