{"metrics": {"test": {"fp": [1], "f1_score": [0.9345794392523364], "risk": [0.08045977011494253], "recall": [0.8928571428571429], "sensitivity": [0.8928571428571429], "precision": [0.9803921568627451], "tp": [50], "tn": [30], "specificity": [0.967741935483871], "fn": [6]}, "train": {"fp": [0], "f1_score": [1.0], "risk": [0.0], "recall": [1.0], "sensitivity": [1.0], "precision": [1.0], "tp": [215], "tn": [134], "specificity": [1.0], "fn": [0]}}, "model": {"n_features": 2232}, "data": {"path": "/scratch/adrouin/patric_data/single_species_datasets/ampicillin___7053822222416630118/dataset.kover", "split": "train_0.800_seed_0_10_folds", "uuid": "9957fcbc-095d-11e8-b1fe-001b2193b764"}, "predictions": {"binary": [0, 0, 0, 0, 0, 0, 0, 0, 0, 0, 0, 0, 0, 0, 0, 0, 0, 0, 0, 0, 0, 0, 0, 0, 0, 0, 0, 0, 0, 0, 0, 0, 0, 0, 0, 0, 0, 0, 0, 0, 0, 0, 0, 0, 0, 0, 0, 0, 0, 0, 0, 0, 0, 0, 0, 0, 0, 0, 0, 0, 0, 0, 0, 0, 0, 0, 0, 0, 0, 0, 0, 0, 0, 0, 0, 0, 0, 0, 0, 0, 0, 0, 0, 0, 0, 0, 0, 0, 0, 0, 0, 0, 0, 0, 0, 0, 0, 0, 0, 0, 0, 0, 0, 0, 0, 0, 0, 0, 0, 0, 0, 0, 0, 0, 0, 0, 0, 0, 0, 0, 0, 0, 0, 0, 0, 0, 0, 1, 0, 0, 0, 0, 0, 0, 0, 0, 0, 0, 0, 0, 0, 0, 0, 0, 0, 0, 0, 0, 0, 0, 0, 0, 0, 0, 0, 0, 0, 0, 0, 0, 0, 0, 0, 0, 0, 0, 1, 1, 1, 1, 1, 1, 1, 1, 1, 1, 1, 1, 1, 1, 0, 1, 1, 1, 1, 1, 1, 1, 1, 1, 1, 1, 1, 1, 1, 1, 1, 1, 1, 1, 1, 1, 1, 1, 1, 1, 1, 1, 1, 1, 1, 1, 1, 1, 1, 1, 1, 1, 1, 1, 1, 1, 1, 1, 1, 1, 1, 1, 1, 1, 1, 1, 1, 1, 1, 1, 1, 1, 1, 1, 1, 1, 1, 1, 1, 1, 1, 1, 1, 1, 1, 1, 1, 1, 1, 1, 1, 1, 1, 1, 1, 1, 1, 1, 1, 1, 1, 1, 1, 1, 1, 1, 1, 1, 1, 1, 1, 0, 1, 1, 1, 1, 1, 1, 1, 1, 1, 1, 1, 1, 1, 1, 1, 1, 1, 1, 1, 1, 1, 1, 1, 1, 1, 1, 1, 1, 1, 1, 1, 1, 1, 1, 1, 1, 1, 1, 1, 1, 1, 1, 1, 1, 1, 1, 1, 1, 1, 1, 1, 1, 1, 1, 1, 0, 1, 0, 1, 1, 1, 1, 1, 1, 1, 1, 1, 1, 1, 1, 1, 1, 1, 1, 1, 1, 1, 1, 1, 1, 1, 1, 1, 1, 1, 1, 1, 1, 1, 1, 1, 1, 1, 1, 1, 1, 1, 1, 1, 1, 1, 1, 1, 1, 1, 1, 1, 1, 1, 1, 1, 1, 1, 1, 1, 1, 1, 1, 1, 1, 1, 1, 1, 1, 1, 1, 1, 1, 1, 1, 1, 1, 1, 1, 1, 1, 1, 1, 1, 1, 1, 0, 1, 1, 1, 1, 1, 1, 1, 1, 1, 1, 1, 1, 1, 1, 1, 1, 0, 0, 0, 0, 0, 0, 0, 0, 0, 0, 0, 0], "proba": [0.007323932342143169, 0.008207765938263233, 0.002578344141439429, 0.0017978387555908728, 0.00305640124288813, 0.019616238878454983, 0.002591433738959115, 0.010923969374637651, 0.004205376818758076, 0.03076338758893628, 0.030924141100038778, 0.000120226548836248, 0.000690869531129976, 0.002975603701626961, 0.0031743386966907668, 0.0032765596907577484, 0.00512655383130351, 0.015663244638340155, 0.0005768499884043515, 0.015031352012220184, 0.0028821497522323733, 0.004470616995926955, 0.002882377202032331, 0.016808496068753877, 0.008264581702673234, 0.0028106152227842713, 0.015813756223771507, 5.112305923521181e-05, 0.00607055414374647, 0.013930916994259204, 0.0005027740389935305, 0.02877710913149961, 0.05764105731877647, 0.0036490873951192013, 0.0033942352975584525, 0.01375859929978949, 0.009768552499371485, 0.01549694185321745, 0.022464151192103567, 0.097788927746096, 0.009149414261559229, 0.002353675036819495, 0.006504657544688216, 0.016324846315244775, 0.0013601775245461304, 0.02233916806026057, 0.002078871687709364, 0.22322532363930128, 0.10699261402165117, 0.025387210780332133, 0.0014429237557074723, 0.016549328951743433, 0.0054518652264354235, 0.0012810453054806212, 0.0004490329818488419, 0.050536445256761826, 0.0033681458942660288, 0.002129457232679667, 0.0019793933824945784, 0.0026855910009807886, 0.009985080650144668, 0.0023570507803464436, 0.007972347302877433, 0.01733965785866249, 0.013334183304406689, 0.0023602376568687133, 0.016659964981623622, 0.01650273249937522, 0.004846382990748161, 0.014546730290760188, 0.0007108925541994507, 0.0005678762229499339, 0.0007291325305311835, 0.011435422650831363, 0.005486318953722829, 0.0026319883073730403, 0.005214231376744492, 0.001553690827306681, 0.0003058271498280336, 0.015188724217428297, 0.002330859266170816, 0.009903746968677466, 0.05495939169048526, 0.0032086813966476285, 0.0007933836221921839, 0.017581797356067106, 0.006966233939561403, 0.0023498185532299172, 0.19932838354646928, 0.02329769535962613, 0.005312963653054906, 0.03606832389099505, 0.017418987136260552, 0.001780451496920572, 0.005012112039104482, 0.00569400060935701, 0.006739665590746295, 0.0001843685901353436, 0.008639589192846896, 0.023857497940326926, 0.009794712387087628, 0.0033080425910374605, 0.006253432252314337, 0.0067765952834265425, 0.0011174511292001506, 0.004402118526630665, 0.019861828432126197, 0.0007848114133038445, 0.002929107291446017, 0.01802411251093581, 0.001077967478214491, 0.0011725729580933596, 0.006783705203684232, 0.0022733033732648305, 0.0027195939079708033, 0.001007932250116692, 0.0006887189480398831, 0.0034779486220043836, 0.0037485870825787167, 0.15523726950097128, 0.004236186505396912, 0.013675219408056634, 0.00213908368642839, 0.021647845174762186, 0.003406271257046062, 0.004361007978007946, 0.008737561149380924, 0.648909051708431, 0.012618015356188082, 0.009599818827673938, 0.14798361793822223, 0.034757541543088855, 0.027004620587620792, 0.0015736988972445474, 0.04031379460903667, 0.008776594923260744, 0.0008568291657147465, 0.003884903984057873, 0.00554231609447567, 0.0005870735044092367, 0.0019467277001578305, 0.002808735375662322, 0.009903746968677466, 0.0034431187453646435, 0.002337345648160503, 0.00869225037618074, 0.05041414555823801, 0.19301503685256088, 0.0002481131964022844, 0.002476383285896163, 0.01189387234356429, 0.032125205445226755, 0.017750527220594562, 0.004399616939864665, 0.00366163765766082, 0.026026505591708608, 0.03796997070845374, 0.000989526568546647, 0.020320175764884603, 0.00783338970062377, 0.01557418559954525, 0.060431988326189914, 0.007922157746187283, 0.20024867076131603, 0.003364020878625463, 0.2316868112160722, 0.9973447205158145, 0.992891739790539, 0.9939967279882794, 0.9887427080373485, 0.9993190920718523, 0.9538265661556604, 0.9990850947131924, 0.998959260923187, 0.9995876093281643, 0.9961533153957682, 0.9974175680676787, 0.8934788808771927, 0.9997203259148352, 0.9979420827865869, 0.21647757638315582, 0.9891701566920542, 0.9883484921875327, 0.9998991825675282, 0.9997941891163671, 0.7322715910369423, 0.9991169065283538, 0.9826785501252465, 0.9999966451470169, 0.9474041622964889, 0.9895489815608247, 0.9999122979916996, 0.9890605885729538, 0.9992388161255281, 0.9999854379718895, 0.9999951588678421, 0.9999383617169483, 0.9998910339144975, 0.9976722624736551, 0.9986273026459186, 0.9967314601176045, 0.9981551847723245, 0.992675468818937, 0.9963855723062779, 0.9997075276198701, 0.9888166847703429, 0.9999646378948265, 0.9920223243100934, 0.999538006500966, 0.9992305788769453, 0.9999126667047178, 0.9279603728751201, 0.9962688203359246, 0.9997886856696429, 0.999996263671322, 0.9944656567823575, 0.9979300435048349, 0.998462704589415, 0.9995509231935895, 0.984233748294469, 0.8525471724523576, 0.9397027597070414, 0.9999999975340426, 0.9979062274195915, 0.9934254181324588, 0.9732296672555741, 0.9500692116127147, 0.9990461767871062, 0.9918765431765434, 0.9995836707774319, 0.9999981964061646, 0.9934979013234726, 0.99457237389931, 0.9871956225037976, 0.9993955333293478, 0.9999398788727322, 0.9932534680177859, 0.9221429644554509, 0.9984374589223531, 0.9987981693813489, 0.9980379596373244, 0.9999999576722383, 0.9999547786073515, 0.9997769346834281, 0.9987905721378716, 0.9654455204865817, 0.9717764475258044, 0.9922392862045433, 0.9999902199553641, 0.975997435907003, 0.9999443643775492, 0.9999740698165057, 0.9999794450975656, 0.996595045702111, 0.9804665799859771, 0.9771674856595896, 0.9925121118396603, 0.9999408630118174, 0.9837733079709081, 0.9759314861931141, 0.9792670131149085, 0.9999981512105488, 0.961758378302356, 0.9938931155969437, 0.9991742030427773, 0.9987155764011624, 0.9937475896589381, 0.9997933815349228, 0.9980235708923257, 0.9989229440598857, 0.9105451165670614, 0.9761143242214616, 0.9997848397503526, 0.9963026669502629, 0.9993029427493357, 0.9143169339415879, 0.9937999360069182, 0.04315325520590683, 0.9999735365605044, 0.9978255218510322, 