{"metrics": {"test": {"fp": [0], "f1_score": [1.0], "risk": [0.0], "recall": [1.0], "sensitivity": [1.0], "precision": [1.0], "tp": [17], "tn": [20], "specificity": [1.0], "fn": [0]}, "train": {"fp": [3], "f1_score": [0.9448818897637795], "risk": [0.046357615894039736], "recall": [0.9375], "sensitivity": [0.9375], "precision": [0.9523809523809523], "tp": [60], "tn": [84], "specificity": [0.9655172413793104], "fn": [4]}}, "model": {"n_features": 157}, "data": {"path": "/scratch/adrouin/patric_data/single_species_datasets/trimethoprim___2202579077548954665/dataset.kover", "split": "train_0.800_seed_6_10_folds", "uuid": "90cb0312-06e4-11e8-bece-001b2193b764"}, "predictions": {"binary": [0, 0, 0, 0, 0, 0, 0, 0, 0, 0, 0, 0, 0, 0, 0, 0, 0, 0, 0, 0, 0, 0, 0, 0, 1, 0, 0, 0, 0, 0, 0, 0, 0, 0, 0, 0, 0, 0, 0, 0, 1, 0, 0, 0, 0, 0, 0, 0, 0, 0, 0, 0, 0, 0, 0, 0, 0, 0, 0, 0, 0, 0, 0, 0, 0, 0, 0, 0, 0, 0, 0, 0, 0, 0, 0, 0, 0, 0, 1, 0, 0, 0, 0, 0, 0, 0, 0, 0, 0, 0, 0, 0, 0, 0, 0, 0, 0, 0, 0, 0, 0, 0, 0, 0, 0, 0, 0, 1, 1, 1, 1, 1, 1, 1, 1, 1, 0, 1, 1, 1, 1, 0, 0, 1, 1, 1, 1, 1, 1, 1, 1, 1, 1, 1, 1, 1, 1, 1, 1, 1, 1, 1, 1, 1, 1, 1, 1, 1, 0, 1, 1, 1, 1, 1, 1, 1, 1, 1, 1, 1, 1, 1, 1, 1, 1, 1, 1, 1, 1, 1, 1, 1, 1, 1, 1, 1, 1, 1, 1, 1, 1, 1, 1, 1, 1, 1, 1, 1, 0, 0, 0, 0], "proba": [0.36427447252038825, 0.39131004396868946, 0.2643407624432462, 0.5, 0.18976992112442234, 0.2061814685429554, 0.2226886016766808, 0.22772808447785112, 0.18773427996658332, 0.2561867034945581, 0.36427447252038825, 0.13945522712573796, 0.18608762637395826, 0.1742514008428273, 0.20745713198117882, 0.17091490004042809, 0.13762378295762265, 0.14011780419815761, 0.14011780419815761, 0.16929460975571642, 0.13539832165607502, 0.14011780419815761, 0.2510398723301557, 0.11474776436682892, 0.7281606802359972, 0.139977785990936, 0.23697474318166684, 0.48763984384654385, 0.2762927214312586, 0.20334446402968023, 0.11474776436682892, 0.11787688671812699, 0.12109285134067399, 0.14441324809919776, 0.1745985133927337, 0.14507033505055067, 0.139977785990936, 0.17552277522965637, 0.3646480599772492, 0.11474776436682892, 0.7725908816554917, 0.19567557759156512, 0.24202458177593966, 0.15661890621502178, 0.11474776436682892, 0.18054541367820773, 0.14011780419815761, 0.2706328743479531, 0.2318826465886881, 0.12804250633594766, 0.15365690910342716, 0.36427447252038825, 0.11787688671812699, 0.17856473281578264, 0.3936741209817658, 0.191864280941559, 0.24431975385931204, 0.2909960628897107, 0.17460902356926064, 0.14201062014456986, 0.14011780419815761, 0.4062314338277016, 0.11474776436682892, 0.19567557759156512, 0.11474776436682892, 0.20258152053815534, 0.2855054186577073, 0.2187361702759233, 0.18527831846522008, 0.2318826465886881, 0.14507033505055067, 0.1223326543876535, 0.3055668695491817, 0.17260936483416564, 0.23448741503017848, 0.31103269328763056, 0.14441324809919776, 0.40057861969004777, 0.7794495090948836, 0.19036358713956267, 0.19621311186509816, 0.14441324809919776, 0.15561523609382905, 0.15273781665529382, 0.1973212960452142, 0.4504028541713674, 0.2020152280335178, 0.17216903199769393, 0.23730497290047664, 0.24202458177593966, 0.11910122059027228, 0.11474776436682892, 0.15661890621502178, 0.18976992112442234, 0.139977785990936, 0.14113706150769267, 0.1973212960452142, 0.13706006246536315, 0.139977785990936, 0.23060175787728293, 0.36427447252038825, 0.21910337636131438, 0.2577532341996297, 0.2706328743479531, 0.15303916987582905, 0.15423109898936563, 0.22851922627699828, 0.9113391710989978, 0.8903200488773058, 0.6318029624019038, 0.93396250509405, 0.9113391710989978, 0.93396250509405, 0.9113391710989978, 0.93396250509405, 0.93396250509405, 0.14011780419815761, 0.93396250509405, 0.8958748808606742, 0.8958748808606742, 0.7726665362227847, 0.36609123657977927, 0.23730497290047664, 0.8252491910200774, 0.9037693998446487, 0.93396250509405, 0.9166854761706859, 0.93396250509405, 0.915317989918745, 0.8958748808606742, 0.8280234542110338, 0.93396250509405, 0.860568493934968, 0.9166854761706859, 0.7924166418097928, 0.8111420279816451, 0.6962262628788666, 0.9166854761706859, 0.5491923901167103, 0.9067129365890255, 0.6612569834171191, 0.8280234542110338, 0.9067129365890255, 0.8036317035551869, 0.883181248936909, 0.8894786988967261, 0.8498811997136269, 0.6197910392093797, 0.36427447252038825, 0.8746030269381206, 0.8442553082435201, 0.7135503940712064, 0.929120535312314, 0.883181248936909, 0.8824522178575211, 0.6628798378164898, 0.8399424038038199, 0.8308318900281856, 0.8727478922450055, 0.929120535312314, 0.897755767611687, 0.9067129365890255, 0.9078724367874337, 0.873816542690149, 0.8701270393021501, 0.7710685445503007, 0.9113391710989978, 0.9010921580587054, 0.8957085414962607, 0.8958748808606742, 0.93396250509405, 0.8308318900281856, 0.93396250509405, 0.8957085414962607, 0.9166854761706859, 0.894466462545626, 0.8527854250399165, 0.8647106235672397, 0.7914971946124946, 0.8527854250399165, 0.8957085414962607, 0.8957085414962607, 0.9296720531194622, 0.9296720531194622, 0.8957085414962607, 0.8957085414962607, 0.8785791332177527, 0.8280234542110338, 0.5, 0.5, 0.5, 0.5]}}