{"metrics": {"test": {"fp": [2], "f1_score": [0.761904761904762], "risk": [0.29411764705882354], "recall": [0.7272727272727273], "sensitivity": [0.7272727272727273], "precision": [0.8], "tp": [8], "tn": [4], "specificity": [0.6666666666666666], "fn": [3]}, "train": {"fp": [17], "f1_score": [0.676470588235294], "risk": [0.3235294117647059], "recall": [0.8214285714285714], "sensitivity": [0.8214285714285714], "precision": [0.575], "tp": [23], "tn": [23], "specificity": [0.575], "fn": [5]}}, "model": {"n_features": 6095164}, "data": {"path": "/scratch/adrouin/patric_data/single_species_datasets/oxacillin___6654735289702248879/dataset.kover", "split": "train_0.800_seed_4_10_folds", "uuid": "5e68fc00-084a-11e8-a17e-001b2193b764"}, "predictions": {"binary": [1, 1, 0, 0, 0, 0, 0, 1, 1, 0, 1, 1, 1, 1, 0, 0, 0, 1, 1, 0, 0, 1, 1, 0, 0, 0, 1, 0, 0, 1, 0, 0, 0, 0, 0, 0, 0, 0, 0, 1, 1, 0, 1, 1, 1, 0, 1, 1, 1, 1, 0, 1, 1, 1, 1, 1, 0, 0, 1, 1, 1, 0, 1, 1, 1, 1, 0, 1, 1, 1, 1, 1, 1, 1, 1, 0, 1, 1, 1, 1, 1, 1, 1, 0, 0], "proba": [0.3974840900473614, 0.41377203148965125, 0.590951931848987, 0.5653057371760538, 0.6052633718802944, 0.5605803949689405, 0.6054304362290018, 0.4165280865139427, 0.37689118662019333, 0.5642317092976502, 0.42117215039696926, 0.39643246052523357, 0.40221733922799974, 0.3953012041126136, 0.5520008649916717, 0.6041785605035626, 0.5904223292237981, 0.41147954030302236, 0.45741116417914696, 0.5436051529973468, 0.5913763094714476, 0.39466744730523723, 0.39913521797582163, 0.6047289990998244, 0.5898014691398675, 0.593027387451707, 0.4039723929940556, 0.5958513116896672, 0.5578082044004973, 0.3959645066306066, 0.5951292244656756, 0.5743141021683271, 0.597315697904423, 0.6009551393616276, 0.5417479971451091, 0.5659663447434533, 0.6040624182372551, 0.5982969057288802, 0.5843784295475746, 0.45416297066717426, 0.40980978231398335, 0.5451302629449293, 0.4135445301803145, 0.40934790611114696, 0.40784436043304284, 0.600717419372275, 0.3505561029209201, 0.34883974669836565, 0.35722039252316123, 0.3493483965579074, 0.5245783969088216, 0.3598493853232626, 0.3467965419752349, 0.34508970105724135, 0.3459987269115684, 0.3460664820570438, 0.5173562905096964, 0.5298297914801093, 0.34928713735345757, 0.48435992343134604, 0.3639710157923709, 0.5419429250331262, 0.345320007894591, 0.3490043002105582]}}