{"metrics": {"test": {"fp": [0], "f1_score": [0.923076923076923], "risk": [0.046875], "recall": [0.8571428571428571], "sensitivity": [0.8571428571428571], "precision": [1.0], "tp": [18], "tn": [43], "specificity": [1.0], "fn": [3]}, "train": {"fp": [0], "f1_score": [0.9658119658119658], "risk": [0.03125], "recall": [0.9338842975206612], "sensitivity": [0.9338842975206612], "precision": [1.0], "tp": [113], "tn": [135], "specificity": [1.0], "fn": [8]}}, "model": {"n_features": 179}, "data": {"path": "/scratch/adrouin/patric_data/single_species_datasets/trimethoprim_sulfamethoxazole___6654735289702248879/dataset.kover", "split": "train_0.800_seed_8_10_folds", "uuid": "aafc18c0-0856-11e8-a8cc-001b2193b764"}, "predictions": {"binary": [0, 0, 0, 0, 0, 0, 0, 0, 0, 0, 0, 0, 0, 0, 0, 0, 0, 0, 0, 0, 0, 0, 0, 0, 0, 0, 0, 0, 0, 0, 0, 0, 0, 0, 0, 0, 0, 0, 0, 0, 0, 0, 0, 0, 0, 0, 0, 0, 0, 0, 0, 0, 0, 0, 0, 0, 0, 0, 0, 0, 0, 0, 0, 0, 0, 0, 0, 0, 0, 0, 0, 0, 0, 0, 0, 0, 0, 0, 0, 0, 0, 0, 0, 0, 0, 0, 0, 0, 0, 0, 0, 0, 0, 0, 0, 0, 0, 0, 0, 0, 0, 0, 0, 0, 0, 0, 0, 0, 0, 0, 0, 0, 0, 0, 0, 0, 0, 0, 0, 0, 0, 0, 0, 0, 0, 0, 0, 0, 0, 0, 0, 0, 0, 0, 0, 0, 0, 0, 0, 0, 0, 0, 0, 0, 0, 0, 0, 0, 0, 0, 0, 0, 0, 0, 0, 0, 0, 0, 0, 0, 0, 0, 0, 0, 0, 0, 0, 0, 0, 0, 0, 0, 0, 0, 0, 0, 0, 0, 1, 1, 1, 1, 0, 1, 1, 1, 1, 1, 1, 1, 1, 1, 1, 0, 1, 1, 1, 0, 1, 1, 1, 1, 1, 1, 1, 1, 1, 1, 1, 0, 1, 1, 1, 1, 1, 1, 1, 1, 1, 1, 1, 1, 1, 1, 1, 1, 0, 1, 1, 1, 1, 1, 1, 1, 1, 1, 1, 0, 1, 1, 1, 1, 1, 1, 1, 1, 0, 1, 1, 1, 1, 1, 1, 1, 1, 1, 0, 1, 1, 1, 1, 1, 1, 1, 1, 1, 1, 1, 1, 1, 1, 1, 1, 1, 1, 1, 1, 1, 1, 1, 1, 0, 1, 1, 1, 1, 1, 1, 1, 1, 1, 1, 1, 1, 1, 1, 1, 1, 1, 1, 1, 1, 1, 1, 1, 1, 0, 1, 1, 1, 1, 1, 1, 1, 1, 1, 1, 1, 1, 0], "proba": [0.08392636017701556, 0.08392636017701556, 0.08392636017701556, 0.11765488995315153, 0.1406496723266841, 0.1406496723266841, 0.0938682856838809, 0.0938682856838809, 0.0938682856838809, 0.08392636017701556, 0.1406496723266841, 0.1406496723266841, 0.0938682856838809, 0.1406496723266841, 0.1406496723266841, 0.0938682856838809, 0.1406496723266841, 0.0938682856838809, 0.0938682856838809, 0.08392636017701556, 0.08392636017701556, 0.11765488995315153, 0.08392636017701556, 0.08392636017701556, 0.1406496723266841, 0.0938682856838809, 0.08392636017701556, 0.08392636017701556, 0.08392636017701556, 0.08392636017701556, 0.08392636017701556, 0.08392636017701556, 0.08392636017701556, 0.08392636017701556, 0.08392636017701556, 0.08392636017701556, 0.08392636017701556, 0.08392636017701556, 0.08392636017701556, 0.08392636017701556, 0.08392636017701556, 0.08392636017701556, 0.1406496723266841, 0.0938682856838809, 0.0938682856838809, 0.0938682856838809, 0.09412867626120758, 0.0938682856838809, 0.1406496723266841, 0.0938682856838809, 0.0938682856838809, 0.1406496723266841, 0.0938682856838809, 0.1406496723266841, 0.0938682856838809, 0.1406496723266841, 0.0938682856838809, 0.1406496723266841, 0.0938682856838809, 0.0938682856838809, 0.0938682856838809, 0.1406496723266841, 0.0938682856838809, 0.0938682856838809, 0.0938682856838809, 0.0938682856838809, 0.1406496723266841, 0.1406496723266841, 0.0938682856838809, 0.1406496723266841, 0.1406496723266841, 0.1406496723266841, 0.0938682856838809, 0.0938682856838809, 0.1406496723266841, 0.0938682856838809, 0.0938682856838809, 0.0938682856838809, 0.1406496723266841, 0.0938682856838809, 0.1406496723266841, 0.0938682856838809, 0.0938682856838809, 0.0938682856838809, 0.0938682856838809, 0.1406496723266841, 0.0938682856838809, 0.0938682856838809, 0.12239477886468832, 0.0938682856838809, 0.08392636017701556, 0.12853123540306285, 0.08392636017701556, 0.09542681752278505, 0.08392636017701556, 0.09253431595059584, 0.08392636017701556, 0.08392636017701556, 0.08392636017701556, 0.08392636017701556, 0.0938682856838809, 0.1406496723266841, 0.0938682856838809, 0.1406496723266841, 0.0938682856838809, 0.1406496723266841, 0.1406496723266841, 0.1406496723266841, 0.1406496723266841, 0.09412867626120758, 0.095197586913392, 0.10640609671327221, 0.12853123540306285, 0.27600892178480224, 0.08392636017701556, 0.08392636017701556, 0.08392636017701556, 0.08392636017701556, 0.08392636017701556, 0.08392636017701556, 0.12921656662526088, 0.10378294129411288, 0.08392636017701556, 0.08392636017701556, 0.08392636017701556, 0.08392636017701556, 0.095197586913392, 0.08392636017701556, 0.08392636017701556, 0.08392636017701556, 0.08392636017701556, 0.08392636017701556, 0.1406496723266841, 0.08392636017701556, 0.12853123540306285, 0.08392636017701556, 0.28176801193343864, 0.28176801193343864, 0.28176801193343864, 0.3666892730588599, 0.28176801193343864, 0.28176801193343864, 0.28176801193343864, 0.28176801193343864, 0.08392636017701556, 0.08392636017701556, 0.08392636017701556, 0.08392636017701556, 0.3666892730588599, 0.08392636017701556, 0.08392636017701556, 0.08392636017701556, 0.08392636017701556, 0.08392636017701556, 0.12644436858508626, 0.28176801193343864, 0.3666892730588599, 0.09412867626120758, 0.28176801193343864, 0.08392636017701556, 0.08392636017701556, 0.08392636017701556, 0.08392636017701556, 0.08392636017701556, 0.08392636017701556, 0.5, 0.10378294129411288, 0.08392636017701556, 0.08392636017701556, 0.08392636017701556, 0.08392636017701556, 0.08392636017701556, 0.10378294129411288, 0.1406496723266841, 0.08392636017701556, 0.09542681752278505, 0.0938682856838809, 0.0938682856838809, 0.9555619431887128, 0.9555619431887128, 0.9555619431887128, 0.9555619431887128, 0.1406496723266841, 0.9555619431887128, 0.9555619431887128, 0.9555619431887128, 0.9555619431887128, 0.9555619431887128, 0.9555619431887128, 0.946883071547061, 0.9555619431887128, 0.9555619431887128, 0.9555619431887128, 0.14101963833673484, 0.9555619431887128, 0.9555619431887128, 0.5531229363649238, 0.14101963833673484, 0.9555619431887128, 0.9555619431887128, 0.9555619431887128, 0.9555619431887128, 0.9555619431887128, 0.9555619431887128, 0.9555619431887128, 0.9555619431887128, 0.9340297145946888, 0.9555619431887128, 0.9340297145946888, 0.1406496723266841, 0.9555619431887128, 0.9555619431887128, 0.9555619431887128, 0.9555619431887128, 0.9555619431887128, 0.9555619431887128, 0.9555619431887128, 0.9555619431887128, 0.9555619431887128, 0.9555619431887128, 0.9555619431887128, 0.9555619431887128, 0.9555619431887128, 0.9555619431887128, 0.9555619431887128, 0.9555619431887128, 0.1406496723266841, 0.9555619431887128, 0.9453252189774739, 0.9555619431887128, 0.9555619431887128, 0.9555619431887128, 0.9555619431887128, 0.9555619431887128, 0.9555619431887128, 0.9555619431887128, 0.9555619431887128, 0.1406496723266841, 0.9555619431887128, 0.9555619431887128, 0.9555619431887128, 0.9555619431887128, 0.9555619431887128, 0.9555619431887128, 0.9555619431887128, 0.9555619431887128, 0.1406496723266841, 0.9555619431887128, 0.9555619431887128, 0.9555619431887128, 0.9555619431887128, 0.9453252189774739, 0.9555619431887128, 0.9555619431887128, 0.9555619431887128, 0.9555619431887128, 0.11803424759713808, 0.9555619431887128, 0.9555448673784545, 0.9555619431887128, 0.9555619431887128, 0.9555619431887128, 0.9453252189774739, 0.9453252189774739, 0.9453252189774739, 0.9555619431887128, 0.9555619431887128, 0.9555619431887128, 0.9555619431887128, 0.9555619431887128, 0.9555619431887128, 0.9555619431887128, 0.9555619431887128, 0.9555619431887128, 0.9555619431887128, 0.9555619431887128, 0.9555619431887128, 0.9555619431887128, 0.9555619431887128, 0.9555619431887128, 0.9555619431887128, 0.3666892730588599, 0.9555619431887128, 0.9340297145946888, 0.7568403250499782, 0.9555619431887128, 0.9453252189774739, 0.9212320987180668, 0.9555619431887128, 0.9453252189774739, 0.9555619431887128, 0.9555619431887128, 0.9453252189774739, 0.9453252189774739, 0.9555619431887128, 0.9555619431887128, 0.9340297145946888, 0.9555619431887128, 0.9555619431887128, 0.9555619431887128, 0.9555619431887128, 0.9555619431887128, 0.9555619431887128, 0.9453252189774739, 0.9555619431887128, 0.9555619431887128, 0.27600892178480224, 0.9555619431887128, 0.943826069168666, 0.9340297145946888, 