{"metrics": {"test": {"fp": [13], "f1_score": [0.3], "risk": [0.15730337078651685], "recall": [0.75], "sensitivity": [0.75], "precision": [0.1875], "tp": [3], "tn": [72], "specificity": [0.8470588235294118], "fn": [1]}, "train": {"fp": [59], "f1_score": [0.3883495145631068], "risk": [0.17647058823529413], "recall": [0.8333333333333334], "sensitivity": [0.8333333333333334], "precision": [0.25316455696202533], "tp": [20], "tn": [274], "specificity": [0.8228228228228228], "fn": [4]}}, "model": {"n_features": 36241506}, "data": {"path": "/scratch/adrouin/patric_data/single_species_datasets/meropenem___7053822222416630118/dataset.kover", "split": "train_0.800_seed_7_10_folds", "uuid": "bae13f2a-05ab-11e8-a327-001b2193b764"}, "predictions": {"binary": [0, 0, 0, 0, 1, 0, 0, 1, 0, 1, 0, 1, 0, 0, 1, 0, 0, 0, 0, 0, 0, 0, 0, 0, 0, 0, 0, 1, 0, 0, 0, 0, 1, 0, 0, 1, 0, 1, 1, 0, 0, 0, 0, 0, 0, 0, 0, 0, 0, 0, 0, 0, 0, 0, 0, 0, 0, 0, 1, 1, 1, 1, 1, 0, 1, 0, 0, 0, 0, 0, 1, 0, 0, 0, 0, 0, 1, 1, 0, 0, 0, 0, 0, 0, 0, 0, 0, 0, 0, 0, 0, 0, 0, 0, 0, 0, 0, 0, 0, 0, 0, 0, 1, 0, 1, 0, 0, 0, 0, 0, 0, 0, 1, 0, 0, 0, 1, 1, 0, 0, 0, 0, 0, 0, 0, 0, 0, 0, 0, 0, 0, 0, 0, 0, 0, 1, 1, 1, 1, 0, 0, 1, 0, 0, 0, 0, 0, 0, 0, 0, 0, 0, 0, 0, 0, 1, 1, 0, 0, 0, 0, 0, 0, 0, 0, 1, 1, 1, 0, 0, 0, 0, 1, 1, 1, 0, 0, 0, 0, 0, 0, 0, 0, 0, 0, 0, 0, 0, 0, 0, 0, 0, 0, 0, 0, 0, 0, 0, 0, 0, 0, 0, 0, 0, 0, 0, 0, 1, 0, 0, 0, 0, 0, 0, 1, 0, 0, 0, 0, 0, 0, 0, 0, 0, 0, 0, 0, 0, 0, 0, 0, 0, 0, 0, 0, 0, 0, 0, 0, 0, 0, 0, 0, 0, 1, 1, 0, 0, 0, 0, 0, 0, 0, 0, 0, 0, 0, 0, 0, 0, 0, 0, 0, 0, 0, 0, 0, 0, 0, 0, 0, 0, 0, 0, 0, 0, 0, 0, 0, 0, 0, 0, 0, 0, 0, 0, 0, 0, 0, 1, 0, 0, 0, 0, 0, 0, 0, 0, 0, 0, 0, 0, 0, 0, 0, 0, 0, 1, 1, 0, 0, 0, 1, 0, 0, 0, 0, 0, 0, 0, 0, 0, 0, 0, 0, 0, 0, 0, 0, 0, 0, 0, 0, 0, 0, 0, 0, 0, 0, 1, 0, 0, 0, 0, 0, 0, 0, 0, 0, 0, 0, 0, 0, 0, 0, 0, 0, 0, 0, 0, 0, 0, 0, 0, 0, 1, 0, 1, 0, 0, 0, 0, 0, 1, 0, 1, 1, 0, 0, 1, 0, 0, 1, 0, 0, 0, 0, 0, 0, 0, 1, 0, 0, 0, 1, 1, 1, 1, 1, 1, 0, 1, 1, 1, 1, 1, 1, 1, 1, 0, 0, 0, 1, 0, 1, 0, 1, 1, 1, 0, 1, 1, 1, 1, 1, 1, 0, 0, 0, 0, 1, 1, 1, 1, 1, 1, 1, 1, 1, 1, 1, 1, 1, 1, 1, 1], "proba": [0.6253134845094883, 0.6973024094906325, 0.695801078839464, 0.6569063024276615, 0.43612369049557664, 0.5423305769109877, 0.5380592797680275, 0.4343710349019211, 0.5410677449031505, 0.4410297874167055, 0.5084152681310878, 0.47680847617987726, 0.5081576444261606, 0.5071384389413727, 0.4446259443269758, 0.6274518210780379, 0.6215632743699238, 0.6492110568314072, 0.655166504970794, 0.6434047403501795, 0.6248416240147736, 0.6467257540705188, 0.546967262316055, 0.5107529764716768, 0.6121582414929287, 0.5984053955195803, 0.5026513201149337, 0.4419875425409896, 0.6405211099996502, 0.6261712868804977, 0.6133600528708357, 0.6185255831383226, 0.4545890501926688, 0.501605738062125, 0.5458161053687807, 0.4471640294334773, 0.6193028836508668, 0.415348580595195, 0.4762572621732818, 0.6225392438969628, 0.6179810364442296, 0.6137206237565276, 0.6249027199293888, 0.6212114320651649, 0.6086195553837793, 0.618632513467396, 0.6208668471556827, 0.5095351425877946, 0.5086017680098549, 0.6785734761046527, 0.6322855594876423, 0.646166233614558, 0.6437939904214196, 0.5230315367260269, 0.5238675044043627, 0.5219200380027654, 0.547889549163789, 0.5466829091678153, 0.43763594072158685, 0.42780741044880827, 0.42316771325052543, 0.4956268462960627, 0.49377710114036094, 0.521778933058501]}}