{"metrics": {"test": {"fp": [0], "f1_score": [1.0], "risk": [0.0], "recall": [1.0], "sensitivity": [1.0], "precision": [1.0], "tp": [7], "tn": [19], "specificity": [1.0], "fn": [0]}, "train": {"fp": [0], "f1_score": [1.0], "risk": [0.0], "recall": [1.0], "sensitivity": [1.0], "precision": [1.0], "tp": [22], "tn": [84], "specificity": [1.0], "fn": [0]}}, "model": {"n_features": 1339}, "data": {"path": "/scratch/adrouin/patric_data/single_species_datasets/ciprofloxacin___-9072632565547958275/dataset.kover", "split": "train_0.800_seed_6_10_folds", "uuid": "913e09f2-07c0-11e8-8cac-001b2193b764"}, "predictions": {"binary": [0, 0, 0, 0, 0, 0, 0, 0, 0, 0, 0, 0, 0, 0, 0, 0, 0, 0, 0, 0, 0, 0, 0, 0, 0, 0, 0, 0, 0, 0, 0, 0, 0, 0, 0, 0, 0, 0, 0, 0, 0, 0, 0, 0, 0, 0, 0, 0, 0, 0, 0, 0, 0, 0, 0, 0, 0, 0, 0, 0, 0, 0, 0, 0, 0, 0, 0, 0, 0, 0, 0, 0, 0, 0, 0, 0, 0, 0, 0, 0, 0, 0, 0, 0, 0, 0, 0, 0, 0, 0, 0, 0, 0, 0, 0, 0, 0, 0, 0, 0, 0, 0, 0, 1, 1, 1, 1, 1, 1, 1, 1, 1, 1, 1, 1, 1, 1, 1, 1, 1, 1, 1, 1, 1, 1, 1, 1, 1, 1, 1, 1, 1, 0, 0, 0, 0, 0, 0, 0, 0, 0, 0, 0, 0, 0, 0, 0, 0, 0, 0, 0, 0, 0, 0, 0, 0, 0, 0, 0, 0, 0, 0, 0, 0, 0, 0, 0, 0, 0, 0, 0, 0, 0, 0, 0, 0, 0, 0, 0, 0, 0, 0, 0, 0, 0, 0, 0, 0, 0, 0, 0, 0], "proba": [0.0003818476491316301, 0.0010930591923131222, 0.0032149903196874796, 0.0013934459451913433, 0.00024330410898724811, 0.00010430513693836426, 0.0002026556475310543, 0.00021926924464227244, 0.0006681914820252893, 0.0005642157581592801, 0.0011498296320081411, 0.0006770629611670121, 0.00016550689948463947, 0.0003240930568025433, 0.0004169542944739895, 0.0005614838931672221, 0.0017398122016794796, 0.00031580659706097853, 0.000461811447985217, 0.00010551224901397611, 0.0004366412510721432, 0.0007976553980734753, 0.00016499007208264243, 0.0003689067925434974, 0.00030133429690985434, 0.00017510922985997655, 0.0003457568265068207, 0.0001769548218112091, 0.00018629829911689903, 0.00019194621376972484, 0.0029999279734931323, 0.00015017339800774246, 0.0003529724000008852, 0.002657926856691693, 0.0004134729541956874, 0.0005045671898966636, 0.0004886703935009055, 0.0001346093795334755, 0.0003578847515406541, 0.0004743805890480482, 0.002170516299725026, 0.0003841993915471621, 2.339227855101742e-05, 0.00017723099855819144, 0.0005002357524821041, 0.00012931794610519077, 0.0002736635292528774, 0.00031564734768668365, 0.000348931611079955, 0.0005127250333471891, 0.002069095790641487, 0.00017425953218894703, 0.00018875211210687157, 0.0001759825175964234, 0.0016452474894365684, 0.00023180747924302043, 5.06857598697662e-05, 0.0002111665814406064, 8.146686820670933e-05, 0.0012938334433174326, 0.0004981194357165609, 0.0006620476449557822, 0.0010055419371336443, 0.000635782984785836, 0.00023389984694425434, 6.670144327770408e-05, 0.00022352980499287274, 0.0004164835556728248, 0.001524528571169838, 0.00025944872571295854, 0.00034058428942727984, 0.00047949545184629137, 0.0004239318033466178, 0.0009694830812747269, 0.00026746657404231255, 0.0010231258561506184, 0.0014572809095160922, 0.0008215799647751933, 5.06857598697662e-05, 1.6955020087195568e-05, 0.0005645887329701136, 0.00018875211210687157, 0.00032441978221346484, 0.00010366838926214313, 0.0027846699075671855, 0.0001042520470357631, 0.00014987707101232485, 0.000565999100795603, 0.0004584310265756194, 0.00035075999464402965, 0.00010517885344575633, 0.000285809035596059, 0.0002909763319284024, 0.00044604240188041416, 0.000184946922646025, 0.0007763324752021466, 0.0005026676306767705, 0.0005606091357754768, 0.0004227101352363455, 0.0009425012398889706, 0.0016378900540926407, 0.00032252104961870957, 0.0001493851236002258, 0.9997018391018886, 0.9996062987844823, 0.9996070348477638, 0.7640930929051917, 0.9991138400995119, 0.9670602489008634, 0.9498681395237312, 0.9996162050536179, 0.9969785558924383, 0.9996629336575905, 0.9996486844846659, 0.9993295493447075, 0.9990454481021919, 0.9996184698789742, 0.9990496531203317, 0.8293153440158897, 0.9996110424402507, 0.9996990858851931, 0.9995592798697991, 0.9996106768270361, 0.9998296703242917, 0.9998983040350479, 0.9995838564534612, 0.9997412365556749, 0.9996643640714412, 0.9993876021130083, 0.9995600617494041, 0.9993958166959964, 0.9586778005853803, 0.5, 0.5, 0.5, 0.5, 0.5, 0.5, 0.5, 0.5, 0.5, 0.5, 0.5, 0.5, 0.5, 0.5, 0.5, 0.5, 0.5, 0.5, 0.5, 0.5, 0.5, 0.5, 0.5, 0.5, 0.5, 0.5, 0.5, 0.5, 0.5, 0.5, 0.5, 0.5, 0.5, 0.5, 0.5, 0.5, 0.5, 0.5, 0.5, 0.5, 0.5, 0.5, 0.5, 0.5, 0.5, 0.5, 0.5, 0.5, 0.5, 0.5, 0.5, 0.5, 0.5, 0.5, 0.5, 0.5, 0.5, 0.5, 0.5, 0.5]}}