{"classifications": {"train_errors": ["573.15450", "573.15508"], "test_correct": ["573.15451", "573.15459", "573.15506", "573.15449", "573.15448", "573.15468", "573.15484", "573.15497", "573.15485", "573.15436", "573.15434"], "train_correct": ["573.15432", "573.15443", "573.15444", "573.15446", "573.15433", "573.15510", "573.15456", "573.15504", "573.15501", "573.15500", "573.15483", "573.15460", "573.15463", "573.15465", "573.15469", "573.15458", "573.15509", "573.15473", "573.15477", "573.15479", "573.15481", "573.15470", "573.15471", "573.15461", "573.15462", "573.15447", "573.15466", "573.15467", "573.15442", "573.15440", "573.15475", "573.15476", "573.15441", "573.15478", "573.15480", "573.15438", "573.15482", "573.15452", "573.15474", "573.15486", "573.15455", "573.15488", "573.15489", "573.15490", "573.15491", "573.15492", "573.15493", "573.15435", "573.15496", "573.15487", "573.15437", "573.15502", "573.15503", "573.15505", "573.15507", "573.15498", "573.15439", "573.15472"], "test_errors": ["573.15445", "573.15495", "573.15499"]}, "metrics": {"test": {"fp": [2], "f1_score": [0.8421052631578948], "risk": [0.21428571428571427], "recall": [0.8888888888888888], "sensitivity": [0.8888888888888888], "precision": [0.8], "tp": [8], "tn": [3], "specificity": [0.6], "fn": [1]}, "train": {"fp": [0], "f1_score": [0.972972972972973], "risk": [0.03333333333333333], "recall": [0.9473684210526315], "sensitivity": [0.9473684210526315], "precision": [1.0], "tp": [36], "bound": 0.6224534747787942, "tn": [22], "specificity": [1.0], "fn": [2]}}, "model": {"rules": ["Absence(AAATATCACCCGCACGGCGACAGCGCCTGCT)", "Presence(CTTGCCCGGCGGCGCTGCTGGACTGACCCCA)"], "type": "disjunction", "n_rules": 2, "rule_importances": [0.75, 0.2777777777777778]}, "data": {"path": "/scratch/adrouin/data/patric/single_species_datasets/ofloxacin___2202579077548954665/dataset.kover", "uuid": "65ccc8c6-06bc-11e8-951f-001b2193b764", "split": "train_0.800_seed_8_10_folds"}, "cv": {"candidate_hp": {"model_type": ["conjunction", "disjunction"], "p": [1.0, 1.778, 3.162, 5.623, 10.0], "max_rules": 20}, "best_hp": {"score": 0.08333333333333333, "values": {"model_type": "disjunction", "p": 10.0, "max_rules": 2}}, "strategy": "cv"}, "running_time": 291}