{"metrics": {"test": {"fp": [15], "f1_score": [0.4444444444444444], "risk": [0.20202020202020202], "recall": [0.6153846153846154], "sensitivity": [0.6153846153846154], "precision": [0.34782608695652173], "tp": [8], "tn": [71], "specificity": [0.8255813953488372], "fn": [5]}, "train": {"fp": [40], "f1_score": [0.6779661016949153], "risk": [0.14285714285714285], "recall": [0.7792207792207793], "sensitivity": [0.7792207792207793], "precision": [0.6], "tp": [60], "tn": [282], "specificity": [0.8757763975155279], "fn": [17]}}, "model": {"n_features": 43246793}, "data": {"path": "/scratch/adrouin/patric_data/single_species_datasets/amikacin___-9072632565547958275/dataset.kover", "split": "train_0.800_seed_2_10_folds", "uuid": "af064fce-07bd-11e8-810d-001b2193b764"}, "predictions": {"binary": [0, 1, 0, 0, 0, 0, 1, 0, 0, 0, 0, 0, 0, 0, 0, 0, 0, 0, 0, 0, 1, 0, 0, 0, 1, 1, 0, 0, 0, 0, 0, 0, 0, 1, 0, 0, 0, 0, 0, 1, 0, 0, 0, 0, 0, 0, 0, 1, 0, 0, 1, 0, 0, 0, 0, 0, 0, 0, 0, 0, 0, 0, 0, 0, 0, 1, 0, 0, 0, 0, 0, 0, 0, 0, 0, 0, 0, 0, 0, 0, 0, 1, 0, 0, 1, 0, 1, 0, 1, 1, 1, 0, 0, 0, 1, 0, 0, 0, 0, 0, 0, 0, 1, 0, 0, 0, 0, 1, 0, 0, 0, 0, 0, 0, 1, 0, 0, 0, 0, 0, 0, 0, 0, 0, 1, 0, 0, 1, 0, 0, 0, 0, 0, 0, 0, 0, 0, 1, 0, 0, 1, 0, 0, 0, 1, 0, 1, 0, 0, 0, 0, 0, 0, 0, 0, 0, 0, 0, 0, 0, 0, 0, 0, 0, 1, 0, 0, 1, 1, 0, 0, 0, 0, 1, 0, 0, 0, 0, 0, 1, 0, 1, 0, 0, 0, 0, 1, 1, 0, 0, 0, 0, 0, 0, 0, 0, 0, 0, 0, 0, 0, 0, 0, 0, 0, 0, 0, 0, 0, 0, 0, 0, 0, 0, 0, 0, 0, 0, 0, 0, 0, 0, 0, 0, 0, 0, 0, 1, 0, 0, 0, 0, 0, 0, 0, 0, 0, 0, 0, 0, 0, 0, 1, 0, 0, 0, 0, 0, 0, 0, 0, 0, 1, 0, 0, 0, 0, 1, 0, 1, 0, 0, 0, 0, 0, 1, 0, 1, 0, 0, 0, 0, 0, 0, 0, 0, 0, 0, 0, 0, 0, 0, 0, 0, 0, 0, 0, 0, 1, 0, 0, 0, 0, 0, 0, 0, 0, 1, 0, 0, 0, 0, 0, 0, 0, 0, 0, 0, 0, 0, 0, 0, 0, 0, 1, 0, 0, 0, 0, 0, 0, 0, 0, 0, 0, 0, 0, 0, 1, 0, 0, 0, 0, 0, 0, 0, 0, 0, 0, 0, 0, 1, 0, 0, 0, 0, 0, 1, 0, 0, 1, 0, 0, 0, 0, 0, 0, 0, 0, 1, 0, 0, 0, 0, 0, 0, 0, 0, 1, 0, 0, 0, 0, 0, 0, 0, 0, 0, 0, 1, 0, 1, 0, 0, 1, 1, 0, 0, 0, 0, 0, 0, 0, 0, 0, 0, 0, 0, 0, 0, 0, 0, 0, 1, 0, 0, 0, 0, 1, 1, 1, 1, 1, 1, 1, 1, 1, 1, 1, 1, 0, 1, 0, 1, 1, 1, 1, 1, 1, 1, 1, 1, 0, 0, 0, 1, 1, 1, 1, 1, 1, 1, 1, 1, 1, 0, 1, 1, 1, 1, 1, 1, 0, 1, 1, 1, 1, 1, 1, 1, 1, 1, 1, 1, 1, 1, 0, 0, 0, 1, 1, 1, 1, 0, 1, 1, 0, 1, 1, 1, 1, 1, 1, 1, 1, 1, 0, 1, 0, 0, 0, 0, 0, 0, 0, 0, 0, 1], "proba": [0.5213688979432429, 0.49122025966627286, 0.5116749179613171, 0.5431993120637992, 0.5445682122167345, 0.5316837519924955, 0.46508000542502803, 0.528606596294098, 0.5328089841985432, 0.5416924766390221, 0.5385593883511819, 0.524809685168324, 0.5046748869456078, 0.5240577545647105, 0.5258044810018195, 0.5096092749307151, 0.5404405751373316, 0.5378511078722605, 0.5347999144759251, 0.5394339115745913, 0.47539530417359666, 0.5314849231174328, 0.5282637200122361, 0.5223844610472214, 0.48036024403440053, 0.46648785077245436, 0.519955000295273, 0.5323383871530848, 0.5214764400847588, 0.5215303115180552, 0.5473457575321962, 0.5474978161963207, 0.5283260560688025, 0.48803742944061823, 0.5240754591502802, 0.5445344664039934, 0.5295233406037921, 0.5309218419848101, 0.5267827735225751, 0.49839044307244484, 0.531682474048803, 0.5350078654769032, 0.5460407451478594, 0.5018615203049309, 0.5253349112685552, 0.521778635101783, 0.526107449621792, 0.4665126588579352, 0.5424340368135238, 0.5190908917325404, 0.46675242047349014, 0.541426251685826, 0.5224144627979797, 0.5194239670036901, 0.5191105674852575, 0.5245482680533189, 0.5334695128981253, 0.5245866753393827, 0.5427529538190436, 0.5540370868022542, 0.5219493656885199, 0.530436052574334, 0.5423746886686476, 0.5427858527915785]}}