{"metrics": {"test": {"fp": [0], "f1_score": [0.8], "risk": [0.011235955056179775], "recall": [0.6666666666666666], "sensitivity": [0.6666666666666666], "precision": [1.0], "tp": [2], "tn": [86], "specificity": [1.0], "fn": [1]}, "train": {"fp": [0], "f1_score": [0.9130434782608696], "risk": [0.011204481792717087], "recall": [0.84], "sensitivity": [0.84], "precision": [1.0], "tp": [21], "tn": [332], "specificity": [1.0], "fn": [4]}}, "model": {"n_features": 36241506}, "data": {"path": "/scratch/adrouin/data/patric/single_species_datasets/meropenem___7053822222416630118/dataset.kover", "split": "train_0.800_seed_5_10_folds", "uuid": "bae13f2a-05ab-11e8-a327-001b2193b764"}, "predictions": {"binary": [0, 0, 0, 0, 0, 0, 0, 0, 0, 0, 0, 0, 0, 0, 0, 0, 0, 0, 0, 0, 0, 0, 0, 0, 0, 0, 0, 0, 0, 0, 0, 0, 0, 0, 0, 0, 0, 0, 0, 0, 0, 0, 0, 0, 0, 0, 0, 0, 0, 0, 0, 0, 0, 0, 0, 0, 0, 0, 0, 0, 0, 0, 0, 0, 0, 0, 0, 0, 0, 0, 0, 0, 0, 0, 0, 0, 0, 0, 0, 0, 0, 0, 0, 0, 0, 0, 0, 0, 0, 0, 0, 0, 0, 0, 0, 0, 0, 0, 0, 0, 0, 0, 0, 0, 0, 0, 0, 0, 0, 0, 0, 0, 0, 0, 0, 0, 0, 0, 0, 0, 0, 0, 0, 0, 0, 0, 0, 0, 0, 0, 0, 0, 0, 0, 0, 0, 0, 0, 0, 0, 0, 0, 0, 0, 0, 0, 0, 0, 0, 0, 0, 0, 0, 0, 0, 0, 0, 0, 0, 0, 0, 0, 0, 0, 0, 0, 0, 0, 0, 0, 0, 0, 0, 0, 0, 0, 0, 0, 0, 0, 0, 0, 0, 0, 0, 0, 0, 0, 0, 0, 0, 0, 0, 0, 0, 0, 0, 0, 0, 0, 0, 0, 0, 0, 0, 0, 0, 0, 0, 0, 0, 0, 0, 0, 0, 0, 0, 0, 0, 0, 0, 0, 0, 0, 0, 0, 0, 0, 0, 0, 0, 0, 0, 0, 0, 0, 0, 0, 0, 0, 0, 0, 0, 0, 0, 0, 0, 0, 0, 0, 0, 0, 0, 0, 0, 0, 0, 0, 0, 0, 0, 0, 0, 0, 0, 0, 0, 0, 0, 0, 0, 0, 0, 0, 0, 0, 0, 0, 0, 0, 0, 0, 0, 0, 0, 0, 0, 0, 0, 0, 0, 0, 0, 0, 0, 0, 0, 0, 0, 0, 0, 0, 0, 0, 0, 0, 0, 0, 0, 0, 0, 0, 0, 0, 0, 0, 0, 0, 0, 0, 0, 0, 0, 0, 0, 0, 0, 0, 0, 0, 0, 0, 0, 0, 0, 0, 0, 0, 0, 0, 0, 0, 0, 0, 0, 0, 0, 0, 0, 0, 0, 0, 0, 0, 0, 0, 0, 0, 0, 0, 0, 0, 0, 0, 0, 0, 0, 0, 0, 0, 0, 0, 0, 0, 0, 0, 0, 0, 0, 0, 0, 0, 0, 0, 0, 0, 0, 0, 0, 0, 0, 0, 0, 0, 0, 0, 0, 0, 0, 0, 0, 0, 0, 0, 0, 0, 0, 0, 0, 0, 0, 0, 0, 0, 0, 0, 0, 0, 1, 0, 1, 1, 1, 1, 1, 1, 0, 0, 0, 0, 1, 1, 1, 1, 1, 1, 1, 1, 1, 1, 1, 1, 1, 1, 1, 1], "proba": [0.023408983625705045, 0.012344031065048265, 0.00997134343194001, 0.013635485630409672, 0.023405559658661427, 0.015355114310497246, 0.018013967116747697, 0.02168967949484339, 0.02317116554559263, 0.022120324269004083, 0.014750825292577064, 0.02340735380503715, 0.010657601013933503, 0.02340963787102978, 0.014926995141619168, 0.01395483065841449, 0.011719144202491769, 0.012581533403367989, 0.01470997827228683, 0.01118017033202037, 0.014869556640120178, 0.012333511848689537, 0.008143273816684067, 0.00895185857223052, 0.02104859664722912, 0.070729701237893, 0.0174589900378273, 0.03730593407020653, 0.012630879074920562, 0.009571558562601615, 0.008008893514586229, 0.00904256862408005, 0.011064820469353445, 0.02005168106704007, 0.013197971120920325, 0.02338080987493989, 0.017413581688096636, 0.023384993194676653, 0.04632409507492667, 0.01120366321640166, 0.021676902770322297, 0.012178123459524523, 0.013085494351409198, 0.01263048795191254, 0.014273494853757538, 0.010357700385559589, 0.01398882653075536, 0.02339529791083638, 0.020770100960046237, 0.012300021396341185, 0.017177085453971595, 0.01008125048886552, 0.008445159852905865, 0.013612322502814538, 0.01235335624252703, 0.015589856369515332, 0.012816445752944826, 0.012118348583854074, 0.023378830051057155, 0.023398529321568995, 0.023375621769055114, 0.023413726688110596, 0.023395421631244886, 0.015830995208076088, 0.023386100183144413, 0.015689376279572696, 0.017233806781203568, 0.016270037492821722, 0.014957071250520426, 0.017286855822134798, 0.023415212527867355, 0.021551272625116163, 0.01124253280253958, 0.01133943775013362, 0.008628112905869427, 0.015792745677299744, 0.023393404920416333, 0.023408384581980905, 0.008503799652077499, 0.008753883147370968, 0.008924554055531272, 0.008735674208789625, 0.011426879470669338, 0.016213620375334775, 0.011603024754963772, 0.014238668701250652, 0.011364001037493266, 0.013094036150644318, 0.011691479296483516, 0.010956554589358247, 0.00981429814141284, 0.02245925849303194, 0.010700778518565391, 0.007795733064326676, 0.01614938014205225, 0.013191563311244065, 0.010670552562778709, 0.0126150439575453, 0.021054769858696247, 0.015379790266967728, 0.017936366761162656, 0.01851853926443735, 0.023413886468271097, 0.00935896949939476, 0.023373998458684757, 0.012438388980401612, 0.01350514919390255, 0.011543621066555335, 0.023425129198606905, 0.018015020340988383, 0.011272448983965186, 0.010157628345506136, 0.03914622722669155, 0.01787169102528478, 0.013352027096817843, 0.009590813936678884, 0.023394218314303376, 0.02341171835852545, 0.016466862454788834, 0.016796167402987783, 0.01796595142351052, 0.017052041132287133, 0.009255812009115974, 0.007957016486420882, 0.008094242098476008, 0.014566572440012025, 0.009557538799041379, 0.015639368433544323, 0.012066810551638147, 0.010391347277517447, 0.009776747461559196, 0.014648668933005371, 0.013348843001163768, 0.01387876571689975, 0.011115279746491312, 0.08300581018099777, 0.019116782744250535, 0.43106753745805926, 0.054046017588412924, 0.01115979791307989, 0.01987852805979437, 0.023386849226506655, 0.01822244540364803, 0.019259024959701714, 0.0134860081630248, 0.023400852455955082, 0.012114070703429744, 0.010789281113845261, 0.010365015612481621, 0.013349634558767027, 0.010672502704614279, 0.010114017809437634, 0.006412122300282903, 0.011654128909131672, 0.019579222324429504, 0.02338162936881459, 0.022744662643871254, 0.01912792056820929, 0.013754307860427388, 0.00981233688064957, 0.014269438853647821, 0.010953133517773434, 0.012897957536417358, 0.013385646162611151, 0.01212848781811196, 0.02342970882944932, 0.023365562288812702, 0.023271280206900866, 0.009973944596012948, 0.01049503091546797, 0.011939308461182428, 0.011400356443301087, 0.023229123379210286, 0.018230248644328564, 0.023395435845163987, 0.01429356595861508, 0.011117074009237417, 0.013568429946232564, 0.011590920231047658, 0.01726742043467076, 0.010665899635306496, 0.011424769644054127, 0.012296358684671728, 0.013969275775669462, 0.023361709387994565, 0.023390045039833978, 0.023387092372145524, 0.018372523211536346, 0.015706950110275314, 0.02170270284497282, 0.02023842991246036, 0.023360134521101843, 0.019968367228221724, 0.017192208637989908, 0.022860470189227062, 0.013428333317717703, 0.020984122061304043, 0.021086436969541947, 0.023362391245646198, 0.023391195585968493, 0.01642606139308833, 0.01896225102251099, 0.020426239627271525, 0.023189113844271553, 0.020215604673626885, 0.014666046032828606, 0.013971005469006736, 0.023410705555183216, 0.010343540474212064, 0.01889018142189425, 0.011071628894415202, 0.02127097474762222, 0.01635826772734825, 0.02161549336938169, 0.023411981526997402, 0.017487016809921308, 0.017423573013775985, 0.021583482678865937, 0.0334993113145139, 0.01828837920062476, 0.02320623296785424, 0.023402379329436136, 0.01130200348673881, 0.02080774119014979, 0.021566924079935323, 0.020343418231437767, 0.016374117087935607, 0.016492370785046593, 0.020464320004796515, 0.015116737446294859, 0.01658531626180703, 0.022029974339773297, 0.015060258900936242, 0.021550094376230115, 0.014664139064728922, 0.023889019114738872, 0.014537792281425902, 0.01746868559668469, 0.01998567969964945, 0.01822663135079154, 0.023400535012930997, 0.010279725794472826, 0.020743269596276065, 0.01610738000690111, 0.02337805705575661, 0.02430302175674003, 0.013739436798721145, 0.012792500448141609, 0.012779808586681676, 0.013106586507922893, 0.01654529999236758, 0.013255081067575282, 0.012956980693558866, 0.015039506641710462, 0.012574478191294524, 0.012302824242908489, 0.01275840250702568, 0.02339258022027119, 0.018626782629003077, 0.014223187323597638, 0.013011651504840654, 0.01665735723561644, 0.012846465679196407, 0.013634822424999079, 0.01040388322445176, 0.012032475443708012, 0.007793818778525336, 0.007870723566384654, 0.00974027175174319, 0.015444651090341165, 0.009049951463177415, 0.018425166921554527, 0.013646623111407212, 