{"metrics": {"test": {"fp": [4], "f1_score": [0.9473684210526316], "risk": [0.07246376811594203], "recall": [0.9782608695652174], "sensitivity": [0.9782608695652174], "precision": [0.9183673469387755], "tp": [45], "tn": [19], "specificity": [0.8260869565217391], "fn": [1]}, "train": {"fp": [9], "f1_score": [0.963680387409201], "risk": [0.0539568345323741], "recall": [0.9707317073170731], "sensitivity": [0.9707317073170731], "precision": [0.9567307692307693], "tp": [199], "tn": [64], "specificity": [0.8767123287671232], "fn": [6]}}, "model": {"n_features": 175}, "data": {"path": "/scratch/adrouin/patric_data/single_species_datasets/chloramphenicol___-736338835843459561/dataset.kover", "split": "train_0.800_seed_6_10_folds", "uuid": "8798bc00-07d2-11e8-9853-001b2193b764"}, "predictions": {"binary": [0, 0, 0, 0, 0, 0, 0, 0, 0, 0, 1, 0, 1, 0, 0, 1, 0, 1, 0, 0, 0, 1, 0, 0, 0, 0, 0, 0, 0, 1, 0, 0, 0, 0, 0, 0, 0, 0, 0, 0, 0, 0, 0, 1, 0, 0, 0, 0, 0, 0, 0, 0, 0, 0, 0, 0, 0, 0, 0, 0, 0, 0, 0, 1, 0, 0, 0, 0, 0, 0, 0, 0, 0, 0, 0, 0, 1, 0, 0, 0, 0, 0, 1, 1, 0, 0, 0, 0, 1, 1, 0, 0, 0, 0, 0, 0, 1, 1, 1, 1, 1, 1, 1, 1, 1, 1, 1, 1, 0, 1, 1, 1, 1, 1, 1, 1, 0, 1, 1, 1, 1, 1, 1, 1, 1, 1, 1, 1, 1, 1, 1, 1, 1, 1, 1, 1, 1, 1, 1, 1, 1, 1, 1, 1, 1, 1, 1, 1, 1, 1, 1, 1, 1, 1, 1, 1, 1, 1, 1, 1, 1, 1, 1, 1, 1, 1, 1, 1, 1, 1, 1, 1, 1, 1, 1, 1, 1, 1, 1, 1, 0, 1, 1, 1, 1, 1, 1, 1, 1, 1, 0, 1, 1, 1, 1, 1, 1, 1, 1, 1, 1, 0, 1, 1, 1, 1, 1, 1, 1, 1, 1, 1, 0, 1, 1, 1, 1, 1, 1, 1, 1, 1, 1, 1, 1, 1, 1, 1, 1, 1, 1, 1, 1, 1, 1, 1, 1, 1, 1, 1, 1, 1, 1, 1, 1, 1, 1, 1, 1, 1, 1, 1, 1, 1, 1, 1, 1, 1, 0, 1, 1, 1, 1, 1, 1, 1, 1, 1, 1, 1, 1, 1, 1, 1, 1, 1, 1, 1, 1, 1, 1, 1, 1, 1, 1, 1, 1, 1, 1, 1, 1, 1, 1, 1, 1, 1, 1, 1, 1, 1, 1, 1, 1, 1, 1, 1, 1, 1, 1, 1, 1, 1, 1, 1, 1, 1, 1, 1, 1, 1, 1, 1, 1, 1, 1, 1, 1, 1, 1, 1, 1, 1, 1, 1, 1, 1, 1, 1, 1, 1, 1, 1, 1, 1, 1, 1, 1, 0, 0, 0, 0, 0, 0, 0, 0, 0, 0, 0, 0, 0, 0, 0, 0, 0, 0, 0, 0, 0, 0, 0, 0, 0, 0, 0, 0, 0, 0, 0, 0, 0, 0, 0, 0, 0], "proba": [0.22380446148405458, 0.3070950745696859, 0.1031051602959491, 0.29715720556466313, 0.14082798558475548, 0.20870577018796013, 0.04564729592673406, 0.1494368467760432, 0.04302741881547243, 0.16506916753846831, 0.6827869335997744, 0.12564054681865075, 0.5278242631791155, 0.0859976786618543, 0.06085664272542661, 0.7441914639135944, 0.15403474868119515, 0.741696969331625, 0.14778421671878653, 0.13890617755725718, 0.171564951617826, 0.7013564619431644, 0.0890803526990875, 0.11083429257939213, 0.14378893229430179, 0.22255670635936883, 0.14778421671878653, 0.27029749758492483, 0.09500280857839567, 0.5002158543567163, 0.05033116280885765, 0.06226888257617321, 0.06753154105911595, 0.1692701730041528, 0.1692701730041528, 0.07003385738162418, 0.1692701730041528, 0.1692701730041528, 0.09500280857839567, 0.15403474868119515, 0.04972058509742481, 0.189713857083545, 0.20962694885216301, 0.5870604890355745, 0.07906878826505209, 0.30195409336565715, 0.14617771929863158, 0.13735120058579128, 0.09573631285074104, 0.14676807126272606, 0.07974413331939849, 0.42676963336116425, 0.04302741881547243, 0.05884661136902074, 0.0714547616612565, 0.049884083883070446, 0.12961785527055805, 0.1629521342997499, 0.12564054681865075, 0.07974413331939849, 0.05033116280885765, 0.04302741881547243, 0.05525025090565902, 0.814546292639372, 0.0521093164073998, 0.06085664272542661, 0.2939979147532922, 0.0521093164073998, 0.05365246588572903, 0.14778421671878653, 0.0521093164073998, 0.2288698045746333, 0.0521093164073998, 0.26169179734839987, 0.21466702616624495, 0.3092694908537068, 0.7013564619431644, 0.4015878652798767, 0.37052724436046297, 0.22615615820346363, 0.1494368467760432, 0.16687724065135676, 0.7660086966466697, 0.7013564619431644, 0.07476014556866284, 0.05812735780778056, 0.1629521342997499, 0.1835826434459335, 0.6549150176746235, 0.9637607046074812, 0.42470587871992344, 0.16506916753846831, 0.46166885780805933, 0.06085664272542661, 0.42996804048113546, 0.16297765112936813, 0.6668937950313755, 0.8954136547961046, 0.6348008464515464, 0.9613593693894923, 0.926535170515867, 0.8106687818705217, 0.8653717592182676, 0.8912570866967034, 0.8240619146870948, 0.5945096160111603, 0.8883996112324274, 0.5549581785898816, 0.2545665605867298, 0.9440351131739222, 0.5541864764388518, 0.8629185798312657, 0.5945096160111603, 0.9451206226739071, 0.9104763487279742, 0.8700751291568862, 0.13714085151319605, 0.9635529263289018, 0.7769114861905447, 0.7141475486257982, 0.7719325228814881, 0.6518079875870172, 0.7655820715071894, 0.8189333754972058, 0.7085306301636188, 0.7696626772918929, 0.8721811140376438, 0.704085104559026, 0.8723424826985137, 0.7671027439625888, 0.7570305654426771, 0.8615909563496369, 0.9637607046074812, 0.741696969331625, 0.8116989808496066, 0.7533678316076625, 0.7655820715071894, 0.9627612404536388, 0.9072130815534218, 0.776968226817873, 0.8843640687772373, 0.9635529263289018, 0.8544335161909845, 0.9637607046074812, 0.8338850933959753, 0.9637607046074812, 0.6419140742101471, 0.8451904113702146, 0.5853112282016141, 0.8777021169070333, 0.5870604890355745, 0.6348008464515464, 0.6039058199343763, 0.7503443775404247, 0.8270077323973068, 0.8970945580212691, 0.7013564619431644, 0.9548011770653162, 0.7441914639135944, 0.9618003215790971, 0.9501951493198, 0.9557166185857578, 0.9577757889179597, 0.9637607046074812, 0.7683417384545395, 0.6148800513284116, 0.9589272135879242, 0.9638503331915234, 0.9651981099832319, 0.9592638318456375, 0.9612272293950447, 0.9576963102580589, 0.7882666867346496, 0.6162839803712473, 0.9589272135879242, 0.9487589923725975, 0.8954136547961046, 0.9649113877476276, 0.9604510087692911, 0.9604510087692911, 0.3089071670250204, 0.9510487226095656, 0.8136872655411879, 0.9627612404536388, 0.9651981099832319, 0.9651981099832319, 0.9577757889179597, 0.9651981099832319, 0.9613593693894923, 0.8497306882151955, 0.1629521342997499, 0.7943098012623206, 0.6237203859604427, 0.7683417384545395, 0.7632298014964478, 0.8355571952676576, 0.7533678316076625, 0.8401997000143164, 0.7719325228814881, 0.7371631251041897, 0.7704117125438079, 0.1633107798699167, 0.8080758975909126, 0.7632298014964478, 0.6501799947020884, 0.7632298014964478, 0.9651981099832319, 0.7991789758542531, 0.8413880204528565, 0.8080758975909126, 0.6493558175475647, 0.9490577563882682, 0.28528221590535047, 0.7719325228814881, 0.7632298014964478, 0.78126533228613, 0.9638530629074179, 0.7013564619431644, 0.7885704282912266, 0.8137101362070961, 0.6616487963104034, 0.7683196339163666, 0.592537887178349, 0.6168913818186056, 0.9651981099832319, 0.9588928296799681, 0.9651981099832319, 0.8893377854176738, 0.893964309166975, 0.7632636040849067, 0.885040539418221, 0.8953319043662528, 0.9637607046074812, 0.9637607046074812, 0.9637607046074812, 0.7894966792526147, 0.9516770430407647, 0.7894966792526147, 0.7673389103783409, 0.7533678316076625, 0.7618996126665828, 0.7655820715071894, 0.7742239092031539, 0.9482142256754853, 0.9635529263289018, 0.9627612404536388, 0.7141475486257982, 0.5588939304728837, 0.9444826083048249, 0.9605154054042139, 0.9641481117922163, 0.6755866207987627, 0.9651981099832319, 0.9072130815534218, 0.8978767868274302, 0.893964309166975, 0.9651981099832319, 0.9651981099832319, 0.37065882461598715, 0.959497157653008, 0.9036198950848018, 0.8779127267757928, 0.737677147562197, 0.8967700631781458, 0.9651981099832319, 0.8978767868274302, 0.9623594321241747, 0.951342342927374, 0.8912570866967034, 0.9046712988762343, 0.9637607046074812, 0.7742239092031539, 0.8614150528434164, 0.7533678316076625, 0.5775594215429725, 0.9576963102580589, 0.5070323743209871, 0.9084043531361254, 0.765447774830642, 0.9568929376094396, 0.7986900946783078, 0.9010832565643727, 0.9604510087692911, 0.9651981099832319, 0.9604510087692911, 0.9572422781749044, 0.8706722808942149, 0.8716266158257858, 0.9633017358579803, 0.7863844709275456, 0.7585157381708186, 0.8116989808496066, 0.7520977473067946, 0.8329872751481039, 0.7941881256793067, 0.7114736694359558, 0.9651981099832319, 0.9638503331915234, 0.5681608035020207, 