{"metrics": {"test": {"fp": [2], "f1_score": [0.9], "risk": [0.13043478260869565], "recall": [0.8709677419354839], "sensitivity": [0.8709677419354839], "precision": [0.9310344827586207], "tp": [27], "tn": [13], "specificity": [0.8666666666666667], "fn": [4]}, "train": {"fp": [0], "f1_score": [1.0], "risk": [0.0], "recall": [1.0], "sensitivity": [1.0], "precision": [1.0], "tp": [91], "tn": [95], "specificity": [1.0], "fn": [0]}}, "model": {"n_features": 999984}, "data": {"path": "/scratch/adrouin/data/patric/single_species_datasets/carbapenem___-3225223558739261696/dataset.kover", "split": "train_0.800_seed_9_10_folds", "uuid": "b4e2fc5e-0578-11e8-bd5a-001b2193b764"}, "predictions": {"binary": [0, 0, 0, 0, 0, 0, 0, 0, 0, 0, 0, 0, 0, 0, 0, 0, 0, 0, 0, 1, 0, 0, 0, 0, 0, 0, 0, 0, 0, 0, 0, 0, 0, 0, 0, 0, 0, 0, 0, 0, 0, 0, 0, 0, 0, 0, 0, 0, 0, 0, 0, 0, 0, 0, 0, 0, 1, 0, 0, 0, 0, 0, 0, 0, 0, 0, 0, 0, 0, 0, 0, 0, 0, 0, 0, 0, 0, 0, 0, 0, 0, 0, 0, 0, 0, 0, 0, 0, 0, 0, 0, 0, 0, 0, 0, 0, 0, 0, 0, 0, 0, 0, 0, 0, 0, 0, 0, 0, 0, 0, 1, 1, 1, 1, 1, 1, 1, 1, 1, 1, 1, 1, 1, 1, 1, 1, 1, 1, 1, 1, 1, 1, 1, 1, 1, 1, 1, 1, 1, 1, 1, 1, 1, 1, 1, 1, 1, 1, 1, 1, 1, 1, 1, 1, 1, 1, 1, 1, 1, 1, 1, 1, 1, 1, 1, 1, 1, 1, 1, 1, 1, 1, 1, 1, 1, 1, 1, 1, 1, 1, 0, 1, 1, 1, 1, 1, 1, 1, 1, 1, 1, 1, 1, 1, 1, 1, 1, 1, 1, 1, 1, 1, 1, 1, 1, 1, 1, 1, 1, 1, 1, 1, 0, 1, 0, 1, 1, 1, 1, 1, 1, 1, 1, 1, 1, 1, 1, 1, 0, 1, 1, 1, 0, 0, 0, 0, 0, 0, 0, 0, 0, 0, 0, 0, 0, 0, 0, 0, 0, 0, 0, 0, 0, 0, 0, 0], "proba": [6.383645907585022e-07, 1.7961396453565724e-07, 1.5008023449445493e-07, 2.537274148786954e-07, 3.2823807900993605e-06, 2.9386898885953056e-11, 3.387726972628537e-07, 9.36381277056501e-12, 1.2329595650780666e-05, 1.91435924343318e-09, 2.9791693494815196e-07, 1.6486090101497834e-07, 0.0003847682735109332, 1.1643053082791066e-07, 1.4395714114637063e-05, 1.0752489008566857e-07, 8.788950361319743e-09, 1.0493787080984278e-07, 0.00025109029523808055, 0.9894104089519752, 1.7727915725507018e-07, 3.149262468624085e-06, 1.1491133007278921e-05, 6.820103827542457e-07, 1.6261040360098436e-06, 9.089076223489683e-08, 0.0022532441754023486, 7.734393113932365e-09, 3.214376801176046e-05, 8.263275392705013e-08, 3.2386065851179055e-08, 5.96703293568306e-11, 2.2164309073246656e-10, 2.71131912332023e-11, 2.1654780155102744e-07, 1.1005818284175885e-07, 1.137299208488883e-09, 1.933653970879994e-11, 1.6996315894049761e-06, 1.077620129879283e-07, 0.21609660554555987, 2.522343575546955e-07, 2.62368441977473e-07, 9.811402835568642e-07, 2.0712665478479105e-10, 6.250495645235887e-07, 9.837532793644536e-08, 1.6172701544379106e-07, 6.185471182158452e-09, 4.2986058794849814e-10, 7.461617748795591e-07, 5.154328215091798e-09, 6.976251566078622e-08, 3.9361900335205e-10, 5.239556874837156e-07, 8.672651038760066e-07, 0.9958920187390577, 2.0387162580334394e-12, 8.468130802637006e-09, 2.707866761400108e-11, 1.3981262344504383e-11, 1.2902950981629603e-07, 1.921238063371736e-08, 2.0942240471750436e-05, 9.323853641856177e-07, 5.1002003661326895e-05, 1.0627804713460177e-07, 1.5808333281368676e-06, 3.5185065113730904e-05, 9.80373467805194e-11, 1.349888373863865e-05, 3.6551605027569343e-06, 7.10059182187117e-09, 3.989337468620158e-11, 8.006769786354578e-11, 4.243843600906066e-08, 1.5750911955963588e-07, 1.0214127377860066e-07, 1.9388833673463956e-10, 1.3493939438579999e-10, 4.809003988969645e-06, 8.477923341836235e-08, 1.9305927376521752e-07, 1.1667971479752612e-05, 7.297850004154374e-08, 2.6391157518120145e-07, 3.1658968653369045e-07, 7.489553388648705e-11, 2.952595620118492e-07, 2.1651727647504157e-07, 1.7633559171032637e-08, 2.031830565853942e-05, 9.746512602364679e-06, 1.8448693059838887e-07, 5.888654218188105e-08, 6.496582182045241e-07, 9.913130493440067e-09, 3.391175382113346e-07, 7.215092488550876e-07, 1.281648290411487e-08, 6.908590533075316e-06, 1.1404970963282847e-06, 3.290727835279693e-08, 9.137630600330028e-06, 8.645651194784119e-06, 3.3273051845953e-06, 8.565418416267173e-07, 7.51626427610234e-09, 3.71921360230898e-06, 9.954694103318425e-08, 0.9999481687101925, 0.9999999754220742, 0.9999999192345527, 0.9999999045389552, 0.9998403600705014, 0.9999990076939206, 0.9999995254815208, 0.9999993374440703, 0.9999980232616781, 0.9999990763676945, 0.9999995971089952, 0.9977731512474934, 0.9999947553398764, 0.9999974571449293, 0.9998788798195509, 0.9999997703785958, 0.9983536877741696, 0.9999963569135176, 0.9999966679425385, 0.9999191526989221, 0.9999281721802571, 0.9990593004922604, 0.9999982878378516, 0.99999154876766, 0.9999355868375744, 0.9982992513758879, 0.9999999998633096, 0.9997158775509463, 0.9960753646020908, 0.9999998926069957, 0.9999998173094266, 0.9999994124865524, 0.9999886193453765, 0.9999999999998357, 0.9999076919216978, 0.9999997582932294, 0.9999759953745414, 0.9999968238931038, 0.9999999999971958, 0.9999995169484437, 0.9999624433187041, 0.9999245724289899, 0.9999431616810859, 0.9999164989968246, 0.9999999404851609, 0.9999999955929804, 0.9972894022502203, 0.9999941548073326, 0.9999985628930845, 0.9999998978757623, 0.9999999950183038, 0.9998769335318751, 0.9999998211540264, 0.9999990652202732, 0.9999385485245752, 0.9999998877671649, 0.9999999989406951, 0.9994560134102499, 0.999997444056748, 0.9999348041612085, 0.9999999999222007, 0.9999999176385385, 0.9999995749723437, 0.9910415085974762, 0.9999994888988645, 0.9999995183105905, 0.9949125362122911, 0.9999863196879412, 0.9999827560787862, 0.9999997653976107, 0.06490771187065063, 0.9999789486250852, 0.9998953358449584, 0.9999999999999434, 0.9999999651935766, 0.9999940440678036, 0.9999985542067455, 0.9999996877192965, 0.9995163979894813, 0.9999980074872936, 0.999999993297878, 0.9999992728516783, 0.9999315163459646, 0.9903218974351663, 0.9999724416422813, 0.999954550640141, 0.9999957376959342, 0.9996084010428935, 0.999999999963399, 0.9999910887241998, 0.9999995533131091, 0.9999999990222341, 0.9999999999930451, 0.9995916467959792, 0.9998642524402168, 0.9999997656426133, 0.9996114004672996, 0.9999999999986928, 0.999999598244232, 0.9999981505438885, 0.9999847009112839, 0.9999999935959221, 4.866705966356133e-06, 0.9999983123686912, 0.0001556224387170813, 0.9999996430094527, 0.9999968065850139, 0.9999994982909258, 0.9999999916811332, 0.9999954989192363, 0.9999972293016419, 0.9993047538878596, 0.9999412038449419, 0.9999944756391284, 0.9999934598053446, 0.9999996119048381, 0.9999999999999465, 0.999998944025231, 0.07151449340730909, 0.9999999999999962, 0.9999999999216318, 0.9999992939041026, 0.49584951507213015, 0.49584951507213015, 0.49584951507213015, 0.49584951507213015, 0.49584951507213015, 0.49584951507213015, 0.49584951507213015, 0.49584951507213015, 0.49584951507213015, 0.49584951507213015, 0.49584951507213015, 0.49584951507213015, 0.49584951507213015, 0.49584951507213015, 0.49584951507213015, 0.49584951507213015, 0.49584951507213015, 0.49584951507213015, 0.49584951507213015, 0.49584951507213015, 0.49584951507213015, 0.49584951507213015, 0.49584951507213015, 0.49584951507213015]}}