{"metrics": {"test": {"fp": [20], "f1_score": [0.5573770491803279], "risk": [0.32926829268292684], "recall": [0.7083333333333334], "sensitivity": [0.7083333333333334], "precision": [0.4594594594594595], "tp": [17], "tn": [38], "specificity": [0.6551724137931034], "fn": [7]}, "train": {"fp": [54], "f1_score": [0.6840148698884758], "risk": [0.25835866261398177], "recall": [0.7479674796747967], "sensitivity": [0.7479674796747967], "precision": [0.6301369863013698], "tp": [92], "tn": [152], "specificity": [0.7378640776699029], "fn": [31]}}, "model": {"n_features": 34866345}, "data": {"path": "/scratch/adrouin/patric_data/single_species_datasets/trimethoprim___7053822222416630118/dataset.kover", "split": "train_0.800_seed_5_10_folds", "uuid": "deaf402a-05d1-11e8-8bfc-001b2193b764"}, "predictions": {"binary": [1, 0, 0, 0, 0, 0, 0, 0, 0, 1, 0, 0, 1, 1, 1, 1, 1, 1, 1, 1, 1, 0, 0, 0, 0, 1, 1, 1, 1, 1, 0, 1, 1, 0, 0, 0, 0, 0, 1, 0, 0, 0, 0, 0, 0, 0, 0, 0, 0, 0, 0, 0, 0, 0, 1, 1, 1, 1, 1, 1, 1, 1, 0, 0, 1, 0, 0, 0, 0, 0, 0, 0, 0, 0, 0, 1, 0, 1, 0, 1, 1, 1, 1, 1, 0, 0, 1, 1, 0, 1, 0, 0, 1, 0, 1, 1, 0, 0, 1, 0, 0, 0, 1, 1, 1, 1, 1, 0, 0, 0, 0, 0, 0, 0, 0, 0, 0, 0, 0, 0, 0, 0, 0, 0, 0, 1, 0, 0, 1, 0, 0, 0, 0, 0, 0, 0, 0, 0, 0, 0, 0, 0, 0, 0, 1, 1, 0, 0, 0, 0, 0, 0, 1, 0, 0, 0, 0, 0, 0, 0, 1, 0, 0, 0, 0, 0, 1, 0, 1, 0, 0, 0, 0, 0, 0, 0, 0, 0, 1, 1, 0, 0, 0, 0, 1, 0, 0, 1, 0, 0, 1, 0, 0, 0, 0, 1, 0, 0, 0, 0, 0, 0, 0, 0, 0, 0, 1, 0, 0, 0, 1, 0, 0, 0, 0, 0, 0, 0, 1, 0, 0, 1, 0, 0, 1, 1, 0, 0, 0, 0, 0, 0, 0, 0, 1, 1, 0, 0, 1, 1, 0, 0, 0, 0, 1, 1, 0, 0, 0, 1, 0, 0, 0, 0, 0, 0, 0, 0, 0, 0, 0, 0, 0, 0, 0, 1, 1, 1, 1, 1, 0, 1, 1, 1, 1, 0, 0, 1, 0, 0, 1, 1, 1, 0, 1, 1, 0, 0, 0, 0, 0, 0, 1, 1, 0, 1, 1, 1, 0, 1, 0, 1, 1, 1, 1, 1, 1, 1, 1, 1, 1, 1, 0, 1, 1, 1, 1, 1, 1, 0, 1, 1, 1, 1, 1, 1, 1, 1, 1, 1, 1, 1, 1, 1, 0, 1, 1, 1, 1, 1, 1, 1, 1, 1, 0, 1, 1, 0, 0, 0, 1, 1, 1, 0, 0, 1, 1, 1, 1, 0, 0, 0, 0, 1, 0, 1, 0, 0, 1, 0, 1, 1, 1, 1, 1, 1, 1, 1, 1, 1, 1, 1, 1, 1, 1, 1, 1, 1, 1, 1, 0, 1, 0, 1, 1, 1, 1, 1, 1, 1, 1, 1, 0, 0, 1, 1, 1, 1, 1, 0, 1], "proba": [0.4929191987001748, 0.6068171777050733, 0.5182845024941137, 0.5176862469686642, 0.581195527982102, 0.5682381198100916, 0.5619182239591306, 0.5643752041111562, 0.5720985774968063, 0.4799286606088783, 0.6353207660067867, 0.6010089757771967, 0.45489179189954587, 0.4720485966341622, 0.4353547239000869, 0.39499562988457015, 0.43559162385724964, 0.45912160059023255, 0.45608850303876763, 0.4490049418957317, 0.4915066803826915, 0.5579926962671673, 0.5885106322354049, 0.5922346554755669, 0.5863590901441619, 0.45062421973640054, 0.4939184365297573, 0.420243156122455, 0.4563493710804674, 0.45462745256820486, 0.5178543350962076, 0.44421120270653774, 0.44611957208233294, 0.5170826019764244, 0.6338342352164615, 0.6354207902875202, 0.6326876278334527, 0.5863505025473977, 0.4541088671254562, 0.6313349969303699, 0.5963343202625101, 0.5827564699352809, 0.5857532412798825, 0.5696405927098567, 0.5691783416986901, 0.5717937057715365, 0.5586196621476878, 0.5704387198899936, 0.5707769423709036, 0.5704212582855757, 0.5647384018084977, 0.5893744287965978, 0.5874357003711035, 0.5840119612379039, 0.4601252546610716, 0.45121533051468976, 0.4573576209310564, 0.45260094702514786, 0.39026266156629413, 0.45228751158735286, 0.4522130667232106, 0.4388485467943822, 0.51761934420847, 0.5157845323235125]}}