{"metrics": {"test": {"fp": [4], "f1_score": [0.9310344827586207], "risk": [0.09523809523809523], "recall": [1.0], "sensitivity": [1.0], "precision": [0.8709677419354839], "tp": [27], "tn": [11], "specificity": [0.7333333333333333], "fn": [0]}, "train": {"fp": [0], "f1_score": [1.0], "risk": [0.0], "recall": [1.0], "sensitivity": [1.0], "precision": [1.0], "tp": [123], "tn": [47], "specificity": [1.0], "fn": [0]}}, "model": {"n_features": 14540}, "data": {"path": "/scratch/adrouin/patric_data/single_species_datasets/ceftriaxone___-8916328542551230855/dataset.kover", "split": "train_0.800_seed_2_10_folds", "uuid": "91d498f2-07a9-11e8-bb75-001b2193b764"}, "predictions": {"binary": [0, 0, 0, 0, 1, 0, 0, 0, 0, 0, 0, 0, 0, 0, 0, 0, 0, 0, 0, 0, 0, 0, 0, 0, 0, 0, 0, 0, 0, 0, 0, 0, 0, 0, 0, 0, 0, 1, 0, 0, 0, 0, 0, 0, 0, 0, 0, 0, 0, 0, 1, 0, 0, 0, 0, 0, 0, 0, 1, 0, 0, 0, 1, 1, 1, 1, 1, 1, 1, 1, 1, 1, 1, 1, 1, 1, 1, 1, 1, 1, 1, 1, 1, 1, 1, 1, 1, 1, 1, 1, 1, 1, 1, 1, 1, 1, 1, 1, 1, 1, 1, 1, 1, 1, 1, 1, 1, 1, 1, 1, 1, 1, 1, 1, 1, 1, 1, 1, 1, 1, 1, 1, 1, 1, 1, 1, 1, 1, 1, 1, 1, 1, 1, 1, 1, 1, 1, 1, 1, 1, 1, 1, 1, 1, 1, 1, 1, 1, 1, 1, 1, 1, 1, 1, 1, 1, 1, 1, 1, 1, 1, 1, 1, 1, 1, 1, 1, 1, 1, 1, 1, 1, 1, 1, 1, 1, 1, 1, 1, 1, 1, 1, 1, 1, 1, 1, 1, 1, 1, 1, 1, 1, 1, 1, 1, 1, 1, 1, 1, 1, 1, 1, 1, 1, 1, 1, 1, 1, 1, 1, 1, 1, 0, 0, 0, 0, 0, 0, 0, 0, 0, 0, 0, 0, 0, 0, 0, 0, 0, 0, 0, 0, 0, 0, 0, 0, 0, 0, 0, 0, 0, 0, 0, 0, 0, 0, 0, 0, 0, 0, 0, 0, 0, 0, 0, 0], "proba": [1.667737881745751e-05, 1.4149009558369268e-05, 3.799840830460333e-05, 4.714786494590047e-05, 0.9990350030629531, 4.6064732815776876e-05, 8.515864872595828e-06, 0.00096573056517247, 1.604579940608052e-05, 2.60559176629794e-05, 1.8445618000372807e-05, 1.7650227070297476e-05, 4.834978669034653e-05, 1.9115960189046883e-05, 2.3710038142444022e-05, 6.413013340939968e-06, 1.6392415486366088e-05, 2.736277412093534e-05, 1.2075085137888801e-05, 0.00018240371824116607, 1.0624888730652647e-05, 7.394598004459821e-06, 6.28252251287458e-05, 1.5393281801205912e-05, 2.5332621511661178e-05, 1.267933855218489e-05, 5.1793723955056234e-06, 4.361669397480523e-05, 1.3763725230097869e-05, 2.9869218489213567e-05, 3.1280893502028596e-05, 1.6554266625361483e-05, 6.902571133363136e-06, 0.019333610280848425, 1.7877598477105346e-05, 1.7129836096839e-05, 2.542253959532045e-06, 0.9998763910989139, 0.01705632875638185, 2.6847091638837888e-05, 8.769838408344425e-05, 2.0386699160586682e-05, 7.73237285953761e-06, 0.0015752046286625025, 2.4178617990034015e-05, 2.9517319764569843e-05, 0.00024239866974787845, 0.004467339833677806, 6.901838877222615e-05, 3.31061159827738e-05, 0.9999246990437052, 1.790500565950798e-05, 0.00020166632674224638, 8.667841367678675e-06, 1.5321197749732077e-05, 8.339916056375811e-06, 5.8912581697501244e-05, 1.3740435060829079e-05, 0.9999403865299804, 2.412577298676178e-05, 1.864564916315086e-05, 4.34599151326591e-06, 0.9999214849034479, 0.9999269678018475, 0.9999638986327749, 0.9999790933382222, 0.9999947974558188, 0.9999276258207105, 0.9999914176354957, 0.999860065687346, 0.9999517894268793, 0.9999044459528321, 0.9929534677887449, 0.9999641259639517, 0.9999666493088132, 0.9999922611817208, 0.999987138695247, 0.9999725234588702, 0.999996815042609, 0.9999909460089464, 0.9999706458234092, 0.9999898041654317, 0.9999939380868446, 0.9999892710993896, 0.9999909005462974, 0.999962771529278, 0.9999500542396114, 0.9999690469034328, 0.9997380674841572, 0.9999628111273717, 0.999952832711283, 0.9999607561639265, 0.9999946039357938, 0.9999947177217596, 0.9999630585105898, 0.9999965739669985, 0.9999909005462974, 0.9999771480350221, 0.9999932413931526, 0.9999867784685631, 0.9999308765739248, 0.9999915128238714, 0.9999382972814458, 0.9999909005462974, 0.9999983393070685, 0.9999943034866088, 0.9999906446436235, 0.9999433420977037, 0.9999939575435162, 0.9999903158133968, 0.9999909005462974, 0.9998903104322585, 0.9999914255931767, 0.9999568588021094, 0.9999648333675019, 0.9999954080639581, 0.9999909005462974, 0.9999908485432893, 0.9999476836484373, 0.9999923141203328, 0.9999939131319682, 0.9999909076845497, 0.9999793246094254, 0.9999824051273272, 0.9998046395243708, 0.9999903119395382, 0.9999026107768825, 0.9999912017008505, 0.9999735818154986, 0.9999909005462974, 0.9999608308630807, 0.9999595528351302, 0.9999947938744216, 0.9999858252940342, 0.9999919998618682, 0.9999935933287102, 0.9999909076845497, 0.9999909076845497, 0.9999962549659412, 0.9999924337747681, 0.9999910011569193, 0.9999909040297985, 0.9999700290105916, 0.9999915972805667, 0.999845323015767, 0.9999774118449609, 0.9999421889683777, 0.9999909005462974, 0.99981172794386, 0.9999730406445942, 0.9999909005462974, 0.9999958296637655, 0.9999909005462974, 0.9999883227304236, 0.9999469167051488, 0.9999940096613964, 0.9999904467904545, 0.999985497643692, 0.9999910201675937, 0.9999976145058387, 0.9999909005462974, 0.999972650027192, 0.9999910229759738, 0.9999913143647478, 0.999992086385172, 0.9999391782321627, 0.9999910435929752, 0.6132912692253144, 0.9999597697546532, 0.9999915639737252, 0.9999863916465838, 0.9999671603060153, 0.9999648242266702, 0.9999505742544517, 0.9999645880113683, 0.9999045538408121, 0.9999888086801928, 0.9999269678018475, 0.9999416254663601, 0.999997233681301, 0.9999889309285145, 0.9999264119324685, 0.9999909005462974, 0.9999909005462974, 0.9999679784216474, 0.9999965549128246, 0.9999959085611243, 0.9999909005462974, 0.9999646420420397, 0.9999822249574768, 0.9998008130848763, 0.9999934819189521, 0.9999957155421597, 0.9999482108605772, 0.999978797812667, 0.9999910668376936, 0.9999931478560293, 0.9999279569045783, 0.9999295659464715, 0.9999461769038563, 0.9999715025393248, 0.9999896750583975, 0.9999678026769372, 0.9999773981096821, 0.9999910545948035, 0.9999507626963028, 0.9979647702548584, 0.9999708650240654, 0.9999374505602193, 0.9999959604859744, 0.9999618334992595, 0.9999758982793835, 0.4876981761880117, 0.4876981761880117, 0.4876981761880117, 0.4876981761880117, 0.4876981761880117, 0.4876981761880117, 0.4876981761880117, 0.4876981761880117, 0.4876981761880117, 0.4876981761880117, 0.4876981761880117, 0.4876981761880117, 0.4876981761880117, 0.4876981761880117, 0.4876981761880117, 0.4876981761880117, 0.4876981761880117, 0.4876981761880117, 0.4876981761880117, 0.4876981761880117, 0.4876981761880117, 0.4876981761880117, 0.4876981761880117, 0.4876981761880117, 0.4876981761880117, 0.4876981761880117, 0.4876981761880117, 0.4876981761880117, 0.4876981761880117, 0.4876981761880117, 0.4876981761880117, 0.4876981761880117, 0.4876981761880117, 0.4876981761880117, 0.4876981761880117, 0.4876981761880117, 0.4876981761880117, 0.4876981761880117, 0.4876981761880117, 0.4876981761880117, 0.4876981761880117, 0.4876981761880117, 0.4876981761880117, 0.4876981761880117]}}