{"metrics": {"test": {"fp": [2], "f1_score": [0.9047619047619048], "risk": [0.11428571428571428], "recall": [0.9047619047619048], "sensitivity": [0.9047619047619048], "precision": [0.9047619047619048], "tp": [19], "tn": [12], "specificity": [0.8571428571428571], "fn": [2]}, "train": {"fp": [8], "f1_score": [0.9367088607594938], "risk": [0.06993006993006994], "recall": [0.9736842105263158], "sensitivity": [0.9736842105263158], "precision": [0.9024390243902439], "tp": [74], "tn": [59], "specificity": [0.8805970149253731], "fn": [2]}}, "model": {"n_features": 999945}, "data": {"path": "/scratch/adrouin/data/patric/single_species_datasets/erythromycin___672792900560953954/dataset.kover", "split": "train_0.800_seed_5_10_folds", "uuid": "cda8b11e-07a0-11e8-b0b1-001b2193b764"}, "predictions": {"binary": [0, 0, 0, 0, 0, 0, 1, 1, 0, 0, 0, 0, 0, 0, 0, 0, 0, 0, 1, 0, 0, 0, 0, 0, 0, 0, 0, 0, 0, 1, 0, 0, 0, 1, 1, 0, 0, 1, 0, 0, 0, 0, 0, 0, 0, 0, 0, 0, 0, 1, 0, 0, 0, 0, 0, 0, 0, 0, 0, 0, 0, 1, 0, 0, 0, 0, 0, 0, 0, 0, 0, 0, 0, 1, 0, 0, 0, 0, 0, 0, 0, 1, 1, 1, 1, 1, 1, 1, 1, 1, 1, 1, 1, 1, 1, 1, 1, 1, 1, 1, 1, 1, 1, 1, 1, 1, 1, 1, 1, 1, 1, 1, 1, 1, 1, 1, 1, 1, 1, 1, 1, 1, 1, 1, 1, 1, 1, 1, 1, 1, 1, 1, 0, 1, 1, 1, 1, 1, 1, 1, 1, 1, 1, 1, 1, 1, 1, 1, 1, 1, 0, 0, 1, 1, 1, 1, 1, 1, 1, 1, 1, 1, 1, 1, 1, 1, 1, 1, 1, 1, 1, 1, 1, 1, 1, 0, 1, 1, 0, 0, 0, 0, 0, 0, 0, 0, 0, 0, 0, 0, 0, 0], "proba": [0.012495924428637352, 0.045347675980529946, 0.27759771175820475, 0.12950742928376352, 0.019879236420968817, 0.08209321070437119, 0.7038988864376106, 0.845893904788376, 0.01219864404710173, 0.012322877045918487, 0.012649321951801481, 0.012860412646884978, 0.01893121415120808, 0.01679863870650869, 0.01625281391834068, 0.052116618200558476, 0.155279176701931, 0.012659931762306897, 0.5168421869957391, 0.06137531439316056, 0.14654092714240005, 0.17016307251200144, 0.15339253869903516, 0.08618104497398674, 0.015974735462303234, 0.02444789218215957, 0.0449191332055121, 0.0153278814668395, 0.23251387810069984, 0.638217010514737, 0.019110865398487633, 0.019742774265985617, 0.1724215184798953, 0.741419054058303, 0.5203097815437059, 0.015273477129498857, 0.013127968090762417, 0.513165102592956, 0.01759728607181233, 0.05575514905959948, 0.03240400264730502, 0.01515185824681089, 0.01266653125819157, 0.014743862616536013, 0.012876966768873562, 0.012673572155553666, 0.012137821517643994, 0.012230186206561876, 0.20488819660897015, 0.7855194502644853, 0.012458066983422836, 0.012652497675161429, 0.012104738595158702, 0.016983551454476917, 0.1259522328427498, 0.03129173962525187, 0.018820154603454695, 0.012730670152534252, 0.29462695719243504, 0.01230412319501788, 0.015087854789497365, 0.8231416649214164, 0.020521367954358258, 0.018562404889972243, 0.14337518993591478, 0.12340939954266116, 0.014518483095584652, 0.08593062859509347, 0.03491295858149065, 0.19123205539203908, 0.07986487044676739, 0.1074998114699365, 0.09843488431474794, 0.8516465835350154, 0.35367933484036435, 0.012505066429462919, 0.1571953278783529, 0.009780915148848383, 0.12665886027304915, 0.36176550665563867, 0.02073746331874226, 0.9528059553386276, 0.9054584681253882, 0.9387072220351089, 0.9321025933097751, 0.9423962895228191, 0.9288652992277023, 0.7222225609304318, 0.9449132499342932, 0.9414690403926159, 0.858594641546336, 0.8993195722330682, 0.9039236462820223, 0.8626449640925193, 0.9107934832807322, 0.8003409555705636, 0.6698361480249916, 0.9434894699634568, 0.9138129095357752, 0.8934546321324838, 0.7809701511512822, 0.6632456807619211, 0.9381234985902634, 0.9386478514878636, 0.8647418939887969, 0.8762425570948856, 0.905001488382248, 0.942560946048151, 0.9377146107674251, 0.8669648949857252, 0.9449049373802241, 0.9481630927488941, 0.9408898882171629, 0.938947292949183, 0.7836457555476519, 0.5586648210297323, 0.7644257607861799, 0.8041727455894134, 0.6739955298044998, 0.9086169268997044, 0.9331971662940702, 0.925872089791791, 0.5913545385548022, 0.7342514242736401, 0.8849169211059811, 0.5616219248650192, 0.8510477973593796, 0.9404190688960924, 0.9478072561141981, 0.9345016713856958, 0.7851442577064154, 0.9399532234367055, 0.370550989484652, 0.7919433186756099, 0.891504523402998, 0.7909417155010483, 0.947495548549589, 0.9407079596174972, 0.802778205085844, 0.9502030603177619, 0.9354618230510816, 0.9373880434567837, 0.9353209835390677, 0.9580578522585894, 0.8494118669353029, 0.9420677882908493, 0.8350449565504305, 0.8593510194978513, 0.9505205148855136, 0.9412212164735887, 0.24848056677938735, 0.38963888925113377, 0.9436428367585431, 0.9007126916300741, 0.8788336988223276, 0.9013811718828697, 0.9432810894812633, 0.9312135786431178, 0.7064343229133498, 0.8494102534834287, 0.9417211802697928, 0.9166430814604751, 0.952674866467172, 0.9437125294646408, 0.9568420060805136, 0.8624564785430291, 0.9518478735682565, 0.9403944421243259, 0.9573794257576038, 0.9563042391561076, 0.9224697624618948, 0.94744926347184, 0.6419117571666618, 0.9148097563290947, 0.912141674281492, 0.2830027745306275, 0.9388672142669403, 0.5890999130101674, 0.4999951594941557, 0.4999951594941557, 0.4999951594941557, 0.4999951594941557, 0.4999951594941557, 0.4999951594941557, 0.4999951594941557, 0.4999951594941557, 0.4999951594941557, 0.4999951594941557, 0.4999951594941557, 0.4999951594941557, 0.4999951594941557, 0.4999951594941557]}}