{"metrics": {"test": {"fp": [0], "f1_score": [1.0], "risk": [0.0], "recall": [1.0], "sensitivity": [1.0], "precision": [1.0], "tp": [10], "tn": [16], "specificity": [1.0], "fn": [0]}, "train": {"fp": [0], "f1_score": [1.0], "risk": [0.0], "recall": [1.0], "sensitivity": [1.0], "precision": [1.0], "tp": [41], "tn": [67], "specificity": [1.0], "fn": [0]}}, "model": {"n_features": 10341091}, "data": {"path": "/scratch/adrouin/data/patric/single_species_datasets/vancomycin___-8850046431738590682/dataset.kover", "split": "train_0.800_seed_0_10_folds", "uuid": "99660f46-095d-11e8-b2a7-001b2193b764"}, "predictions": {"binary": [0, 0, 0, 0, 0, 0, 0, 0, 0, 0, 0, 0, 0, 0, 0, 0, 0, 0, 0, 0, 0, 0, 0, 0, 0, 0, 0, 0, 0, 0, 0, 0, 0, 0, 0, 0, 0, 0, 0, 0, 0, 0, 0, 0, 0, 0, 0, 0, 0, 0, 0, 0, 0, 0, 0, 0, 0, 0, 0, 0, 0, 0, 0, 0, 0, 0, 0, 0, 0, 0, 0, 0, 0, 0, 0, 0, 0, 0, 0, 0, 0, 0, 0, 1, 1, 1, 1, 1, 1, 1, 1, 1, 1, 1, 1, 1, 1, 1, 1, 1, 1, 1, 1, 1, 1, 1, 1, 1, 1, 1, 1, 1, 1, 1, 1, 1, 1, 1, 1, 1, 1, 1, 1, 1, 1, 1, 1, 1, 1, 1, 1, 1, 1, 1], "proba": [0.016405152611270703, 0.011735775262177325, 0.016383117835947633, 0.016144084955061096, 0.016415772466775044, 0.01639866038610241, 0.016401128841098872, 0.01642447410621, 0.016396935503447174, 0.02099585131360285, 0.01636564324743664, 0.0164152073629528, 0.0244279180720377, 0.01638091067457114, 0.016403256751949896, 0.016384751109458615, 0.016382274273621787, 0.015275704821609743, 0.016405960275007198, 0.012779134288581923, 0.010843930179040477, 0.009382617649357737, 0.016418348919001912, 0.016413340680609064, 0.016413916648660404, 0.029420981270603108, 0.01641580739835674, 0.016394812686240965, 0.01641733264969673, 0.01639325099242974, 0.016397317662374532, 0.01640340978379866, 0.006423256274262248, 0.01641378826510436, 0.011135624124427904, 0.016393275278006814, 0.03315125741609371, 0.006957157329306225, 0.016390179986150968, 0.038040174982962825, 0.014523532797908438, 0.016417624710274917, 0.016403708905787955, 0.010343049613092486, 0.016346531604257284, 0.01640592632370434, 0.013577236207539601, 0.016005168619991537, 0.016397040441153362, 0.013692387203443146, 0.016403438568368074, 0.012870835127351848, 0.014753602083772131, 0.014286723204995681, 0.016397010617993445, 0.014814659255907012, 0.016409442981751506, 0.01637683328061266, 0.015534070932079503, 0.012387621414647621, 0.01638448467414952, 0.01491828841290281, 0.016397487825866374, 0.016392894176971897, 0.477539494003369, 0.025678964562301548, 0.016394652706560823, 0.031291990342747565, 0.016402686346279862, 0.016399550292508436, 0.017567333399705176, 0.012754315094507144, 0.027365532648055035, 0.010342157497111714, 0.013357971726547168, 0.01639310399229859, 0.016392027545955548, 0.02548249052835005, 0.016390141493896438, 0.016397151325948954, 0.0068832637212527, 0.01916838583065086, 0.011139415724186946, 0.981789444481977, 0.9817980208076782, 0.981768309090548, 0.9837519946527818, 0.9881141324080897, 0.9395812952814137, 0.9817767694389171, 0.981796759400666, 0.9832274519847628, 0.9883911925005093, 0.9817947296974737, 0.9817900491038375, 0.9818173880015266, 0.9841365121472925, 0.9826432026049892, 0.9812760116979768, 0.9817934987727732, 0.9862538086185488, 0.9855319553148688, 0.9789123592359263, 0.9129292851036643, 0.981792400959295, 0.9847340245265025, 0.9817996970570312, 0.9915661175621234, 0.9844911599933144, 0.9817875031799513, 0.9845763303341521, 0.9841013799234143, 0.9817566128064524, 0.9818053518133161, 0.9729780975495033, 0.9817796044347715, 0.9818047157787727, 0.9756906886074213, 0.9867399918902204, 0.981802461532362, 0.9817993917711099, 0.9817735610077877, 0.9775539572770134, 0.9446594519066658, 0.9762568391374412, 0.9875013537715314, 0.9817896027175839, 0.9866862409275208, 0.9870578438119788, 0.9908848383903905, 0.9817898389818063, 0.98176783099881, 0.9817711094741104, 0.9824776447871805]}, "cv": {"hps": {"normalize_kernel": false, "degree": 1.0, "regularizer": 1e-05}, "score": 0.009090909090909094}}