{"metrics": {"test": {"fp": [2], "f1_score": [0.9230769230769231], "risk": [0.06521739130434782], "recall": [0.9], "sensitivity": [0.9], "precision": [0.9473684210526315], "tp": [36], "tn": [50], "specificity": [0.9615384615384616], "fn": [4]}, "train": {"fp": [1], "f1_score": [0.9942196531791907], "risk": [0.005420054200542005], "recall": [0.9942196531791907], "sensitivity": [0.9942196531791907], "precision": [0.9942196531791907], "tp": [172], "tn": [195], "specificity": [0.9948979591836735], "fn": [1]}}, "model": {"n_features": 995556}, "data": {"path": "/scratch/adrouin/patric_data/single_species_datasets/clarithromycin___-8916328542551230855/dataset.kover", "split": "train_0.800_seed_2_10_folds", "uuid": "187d642c-547d-11e8-8d70-f0921c053df8"}, "predictions": {"binary": [0, 0, 0, 0, 0, 0, 0, 0, 0, 0, 0, 0, 0, 0, 0, 0, 0, 0, 0, 0, 0, 0, 0, 0, 0, 0, 0, 0, 0, 0, 0, 0, 0, 0, 0, 0, 0, 0, 0, 0, 0, 0, 0, 0, 0, 0, 0, 0, 0, 0, 0, 0, 0, 0, 0, 0, 0, 0, 0, 0, 0, 0, 0, 0, 0, 0, 0, 0, 0, 0, 0, 0, 0, 0, 0, 0, 0, 0, 0, 0, 0, 0, 0, 0, 0, 0, 0, 0, 0, 0, 0, 0, 0, 0, 0, 0, 0, 0, 0, 0, 0, 0, 0, 0, 0, 0, 0, 0, 0, 0, 0, 0, 0, 0, 0, 0, 0, 0, 0, 0, 0, 0, 0, 0, 0, 0, 0, 0, 0, 0, 0, 0, 0, 0, 0, 0, 1, 0, 0, 0, 0, 0, 0, 0, 0, 0, 0, 0, 0, 1, 0, 0, 0, 0, 0, 0, 0, 0, 0, 0, 0, 0, 0, 0, 0, 0, 0, 0, 1, 0, 0, 0, 0, 0, 0, 0, 0, 0, 0, 0, 0, 0, 0, 0, 0, 0, 0, 0, 0, 0, 0, 0, 0, 0, 0, 0, 0, 0, 0, 0, 0, 0, 0, 0, 0, 0, 0, 0, 0, 0, 0, 0, 0, 0, 0, 0, 0, 0, 0, 0, 0, 0, 0, 0, 0, 0, 0, 0, 0, 0, 0, 0, 0, 0, 0, 0, 0, 0, 0, 0, 0, 0, 0, 0, 0, 0, 0, 0, 1, 1, 1, 1, 1, 1, 1, 1, 1, 1, 1, 1, 1, 1, 1, 1, 1, 1, 1, 1, 1, 1, 1, 1, 1, 1, 1, 1, 1, 1, 1, 1, 1, 1, 1, 1, 1, 1, 1, 1, 1, 1, 1, 1, 1, 1, 1, 1, 1, 1, 1, 1, 1, 1, 0, 1, 1, 1, 1, 1, 1, 1, 1, 1, 1, 1, 1, 1, 0, 1, 1, 0, 1, 1, 1, 1, 1, 1, 1, 1, 1, 1, 1, 1, 1, 1, 1, 1, 1, 1, 1, 0, 1, 1, 1, 1, 1, 1, 1, 1, 1, 1, 1, 1, 1, 1, 1, 1, 1, 1, 1, 1, 1, 1, 1, 1, 1, 1, 1, 1, 1, 1, 1, 1, 1, 1, 1, 1, 1, 1, 1, 1, 1, 1, 1, 1, 1, 1, 1, 1, 1, 1, 1, 1, 1, 1, 1, 1, 1, 1, 1, 1, 1, 1, 1, 1, 1, 1, 1, 1, 1, 1, 1, 1, 1, 1, 1, 1, 1, 1, 1, 1, 1, 1, 1, 1, 1, 1, 0, 1, 1, 1, 1, 1, 1, 1, 1, 1, 1, 1, 1, 1, 1, 1, 1, 1, 1, 1, 1, 1, 1, 1, 1, 1, 1, 1, 1, 1, 1, 1, 1, 1, 1, 0, 0, 0, 0, 0, 0, 0, 0, 0, 0, 0, 0, 0, 0, 0, 0, 0, 0, 0, 0, 0, 0, 0, 0, 0, 0, 0, 0, 0, 0, 0, 0, 0, 0, 0, 0, 0, 0, 0, 0, 0, 0, 0, 0, 0, 0, 0, 0, 0, 0, 0], "proba": [1.9306772467953997e-05, 2.10387130329573e-05, 0.0001246379146022131, 0.008117887390079485, 0.0031201768749215732, 0.0005779538633212656, 0.00031607914404515735, 1.8566198734358265e-06, 0.003121179512088659, 7.115390738139867e-05, 2.2074652759497475e-06, 1.7301938398471138e-05, 0.008838713367023332, 4.367996099071126e-05, 0.03608117098094717, 7.17306083411394e-05, 0.0010752002266148847, 0.0001442077219438827, 0.00033640079179233725, 1.0552964476423863e-05, 5.5700535695885565e-05, 0.00041021712505698754, 4.563367016782746e-05, 1.5209028299346856e-05, 3.5137411215572345e-06, 0.00016780590537734152, 0.0017268941565398946, 0.0003065540781752048, 4.9651954242851575e-05, 9.249251983034158e-05, 3.7310080731998624e-06, 1.1193680958859143e-06, 0.012958948925855088, 0.00664120188683018, 0.0001085307318463004, 1.614716933347405e-05, 0.009178003025981686, 0.0005303665494142438, 0.0007485038687453533, 1.8593860484828786e-05, 3.317022392502529e-05, 0.006181503520095815, 0.0001394972887641953, 0.0012421737918351674, 1.0680069543541052e-05, 0.0012929531134358745, 9.998956768175224e-05, 2.426052661606913e-05, 0.0018312282701091723, 3.2306827013368265e-06, 0.0018439277823277028, 2.8200289908029123e-06, 1.769682486802185e-06, 0.019601234961040968, 4.3298999856850073e-07, 1.899370472445681e-05, 8.07155897360352e-07, 0.004180751070372404, 0.00016323838259306455, 8.826489261147479e-05, 0.0010976856519401541, 0.006995553362011249, 0.001970457488617288, 2.7575492081554872e-05, 5.8628481803734484e-05, 0.002777982813035183, 7.815515003548814e-05, 0.00018129906335403022, 0.00038617051061411867, 0.0011881405707266743, 0.07950155844716855, 7.574372946495736e-05, 0.09570881126950276, 1.502786868841818e-06, 0.006686394868087817, 0.05169015353455673, 0.0002226638311370296, 0.00014874124797365862, 0.001149630207603902, 1.2967717598575139e-05, 4.107191004483661e-05, 4.722074081286712e-06, 9.81741159277393e-05, 0.15522574602084885, 0.0006009685293038604, 0.00041370266871271054, 0.000304056964580403, 0.00010852450779827518, 0.010953175574715819, 2.9158697576856806e-06, 2.8943442581039245e-05, 0.00040881175197051637, 0.0007642702678066462, 0.003683849794482601, 5.235726950374216e-06, 1.363307459818577e-09, 0.0031315746226528163, 0.053963158388532585, 7.783793862699475e-06, 0.04257542035057753, 0.001320079059482335, 1.4313836466201816e-06, 1.182841904665771e-05, 0.00028094045113102786, 5.461951017759679e-06, 0.00028583041966101193, 0.00012256554046599847, 0.0002393601211188178, 0.0024761163602479816, 5.9384325533739335e-05, 2.9487174317689804e-05, 3.690786195946108e-05, 0.0030281228578769364, 1.0643667985257302e-06, 0.00023910389039410752, 0.0014672558258373356, 0.002280998269916248, 0.002751923170138239, 2.6122904790182523e-05, 0.15714457888135921, 2.7102266650480724e-05, 1.8478427941472255e-06, 0.00295370324750942, 0.0024175490490647984, 6.638054005624201e-05, 0.003335931278095474, 0.0005351361624507971, 0.00028938457849286137, 5.1087577203558726e-05, 4.815531249703482e-05, 1.699111658516196e-05, 1.6206541130255145e-05, 0.0001219295349493955, 0.00043345667429479527, 4.97694560307327e-06, 0.003619781017523799, 0.9998063537295906, 3.150750058060917e-05, 0.0009108373757111751, 0.0007736250891779459, 6.070790421840569e-05, 0.00013748298318002258, 0.001923199134560312, 1.802645488720853e-05, 1.9674578165003447e-05, 2.3753544332107086e-05, 0.017609160904561397, 8.984999309433933e-05, 0.0015691623531950756, 0.7952111318841182, 3.0091843969133807e-05, 3.928931933182729e-05, 0.004510251308818043, 6.698921290112825e-05, 0.002790677800125616, 0.0007031088319302732, 4.607419669509721e-05, 9.064437469930181e-05, 9.97208368267964e-06, 1.6915394052176063e-06, 1.8282882311778687e-05, 3.754212269130134e-05, 0.00228676725813361, 6.089071058771265e-05, 0.00014897466229078134, 0.015917835996498143, 5.847673293135498e-05, 6.0316327976080766e-05, 0.9242786787421415, 1.9000002786304049e-06, 0.00042486410771002547, 0.0025555102440345725, 0.000532195224762608, 0.00016567228283727913, 1.5095671676939076e-05, 0.0003960891765784314, 0.012800869624689189, 0.00014653400400208906, 2.8674217460263186e-05, 3.313457136687766e-05, 0.004579216952958747, 2.1480127724255686e-05, 2.209454724155247e-05, 0.003294806073971625, 0.0009027044687623791, 0.0025903704980832385, 0.009638372578741072, 0.0007743464907683794, 0.0024490692300921384, 0.00033998681184023335, 0.0019134927818169594, 0.002511404361308078, 0.002131295221375158, 0.00014265112034347817, 0.005310571420783666, 0.0330882420222941, 0.00018827182443254543, 0.0004560987038504371, 0.008453155541758935, 1.419940948342837e-05, 0.011068117069834205, 1.4671389382815141e-05, 0.00158215067907067, 1.014238464634013e-06, 0.0002282511631536993, 5.6243219840184736e-05, 0.00013097680642425343, 0.00028144360114856353, 0.02048471315419477, 0.002340612218227391, 8.517933817492708e-06, 0.00994375285989301, 0.0017187185142671314, 6.801342198513863e-05, 0.0004406309003381718, 0.002901229546910771, 0.0001452021577167069, 0.0024642445553252823, 0.00028577105895815334, 3.648546301897539e-05, 0.00041633952758383784, 0.007191051243115639, 0.003920580330651538, 0.0005775491994233369, 0.00032878125034510857, 0.007146696500928822, 0.003206185334016583, 1.972660028161066e-05, 0.07044685080239006, 0.005306067801400033, 0.00046928650563347754, 3.877383482772037e-05, 0.00015271747397105763, 0.0076717076023594824, 0.0016117561603567682, 9.163895728915223e-06, 8.741425395615152e-05, 1.8261423789444462e-05, 0.00038005202120315184, 4.543620192339859e-05, 1.978115176727912e-06, 1.2740606137520349e-05, 0.000348744826678254, 7.85046579961088e-05, 0.00039003418539316944, 8.10167470069168e-05, 7.778505863178877e-05, 