{"metrics": {"test": {"fp": [2], "f1_score": [0.8125], "risk": [0.17142857142857143], "recall": [0.7647058823529411], "sensitivity": [0.7647058823529411], "precision": [0.8666666666666667], "tp": [13], "tn": [16], "specificity": [0.8888888888888888], "fn": [4]}, "train": {"fp": [10], "f1_score": [0.9221556886227545], "risk": [0.09090909090909091], "recall": [0.9625], "sensitivity": [0.9625], "precision": [0.8850574712643678], "tp": [77], "tn": [53], "specificity": [0.8412698412698413], "fn": [3]}}, "model": {"n_features": 139}, "data": {"path": "/scratch/adrouin/patric_data/single_species_datasets/erythromycin___672792900560953954/dataset.kover", "split": "train_0.800_seed_7_10_folds", "uuid": "cda8b11e-07a0-11e8-b0b1-001b2193b764"}, "predictions": {"binary": [0, 0, 0, 0, 0, 0, 1, 1, 0, 0, 0, 0, 0, 0, 0, 0, 0, 0, 1, 0, 0, 0, 0, 0, 0, 0, 0, 0, 0, 1, 0, 0, 0, 1, 1, 0, 0, 1, 0, 0, 0, 0, 0, 0, 0, 0, 0, 0, 0, 1, 0, 0, 0, 0, 0, 0, 0, 0, 0, 0, 0, 1, 0, 0, 0, 0, 0, 0, 0, 0, 0, 0, 0, 1, 1, 0, 0, 0, 0, 1, 0, 1, 1, 1, 1, 1, 1, 1, 1, 1, 1, 1, 1, 1, 1, 1, 1, 1, 1, 1, 1, 1, 1, 1, 1, 1, 1, 1, 1, 1, 1, 1, 1, 1, 1, 1, 1, 1, 1, 1, 1, 1, 1, 1, 1, 1, 1, 1, 1, 1, 1, 1, 0, 1, 1, 0, 1, 1, 1, 1, 1, 1, 1, 1, 1, 1, 1, 1, 1, 1, 0, 0, 1, 1, 0, 1, 1, 1, 1, 1, 1, 1, 1, 1, 1, 1, 1, 1, 1, 1, 1, 1, 1, 1, 1, 0, 1, 0, 0, 0, 0, 0, 0, 0, 0, 0, 0, 0, 0, 0, 0, 0], "proba": [0.08663405986790342, 0.16977407455103188, 0.2519986187877235, 0.23604619234149185, 0.18540191465633274, 0.1337665232915981, 0.8663722154518946, 0.6074612261305045, 0.09406078343982868, 0.08662107115419666, 0.08663405986790342, 0.08663405986790342, 0.10171106301677378, 0.09384447380761976, 0.09384447380761976, 0.1867479544189039, 0.23678752615853543, 0.08663405986790342, 0.6347861273252583, 0.19074490508028086, 0.27643053103450804, 0.2828474275602483, 0.273972579528718, 0.3870097890718382, 0.10147913090322051, 0.13499579939740283, 0.16977407455103188, 0.08740090572774714, 0.3773653051990589, 0.8176524009204653, 0.12438812582300894, 0.0975433568372634, 0.273972579528718, 0.6562565561606052, 0.6347861273252583, 0.10031540197089421, 0.08772900944490677, 0.6168876865653423, 0.12830390762967891, 0.17663035977409913, 0.17124743685580895, 0.10924353802537601, 0.08663405986790342, 0.11284039260825932, 0.08663405986790342, 0.08663405986790342, 0.08663405986790342, 0.08663405986790342, 0.31548623275921517, 0.6691389633154555, 0.08662107115419666, 0.08662107115419666, 0.08772900944490677, 0.09384447380761976, 0.23604619234149185, 0.1777480200952346, 0.12438812582300894, 0.09406078343982868, 0.27293865782519877, 0.08663405986790342, 0.11004638135850986, 0.8354665239092719, 0.09957560776331656, 0.10628684881245051, 0.23601659127111982, 0.15304872572075395, 0.09384447380761976, 0.26491302222336155, 0.13403484416361267, 0.273972579528718, 0.2230160409724616, 0.20899889972393132, 0.27279950343081166, 0.6523645793933927, 0.6174492825515293, 0.09406078343982868, 0.23527498176750736, 0.08772900944490677, 0.24512152866106487, 0.6174492825515293, 0.09957560776331656, 0.8651621396559812, 0.8653249661419011, 0.8735533873264415, 0.8735533873264415, 0.8735533873264415, 0.8700457223227234, 0.6375439796696385, 0.8735533873264415, 0.8735533873264415, 0.8670486701844535, 0.8653249661419011, 0.8653249661419011, 0.6691389633154555, 0.8374575098929559, 0.6398323034238905, 0.633881717046246, 0.8648654321815246, 0.8571070152543907, 0.8653249661419011, 0.6335899166950647, 0.565876718711637, 0.8735533873264415, 0.8735533873264415, 0.6691389633154555, 0.83478246983922, 0.8571070152543907, 0.8735533873264415, 0.8735533873264415, 0.6694914894886751, 0.8735533873264415, 0.8735533873264415, 0.8735533873264415, 0.8735533873264415, 0.6521385535064889, 0.6347861273252583, 0.6351109435939122, 0.8484937110222096, 0.635737636719682, 0.8571070152543907, 0.8735533873264415, 0.8735533873264415, 0.6347861273252583, 0.8284138972153363, 0.83478246983922, 0.6347861273252583, 0.6691389633154555, 0.8735533873264415, 0.8735507100214416, 0.8639013849710748, 0.5778908393001726, 0.8446516240613144, 0.36327625308587835, 0.5513651325239648, 0.5078069122480793, 0.48880680227931983, 0.8395187891014589, 0.8735533873264415, 0.6221557255307238, 0.8735533873264415, 0.8735533873264415, 0.8735533873264415, 0.8735533873264415, 0.873099088006386, 0.8630527393388461, 0.8735352536685416, 0.6339553786670179, 0.6037397269944209, 0.819087465120761, 0.8735533873264415, 0.23678752615853543, 0.2920656923036594, 0.8726421928418722, 0.866280490328377, 0.48957699383846887, 0.8653249661419011, 0.8735533873264415, 0.8700457223227234, 0.8284138972153363, 0.6691389633154555, 0.8651621396559812, 0.8660787477859538, 0.819087465120761, 0.8735533873264415, 0.819087465120761, 0.6691389633154555, 0.819087465120761, 0.8735533873264415, 0.819087465120761, 0.8190631383858936, 0.8336760340809899, 0.8735533873264415, 0.633881717046246, 0.8653058344002663, 0.8653249661419011, 0.3249796553328586, 0.8446516240613144, 0.3615598541749593, 0.5, 0.5, 0.5, 0.5, 0.5, 0.5, 0.5, 0.5, 0.5, 0.5, 0.5, 0.5, 0.5, 0.5]}}