{"metrics": {"test": {"fp": [2], "f1_score": [0.9019607843137256], "risk": [0.10638297872340426], "recall": [0.8846153846153846], "sensitivity": [0.8846153846153846], "precision": [0.92], "tp": [23], "tn": [19], "specificity": [0.9047619047619048], "fn": [3]}, "train": {"fp": [0], "f1_score": [1.0], "risk": [0.0], "recall": [1.0], "sensitivity": [1.0], "precision": [1.0], "tp": [94], "tn": [95], "specificity": [1.0], "fn": [0]}}, "model": {"n_features": 37176168}, "data": {"path": "/scratch/adrouin/data/patric/single_species_datasets/amoxicillin_clavulanic_acid___2202579077548954665/dataset.kover", "split": "train_0.800_seed_5_10_folds", "uuid": "b775749e-05da-11e8-8d40-001b2193b764"}, "predictions": {"binary": [0, 0, 0, 0, 0, 0, 0, 0, 1, 0, 0, 0, 0, 0, 0, 0, 0, 0, 0, 0, 0, 0, 0, 0, 0, 0, 0, 1, 0, 0, 0, 0, 0, 0, 0, 0, 0, 0, 0, 0, 0, 0, 0, 0, 0, 0, 0, 0, 0, 0, 0, 0, 0, 0, 0, 0, 0, 0, 0, 0, 0, 0, 0, 0, 0, 0, 0, 0, 0, 0, 0, 0, 0, 0, 0, 0, 0, 0, 0, 0, 0, 0, 0, 0, 0, 0, 0, 0, 0, 0, 0, 0, 0, 0, 0, 0, 0, 0, 0, 0, 0, 0, 0, 0, 0, 0, 0, 0, 0, 0, 0, 0, 0, 0, 0, 0, 1, 1, 1, 1, 1, 1, 1, 1, 1, 1, 1, 1, 1, 1, 1, 1, 1, 1, 1, 1, 1, 1, 1, 1, 1, 1, 1, 1, 1, 1, 1, 1, 1, 1, 1, 1, 1, 1, 1, 1, 1, 1, 0, 1, 1, 1, 1, 1, 1, 1, 1, 1, 1, 1, 1, 1, 1, 1, 1, 1, 1, 1, 1, 1, 1, 1, 1, 1, 1, 1, 1, 1, 1, 1, 1, 1, 1, 1, 1, 1, 1, 1, 1, 1, 1, 1, 1, 1, 1, 1, 0, 1, 1, 1, 1, 1, 1, 1, 1, 1, 1, 1, 1, 1, 1, 1, 1, 1, 1, 1, 1, 0, 1, 1, 1, 1, 1, 1, 1, 1], "proba": [0.048258747170085915, 0.056881941536442895, 0.056955892750643285, 0.05691638843539037, 0.05691786569362615, 0.08448196824289995, 0.05692385421080378, 0.21107792671214495, 0.9599509302146924, 0.05688723192152642, 0.05692997582392254, 0.05691686095101423, 0.05358886968558352, 0.025261883044948287, 0.030087680230224234, 0.05695740038454828, 0.05691316081848521, 0.050718329890021015, 0.05697565777948277, 0.04202453053808807, 0.056907543878135264, 0.025784955464043094, 0.05691139348385323, 0.05689898637566337, 0.05688780658040668, 0.05355909853707685, 0.050703423159338644, 0.6027343496287254, 0.054998601842770216, 0.05690821121992987, 0.030591300110142817, 0.25986666626486116, 0.05000158471102927, 0.02856993227054227, 0.056912736548955845, 0.056902851883176266, 0.029912222702513157, 0.0569416595544277, 0.056910271366027616, 0.03866761135736303, 0.05694430550023476, 0.06695669096378311, 0.05690869583341639, 0.05697546784853782, 0.05877472021369331, 0.05695775225543775, 0.03036464403216927, 0.056908584843203644, 0.05689027259034915, 0.0569013673795058, 0.0569488281589598, 0.05692480024350278, 0.056901592158269454, 0.05691320586777667, 0.05257735213829531, 0.056949503309159884, 0.03923864145919108, 0.05695820414192357, 0.056766128567311176, 0.05693707947476134, 0.05695722616927923, 0.029574080794498733, 0.05692121178394115, 0.030372533234335065, 0.056903638061552304, 0.03482615685293394, 0.05691466267880657, 0.05690212692403075, 0.029696683599099657, 0.024201793626930618, 0.05569417575067038, 0.05597753099499948, 0.056907131630790135, 0.06266460828432008, 0.056880268317485376, 0.05274636494032725, 0.05694537323430083, 0.05689849632525705, 0.04145098589847087, 0.030989009300265352, 0.11280618145112599, 0.05687429313310766, 0.05696621679452567, 0.05689586296810822, 0.05692557312421023, 0.056895588387501944, 0.4574246368780502, 0.03903213493528513, 0.029522802531750495, 0.025464615551641468, 0.03929216530220316, 0.056913739701338735, 0.05690182735191123, 0.056912451965569606, 0.0569574889196489, 0.05691507156891951, 0.056916016611668174, 0.056902579017965194, 0.056896620892985576, 0.07891610880938184, 0.038638494899956, 0.030641245244324076, 0.023879798065067806, 0.1415677835841242, 0.2587614001130888, 0.11894355227585343, 0.04661046877078996, 0.05422382215419209, 0.026537195904391915, 0.05692601251780286, 0.2789778293069715, 0.0569417055747302, 0.056677423268351824, 0.3542776986351413, 0.05689688611894747, 0.03402405198664487, 0.9432406104173232, 0.975421949328085, 0.8308731543245284, 0.9432244102146703, 0.9432255006214926, 0.5817112825030313, 0.9881510664780393, 0.9432282641230259, 0.9432651580142267, 0.9833062144870043, 0.9432430577969224, 0.943212903662835, 0.9532616764140573, 0.9691106709495518, 0.943202259886594, 0.9943484770154857, 0.9944249179554371, 0.9681092832373608, 0.9432442259210618, 0.9847650786963661, 0.9840559757571766, 0.5546697283406948, 0.9906810326125824, 0.9906810326125824, 0.990653823785064, 0.9780076587002947, 0.9890078551337863, 0.9412524078400115, 0.9890138169991848, 0.9849652520470078, 0.6780078779583693, 0.9821532812331885, 0.9823125378256858, 0.9818740990248355, 0.9432176096042798, 0.9842704573218238, 0.9456899380965916, 0.9730474882691976, 0.9821286002192837, 0.9442363587826669, 0.9863216551988498, 0.9851881941316231, 0.17728048634348245, 0.9499326003654277, 0.9850173282894445, 0.9850002005022841, 0.9432580776941684, 0.9850447424200937, 0.9849564128819239, 0.9890171993604374, 0.9647805490466405, 0.9596205974103127, 0.965671966855654, 0.9432519248409403, 0.9838901963755022, 0.9840000525337785, 0.9838848446443261, 0.9847854962211477, 0.9932775762514828, 0.9207232767406773, 0.9432383721616714, 0.9557778915275611, 0.9939973307138933, 0.9484111757696166, 0.9431868537344935, 0.9439402842558325, 0.9432757289929319, 0.9484327153379687, 0.943258611924863, 0.9432065368298455, 0.9875717746326004, 0.9432320126426199, 0.9432002313325878, 0.81123631903344, 0.9422822748606412, 0.9968253369297351, 0.9496759987977076, 0.9432669341630441, 0.943231898246228, 0.9432427365122329, 0.9912591676212491, 0.9962594596553607, 0.9432236940301929, 0.9432206902946081, 0.9787499415282604, 0.9432364305228037, 0.943250684666584, 0.9926683631710301, 0.9455823842157068, 0.7730339149576106, 0.37710961649642855, 0.988414537816627, 0.9279853923843925, 0.9550096534109774, 0.9957593920253607, 0.9432454090421609, 0.9967145681206587, 0.9903475700783511, 0.97925900732467, 0.9432551246638446, 0.9428831806653749, 0.943269843757077, 0.9481806973176312, 0.9432196628197241, 0.9486046938599626, 0.9432397251299134, 0.9432861108097779, 0.9432284453851844, 0.9432479878420167, 0.9785754605731625, 0.9432562902869381, 0.30593034598927393, 0.9481932887495476, 0.943252042665765, 0.9438225392623704, 0.9432402223741261, 0.999985082978299, 0.9432529333855738, 0.9844325957751392, 0.9432308632020774]}, "cv": {"hps": {"normalize_kernel": false, "degree": 1.0, "regularizer": 0.0001}, "score": 0.08976608187134505}}