{"metrics": {"test": {"fp": [3], "f1_score": [0.6], "risk": [0.36363636363636365], "recall": [0.5], "sensitivity": [0.5], "precision": [0.75], "tp": [9], "tn": [12], "specificity": [0.8], "fn": [9]}, "train": {"fp": [15], "f1_score": [0.7244094488188977], "risk": [0.26119402985074625], "recall": [0.696969696969697], "sensitivity": [0.696969696969697], "precision": [0.7540983606557377], "tp": [46], "tn": [53], "specificity": [0.7794117647058824], "fn": [20]}}, "model": {"n_features": 4626600}, "data": {"path": "/scratch/adrouin/patric_data/single_species_datasets/nicotinamide___260162261243005161/dataset.kover", "split": "train_0.800_seed_4_10_folds", "uuid": "2407f734-0767-11e8-a171-001b2193b764"}, "predictions": {"binary": [1, 0, 0, 0, 1, 0, 0, 0, 0, 0, 0, 0, 0, 0, 0, 0, 0, 0, 0, 0, 0, 0, 0, 0, 1, 0, 1, 0, 0, 1, 0, 0, 0, 0, 0, 1, 0, 0, 0, 0, 1, 0, 0, 1, 0, 0, 0, 0, 0, 0, 0, 0, 0, 1, 1, 0, 1, 0, 1, 1, 0, 0, 0, 1, 0, 1, 0, 0, 0, 0, 1, 1, 0, 0, 1, 0, 0, 0, 0, 0, 0, 0, 0, 1, 0, 0, 0, 0, 0, 1, 1, 0, 1, 1, 0, 1, 0, 0, 0, 0, 1, 0, 1, 0, 0, 1, 1, 1, 0, 0, 1, 1, 1, 1, 1, 0, 1, 1, 1, 1, 0, 1, 1, 0, 1, 1, 1, 1, 1, 1, 1, 1, 1, 0, 1, 1, 0, 1, 1, 1, 1, 0, 1, 0, 1, 0, 1, 1, 1, 0, 1, 1, 1, 1, 1, 1, 1, 1, 1, 0, 1, 1, 1, 0, 1, 0, 0], "proba": [0.3866838454144105, 0.5078748411302535, 0.5572429121934656, 0.5375449468482107, 0.3941449052139413, 0.5481333762029333, 0.5588737636531524, 0.5396307806433351, 0.5780932229440758, 0.5408982920680143, 0.5655511547516759, 0.540325384000436, 0.5727347242213426, 0.5668181063454258, 0.533471477646808, 0.5363861215306671, 0.508352935075392, 0.5762231334394181, 0.5484931930457242, 0.5842841275956567, 0.5863294230985691, 0.5025944347368789, 0.5394896426824948, 0.5367999988143143, 0.3871872812980795, 0.5873667777928941, 0.3932638496076479, 0.5840310790377298, 0.5394783639460671, 0.4680490994973283, 0.5831527610238517, 0.5489955136355934, 0.5375693608145076, 0.539329568073506, 0.5857475361247023, 0.3866121050368258, 0.5488015811821358, 0.5704535503438073, 0.5479573143538577, 0.5844565597324447, 0.39661353800306876, 0.5394122054283361, 0.538832150276859, 0.38882398601000795, 0.5715898507351838, 0.5719997604398666, 0.5657230972332824, 0.5379389502871411, 0.5394789580642936, 0.5386911085477687, 0.5658740568371534, 0.5375661028369096, 0.5384181788822976, 0.3829581007897926, 0.399354924743545, 0.5433361037289149, 0.3863654504829791, 0.5555339475146068, 0.3852681541209267, 0.38404257243584233, 0.5862149203813332, 0.586858656918638, 0.5399919117084883, 0.4011305964459206]}}