{"metrics": {"test": {"fp": [2], "f1_score": [0.8749999999999999], "risk": [0.1276595744680851], "recall": [0.84], "sensitivity": [0.84], "precision": [0.9130434782608695], "tp": [21], "tn": [20], "specificity": [0.9090909090909091], "fn": [4]}, "train": {"fp": [0], "f1_score": [1.0], "risk": [0.0], "recall": [1.0], "sensitivity": [1.0], "precision": [1.0], "tp": [95], "tn": [94], "specificity": [1.0], "fn": [0]}}, "model": {"n_features": 37176168}, "data": {"path": "/scratch/adrouin/data/patric/single_species_datasets/amoxicillin_clavulanic_acid___2202579077548954665/dataset.kover", "split": "train_0.800_seed_6_10_folds", "uuid": "b775749e-05da-11e8-8d40-001b2193b764"}, "predictions": {"binary": [0, 0, 0, 0, 0, 0, 0, 0, 1, 0, 0, 0, 0, 0, 0, 1, 0, 0, 0, 0, 0, 0, 0, 0, 0, 0, 0, 0, 0, 0, 0, 0, 0, 0, 0, 0, 0, 0, 0, 0, 0, 0, 0, 0, 0, 0, 0, 0, 0, 0, 0, 0, 0, 0, 0, 0, 0, 0, 0, 0, 0, 0, 0, 0, 0, 0, 0, 0, 0, 0, 0, 0, 0, 0, 0, 0, 0, 0, 0, 0, 0, 0, 0, 0, 0, 0, 0, 0, 0, 0, 0, 0, 0, 0, 0, 0, 0, 0, 0, 0, 0, 0, 0, 0, 0, 0, 0, 0, 0, 0, 0, 0, 0, 0, 0, 0, 1, 1, 1, 1, 1, 1, 1, 1, 0, 1, 1, 1, 1, 1, 0, 1, 1, 1, 1, 1, 1, 1, 1, 1, 1, 1, 1, 1, 1, 1, 1, 1, 1, 1, 1, 1, 1, 1, 1, 1, 1, 1, 1, 1, 1, 1, 1, 1, 1, 1, 1, 1, 1, 1, 1, 1, 1, 1, 1, 1, 1, 1, 1, 1, 1, 1, 1, 1, 1, 1, 1, 1, 1, 1, 1, 1, 1, 1, 1, 1, 1, 1, 1, 1, 1, 1, 1, 1, 1, 1, 1, 1, 1, 1, 1, 1, 1, 1, 1, 1, 1, 1, 1, 1, 1, 1, 1, 1, 1, 1, 1, 0, 1, 1, 1, 0, 1, 1, 1, 1], "proba": [0.022668243268214348, 0.14696775690711156, 0.034808078771879684, 0.034815838217986866, 0.034760656070336765, 0.034791252673795084, 0.03480474549792327, 0.03475142062560548, 0.8701132782503453, 0.034753924663911986, 0.0347727548448013, 0.03477627592178701, 0.018120418319179144, 0.015082221018773394, 0.011306026723693949, 0.9957180108812631, 0.03477786231266688, 0.03478294655476026, 0.034744413616815795, 0.016246282819312317, 0.03408927127274361, 0.009550108838305421, 0.034764210836677134, 0.016746302479625424, 0.03473807342201914, 0.01999879601946621, 0.031081602399601404, 0.034800376002327695, 0.03188603071382843, 0.03478361027918407, 0.01576040317484734, 0.21171316716130556, 0.011597478795217869, 0.034829662971091926, 0.025629232050149574, 0.03479216528843345, 0.03482475360870592, 0.03481483354874523, 0.034762962638665816, 0.01699013659145215, 0.034731161989413825, 0.03476585005166054, 0.034792894341416976, 0.3541579361692267, 0.03473959261278921, 0.034746560058397685, 0.015821347639992107, 0.034738120307161814, 0.03483020745281037, 0.034821099931313826, 0.02513919410354238, 0.034800993153060754, 0.034820515204056976, 0.03480113682605397, 0.032351236260062165, 0.03476991480642173, 0.014048519350406678, 0.03475336609178673, 0.03481942040095659, 0.03482470078358521, 0.03474658190219701, 0.02338650952284324, 0.05404317374569196, 0.015838689547223457, 0.03478244446582165, 0.015890475439673125, 0.037087048192924466, 0.03476835001503044, 0.008874226091882872, 0.011538141703188983, 0.03476168610307198, 0.032856222540022934, 0.034774263310081044, 0.02865985835274378, 0.034833912168403945, 0.019686686397505437, 0.032114342542506065, 0.03336496154155841, 0.015899528248517633, 0.015835450718390907, 0.2130522224614453, 0.03474291135645095, 0.0347717296893424, 0.03477591113715396, 0.034778995434435585, 0.01819885410660477, 0.04690757492857846, 0.020334065378282626, 0.012190473595557237, 0.010725676923301968, 0.013079690472066535, 0.03474775424769119, 0.034766578166628814, 0.03474643797422217, 0.03477635526117728, 0.03483102831811899, 0.0347547273227208, 0.03479800735291158, 0.03476153449538339, 0.034754557004345224, 0.012932239499420425, 0.012378034784238188, 0.013231333678861307, 0.034787430185472396, 0.17389212660748132, 0.03479824392491312, 0.02588906599670501, 0.034815463745253496, 0.017251541246565225, 0.04926873284824329, 0.2631679206988259, 0.019726450218772774, 0.03475510261354201, 0.034734789889460466, 0.044792146458490785, 0.018696996694466072, 0.9680329889447147, 0.9846431213983448, 0.9679908819755013, 0.9680269575510627, 0.967967997719071, 0.9679455361790582, 0.9999904942192949, 0.9679639757344204, 0.2224288113852856, 0.9902705617938993, 0.9679841771136993, 0.6651312922531594, 0.9679870424249762, 0.9884182059557661, 0.08530053090251573, 0.9999977080158646, 0.999997670623163, 0.9839735811914593, 0.9680250145849022, 0.9940590070102655, 0.9971574718432729, 0.9679841771137166, 0.9999935257333419, 0.9999935257333419, 0.9999935007092179, 0.9967257215266412, 0.9999868975929527, 0.9716116024289247, 0.9999956024965296, 0.9999883428847066, 0.967980987009064, 0.9714455837494987, 0.9716229413123363, 0.9715942969129414, 0.9742335161338881, 0.9776510357952839, 0.9763572365918819, 0.9838146220595524, 0.971365484898653, 0.9750807662504675, 0.9679508627861043, 0.9792120849596102, 0.9680301307634323, 0.973147089896755, 0.9999884494014792, 0.9999884882146429, 0.9680136075574176, 0.999988474917606, 0.9999883941128053, 0.999995584183072, 0.9933053457630945, 0.980387626859254, 0.986814895042816, 0.9680213564017948, 0.9999888200734061, 0.9999888945748265, 0.9999887952806127, 0.9999880668073174, 0.999992590596945, 0.9679955317235358, 0.9680055530634653, 0.9886063913927703, 0.9957932489871714, 0.981525420977267, 0.9679618253413732, 0.9798867695742689, 0.9790779542890404, 0.9679814392535946, 0.9679764826520664, 0.5078165844629132, 0.9965263280544068, 0.9679693316717114, 0.9679408377155112, 0.9680365536500777, 0.9679917586614111, 0.996306623698776, 0.9737093759251033, 0.9680181837829716, 0.7274237542966278, 0.9699866130047855, 0.9679425370693128, 0.991040938843954, 0.9913429020332539, 0.9679918275781593, 0.9756028576603802, 0.801495962599841, 0.9701358550873093, 0.9916550467746212, 0.9720795117937051, 0.9679679833213302, 0.9679658667280063, 0.9999942837916219, 0.968023388499374, 0.974654565838008, 0.9971835329369881, 0.9680146357773366, 0.9896715356500495, 0.9886108490291791, 0.9940197381068976, 0.96797809734447, 0.9680114069818746, 0.9680113457714916, 0.9815454370581845, 0.9800952855863487, 0.9821027258723484, 0.9686632264498158, 0.9679661432595456, 0.9680124123314728, 0.9679753444223084, 0.975284772892916, 0.9613473815668074, 0.44844410255602135, 0.9815265454925135, 0.986998989455232, 0.9817023502909419, 0.42535044633034347, 0.9999830912910174, 0.8525136487611442, 0.9970609248064924, 0.9680246139266291]}, "cv": {"hps": {"normalize_kernel": false, "degree": 1.0, "regularizer": 0.0001}, "score": 0.08976608187134504}}