{"metrics": {"test": {"fp": [17], "f1_score": [0.16], "risk": [0.25301204819277107], "recall": [0.3333333333333333], "sensitivity": [0.3333333333333333], "precision": [0.10526315789473684], "tp": [2], "tn": [60], "specificity": [0.7792207792207793], "fn": [4]}, "train": {"fp": [49], "f1_score": [0.3132530120481928], "risk": [0.17065868263473055], "recall": [0.6190476190476191], "sensitivity": [0.6190476190476191], "precision": [0.20967741935483872], "tp": [13], "tn": [264], "specificity": [0.8434504792332268], "fn": [8]}}, "model": {"n_features": 35303782}, "data": {"path": "/scratch/adrouin/patric_data/single_species_datasets/cefoxitin___7053822222416630118/dataset.kover", "split": "train_0.800_seed_1_10_folds", "uuid": "99a3ee38-095d-11e8-8779-001b2193b764"}, "predictions": {"binary": [1, 1, 0, 0, 1, 0, 1, 0, 0, 1, 0, 1, 0, 0, 0, 0, 1, 1, 1, 1, 0, 0, 0, 0, 0, 1, 1, 0, 1, 1, 0, 0, 0, 0, 0, 0, 0, 0, 0, 0, 0, 0, 0, 0, 0, 0, 0, 0, 0, 0, 1, 1, 1, 1, 0, 0, 0, 0, 0, 1, 0, 0, 0, 0, 0, 0, 0, 0, 0, 0, 0, 0, 0, 0, 0, 0, 0, 0, 0, 0, 0, 0, 0, 0, 0, 0, 0, 0, 0, 0, 0, 0, 0, 0, 0, 0, 0, 0, 0, 0, 0, 0, 0, 0, 0, 0, 0, 0, 0, 0, 0, 0, 1, 0, 0, 1, 0, 0, 0, 0, 0, 0, 0, 0, 0, 0, 0, 0, 0, 0, 0, 0, 0, 0, 0, 0, 0, 0, 0, 0, 0, 0, 0, 0, 0, 0, 1, 0, 1, 1, 1, 0, 0, 0, 1, 1, 0, 1, 0, 0, 0, 0, 0, 0, 0, 0, 0, 1, 0, 0, 0, 0, 0, 0, 0, 0, 0, 0, 0, 0, 0, 0, 0, 0, 0, 0, 0, 0, 0, 0, 0, 0, 0, 0, 0, 0, 0, 0, 0, 0, 0, 1, 0, 0, 0, 0, 0, 0, 0, 0, 0, 0, 0, 0, 0, 1, 0, 0, 0, 0, 0, 1, 0, 0, 0, 0, 0, 0, 0, 0, 0, 0, 0, 0, 1, 1, 0, 0, 0, 0, 0, 0, 0, 0, 0, 0, 1, 0, 0, 0, 0, 0, 0, 0, 0, 0, 0, 0, 0, 0, 0, 0, 0, 1, 0, 1, 0, 0, 0, 0, 0, 0, 0, 0, 0, 0, 0, 0, 0, 0, 0, 1, 1, 1, 0, 0, 0, 0, 0, 0, 0, 0, 0, 0, 0, 0, 0, 0, 0, 0, 0, 0, 0, 0, 0, 0, 0, 0, 0, 0, 0, 0, 0, 0, 0, 0, 0, 0, 0, 0, 0, 0, 0, 0, 0, 0, 0, 0, 0, 0, 0, 0, 0, 0, 0, 0, 0, 0, 0, 0, 0, 1, 0, 1, 0, 0, 0, 0, 0, 1, 0, 0, 0, 0, 1, 0, 0, 1, 0, 0, 0, 0, 0, 0, 1, 0, 0, 1, 0, 1, 1, 1, 1, 1, 1, 1, 1, 1, 1, 1, 1, 1, 1, 1, 1, 1, 1, 0, 1, 0, 1, 1, 0, 0, 1, 0, 0, 0, 0, 0, 0, 0, 1, 0, 1, 0, 1, 1, 1, 1, 1, 1, 1, 1, 1, 0, 1], "proba": [0.47619923296108657, 0.4247136686989519, 0.5362074807927925, 0.5324246316872824, 0.4118169502523669, 0.5350912873803035, 0.4184475985237108, 0.503426253620625, 0.5066069421541186, 0.43899083857632853, 0.6304370714762565, 0.4372651146089324, 0.5862819402507429, 0.6175363649992971, 0.6227626687798075, 0.512794170729267, 0.4840735696121091, 0.4280444602403283, 0.4233565638894792, 0.43824543794313575, 0.5157463130628397, 0.5798089898003597, 0.6618215654961485, 0.5063312846738512, 0.5152274748889876, 0.44080064949919784, 0.4993260921721654, 0.5396770985175264, 0.4381564453842869, 0.43722415212583365, 0.5027484652814576, 0.64262207923048, 0.5904729081374136, 0.582481401390777, 0.5938604443549733, 0.5944629836191189, 0.5897450536075696, 0.5853120518726449, 0.5888820427005532, 0.5940792197924031, 0.5888292556928375, 0.6153865853544616, 0.6125631670327125, 0.6058888771714995, 0.5826220615395717, 0.607353504541326, 0.537362071311373, 0.5870410527550949, 0.5784235671555739, 0.5331730443876591, 0.3951441188899308, 0.4905710324445254, 0.4907693600464428, 0.41508784041068897, 0.5936629542141548, 0.591026389244736, 0.5896605603779019, 0.6205196342452741, 0.5919658836209545, 0.4169031885858343, 0.5923391128230912, 0.5932705130115286, 0.595699127108734, 0.6147401423177031]}}