{"metrics": {"test": {"fp": [0], "f1_score": [0.9636363636363636], "risk": [0.05555555555555555], "recall": [0.9298245614035088], "sensitivity": [0.9298245614035088], "precision": [1.0], "tp": [53], "tn": [15], "specificity": [1.0], "fn": [4]}, "train": {"fp": [1], "f1_score": [0.9934924078091107], "risk": [0.010380622837370242], "recall": [0.9913419913419913], "sensitivity": [0.9913419913419913], "precision": [0.9956521739130435], "tp": [229], "tn": [57], "specificity": [0.9827586206896551], "fn": [2]}}, "model": {"n_features": 999913}, "data": {"path": "/scratch/adrouin/data/patric/single_species_datasets/ertapenem___2202579077548954665/dataset.kover", "split": "train_0.800_seed_9_10_folds", "uuid": "392f4212-068a-11e8-a7b5-001b2193b764"}, "predictions": {"binary": [0, 0, 0, 0, 0, 0, 0, 0, 0, 0, 0, 0, 0, 0, 0, 0, 0, 0, 0, 0, 0, 0, 0, 0, 0, 0, 0, 0, 0, 0, 0, 0, 0, 0, 0, 0, 0, 0, 0, 0, 0, 0, 0, 0, 0, 0, 0, 0, 0, 0, 0, 0, 0, 0, 0, 0, 0, 0, 0, 0, 0, 0, 0, 0, 0, 0, 0, 0, 0, 1, 0, 0, 0, 1, 1, 1, 1, 1, 1, 1, 1, 1, 1, 1, 1, 1, 1, 1, 1, 1, 1, 1, 1, 1, 1, 1, 1, 1, 1, 1, 1, 1, 1, 1, 1, 1, 1, 1, 1, 1, 1, 1, 1, 1, 1, 1, 1, 1, 1, 1, 1, 1, 1, 1, 1, 1, 1, 1, 1, 1, 1, 1, 1, 1, 1, 1, 1, 1, 1, 1, 1, 1, 1, 1, 0, 1, 1, 1, 1, 1, 1, 1, 1, 1, 1, 1, 1, 1, 1, 1, 1, 1, 1, 1, 1, 1, 1, 1, 1, 1, 1, 1, 1, 1, 1, 1, 1, 1, 1, 1, 1, 1, 1, 1, 1, 1, 1, 0, 1, 1, 1, 1, 1, 1, 0, 1, 1, 1, 1, 1, 1, 1, 1, 1, 1, 0, 1, 1, 1, 1, 1, 1, 1, 1, 0, 1, 1, 1, 1, 1, 1, 1, 1, 1, 1, 1, 1, 1, 1, 1, 1, 1, 1, 1, 1, 1, 1, 1, 1, 1, 1, 1, 1, 1, 1, 1, 1, 1, 1, 1, 1, 1, 1, 1, 1, 1, 1, 1, 1, 1, 1, 1, 1, 1, 1, 1, 1, 1, 1, 1, 1, 1, 1, 1, 1, 1, 1, 1, 1, 1, 1, 1, 1, 1, 1, 1, 1, 1, 1, 1, 1, 1, 1, 1, 1, 1, 1, 1, 1, 1, 1, 1, 1, 1, 1, 1, 1, 1, 1, 1, 1, 1, 1, 1, 1, 1, 1, 1, 1, 1, 1, 1, 1, 1, 1, 1, 1, 1, 1, 1, 1, 1, 1, 1, 1, 1, 1, 0, 1, 1, 1, 1, 1, 1, 1, 1, 1, 1, 1, 1, 1, 1, 1, 1, 1, 1, 1, 1, 1, 1, 1, 1, 1, 1, 1, 1, 1, 1, 1, 1, 1, 1, 1, 1, 1, 1, 1, 1, 1, 1, 1, 1, 1, 1], "proba": [0.025293688617523947, 0.2918484690801616, 0.006624526012202074, 0.014569937755779111, 0.006478477151280597, 0.0028194181958530865, 0.06124495239371718, 0.021016404525464823, 0.0011506791477392084, 0.10375495227353473, 0.02191075278160116, 0.021911167806579656, 0.022094311934114718, 0.06471165655368398, 0.03007841873675549, 0.02474701688641976, 0.026045300353796198, 0.06468928644548892, 0.02191251938570392, 0.0357192029232129, 0.051831715082402745, 0.010556474013219484, 0.03552640202547949, 0.10875646806676514, 0.05312661872509346, 0.0027650467771934313, 0.015813530451590004, 0.0361782796217439, 0.07980103104526773, 0.02762008363708681, 0.1555324446076909, 0.021922124648884087, 0.021897503976332926, 0.04899571098885221, 0.16306752684976886, 0.011732747198712873, 0.03751023740045304, 0.04601113339300577, 0.06887161508804708, 0.03408706909184416, 0.21675882238209518, 0.06566938229388569, 0.09119612498521522, 0.010235839775288552, 0.013877482007733671, 0.15402318573493837, 0.2836556496174606, 0.07403294737299419, 0.015471033070583246, 0.013613774197995669, 0.033969997991467056, 0.04788130506335415, 0.012359777881678682, 0.01936013087164444, 0.013705210590246434, 0.013736181940868411, 0.08859235073770519, 0.10293167361597054, 0.1224734318700275, 0.09779455333751569, 0.01646544296923958, 0.02629284375097986, 0.03556857945925551, 0.18091095859819428, 0.016452818845010108, 0.35568740957590267, 0.0768536814389395, 0.039071687705993625, 0.015541753615344522, 0.6612097753319148, 0.07205393367247848, 0.04730681600476715, 0.01504238248329172, 0.97429311435106, 0.7763363999503241, 0.9820865355733761, 0.9821374192601839, 0.9869751930781148, 0.9775816311032781, 0.9605224795334979, 0.9823989342597601, 0.9823855289923696, 0.9826327686166529, 0.9827305531181545, 0.9823497809332432, 0.9824007046647003, 0.9823899276827789, 0.9819722397924514, 0.86372339579264, 0.9238820285128098, 0.9823741228065929, 0.8676514588181851, 0.6918777867671402, 0.9681094450791872, 0.9663577455481382, 0.9663577455481382, 0.966365629650747, 0.972774458753514, 0.9357232151032678, 0.9729821850989856, 0.9816179821997838, 0.9822129907719711, 0.9866533950481662, 0.9828092224467152, 0.9648583806038001, 0.9828511344063712, 0.9823811003829062, 0.9820354859705958, 0.9823006780868876, 0.9829003391092789, 0.9809986251061698, 0.9823871339731058, 0.9773240108212082, 0.9823911460169117, 0.9823911460169117, 0.982134372400592, 0.9824273512885986, 0.9861723752265971, 0.8503001748552164, 0.9820846347245079, 0.9820692441108116, 0.9823401951246005, 0.7818474744334233, 0.9825295155721157, 0.9825288287751367, 0.8657999976771336, 0.9821067817164932, 0.9802697947979104, 0.9819894979807009, 0.9781323985499935, 0.9863061765359122, 0.9834680152582546, 0.9856488198456271, 0.9822482419611283, 0.9860002861509498, 0.9833367915958043, 0.9781767867262843, 0.9832404094601618, 0.9820741771486772, 0.9820610457066256, 0.9810553583195554, 0.9866149646670449, 0.8042809204105406, 0.986955890733028, 0.27286477628822126, 0.9770450984863029, 0.9825132298384163, 0.501695483061125, 0.9822642992496168, 0.9860372131034638, 0.9867326780996561, 0.9755102600017785, 0.9861604332556506, 0.9868504598204344, 0.9821772110229069, 0.9818143336368158, 0.9820208302757643, 0.986923887962111, 0.9862848779828034, 0.9831529227496891, 0.9865596234202723, 0.9047999469347534, 0.986296441217919, 0.9858957651927156, 0.9820164132065609, 0.9853239957338858, 0.9766669828098645, 0.9305182583345043, 0.9828513962038208, 0.9022604167788786, 0.9773312019407357, 0.984396751029924, 0.9861786878812038, 0.9863769869727133, 0.9841740717183693, 0.9843197009099445, 0.9820621545593742, 0.9819099123317658, 0.9835182058099295, 0.9824055242105244, 0.9854793985120894, 0.9785673821015368, 0.9648247703902127, 0.9483069294811962, 0.9429663340745655, 0.9648942604567449, 0.9645857499459485, 0.38813277984555644, 0.9786680227597162, 0.7589129079205068, 0.9050619854308124, 0.879709841845125, 0.9842190420047146, 0.9178759521499051, 0.3904325081080117, 0.6111728569090619, 0.9651328062144043, 0.9512792874325201, 0.7935662906150561, 0.9860149756933069, 0.9824380203338273, 0.9867418809474164, 0.9814726282254519, 0.9821126795061392, 0.9771132777945336, 0.3089945652475448, 0.689369523929862, 0.9647368941296132, 0.9239958916188081, 0.8630264929420134, 0.8675379648477067, 0.7731272494714027, 0.706886269305107, 0.8762271130773529, 0.27747619191410505, 0.9824152116975684, 0.9513945079993114, 0.9791750477503313, 0.9784808021430003, 0.9740987465377112, 0.9785785633856023, 0.9669175407553108, 0.6111944361410262, 0.9785439974749697, 0.9822695979951372, 0.9722843849993452, 0.9782175955525528, 0.9850967800711461, 0.9647451887695153, 0.9701060234241997, 0.9656951464978903, 0.9785539869792947, 0.97851089187765, 0.9785290985694073, 0.9822367472765954, 0.9798606215876674, 0.9877384023623764, 0.9700616731653796, 0.9855883378573074, 0.9880899215991806, 0.9809463202826326, 0.9806845039245664, 0.9821029532238843, 0.9796500271601926, 0.9801237152691027, 0.9798581306080381, 0.9649150712762568, 0.980667711945069, 0.5915583100595735, 0.9649888536452872, 0.9798312000803022, 0.9817510980025499, 0.978527509677915, 0.9782147720573328, 0.9822501078756256, 0.9785607830304563, 0.9823223766737637, 0.9822697706316701, 0.9822968813833204, 0.8077810265673305, 0.9826785950799739, 0.9781942259311649, 0.9784840969716662, 0.7204150587958887, 0.6575316769748086, 0.9822530128307071, 0.9822968455225786, 0.9706140158189763, 0.9822577408818548, 0.9949963440303184, 0.9822634708233946, 0.9786325350535144, 0.9649272296129097, 0.9649445739377489, 0.9648292686814655, 0.9649224218131891, 0.964547593763287, 0.8221709081982245, 0.9821457549548306, 0.9868880479868906, 0.9203611866635449, 0.9822340414287497, 0.9822535868589064, 0.9785529988047608, 0.9822694887770463, 0.9822747176553075, 0.9822428920396653, 0.9817944620154986, 0.9798414410313596, 0.9798603012479565, 0.8246142464563354, 0.9824248803799284, 0.9862354133464033, 0.9820752288722051, 0.9821521272404186, 0.9810389762032538, 0.9760039152367713, 0.982228161580302, 0.97706346549741, 