{"metrics": {"test": {"fp": [1], "f1_score": [0.9387755102040817], "risk": [0.08823529411764706], "recall": [0.92], "sensitivity": [0.92], "precision": [0.9583333333333334], "tp": [23], "tn": [8], "specificity": [0.8888888888888888], "fn": [2]}, "train": {"fp": [0], "f1_score": [1.0], "risk": [0.0], "recall": [1.0], "sensitivity": [1.0], "precision": [1.0], "tp": [88], "tn": [50], "specificity": [1.0], "fn": [0]}}, "model": {"n_features": 999986}, "data": {"path": "/scratch/adrouin/data/patric/single_species_datasets/penicillin___49420779660966717/dataset.kover", "split": "train_0.800_seed_6_10_folds", "uuid": "f78ca892-0876-11e8-9af0-001b2193b764"}, "predictions": {"binary": [0, 0, 0, 0, 0, 0, 0, 0, 0, 0, 0, 0, 0, 0, 0, 0, 0, 0, 0, 0, 0, 0, 0, 0, 0, 1, 0, 0, 0, 0, 0, 0, 0, 0, 0, 0, 0, 0, 0, 0, 0, 0, 0, 0, 0, 0, 0, 0, 0, 0, 0, 0, 0, 0, 0, 0, 0, 0, 0, 1, 1, 1, 1, 1, 1, 1, 1, 1, 1, 1, 1, 1, 1, 1, 1, 0, 1, 1, 1, 1, 1, 1, 1, 1, 1, 1, 0, 1, 1, 1, 1, 1, 1, 1, 1, 1, 1, 1, 1, 1, 1, 1, 1, 1, 1, 1, 1, 1, 1, 1, 1, 1, 1, 1, 1, 1, 1, 1, 1, 1, 1, 1, 1, 1, 1, 1, 1, 1, 1, 1, 1, 1, 1, 1, 1, 1, 1, 1, 1, 1, 1, 1, 1, 1, 1, 1, 1, 1, 1, 1, 1, 1, 1, 1, 1, 1, 1, 1, 1, 1, 1, 1, 1, 1, 1, 1, 1, 1, 1, 1, 1, 1, 1, 1, 1, 1, 1, 1, 1, 1, 1, 1, 1, 1, 1, 1, 1, 1, 1, 1, 1, 1], "proba": [0.00862555445421433, 0.12857134991720626, 0.05381266082779628, 0.04509105522818194, 0.019864866919791502, 0.02083610460649093, 0.02781025262290391, 0.011982930748690631, 0.0077157033544594114, 0.04833403780830136, 0.0076903158902385015, 0.019623312151979204, 0.009604752728678286, 0.0074239370654726276, 0.27426976982234197, 0.009603972878287823, 0.02079368132981764, 0.09752386157542128, 0.007434563230357398, 0.015261168614024751, 0.016020338617655606, 0.009190189366978402, 0.02304895279837416, 0.011809272891904112, 0.034424293890307614, 0.7460501219987731, 0.3296836036171807, 0.05467515074318069, 0.06463784848026198, 0.0633351400710447, 0.025338016604636637, 0.020315943253444057, 0.01142690231405569, 0.04743386036078519, 0.3941857110627924, 0.01395766464787703, 0.061898423037571704, 0.014670604301641918, 0.012871413924889483, 0.04014096833795617, 0.04396895879382236, 0.025445262310339455, 0.009516553777796546, 0.3214552049973473, 0.026305265822185103, 0.026708102671455194, 0.02415717985876316, 0.03924723249998439, 0.07385764077757749, 0.00995713237192965, 0.024334454613965044, 0.03084170209125827, 0.009604496449381486, 0.0264017168913503, 0.012347831800926565, 0.044345262449159616, 0.02354568389673737, 0.014119343095389012, 0.008971352914281616, 0.8331070651994755, 0.7806288062025504, 0.9875028966528013, 0.9874534786890659, 0.8321658851549726, 0.9811371805741077, 0.9417914135305563, 0.7534166676407346, 0.9544150901325529, 0.979650950975351, 0.9473048243724342, 0.6077013425195894, 0.9873457460153857, 0.9846813791152124, 0.9834393922567316, 0.9832136629541802, 0.2929416755380609, 0.991936074056179, 0.9926743732987476, 0.9936665036247864, 0.9930466608119747, 0.9470992438866425, 0.9195648367805287, 0.9948214135123391, 0.9883308201129176, 0.9235720746214217, 0.9697552766510006, 0.2574762413131856, 0.8954679809129371, 0.9782478827057605, 0.987605105192769, 0.9530115767485005, 0.8126971918240397, 0.7640790235264318, 0.9933657261778052, 0.9237953139528119, 0.9534507056707232, 0.7680721651460578, 0.8516967270647264, 0.9873862510023967, 0.9080844880656879, 0.9678485535110821, 0.9667297753379432, 0.9825833277505697, 0.9614903197940171, 0.9651578732929945, 0.9452672660162094, 0.9821644588832782, 0.998269782455651, 0.9873054287023267, 0.94182649206568, 0.9666820938138231, 0.9628781188401637, 0.9531244954499628, 0.9764337657715545, 0.9982318341468198, 0.9429895748307635, 0.998180996261646, 0.9982844914608473, 0.9982276943134497, 0.9979797038949566, 0.9982655313529952, 0.9981695960340814, 0.998201297685707, 0.9982803842186546, 0.9982336729367528, 0.9981606568250847, 0.9964188607769787, 0.9982550516729307, 0.9982665551041775, 0.9980910473481688, 0.9981740645321625, 0.9982577185141185, 0.9981021822082865, 0.9982207960534394, 0.8210626268821284, 0.9973592386776937, 0.9969905331137731, 0.9801448204973076, 0.9970442821515048, 0.9844010841503491, 0.987515238920649, 0.9982206886690307, 0.9233245676347183, 0.9785231724301207, 0.9967544723911264, 0.9392916939494476, 0.8434763300693024, 0.9825009786997133, 0.9249068857246472, 0.9485550544998457, 0.9875857868834107, 0.9441863022303439, 0.9966394446768726, 0.9964534238119744, 0.9963999601741711, 0.9982512382194837, 0.9982086606613481, 0.99820590881052, 0.9982133992645419, 0.9982298883427966, 0.9981903620741654, 0.9982441790444476, 0.9982840642649097, 0.9980820075234784, 0.998247809548392, 0.9967181309824275, 0.998179507065091, 0.9967166964483953, 0.99657713891762, 0.9965972382492285, 0.9964017439190516, 0.9982511134581988, 0.5000038397114118, 0.5000038397114118, 0.5000038397114118, 0.5000038397114118, 0.5000038397114118, 0.5000038397114118, 0.5000038397114118, 0.5000038397114118, 0.5000038397114118, 0.5000038397114118, 0.5000038397114118, 0.5000038397114118, 0.5000038397114118, 0.5000038397114118, 0.5000038397114118, 0.5000038397114118, 0.5000038397114118, 0.5000038397114118, 0.5000038397114118, 0.5000038397114118]}}