{"metrics": {"test": {"fp": [0], "f1_score": [1.0], "risk": [0.0], "recall": [1.0], "sensitivity": [1.0], "precision": [1.0], "tp": [9], "tn": [13], "specificity": [1.0], "fn": [0]}, "train": {"fp": [0], "f1_score": [1.0], "risk": [0.0], "recall": [1.0], "sensitivity": [1.0], "precision": [1.0], "tp": [59], "tn": [32], "specificity": [1.0], "fn": [0]}}, "model": {"n_features": 1169}, "data": {"path": "/scratch/adrouin/patric_data/single_species_datasets/cefuroxime___49420779660966717/dataset.kover", "split": "train_0.800_seed_3_10_folds", "uuid": "5cf5178c-086d-11e8-a038-001b2193b764"}, "predictions": {"binary": [0, 0, 0, 0, 0, 0, 0, 0, 0, 0, 0, 0, 0, 0, 0, 0, 0, 0, 0, 0, 0, 0, 0, 0, 0, 0, 0, 0, 0, 0, 0, 0, 0, 0, 0, 0, 0, 0, 0, 0, 0, 0, 0, 0, 0, 1, 1, 1, 1, 1, 1, 1, 1, 1, 1, 1, 1, 1, 1, 1, 1, 1, 1, 1, 1, 1, 1, 1, 1, 1, 1, 1, 1, 1, 1, 1, 1, 1, 1, 1, 1, 1, 1, 1, 1, 1, 1, 1, 1, 1, 1, 1, 1, 1, 1, 1, 1, 1, 1, 1, 1, 1, 1, 1, 1, 1, 1, 1, 1, 1, 1, 1, 1, 0, 0, 0, 0, 0, 0, 0, 0, 0, 0, 0, 0, 0, 0, 0], "proba": [0.00019157597240399381, 0.00017317989262996165, 0.00024812841207828856, 0.00035420317370695657, 0.0002931769140516632, 0.00013551587899273372, 0.00019566162969897539, 3.6358248560453287e-05, 0.00040441327069588065, 0.00016907107144040795, 0.007606235901429871, 0.00023542294861101287, 0.0006284676048757774, 0.00027342712424359493, 0.00012662474379567312, 7.371002793340881e-05, 0.00010299759459963756, 0.0001986592421261169, 0.00033847732861451223, 0.3013083215366581, 0.011296185049459251, 0.00045661406885337286, 0.0002995462128208259, 0.0002137751203483116, 6.184509900851482e-05, 0.00020160754979501238, 0.0006777080963043739, 0.00018942668592159486, 0.00010902035455181564, 0.002037485244546984, 0.00033934761251820916, 9.39977212349857e-05, 0.00024612431318586647, 0.0005014307936734989, 0.00015034954366174193, 0.00010877004150241602, 0.00026760954273375885, 0.00011729370727520703, 0.00018545721758104399, 0.006781005492896835, 6.993296974904142e-05, 0.00019743003450705643, 0.00017661288862285573, 0.0006706849344446086, 0.01715349551134583, 0.9996341131721536, 0.9998001307128859, 0.9995119072718053, 0.9999536204992566, 0.9999169473726902, 0.9997210375592799, 0.999810242328445, 0.9999603421771507, 0.9999156001245694, 0.9997072668343855, 0.9999599187539352, 0.9888272286962402, 0.999974350808576, 0.9997894086403539, 0.997971059610021, 0.999848448291386, 0.9999937463945503, 0.9998726005008206, 0.9998196973452402, 0.9958459736174788, 0.9995324306440183, 0.9996017431447672, 0.9999903602933945, 0.999982715098801, 0.9998537780436872, 0.9996360813130114, 0.9981563373133158, 0.9995272043940547, 0.9987316337589721, 0.9997757767364558, 0.999836355824403, 0.9999896439763253, 0.9999599187539352, 0.9999613677978888, 0.9997622858480752, 0.9999425592798574, 0.9999864955559666, 0.9997297053851327, 0.9997778242305168, 0.9997983977729579, 0.9997772529114575, 0.9999637338284401, 0.9998787334787578, 0.9999818361170444, 0.9999586368198167, 0.9992716566328438, 0.9997580602882448, 0.9999603421771507, 0.9999689860809373, 0.9999603421771507, 0.9999633385049492, 0.999982438825323, 0.9985620236112733, 0.9999772875612375, 0.9997795941741162, 0.9998966943438906, 0.9996703150610452, 0.999706935914785, 0.9999822315764654, 0.9991107649367006, 0.9998537780436872, 0.9999934386706846, 0.9999572209660859, 0.9998001307128859, 0.9999755718150728, 0.9999617587767753, 0.9998197535421812, 0.9999783776501946, 0.5, 0.5, 0.5, 0.5, 0.5, 0.5, 0.5, 0.5, 0.5, 0.5, 0.5, 0.5, 0.5, 0.5, 0.5]}}