{"metrics": {"test": {"fp": [1], "f1_score": [0.9743589743589743], "risk": [0.02702702702702703], "recall": [1.0], "sensitivity": [1.0], "precision": [0.95], "tp": [19], "tn": [17], "specificity": [0.9444444444444444], "fn": [0]}, "train": {"fp": [2], "f1_score": [0.9508196721311476], "risk": [0.039735099337748346], "recall": [0.9354838709677419], "sensitivity": [0.9354838709677419], "precision": [0.9666666666666667], "tp": [58], "tn": [87], "specificity": [0.9775280898876404], "fn": [4]}}, "model": {"n_features": 120}, "data": {"path": "/scratch/adrouin/patric_data/single_species_datasets/trimethoprim___2202579077548954665/dataset.kover", "split": "train_0.800_seed_9_10_folds", "uuid": "90cb0312-06e4-11e8-bece-001b2193b764"}, "predictions": {"binary": [0, 0, 0, 0, 0, 0, 0, 0, 0, 0, 0, 0, 0, 0, 0, 0, 0, 0, 0, 0, 0, 0, 0, 0, 1, 0, 0, 0, 0, 0, 0, 0, 0, 0, 0, 0, 0, 0, 0, 0, 1, 0, 0, 0, 0, 0, 0, 0, 0, 0, 0, 0, 0, 0, 0, 0, 0, 0, 0, 0, 0, 0, 0, 0, 0, 0, 0, 0, 0, 0, 0, 0, 0, 0, 0, 0, 0, 0, 1, 0, 0, 0, 0, 0, 0, 0, 0, 0, 0, 0, 0, 0, 0, 0, 0, 0, 0, 0, 0, 0, 0, 0, 0, 0, 0, 0, 0, 1, 1, 1, 1, 1, 1, 1, 1, 1, 0, 1, 1, 1, 1, 0, 0, 1, 1, 1, 1, 1, 1, 1, 1, 1, 1, 1, 1, 1, 1, 1, 1, 1, 1, 1, 1, 1, 1, 1, 1, 1, 0, 1, 1, 1, 1, 1, 1, 1, 1, 1, 1, 1, 1, 1, 1, 1, 1, 1, 1, 1, 1, 1, 1, 1, 1, 1, 1, 1, 1, 1, 1, 1, 1, 1, 1, 1, 1, 1, 1, 1, 0, 0, 0, 0], "proba": [0.2965952259752073, 0.23883691289838668, 0.17564227465094598, 0.5, 0.17707543029027994, 0.28811665251218704, 0.22152427215881756, 0.348425158536533, 0.18200028318763642, 0.2307490786542731, 0.2965952259752073, 0.13182078320357363, 0.18467283061156878, 0.2588152923718716, 0.19277991897639293, 0.1770473701116021, 0.19100061624120382, 0.19323322333904452, 0.19323322333904452, 0.20347016351276348, 0.1859025366639572, 0.19323322333904452, 0.20220251435467376, 0.15534428544059342, 0.7053132861614424, 0.1292493345750081, 0.15776467380371975, 0.4707818791886878, 0.2264292970984221, 0.19180228728178592, 0.15563714325805275, 0.1557584848542693, 0.11977361012121941, 0.14040738684070803, 0.11643054659129677, 0.1400828918114202, 0.1292493345750081, 0.1296661335004206, 0.2804162793169917, 0.1942838985081342, 0.909871065969164, 0.16620388547626863, 0.1987416388744317, 0.16659233763725603, 0.15534428544059342, 0.22695148090908404, 0.19323322333904452, 0.282954218776133, 0.17866442255151216, 0.1565022599890071, 0.17674524032486633, 0.2965952259752073, 0.15810276047894434, 0.15396122910370355, 0.4593538256606049, 0.19506294753380818, 0.23257456930362538, 0.17970194708755088, 0.2123196183598092, 0.17007807190693622, 0.19323322333904452, 0.42210464813054055, 0.15534428544059342, 0.16620388547626863, 0.15810276047894434, 0.3306721177865517, 0.16106070910447914, 0.17325021417780467, 0.2042832337577778, 0.17866442255151216, 0.1400828918114202, 0.15534428544059342, 0.28169285161906144, 0.22207382901855346, 0.28683166434642116, 0.15670590559260852, 0.14040738684070803, 0.24354086786563434, 0.8692506812526444, 0.1743168701831725, 0.12218512636687147, 0.14040738684070803, 0.15534428544059342, 0.23288991131101894, 0.17926850882529022, 0.4021394937921075, 0.16218962447870114, 0.17816907179738728, 0.3554700467327443, 0.1987416388744317, 0.15534428544059342, 0.15534428544059342, 0.16659233763725603, 0.17707543029027994, 0.1292493345750081, 0.15434141968965784, 0.17926850882529022, 0.18249787188807187, 0.1292493345750081, 0.20355733763453301, 0.2965952259752073, 0.21538832451290685, 0.27637900861968556, 0.282954218776133, 0.23501643703264577, 0.10376613925125684, 0.12268651753519204, 0.9193608819765547, 0.9261237789430377, 0.6233531485403858, 0.9456713959816564, 0.9193608819765547, 0.9456713959816564, 0.9193608819765547, 0.9456713959816564, 0.9456713959816564, 0.19323322333904452, 0.9456713959816564, 0.8510595286574543, 0.8510595286574543, 0.8561279760488689, 0.38009028113365995, 0.3554700467327443, 0.8626889917205369, 0.8528105117866515, 0.9456713959816564, 0.8782109960627233, 0.9456713959816564, 0.9456713959816564, 0.8510595286574543, 0.8811066761167307, 0.9456713959816564, 0.8475783093768308, 0.8782109960627233, 0.8872891068579041, 0.8616022184219863, 0.725495937885256, 0.8782109960627233, 0.7892611641610404, 0.8528105117866515, 0.8135304559606711, 0.8811066761167307, 0.8528105117866515, 0.9313276862554416, 0.8538437861750071, 0.9146783549962135, 0.9111065359385281, 0.7811202782410495, 0.2965952259752073, 0.8643944297000508, 0.8153210528165553, 0.7552451039317105, 0.9213103887377914, 0.8538437861750071, 0.8652218826895345, 0.622949606316286, 0.8729158512482091, 0.8692506812526444, 0.8660690756695504, 0.9213103887377914, 0.8617848081856293, 0.8528105117866515, 0.9193608819765547, 0.8214947698462617, 0.7809936707361989, 0.7982995973911414, 0.9193608819765547, 0.9270818816300136, 0.9373215554876879, 0.8510595286574543, 0.9456713959816564, 0.8692506812526444, 0.9456713959816564, 0.9373215554876879, 0.8782109960627233, 0.8962017647111924, 0.9050714354644896, 0.856167404900463, 0.8683556546631672, 0.9050714354644896, 0.9373215554876879, 0.9373215554876879, 0.922677358375832, 0.922677358375832, 0.9373215554876879, 0.9373215554876879, 0.9270818816300136, 0.8811066761167307, 0.5, 0.5, 0.5, 0.5]}}