{"metrics": {"test": {"fp": [1], "f1_score": [0.8571428571428572], "risk": [0.14285714285714285], "recall": [0.7894736842105263], "sensitivity": [0.7894736842105263], "precision": [0.9375], "tp": [15], "tn": [15], "specificity": [0.9375], "fn": [4]}, "train": {"fp": [11], "f1_score": [0.9146341463414634], "risk": [0.0979020979020979], "recall": [0.9615384615384616], "sensitivity": [0.9615384615384616], "precision": [0.872093023255814], "tp": [75], "tn": [54], "specificity": [0.8307692307692308], "fn": [3]}}, "model": {"n_features": 151}, "data": {"path": "/scratch/adrouin/patric_data/single_species_datasets/erythromycin___672792900560953954/dataset.kover", "split": "train_0.800_seed_6_10_folds", "uuid": "cda8b11e-07a0-11e8-b0b1-001b2193b764"}, "predictions": {"binary": [0, 0, 0, 0, 0, 0, 1, 1, 0, 0, 0, 0, 0, 0, 0, 0, 0, 0, 1, 0, 0, 0, 0, 0, 0, 0, 0, 0, 0, 1, 0, 0, 0, 1, 1, 0, 0, 1, 0, 0, 0, 0, 0, 0, 0, 0, 0, 0, 0, 1, 0, 0, 0, 0, 0, 0, 0, 0, 0, 0, 0, 1, 0, 0, 0, 0, 0, 0, 0, 0, 0, 0, 0, 1, 1, 0, 0, 0, 0, 1, 0, 1, 1, 1, 1, 1, 1, 1, 1, 1, 1, 1, 1, 1, 1, 1, 1, 1, 1, 1, 1, 1, 1, 1, 1, 1, 1, 1, 1, 1, 1, 1, 1, 1, 1, 1, 1, 1, 1, 1, 1, 1, 1, 1, 1, 1, 1, 1, 1, 1, 0, 1, 0, 0, 1, 1, 1, 1, 0, 1, 1, 1, 1, 1, 1, 1, 1, 1, 1, 1, 0, 0, 1, 1, 1, 1, 1, 1, 1, 1, 1, 1, 1, 1, 1, 1, 1, 1, 1, 1, 1, 1, 1, 1, 1, 1, 1, 0, 0, 0, 0, 0, 0, 0, 0, 0, 0, 0, 0, 0, 0, 0], "proba": [0.09915873537244307, 0.23891336851036973, 0.15928178922500316, 0.15361903185672518, 0.1877177076719112, 0.10622982587991439, 0.7093255548522767, 0.5771575016338437, 0.12881218881554504, 0.09915873537244307, 0.09915873537244307, 0.09915873537244307, 0.114602551675562, 0.11825760986642594, 0.11825760986642594, 0.1858273357352051, 0.1633278918609577, 0.09915873537244307, 0.5655278405447169, 0.1858273357352051, 0.18378700165533943, 0.1919001764439708, 0.16836732657405296, 0.1404426782578562, 0.114602551675562, 0.12616339793192852, 0.23891336851036973, 0.09915873537244307, 0.38226051807811556, 0.7203129688369544, 0.13137264559602815, 0.14540799704157126, 0.14780731889457618, 0.6140006459262992, 0.5655278405447169, 0.10332038461287903, 0.09915873537244307, 0.5655278405447169, 0.14382242569613024, 0.18543674977726843, 0.17518653094159203, 0.13893607204381211, 0.09915873537244307, 0.13893607204381211, 0.09915873537244307, 0.09915873537244307, 0.09915873537244307, 0.09915873537244307, 0.3835981707407865, 0.6765661410053174, 0.09915873537244307, 0.09915873537244307, 0.09915873537244307, 0.11825760986642594, 0.15361903185672518, 0.13893607204381211, 0.11938792413913747, 0.12881218881554504, 0.1960421692622434, 0.09915873537244307, 0.1418754179433085, 0.6883855763703104, 0.10332038461287903, 0.12616339793192852, 0.15361903185672518, 0.13924545660827797, 0.11825760986642594, 0.14962293103963858, 0.19182581980937072, 0.16836732657405296, 0.1888516767702779, 0.15596582621912222, 0.21083832371334027, 0.6765661410053174, 0.5409891556034226, 0.12881218881554504, 0.1683829774533632, 0.11380892970785336, 0.17187502479679823, 0.5409891556034226, 0.10412045033473841, 0.8717832921371469, 0.7877204742243961, 0.8717832921371469, 0.8464208453365806, 0.8654671406101054, 0.8421439680776835, 0.6369332436875249, 0.8654671406101054, 0.8717832921371469, 0.7768277815773942, 0.7877204742243961, 0.7877204742243961, 0.6765661410053174, 0.7565915595790552, 0.6075245547998661, 0.5790770492121976, 0.8654671406101054, 0.7783162806715516, 0.7783162806715516, 0.6369332436875249, 0.5144654382180209, 0.8654671406101054, 0.8717832921371469, 0.6765661410053174, 0.8098157222196686, 0.7783162806715516, 0.8654671406101054, 0.8717832921371469, 0.6765661410053174, 0.8717832921371469, 0.8717832921371469, 0.8717832921371469, 0.8717832921371469, 0.5853204465883277, 0.5790770492121976, 0.5409891556034226, 0.6998770186824641, 0.6054792565684602, 0.7783162806715516, 0.8654671406101054, 0.8533586932504029, 0.5790770492121976, 0.7203129688369544, 0.8098157222196686, 0.5272149055873072, 0.6765661410053174, 0.8717832921371469, 0.8717832921371469, 0.8717832921371469, 0.4118562186390249, 0.8393086358604013, 0.2174739848836299, 0.3987702323750846, 0.7687484917705404, 0.7648149740023464, 0.8717832921371469, 0.8654671406101054, 0.37392999917904324, 0.8717832921371469, 0.8717832921371469, 0.8717832921371469, 0.8717832921371469, 0.8654671406101054, 0.7889333315599603, 0.8603918939009239, 0.6336179989462254, 0.6522138077870856, 0.8626060854728744, 0.8603918939009239, 0.15361903185672518, 0.3854748393548042, 0.8717832921371469, 0.7504888052869764, 0.7170684637499727, 0.7877204742243961, 0.8654671406101054, 0.8717832921371469, 0.7313283714948009, 0.6765661410053174, 0.8717832921371469, 0.7083788725831989, 0.8626060854728744, 0.8669096801555876, 0.8626060854728744, 0.6765661410053174, 0.8626060854728744, 0.8603918939009239, 0.8626060854728744, 0.8626060854728744, 0.7980519154397635, 0.8717832921371469, 0.5790770492121976, 0.7877204742243961, 0.7877204742243961, 0.5537679102692808, 0.8393086358604013, 0.24735198328637711, 0.5, 0.5, 0.5, 0.5, 0.5, 0.5, 0.5, 0.5, 0.5, 0.5, 0.5, 0.5, 0.5, 0.5]}}