{"metrics": {"test": {"fp": [1], "f1_score": [0.9545454545454546], "risk": [0.07142857142857142], "recall": [0.9545454545454546], "sensitivity": [0.9545454545454546], "precision": [0.9545454545454546], "tp": [21], "tn": [5], "specificity": [0.8333333333333334], "fn": [1]}, "train": {"fp": [4], "f1_score": [0.9479768786127168], "risk": [0.07894736842105263], "recall": [0.9425287356321839], "sensitivity": [0.9425287356321839], "precision": [0.9534883720930233], "tp": [82], "tn": [23], "specificity": [0.8518518518518519], "fn": [5]}}, "model": {"n_features": 1000000}, "data": {"path": "/scratch/adrouin/data/patric/single_species_datasets/tetracycline___672792900560953954/dataset.kover", "split": "train_0.800_seed_7_10_folds", "uuid": "16eacfd6-07a3-11e8-ba8f-001b2193b764"}, "predictions": {"binary": [0, 0, 0, 0, 0, 0, 1, 0, 0, 1, 0, 1, 1, 0, 0, 0, 0, 0, 0, 0, 0, 1, 0, 0, 0, 0, 0, 0, 0, 0, 0, 0, 0, 1, 1, 1, 1, 1, 1, 1, 1, 1, 1, 1, 1, 1, 1, 1, 1, 1, 1, 1, 1, 1, 1, 1, 1, 1, 0, 1, 1, 1, 1, 1, 1, 1, 1, 1, 1, 1, 1, 1, 0, 1, 1, 1, 1, 1, 1, 1, 1, 1, 1, 1, 1, 1, 1, 1, 1, 1, 1, 1, 1, 1, 1, 1, 1, 1, 1, 1, 1, 1, 1, 1, 1, 1, 1, 1, 1, 1, 1, 1, 1, 1, 1, 1, 1, 1, 1, 1, 1, 1, 1, 1, 1, 1, 1, 1, 1, 1, 1, 1, 1, 1, 0, 1, 0, 1, 1, 0, 1, 0, 0, 0, 0, 0, 0, 0, 0, 0, 0, 0, 0, 0, 0, 0, 0, 0, 0, 0, 0, 0, 0, 0, 0, 0, 0, 0, 0, 0, 0, 0, 0, 0, 0, 0, 0, 0, 0, 0, 0, 0, 0, 0, 0, 0, 0, 0, 0, 0, 0, 0], "proba": [0.4658947522745812, 0.4830428674891302, 0.4578911490194091, 0.4591303366460984, 0.4697823270010454, 0.48217765334432683, 0.5244400258988794, 0.4564180174511445, 0.45964481850783756, 0.5186743077765638, 0.495412534708606, 0.5212819219332677, 0.5104885016050761, 0.48338557353980777, 0.4904414677495268, 0.4585878616578925, 0.4766939692230225, 0.4658499402914793, 0.4809940169195206, 0.4663135858982291, 0.4586107415720886, 0.5015930984503952, 0.46605711060419713, 0.46586147705947323, 0.4659036967129646, 0.4667508425875871, 0.4582764581432286, 0.47923980847454856, 0.47593520604500605, 0.46431578107427, 0.4659282309497566, 0.4640949148305331, 0.46527927876980135, 0.5650716577032431, 0.5219578017308257, 0.517293257524978, 0.5203438151153992, 0.5204695373188408, 0.5187278719909213, 0.5640340448430903, 0.5656336593184914, 0.5648486683322087, 0.5199617429791493, 0.5653762911510504, 0.565223816712323, 0.5655500148279258, 0.521330478031754, 0.5651567260742694, 0.5651085227750545, 0.520842901036087, 0.520298594690335, 0.5200140808680765, 0.56491674226615, 0.5646558508094639, 0.5662076937764399, 0.5653967502996002, 0.5457337829227301, 0.5644781720278739, 0.4936103758767988, 0.5663265247188471, 0.5203695566660643, 0.5640436779908384, 0.5444599775722773, 0.5179760749911948, 0.5486929615020683, 0.5213555289945189, 0.544821242339108, 0.5654358987937385, 0.5652787318210102, 0.5652086200434882, 0.5642474115885907, 0.5637810878605825, 0.49364939766889104, 0.5664730537910304, 0.5664458944693922, 0.5623354026058058, 0.5485901933101226, 0.5656789765419044, 0.565660098542566, 0.5662929485364319, 0.5642344628835334, 0.5663849346451407, 0.5663363737231715, 0.5659847386642733, 0.5192734625635681, 0.5662826231407376, 0.5208660674233058, 0.519865111945298, 0.565701130075833, 0.520307602244463, 0.5645382706694436, 0.5450225991795764, 0.5642143173737866, 0.5638972440788491, 0.565441414677047, 0.5652483545247589, 0.5640275494897906, 0.5656585273729647, 0.565510289703368, 0.5174233307713707, 0.5605883947012614, 0.5621800721373098, 0.5620858916919907, 0.564576895451804, 0.5642206429238351, 0.5624995545981137, 0.5075734696958645, 0.5555853945696131, 0.5136886544157363, 0.5220034012141859, 0.5196736467778263, 0.5210210743448648, 0.5484884442819763, 0.5451048514692821, 0.507330354612583, 0.5009052936535974, 0.56633733722928, 0.5195907920739565, 0.5200440494816341, 0.5628962647952646, 0.5659340782317416, 0.5206005241481241, 0.5604645071441307, 0.5644440030461754, 0.5202704625868667, 0.5657934018520038, 0.5205969706495415, 0.508324979633178, 0.5203208870062258, 0.5662548867787885, 0.5656103646664049, 0.5656858044501641, 0.5657091629336041, 0.5031475809368398, 0.48708471992045244, 0.5642453737149701, 0.4956008374396432, 0.5553964794079617, 0.5215873834698325, 0.49446893058222385, 0.5636557712048751, 0.49358763164679287, 0.4999999694083307, 0.4999999694083307, 0.4999999694083307, 0.4999999694083307, 0.4999999694083307, 0.4999999694083307, 0.4999999694083307, 0.4999999694083307, 0.4999999694083307, 0.4999999694083307, 0.4999999694083307, 0.4999999694083307, 0.4999999694083307, 0.4999999694083307, 0.4999999694083307, 0.4999999694083307, 0.4999999694083307, 0.4999999694083307, 0.4999999694083307, 0.4999999694083307, 0.4999999694083307, 0.4999999694083307, 0.4999999694083307, 0.4999999694083307, 0.4999999694083307, 0.4999999694083307, 0.4999999694083307, 0.4999999694083307, 0.4999999694083307, 0.4999999694083307, 0.4999999694083307, 0.4999999694083307, 0.4999999694083307, 0.4999999694083307, 0.4999999694083307, 0.4999999694083307, 0.4999999694083307, 0.4999999694083307, 0.4999999694083307, 0.4999999694083307, 0.4999999694083307, 0.4999999694083307, 0.4999999694083307, 0.4999999694083307, 0.4999999694083307, 0.4999999694083307, 0.4999999694083307, 0.4999999694083307, 0.4999999694083307, 0.4999999694083307]}}