{"metrics": {"test": {"fp": [4], "f1_score": [0.689655172413793], "risk": [0.12], "recall": [0.6666666666666666], "sensitivity": [0.6666666666666666], "precision": [0.7142857142857143], "tp": [10], "tn": [56], "specificity": [0.9333333333333333], "fn": [5]}, "train": {"fp": [10], "f1_score": [0.6486486486486487], "risk": [0.12871287128712872], "recall": [0.5538461538461539], "sensitivity": [0.5538461538461539], "precision": [0.782608695652174], "tp": [36], "tn": [228], "specificity": [0.957983193277311], "fn": [29]}}, "model": {"n_features": 4873968}, "data": {"path": "/scratch/adrouin/patric_data/single_species_datasets/para-aminosalicylic_acid___260162261243005161/dataset.kover", "split": "train_0.800_seed_7_10_folds", "uuid": "4327717e-0773-11e8-a02f-001b2193b764"}, "predictions": {"binary": [0, 0, 0, 1, 0, 0, 1, 0, 1, 0, 0, 0, 1, 1, 0, 0, 0, 0, 0, 0, 0, 0, 0, 1, 0, 0, 0, 0, 0, 0, 0, 0, 0, 0, 0, 1, 0, 0, 0, 0, 0, 0, 0, 0, 0, 0, 0, 0, 0, 0, 0, 0, 0, 0, 0, 0, 0, 1, 0, 1, 0, 1, 0, 1, 0, 0, 0, 0, 0, 0, 0, 0, 0, 0, 0, 0, 0, 0, 0, 0, 0, 0, 0, 0, 0, 0, 0, 0, 0, 0, 0, 0, 0, 0, 1, 0, 0, 0, 0, 0, 0, 0, 0, 0, 0, 0, 0, 0, 0, 0, 0, 0, 0, 0, 1, 0, 0, 0, 0, 0, 0, 0, 0, 0, 0, 0, 0, 0, 0, 0, 0, 0, 0, 0, 0, 0, 0, 0, 0, 0, 0, 0, 0, 0, 0, 0, 0, 0, 0, 1, 0, 0, 0, 0, 0, 0, 0, 0, 0, 0, 0, 0, 0, 0, 0, 0, 0, 0, 0, 0, 0, 0, 0, 0, 0, 0, 0, 0, 0, 0, 0, 0, 0, 0, 0, 0, 0, 0, 0, 0, 0, 0, 0, 0, 0, 0, 0, 0, 0, 0, 0, 0, 0, 0, 0, 0, 0, 0, 0, 0, 0, 0, 0, 0, 0, 0, 0, 0, 0, 0, 0, 0, 0, 0, 0, 0, 0, 0, 0, 0, 0, 0, 0, 0, 0, 0, 0, 0, 0, 0, 0, 0, 0, 0, 0, 0, 0, 0, 0, 0, 0, 0, 0, 0, 0, 0, 0, 0, 0, 0, 0, 0, 0, 0, 0, 0, 0, 0, 0, 0, 0, 0, 0, 0, 0, 0, 0, 0, 0, 0, 0, 0, 0, 0, 0, 0, 0, 0, 0, 0, 0, 0, 0, 0, 0, 0, 0, 0, 1, 1, 1, 1, 0, 1, 0, 1, 1, 1, 0, 1, 1, 1, 0, 0, 0, 0, 0, 1, 1, 0, 1, 0, 0, 1, 1, 1, 1, 1, 0, 1, 1, 0, 1, 0, 1, 0, 1, 0, 0, 1, 1, 0, 1, 0, 1, 1, 1, 0, 1, 1, 0, 1, 0, 0, 1, 0, 0, 0, 0, 0, 0, 1, 1, 1, 1, 1, 1, 0, 0, 1, 1, 1, 0, 1, 1, 0, 1, 0], "proba": [0.5613224897725965, 0.5539095761142778, 0.5496617188883717, 0.46882730591372346, 0.5713448221231325, 0.5762329962980124, 0.4768447185175692, 0.608705352362854, 0.48886913931823484, 0.551458893561264, 0.5658266429877564, 0.5566153644418325, 0.46036095896977297, 0.46406328147163634, 0.5490255176365538, 0.5098714021814662, 0.6077094618129772, 0.5603716546205189, 0.6010105862301924, 0.5478456155607601, 0.5635336970033313, 0.5624055387808855, 0.5584002636939824, 0.4461986029104639, 0.5638487935049319, 0.5649575593594075, 0.5537632524375489, 0.5448868698738856, 0.5673156572626981, 0.5669694118159637, 0.5495998776577043, 0.5647268200421891, 0.5561132551482254, 0.5035023133316997, 0.5184754684688524, 0.4654037716425947, 0.5648471286646959, 0.5018833173400168, 0.5498978817797447, 0.5514965156229285, 0.5566866876796701, 0.5347255302940763, 0.5790537122871647, 0.5663288357801067, 0.5654732828150822, 0.5506281246942429, 0.5666298110169197, 0.5844911580451427, 0.5983917802170587, 0.5515684277322845, 0.5974313620597633, 0.5646999343779103, 0.5657856020667958, 0.5632415611398585, 0.5893843968900492, 0.5682263019140168, 0.6006949409212058, 0.4738130070694405, 0.5659257148671969, 0.46896372120815255, 0.548552571017509, 0.47136861125092877, 0.5895535815804892, 0.4713894836337408]}}