{"metrics": {"test": {"fp": [6], "f1_score": [0.22222222222222224], "risk": [0.3181818181818182], "recall": [0.5], "sensitivity": [0.5], "precision": [0.14285714285714285], "tp": [1], "tn": [14], "specificity": [0.7], "fn": [1]}, "train": {"fp": [7], "f1_score": [0.8615384615384616], "risk": [0.09782608695652174], "recall": [0.9333333333333333], "sensitivity": [0.9333333333333333], "precision": [0.8], "tp": [28], "tn": [55], "specificity": [0.8870967741935484], "fn": [2]}}, "model": {"n_features": 5765350}, "data": {"path": "/scratch/adrouin/patric_data/single_species_datasets/meropenem___49420779660966717/dataset.kover", "split": "train_0.800_seed_1_10_folds", "uuid": "0badefa6-0873-11e8-80e1-001b2193b764"}, "predictions": {"binary": [0, 1, 1, 1, 0, 1, 1, 0, 0, 0, 0, 0, 0, 0, 0, 0, 0, 0, 0, 0, 1, 0, 0, 0, 0, 0, 0, 0, 0, 0, 0, 0, 0, 0, 0, 1, 0, 0, 0, 1, 0, 0, 0, 0, 0, 0, 0, 0, 0, 0, 0, 0, 0, 0, 0, 0, 0, 0, 0, 0, 0, 1, 0, 0, 1, 0, 0, 0, 0, 0, 0, 0, 0, 1, 1, 0, 1, 0, 0, 0, 0, 0, 1, 1, 0, 1, 1, 1, 1, 1, 1, 1, 1, 1, 1, 1, 1, 1, 0, 1, 1, 0, 1, 1, 1, 1, 1, 1, 1, 1, 1, 1, 1, 1], "proba": [0.5578203233216189, 0.4896223600844141, 0.43923089782632097, 0.4716203312836864, 0.5403423619011486, 0.4458072399320384, 0.47101501092439957, 0.5521407435797351, 0.5705270568015323, 0.5648338476311628, 0.5745475229057782, 0.5544847380519088, 0.55691869618437, 0.5622015801184982, 0.5398156915239615, 0.542792973469144, 0.5451507882355427, 0.5573000653099317, 0.5134377256791011, 0.5566223580462549, 0.4375870536790844, 0.553342436774488, 0.5728869504550699, 0.5661431450858282, 0.5763952221219975, 0.576711054402751, 0.5791122877352759, 0.5452664035435559, 0.5604488296304944, 0.5363712148977968, 0.5607036687533739, 0.5547367315099666, 0.5592646869870977, 0.5510805081651213, 0.5453498057794011, 0.46518137946327026, 0.5753557148224506, 0.5299607733627606, 0.5434638208005478, 0.45928797591897363, 0.5468934955723525, 0.5494918049665084, 0.5858573902600733, 0.5615165158204855, 0.564108310868192, 0.5324112313656956, 0.5500163504714595, 0.5309403653831539, 0.5739542218112238, 0.5731658910348997, 0.540447288022569, 0.5766967483948837, 0.5655540412908262, 0.5469302105172261, 0.5332874427937518, 0.5504811957958333, 0.5631770752268326, 0.5459419803072841, 0.5548816924268729, 0.5529866135802195, 0.5653737916040601, 0.4911742891333946, 0.57706124735542, 0.5263328911885252]}}