{"classifications": {"train_errors": ["1283.420"], "test_correct": ["1283.368", "1283.366", "1283.363", "1283.362", "1283.384", "1283.432", "1283.395", "1283.456", "1283.466", "1283.408", "1283.389", "1283.352", "1283.382", "1283.444", "1283.403"], "train_correct": ["1283.355", "1283.391", "1283.390", "1283.475", "1283.388", "1283.374", "1283.372", "1283.367", "1283.365", "1283.364", "1283.358", "1283.359", "1283.428", "1283.357", "1283.356", "1283.354", "1283.353", "1283.376", "1283.373", "1283.370", "1283.379", "1283.380", "1283.381", "1283.378", "1283.360", "1283.361", "1283.446", "1283.439", "1283.418", "1283.417", "1283.416", "1283.414", "1283.411", "1283.410", "1283.401", "1283.399", "1283.397", "1283.394", "1283.393", "1283.409", "1283.422", "1283.451", "1283.400", "1283.452", "1283.455", "1283.461", "1283.465", "1283.462", "1283.469", "1283.472", "1283.473", "1283.427", "1283.377", "1283.421", "1283.375", "1283.415", "1283.419", "1283.371", "1283.404", "1283.406", "1283.424", "1283.426", "1283.413", "1283.402", "1283.436", "1283.386", "1283.385", "1283.398", "1283.396", "1283.437", "1283.453", "1283.430", "1283.387", "1283.441", "1283.474", "1283.438", "1283.468", "1283.383", "1283.392"], "test_errors": ["1283.423", "1283.407", "1283.425", "1283.405", "1283.429"]}, "metrics": {"test": {"fp": [1], "f1_score": [0.7058823529411764], "risk": [0.25], "recall": [0.6], "sensitivity": [0.6], "precision": [0.8571428571428571], "tp": [6], "tn": [9], "specificity": [0.9], "fn": [4]}, "train": {"fp": [1], "f1_score": [0.9818181818181818], "risk": [0.0125], "recall": [1.0], "sensitivity": [1.0], "precision": [0.9642857142857143], "tp": [27], "tn": [52], "specificity": [0.9811320754716981], "fn": [0]}}, "model": {"rules": ["Presence(AACCATTGAATCCCATGACTCAACTTGATAG)", "Presence(AAAAATGAATTATATCTAGTCGAAGGTGACT)", "Presence(AAATAAATAATATAAATTTAAACTTCTATAG)", "Presence(AACCTTAATAACATCATGGTCAGTATAAATG)", "Presence(CATTTTACACAGGAGTCTGGACTTGACTAAA)", "Presence(AGCTATCGTGATATATCTGAAATATTAAGAG)"], "depth": 4, "rule_identifiers": ["0", "1", "2", "6", "7", "9"], "n_rules": 6, "rule_importances": [0.5352297546316478, 0.15614897778193895, 0.07396118601221825, 0.09252311787782548, 0.06810729510451047, 0.07402966859185917]}, "data": {"path": "/scratch/adrouin/patric_data/single_species_datasets/tetracycline___946434054234721145/dataset.kover", "uuid": "5d974b6a-086d-11e8-aaed-001b2193b764", "split": "train_0.800_seed_5_10_folds"}, "cv": {"candidate_hp": {"criterion": ["gini"], "max_depth": [20]}, "best_hp": {"score": 0.1875, "values": {"min_samples_split": 2, "max_depth": 20, "criterion": "gini", "class_importance": {"0": 0.25, "1": 0.5}, "pruning_alpha": 0.013216949181056958}}, "strategy": "cv"}, "running_time": 852}