{"metrics": {"test": {"fp": [1], "f1_score": [0.9795918367346939], "risk": [0.03636363636363636], "recall": [0.9795918367346939], "sensitivity": [0.9795918367346939], "precision": [0.9795918367346939], "tp": [48], "tn": [5], "specificity": [0.8333333333333334], "fn": [1]}, "train": {"fp": [0], "f1_score": [1.0], "risk": [0.0], "recall": [1.0], "sensitivity": [1.0], "precision": [1.0], "tp": [200], "tn": [22], "specificity": [1.0], "fn": [0]}}, "model": {"n_features": 604503}, "data": {"path": "/scratch/adrouin/patric_data/single_species_datasets/ceftazidime___-3225223558739261696/dataset.kover", "split": "train_0.800_seed_9_10_folds", "uuid": "9991fcb4-095d-11e8-81b5-001b2193b764"}, "predictions": {"binary": [0, 0, 0, 0, 0, 0, 0, 0, 0, 0, 0, 0, 0, 0, 0, 0, 0, 0, 0, 0, 0, 0, 0, 0, 1, 0, 0, 0, 1, 1, 1, 1, 1, 1, 1, 1, 1, 1, 1, 1, 1, 1, 1, 1, 1, 1, 1, 1, 1, 1, 1, 1, 1, 1, 1, 1, 1, 1, 1, 1, 1, 1, 1, 1, 1, 1, 1, 1, 1, 1, 1, 1, 1, 1, 1, 1, 1, 1, 1, 1, 1, 1, 1, 1, 1, 1, 1, 1, 1, 1, 1, 1, 1, 1, 1, 1, 1, 1, 1, 1, 1, 1, 1, 1, 1, 1, 1, 1, 1, 1, 1, 1, 1, 1, 1, 1, 1, 1, 1, 1, 1, 1, 1, 1, 1, 1, 1, 1, 1, 1, 1, 1, 1, 1, 1, 1, 1, 1, 1, 1, 1, 1, 1, 1, 1, 1, 1, 1, 1, 1, 1, 1, 1, 1, 1, 1, 1, 1, 1, 1, 1, 1, 1, 1, 1, 1, 1, 1, 1, 1, 1, 1, 1, 1, 1, 1, 1, 1, 1, 1, 1, 1, 0, 1, 1, 1, 1, 1, 1, 1, 1, 1, 1, 1, 1, 1, 1, 1, 1, 1, 1, 1, 1, 1, 1, 1, 1, 1, 1, 1, 1, 1, 1, 1, 1, 1, 1, 1, 1, 1, 1, 1, 1, 1, 1, 1, 1, 1, 1, 1, 1, 1, 1, 1, 1, 1, 1, 1, 1, 1, 1, 1, 1, 1, 1, 1, 1, 1, 1, 1, 1, 1, 1, 1, 1, 1, 1, 1, 1, 1, 1, 1, 1, 1, 1, 1, 1, 1, 1, 1, 1, 1, 1, 1, 1, 1, 1, 1, 1, 1, 1, 1, 1, 1, 1, 1, 1, 1, 1, 1, 1, 1, 1, 1, 1, 1, 1, 1, 1, 1, 1, 1, 1, 1, 1, 1, 1, 1, 1, 1, 1, 1, 1, 1, 1, 1, 1, 1, 1, 1], "proba": [1.8460033453387405e-06, 1.8589430827828311e-06, 1.8502244341081667e-06, 1.8442915774409155e-06, 1.322067984780225e-06, 1.7476344677105764e-06, 1.8569874461176837e-06, 1.8698764546976996e-06, 1.8321910730418391e-06, 1.8503295612939601e-06, 1.8974534599695595e-06, 1.8367851921635388e-06, 4.32426626223879e-05, 1.8407905981529888e-06, 1.829964080907718e-06, 1.8477747897765457e-06, 1.8742547031493026e-06, 1.8450031630277806e-06, 1.8324792004005498e-06, 0.00022577487575742975, 1.849345470552224e-06, 1.8446445432803236e-06, 1.7499855184516864e-06, 1.8308646278319761e-06, 0.9984189082902727, 1.8487174128874597e-06, 1.8506500512152117e-06, 1.8930414757243717e-06, 0.9999979129223966, 0.9999997913843679, 0.9999981084396663, 0.9999976232594364, 0.9999989981837258, 0.9999994536285967, 0.9999982596831816, 0.9999985787228446, 0.9999986780072971, 0.9999981211228407, 0.9999984128355444, 0.9999836502504108, 0.7625223383268892, 0.9999445016804228, 0.9999991745111199, 0.9999984128355444, 0.9999986153029381, 0.9999977320140362, 0.9999974271980148, 0.9999981540287767, 0.9999981762885984, 0.9999991202831787, 0.9999445016804228, 0.9999445016804228, 0.9999978084125096, 0.9999445016804228, 0.9999984128355444, 0.9999981376565188, 0.9998513091263896, 0.9999445016804228, 0.9999771738391517, 0.9999996989971414, 0.9999445016804228, 0.9999445016804228, 0.9999994186176564, 0.9999445016804228, 0.9999991426353173, 0.9999851864190287, 0.9999969395246038, 0.9999943818679967, 0.9999445016804228, 0.9999445016804228, 0.9999445016804228, 0.9999445016804228, 0.9999981762885984, 0.9999991844084691, 0.9999445016804228, 0.9999445016804228, 0.9999445016804228, 0.9999906009043944, 0.9999445016804228, 0.9999445016804228, 0.9999978084125096, 0.9999981823755837, 0.9999982198699356, 0.9999990227665045, 0.9999984128355444, 0.9999981490313777, 0.9999894275792947, 0.9999445016804228, 0.9999445016804228, 0.9999445016804228, 0.9999445016804228, 0.9999445016804228, 0.9999445016804228, 0.9999445016804228, 0.9999445016804228, 0.9999445016804228, 0.9999873119206679, 0.9999950423494058, 0.9999445016804228, 0.9999445016804228, 0.9999992869523127, 0.9999997792175591, 0.9999445016804228, 0.9999978113394078, 0.9999985883592503, 0.9999980055146342, 0.9999445016804228, 0.9999445016804228, 0.9999978084125096, 0.9999981281173812, 0.9999445016804228, 0.9999982359746028, 0.9999445016804228, 0.9999994547365629, 0.9999445016804228, 0.9999445016804228, 0.9999445016804228, 0.9999445016804228, 0.9999978084125096, 0.9999445016804228, 0.9999445016804228, 0.9999987367440175, 0.9999445016804228, 0.9999445016804228, 0.9999445016804228, 0.9999445016804228, 0.9999445016804228, 0.9999445016804228, 0.9999445016804228, 0.9999445016804228, 0.9999978084125096, 0.9999445016804228, 0.9999799734509602, 0.9999751795692949, 0.9999445016804228, 0.9999445016804228, 0.9999445016804228, 0.9999445016804228, 0.9999995692490679, 0.9999445016804228, 0.9999445016804228, 0.9999445016804228, 0.9999923772511253, 0.9999996196389932, 0.9999923772511253, 0.9999445016804228, 0.9999445016804228, 0.9999445016804228, 0.9999445016804228, 0.9999445016804228, 0.9999981762885984, 0.9999445016804228, 0.9999923772511253, 0.9999990275562356, 0.9999990472946717, 0.9999999161828316, 0.999998328121576, 0.9999445016804228, 0.9999976007454271, 0.9999981342945349, 0.9999974117007941, 0.9999989890006591, 0.9999991170530902, 0.9999873049367731, 0.9999977448703589, 0.9999445016804228, 0.9999988360117029, 0.999998142819669, 0.9999981696859662, 0.9999981757354591, 0.9999981344873607, 0.9999445016804228, 0.9999988225800368, 0.9999982846146687, 0.9999445016804228, 0.9999445016804228, 0.9999983454652311, 0.999998144686335, 0.9999990406316577, 0.9999964409365161, 0.999997598196614, 0.9999990786850403, 0.06413290151952016, 0.9999988645182812, 0.9999445016804228, 0.9999445016804228, 0.9999445016804228, 0.9999934295677483, 0.9999982067027324, 0.9999981997928673, 0.9999445016804228, 0.9995423375026554, 0.9999445016804228, 0.9999978084125096, 0.999999214847035, 0.9999445016804228, 0.9999939758097517, 0.9999990406316577, 0.9999445016804228, 0.9999445016804228, 0.9999445016804228, 0.999971629112737, 0.9999445016804228, 0.9999445016804228, 0.9999445016804228, 0.9999445016804228, 0.9999445016804228, 0.9999445016804228, 0.9999753515951845, 0.9999445016804228, 0.9999981079924735, 0.9999445016804228, 0.9999445016804228, 0.9999984248645112, 0.9999996758136097, 0.9999981429849819, 0.9999445016804228, 0.9999445016804228, 0.9999445016804228, 0.9999983038691416, 0.9999445016804228, 0.9999626562917481, 0.9999445016804228, 0.9999980719738879, 0.9999961134767682, 0.9999445016804228, 0.9999445016804228, 0.9999445016804228, 0.9999445016804228, 0.9999445016804228, 0.9999408966180594, 0.9999445016804228, 0.9999980750547323, 0.9999923772511253, 0.999994894829082, 0.9999445016804228, 0.9999445016804228, 0.9999445016804228, 0.9999990198884767, 0.9999445016804228, 0.9999751795692949, 0.9999445016804228, 0.9999976774275292, 0.9999445016804228, 0.9999445016804228, 0.9999445016804228, 0.999999068075751, 0.9999981269761545, 0.9999990618142167, 0.9999445016804228, 0.9999995144196616, 0.9999996096532018, 0.9999978735421181, 0.9999987638331425, 0.9999987638331425, 0.9999984823793736, 0.9999445016804228, 0.9999979758822753, 0.9999950564678641, 0.9999977248882225, 0.9999994221784158, 0.9999977248882225, 0.9999980234074612, 0.9999979511336922, 0.9999981699944609, 0.9999445016804228, 0.9999445016804228, 0.9999445016804228, 0.9999975377348195, 0.9999445016804228, 0.9999445016804228, 0.9999445016804228, 0.9999445016804228, 0.9999445016804228, 0.9999445016804228, 0.9999980234074612, 0.9999990406316577, 0.9999445016804228, 0.9999445016804228, 0.9999445016804228, 0.9999445016804228, 0.9999445016804228, 0.9999445016804228, 0.9999445016804228, 0.9999445016804228, 0.9999445016804228, 0.9999445016804228, 0.9999445016804228, 0.9999445016804228, 0.9999445016804228, 0.9999445016804228, 0.9999445016804228, 0.9999445016804228, 0.9999445016804228, 0.9999445016804228, 0.9999445016804228, 0.9999445016804228, 0.9999445016804228, 0.9999445016804228, 0.9999445016804228, 0.9999445016804228, 0.9999445016804228, 0.9999445016804228, 0.9999445016804228, 0.9999445016804228, 0.9999445016804228, 0.9999445016804228, 0.9999445016804228, 0.9999445016804228, 0.9999445016804228, 