{"metrics": {"test": {"fp": [12], "f1_score": [0.631578947368421], "risk": [0.40229885057471265], "recall": [0.5660377358490566], "sensitivity": [0.5660377358490566], "precision": [0.7142857142857143], "tp": [30], "tn": [22], "specificity": [0.6470588235294118], "fn": [23]}, "train": {"fp": [38], "f1_score": [0.7070707070707072], "risk": [0.332378223495702], "recall": [0.6422018348623854], "sensitivity": [0.6422018348623854], "precision": [0.7865168539325843], "tp": [140], "tn": [93], "specificity": [0.7099236641221374], "fn": [78]}}, "model": {"n_features": 36073591}, "data": {"path": "/scratch/adrouin/patric_data/single_species_datasets/ampicillin___7053822222416630118/dataset.kover", "split": "train_0.800_seed_1_10_folds", "uuid": "9957fcbc-095d-11e8-b1fe-001b2193b764"}, "predictions": {"binary": [1, 1, 0, 0, 0, 0, 0, 1, 0, 0, 0, 1, 0, 1, 1, 0, 1, 1, 0, 0, 0, 1, 1, 1, 0, 1, 0, 0, 1, 0, 0, 0, 1, 1, 1, 0, 1, 1, 0, 0, 0, 0, 0, 1, 0, 0, 1, 0, 0, 0, 1, 1, 1, 1, 1, 1, 1, 0, 1, 0, 0, 0, 0, 0, 0, 0, 0, 0, 1, 0, 0, 0, 1, 1, 1, 1, 0, 0, 0, 1, 0, 0, 1, 0, 0, 0, 0, 0, 0, 1, 0, 0, 1, 0, 0, 1, 0, 0, 1, 0, 0, 0, 0, 0, 0, 0, 0, 0, 0, 0, 0, 0, 1, 0, 0, 1, 1, 0, 0, 1, 0, 0, 0, 0, 0, 0, 0, 1, 1, 0, 1, 0, 0, 0, 1, 0, 0, 0, 0, 0, 0, 0, 0, 1, 1, 0, 1, 0, 0, 0, 0, 0, 0, 0, 0, 0, 0, 0, 0, 0, 0, 0, 0, 0, 0, 0, 1, 1, 1, 0, 1, 0, 1, 1, 1, 1, 1, 0, 1, 1, 1, 0, 1, 1, 1, 1, 1, 0, 1, 1, 0, 1, 1, 1, 1, 1, 1, 1, 1, 1, 1, 1, 1, 1, 1, 1, 1, 1, 1, 1, 1, 1, 1, 1, 1, 1, 1, 1, 1, 0, 0, 1, 1, 1, 1, 1, 0, 1, 1, 1, 1, 0, 1, 1, 0, 0, 0, 0, 0, 0, 0, 1, 1, 1, 1, 1, 1, 0, 1, 1, 1, 1, 1, 1, 1, 1, 1, 1, 1, 1, 1, 1, 1, 1, 1, 1, 1, 1, 1, 1, 1, 1, 0, 0, 0, 0, 1, 1, 0, 0, 0, 1, 0, 0, 1, 1, 1, 1, 1, 1, 0, 1, 1, 1, 1, 0, 1, 0, 1, 1, 1, 1, 1, 1, 1, 1, 1, 1, 1, 1, 1, 1, 1, 1, 1, 1, 1, 1, 1, 1, 1, 1, 1, 1, 1, 1, 1, 1, 1, 1, 1, 1, 1, 0, 0, 0, 0, 0, 0, 0, 0, 0, 0, 0, 0, 1, 0, 1, 1, 0, 0, 0, 0, 0, 0, 0, 0, 0, 0, 0, 0, 0, 0, 0, 0, 1, 1, 1, 1, 0, 1, 0, 1, 1, 1, 1, 1, 0, 0, 1, 0, 1, 1, 0, 1, 1, 1, 1, 1, 1, 1, 1, 1, 1, 0, 0, 0, 0, 0, 1, 0, 0, 0, 1, 0, 0, 0, 0, 0, 0, 0, 0, 0, 0, 0, 0, 0, 0, 0, 0, 0, 0, 0, 0, 0, 0, 1, 0, 1, 1, 0, 1, 0, 0, 0, 1], "proba": [0.48841950148214486, 0.4757986604549638, 0.5416176538390819, 0.5394192009970965, 0.5400701134434293, 0.5607849154753958, 0.5347893311402916, 0.4789783001570511, 0.5577830571296745, 0.5621073201529871, 0.551665681774125, 0.47678972787179996, 0.5718477637394205, 0.4816337962826771, 0.46064332370716626, 0.5597686410191165, 0.4692897884436733, 0.47576203218154406, 0.5407951778400006, 0.5271296224963319, 0.5412734411003607, 0.48350214759338456, 0.4781352437091258, 0.4816949610067491, 0.5593735905447795, 0.43674740022393527, 0.535171479958035, 0.5574212490734418, 0.4798531412905517, 0.5487330808608901, 0.5275900532330952, 0.5232194051176532, 0.4787590037550926, 0.4821236886595439, 0.4764725020011168, 0.548651367239987, 0.4761078242303553, 0.48240909531213017, 0.5558890586584773, 0.5487262335352993, 0.5588099798177901, 0.5593521588397452, 0.5082687797724831, 0.4768470139244078, 0.5421271636459832, 0.5512062613727445, 0.4722172237730294, 0.5525469628674745, 0.552698556787962, 0.5534130115419125, 0.48506047541185787, 0.4870405700249807, 0.48584664969330066, 0.4737101774824678, 0.4739107297960544, 0.4611681453687601, 0.4736325582417739, 0.5261865157263452, 0.43599385797413065, 0.5458935011277622, 0.562150572676985, 0.550988217151909, 0.5597183632589361, 0.5585878040039889]}}