{"metrics": {"test": {"fp": [6], "f1_score": [0.5555555555555556], "risk": [0.36363636363636365], "recall": [0.7142857142857143], "sensitivity": [0.7142857142857143], "precision": [0.45454545454545453], "tp": [5], "tn": [9], "specificity": [0.6], "fn": [2]}, "train": {"fp": [1], "f1_score": [0.9180327868852458], "risk": [0.05434782608695652], "recall": [0.875], "sensitivity": [0.875], "precision": [0.9655172413793104], "tp": [28], "tn": [59], "specificity": [0.9833333333333333], "fn": [4]}}, "model": {"n_features": 5195418}, "data": {"path": "/scratch/adrouin/data/patric/single_species_datasets/fusidic_acid___946434054234721145/dataset.kover", "split": "train_0.800_seed_8_10_folds", "uuid": "8b1fcb44-0867-11e8-8137-001b2193b764"}, "predictions": {"binary": [0, 0, 0, 0, 0, 0, 0, 0, 1, 0, 0, 0, 0, 1, 0, 0, 0, 0, 0, 0, 0, 0, 0, 0, 0, 0, 0, 1, 0, 0, 0, 0, 0, 0, 0, 0, 0, 0, 0, 0, 0, 0, 0, 0, 0, 0, 1, 0, 0, 0, 0, 0, 0, 0, 0, 0, 0, 0, 0, 0, 0, 1, 0, 1, 0, 0, 0, 1, 0, 0, 0, 0, 0, 0, 0, 1, 1, 1, 0, 1, 1, 1, 1, 0, 1, 0, 1, 0, 1, 0, 1, 1, 1, 1, 1, 1, 1, 1, 1, 1, 1, 0, 1, 1, 1, 1, 1, 1, 1, 1, 1, 1, 1, 1], "proba": [0.14041392011104464, 0.14039188334139444, 0.1255295763191428, 0.12943197960956168, 0.1403610431977791, 0.12443965068397886, 0.1403570152320103, 0.12297806132741937, 0.673208951798581, 0.12559943781585375, 0.1403712676453472, 0.07920693179015925, 0.1049654675544158, 0.4865764791419711, 0.14034521794823807, 0.3002970452113073, 0.13805097520406484, 0.14026853326283825, 0.13044650168127914, 0.14034097945360607, 0.1393904584886556, 0.13782714838192914, 0.14024906433478282, 0.14039559535230098, 0.1403440682517224, 0.30303853094166056, 0.13604347714233134, 0.6702737995753948, 0.12820419043465067, 0.21319153018730685, 0.14042962084959898, 0.21024336616897396, 0.14035505141543667, 0.17944993775812937, 0.1358856097459153, 0.20381048590977732, 0.14037669087533974, 0.14031808118013503, 0.14031794580661386, 0.14030449929695182, 0.14032917177969523, 0.1403490808513979, 0.21191656414386595, 0.3421625481739051, 0.14036151443192943, 0.1403048719385695, 0.7880265248748892, 0.1403524859229741, 0.1167457489799918, 0.15438071431643552, 0.13893271538478383, 0.1403371583737988, 0.1403765851794229, 0.140304674427345, 0.10787030934614804, 0.1403751928403243, 0.12648559568577106, 0.14034243957483222, 0.12549502241561447, 0.15265297788276966, 0.13726295206294525, 0.8291777676629031, 0.13163808785934258, 0.5963608073205643, 0.14038905092472884, 0.14035868707811966, 0.14036783826894955, 0.5555121739974187, 0.1403628443744939, 0.12702117514772687, 0.11844116223263225, 0.21354767750883327, 0.11316349159894092, 0.14040065087318726, 0.1195165201267803, 0.6586075512965485, 0.7437780562851198, 0.8350268466788858, 0.1998763048148416, 0.6955221429942832, 0.801250373243701, 0.6423861737149859, 0.8124594612250987, 0.0845509588817733, 0.907303039441128, 0.3853214780096422, 0.834927439067917, 0.23636518199513712, 0.8351548709705016, 0.2190571800665153, 0.8110353525186611, 0.8283434869809178, 0.781965460488315, 0.4800165540126356, 0.8383573856096731, 0.8362394620402036, 0.8349437103537646, 0.6270716800259898, 0.8351549401849767, 0.7919986154088142, 0.6916385074012134, 0.2639102858784457, 0.835055096025436, 0.7748849419392483, 0.8344204112470704, 0.8506677014668559, 0.835026305833183, 0.7367035086477559, 0.8455619331707399, 0.8569314929773295, 0.8350577099922436, 0.8463457855950307, 0.8350203072411588, 0.48964844447369854]}, "cv": {"hps": {"normalize_kernel": true, "degree": 1.0, "regularizer": 10.0}, "score": 0.1655555555555556}}