{"metrics": {"test": {"fp": [0], "f1_score": [0.8235294117647058], "risk": [0.03614457831325301], "recall": [0.7], "sensitivity": [0.7], "precision": [1.0], "tp": [7], "tn": [73], "specificity": [1.0], "fn": [3]}, "train": {"fp": [0], "f1_score": [1.0], "risk": [0.0], "recall": [1.0], "sensitivity": [1.0], "precision": [1.0], "tp": [29], "tn": [307], "specificity": [1.0], "fn": [0]}}, "model": {"n_features": 35209798}, "data": {"path": "/scratch/adrouin/data/patric/single_species_datasets/aztreonam___7053822222416630118/dataset.kover", "split": "train_0.800_seed_7_10_folds", "uuid": "99159066-095d-11e8-a809-001b2193b764"}, "predictions": {"binary": [0, 0, 0, 0, 0, 0, 0, 0, 0, 0, 0, 0, 0, 0, 0, 0, 0, 0, 0, 0, 0, 0, 0, 0, 0, 0, 0, 0, 0, 0, 0, 0, 0, 0, 0, 0, 0, 0, 0, 0, 0, 0, 0, 0, 0, 0, 0, 0, 0, 0, 0, 0, 0, 0, 0, 0, 0, 0, 0, 0, 0, 0, 0, 0, 0, 0, 0, 0, 0, 0, 0, 0, 0, 0, 0, 0, 0, 0, 0, 0, 0, 0, 0, 0, 0, 0, 0, 0, 0, 0, 0, 0, 0, 0, 0, 0, 0, 0, 0, 0, 0, 0, 0, 0, 0, 0, 0, 0, 0, 0, 0, 0, 0, 0, 0, 0, 0, 0, 0, 0, 0, 0, 0, 0, 0, 0, 0, 0, 0, 0, 0, 0, 0, 0, 0, 0, 0, 0, 0, 0, 0, 0, 0, 0, 0, 0, 0, 0, 0, 0, 0, 0, 0, 0, 0, 0, 0, 0, 0, 0, 0, 0, 0, 0, 0, 0, 0, 0, 0, 0, 0, 0, 0, 0, 0, 0, 0, 0, 0, 0, 0, 0, 0, 0, 0, 0, 0, 0, 0, 0, 0, 0, 0, 0, 0, 0, 0, 0, 0, 0, 0, 0, 0, 0, 0, 0, 0, 0, 0, 0, 0, 0, 0, 0, 0, 0, 0, 0, 0, 0, 0, 0, 0, 0, 0, 0, 0, 0, 0, 0, 0, 0, 0, 0, 0, 0, 0, 0, 0, 0, 0, 0, 0, 0, 0, 0, 0, 0, 0, 0, 0, 0, 0, 0, 0, 0, 0, 0, 0, 0, 0, 0, 0, 0, 0, 0, 0, 0, 0, 0, 0, 0, 0, 0, 0, 0, 0, 0, 0, 0, 0, 0, 0, 0, 0, 0, 0, 0, 0, 0, 0, 0, 0, 0, 0, 0, 0, 0, 0, 0, 0, 0, 0, 0, 0, 0, 0, 0, 0, 0, 0, 0, 0, 0, 0, 0, 0, 0, 0, 0, 0, 0, 0, 0, 0, 0, 0, 0, 0, 0, 0, 0, 0, 0, 0, 0, 0, 0, 0, 0, 0, 0, 0, 0, 0, 0, 0, 0, 0, 0, 0, 0, 0, 0, 0, 0, 0, 0, 0, 0, 0, 0, 0, 0, 0, 0, 0, 0, 0, 0, 0, 0, 0, 0, 0, 0, 0, 0, 0, 0, 1, 1, 1, 1, 1, 1, 1, 1, 0, 1, 1, 0, 1, 1, 1, 1, 1, 1, 1, 1, 1, 1, 1, 1, 1, 1, 1, 0, 1, 1, 1, 1, 1, 1, 1, 1, 1, 1, 1], "proba": [0.13256940903509468, 0.05497615530135993, 0.05494485939882474, 0.032794096726687066, 0.10297306003006004, 0.015229879109342844, 0.013121555496170298, 0.005735625624665813, 0.007699681181991445, 0.05491120630940513, 0.025824699353643007, 0.05492331462500333, 0.02388316499379293, 0.013185642795190586, 0.03113819333018399, 0.007686365231322804, 0.005424425789861621, 0.01343538399978318, 0.0042986673653002015, 0.006628566892738512, 0.0549642097254042, 0.05129908541361919, 0.00860753623601095, 0.01705018938121156, 0.054942254666670666, 0.008425808453583018, 0.02324203455447631, 0.004777948189009439, 0.012690647694372293, 0.006842177911502483, 0.011173264824211897, 0.005682247352636336, 0.008180302407794887, 0.008810954916709005, 0.0018248093673364876, 0.0135432200186541, 0.025426088331341093, 0.02772629510431552, 0.03449965645654785, 0.05496319480059153, 0.01992674797380096, 0.019906361807822362, 0.04559003419177327, 0.05493929161070429, 0.00362427203515416, 0.0036036227596594954, 0.00837452072973596, 0.0036174725501147455, 0.054950277835699904, 0.023105242674763254, 0.025134901304259247, 0.0010797335165059676, 0.05489366592831752, 0.0033542707120101287, 0.046230943689860034, 0.01702058068029035, 0.005182650547764245, 0.05496011949446514, 0.05488362376533359, 0.003995015661684033, 0.005361967217167953, 0.014044824267112534, 0.019492577933953446, 0.054890805813624315, 0.035892908621276545, 0.05491799707807211, 0.03290643835045803, 0.045195268121057, 0.005992202762845217, 0.008220781658559115, 0.05490560766808186, 0.0034826377049971087, 0.031796162947761816, 0.03936158787031362, 0.002256102414829965, 0.0062627871111096, 0.05492479030733101, 0.005168233474080264, 0.010959729355298401, 0.03739596431141238, 0.014588633412770433, 0.010373132965661336, 0.004199589158695057, 0.003764741167256846, 0.002591844784101226, 0.02424160877929173, 0.002352144805203956, 0.039622201380784774, 0.023775233205171657, 0.02164200290665966, 0.01536628862814374, 0.02169298081756676, 0.0041933552915699515, 0.013594740677328666, 0.031245692469434944, 0.014651552515613647, 0.054955583834280536, 0.030427481629729535, 0.003478404601089715, 0.007757141513316333, 0.00878341105248882, 0.004591321231554244, 0.0030610031661775605, 0.0033937788639390185, 0.0024706138356992017, 0.0327516395990484, 0.008075355093485552, 0.04990109128349163, 0.0019532266413122266, 0.009878560902092406, 0.01520318674586893, 0.03521679794601932, 0.02606555192358806, 0.05490411352301186, 0.03596195114877508, 0.01769970369531452, 0.011383404815228926, 0.007389319316202422, 0.010357047710780937, 0.044086415327867064, 0.015773989516436982, 0.013505893878635523, 0.05485683474211641, 0.012723709434779283, 0.054908017725361406, 0.021848604744710478, 0.015287022421856665, 0.04854592371077826, 0.05243363105415426, 0.036420739167284936, 0.016602904270197286, 0.019317822322358888, 0.013295994649642701, 0.01925459872041276, 0.004410037966570754, 0.03060060405510017, 0.012305543941901921, 0.031299372793479725, 0.01721053599359493, 0.054879973124826086, 0.017678046275533914, 0.05495733984332692, 0.006483280725139342, 0.054874273366107035, 0.014002257676228015, 0.007922412264826347, 0.03685601621448411, 0.012267640476349225, 0.013730990225676764, 0.012254231965622668, 0.0047723557033775964, 0.013886586128789366, 0.04637892132287151, 0.035984129448423566, 0.013617665511597161, 0.013026332729183217, 0.009023995934797212, 0.009802051161276701, 0.007710241528058489, 0.01072230679462634, 0.007825505702459351, 0.007507347916664781, 0.008896806281643624, 0.0192967711265934, 0.009197591421904025, 0.05490584021255517, 0.013675812814875682, 0.018567373440865897, 0.054906242705151265, 0.05490940599759293, 0.05487892193027622, 0.0134566148778011, 0.05487445133090259, 0.03214359485653873, 0.054886540238619025, 0.04651426086964442, 0.015561028963692377, 0.015806433372719666, 0.054908831869504904, 0.05489291385260077, 0.004672889723738155, 0.019205272849847608, 0.015727594924703082, 0.017902551780723537, 0.021065637092849764, 0.019845706053983145, 0.025243165896460244, 0.008589944176413488, 0.0549084407147414, 0.03913861199993517, 0.04406986530183416, 0.09443671217465041, 0.11723525806631102, 0.05488155722106905, 0.05488728273761477, 0.05017305139079396, 0.0050823457194352035, 0.05489899680298894, 0.05489679985204906, 0.00785547842063928, 0.01160252332111996, 0.17506875132726551, 0.019061484184896116, 0.008880234351983604, 0.05490634756671741, 0.05490068431404193, 0.05490073208809654, 0.01806251141656268, 0.006235198939940684, 0.015045158502809452, 0.054891260516405985, 0.0037522978177905297, 0.0548920328602864, 0.00556131705579089, 0.03726237784511435, 0.01489976533941454, 0.02100879851545764, 0.009004937905506879, 0.019176953253250528, 0.02665649712346987, 0.020292397533708807, 0.02715243118724849, 0.050426970292150854, 0.03423100488554843, 0.03829344266597296, 0.011583359153224356, 0.04698751759847475, 0.054927576077778095, 0.01386356028667509, 0.023219692811126364, 0.005020398094487207, 0.007442927884985237, 0.00989974177930321, 0.005630858428523523, 0.012315530386232785, 0.05491235254568909, 0.010119298100583249, 0.024815840364543304, 0.040675476123079965, 0.030906931326311154, 0.02115351542761886, 0.003231422905548257, 0.020835095431829685, 0.017513138312226777, 0.054920965838857104, 0.016443403188560336, 0.024356148604968403, 0.014616646117931066, 0.035400916803812854, 0.008791037878263347, 0.017251415332135655, 0.010427978624912843, 0.02500556483271696, 0.003925492381754724, 0.031016626716132967, 0.03326681896266592, 0.02358070767731011, 0.0976024504897297, 0.028236734768226135, 0.0549005349997759, 0.02419133585817983, 0.016762854684709193, 0.014487973988329166, 0.009922436459294613, 0.009262412606315624, 0.009392664456534234, 0.00966894108886465, 0.02033962039566486, 0.01944514456175334, 0.05490822342200928, 0.01444645318229292, 0.04839694406426144, 0.016928691198805915, 0.04063736671115573, 0.02506267402808519, 0.02376800620599788, 0.05495196484589689, 0.051973925909976626, 0.05494991806202369, 0.05877119100786184, 0.025141551223448008, 