{"metrics": {"test": {"fp": [0], "f1_score": [0.8571428571428571], "risk": [0.10810810810810811], "recall": [0.75], "sensitivity": [0.75], "precision": [1.0], "tp": [12], "tn": [21], "specificity": [1.0], "fn": [4]}, "train": {"fp": [3], "f1_score": [0.9457364341085271], "risk": [0.046357615894039736], "recall": [0.9384615384615385], "sensitivity": [0.9384615384615385], "precision": [0.953125], "tp": [61], "tn": [83], "specificity": [0.9651162790697675], "fn": [4]}}, "model": {"n_features": 161}, "data": {"path": "/scratch/adrouin/patric_data/single_species_datasets/trimethoprim___2202579077548954665/dataset.kover", "split": "train_0.800_seed_0_10_folds", "uuid": "90cb0312-06e4-11e8-bece-001b2193b764"}, "predictions": {"binary": [0, 0, 0, 0, 0, 0, 0, 0, 0, 0, 0, 0, 0, 0, 0, 0, 0, 0, 0, 0, 0, 0, 0, 0, 1, 0, 0, 0, 0, 0, 0, 0, 0, 0, 0, 0, 0, 0, 0, 0, 1, 0, 0, 0, 0, 0, 0, 0, 0, 0, 0, 0, 0, 0, 0, 0, 0, 0, 0, 0, 0, 0, 0, 0, 0, 0, 0, 0, 0, 0, 0, 0, 0, 0, 0, 0, 0, 0, 1, 0, 0, 0, 0, 0, 0, 0, 0, 0, 0, 0, 0, 0, 0, 0, 0, 0, 0, 0, 0, 0, 0, 0, 0, 0, 0, 0, 0, 1, 1, 1, 1, 1, 1, 1, 1, 1, 0, 1, 1, 1, 1, 0, 0, 1, 1, 1, 1, 1, 1, 1, 1, 1, 1, 1, 1, 1, 1, 1, 1, 1, 0, 1, 1, 1, 1, 1, 1, 1, 0, 1, 1, 0, 1, 1, 1, 0, 1, 1, 1, 1, 1, 1, 1, 1, 1, 0, 1, 1, 1, 1, 1, 1, 1, 1, 1, 1, 1, 1, 1, 1, 1, 1, 1, 1, 1, 1, 1, 1, 0, 0, 0, 0], "proba": [0.21630983051052288, 0.17370639066483873, 0.1798713998709739, 0.33058675185913144, 0.14043553561234778, 0.25719128977879185, 0.2614401137068478, 0.16678446763213953, 0.11270783114722285, 0.23976867993661694, 0.21630983051052288, 0.17383466235244088, 0.13073152467257823, 0.12098360364506058, 0.13461036996539583, 0.11845842824909888, 0.14664742916621906, 0.18748127229680742, 0.18748127229680742, 0.19155299668510145, 0.19693993242223795, 0.18748127229680742, 0.178053667789363, 0.1665491753844747, 0.7055055199690475, 0.14635957348134024, 0.22575582794115778, 0.2884122214820032, 0.14507536514960653, 0.18846713165964635, 0.1411733899159136, 0.1641749688865081, 0.12526427530806847, 0.22087219919360032, 0.21371680550599212, 0.12219503707702287, 0.14635957348134024, 0.14020113898328787, 0.26693914298542953, 0.17302867102170755, 0.7308096052261082, 0.19275913476991235, 0.20477722794459252, 0.11619788622733294, 0.1641749688865081, 0.1824805090603543, 0.18748127229680742, 0.2286736469258256, 0.1747384825990828, 0.18096345536727143, 0.1291175481382918, 0.21630983051052288, 0.1641749688865081, 0.14469212580736482, 0.18384998984745277, 0.1535002021754106, 0.20583778087688773, 0.16949319710650296, 0.13713347971330686, 0.14807508403662936, 0.18748127229680742, 0.279981500889055, 0.1641749688865081, 0.19275913476991235, 0.1641749688865081, 0.15365288700364813, 0.10579505716586378, 0.22522165141682668, 0.20054423319052458, 0.1747384825990828, 0.12219503707702287, 0.1228305019912759, 0.19879269854950452, 0.1480574863920687, 0.17452051165359844, 0.1445828843980449, 0.22087219919360032, 0.2740846727757333, 0.8144642786937383, 0.13073152467257823, 0.11031904099077791, 0.22087219919360032, 0.1641749688865081, 0.1423277326511086, 0.13304408371030485, 0.34078241388865615, 0.21312652049794753, 0.19286346979482025, 0.32429435321966227, 0.20477722794459252, 0.1228305019912759, 0.1228305019912759, 0.11619788622733294, 0.14043553561234778, 0.14635957348134024, 0.12405225698980586, 0.13304408371030485, 0.12469600821298724, 0.14635957348134024, 0.19312642160809193, 0.21630983051052288, 0.17301740401579627, 0.20795494154463964, 0.2286736469258256, 0.1157496814393864, 0.13370126541651214, 0.1673400711435166, 0.934945511405951, 0.887909635646846, 0.7323357822416285, 0.8963778041394261, 0.9058403502798589, 0.8963778041394261, 0.9058403502798589, 0.8963778041394261, 0.8963778041394261, 0.18748127229680742, 0.9281759634914952, 0.9381578996838708, 0.9381578996838708, 0.8500674031388333, 0.3859033085408812, 0.32429435321966227, 0.8307071192389835, 0.8686581958708266, 0.8963778041394261, 0.9291361362594277, 0.8963778041394261, 0.9250092688517237, 0.9381578996838708, 0.9192140203504984, 0.8963778041394261, 0.879549845878029, 0.9291361362594277, 0.7951867108360388, 0.9170034459738754, 0.786583395748552, 0.9291361362594277, 0.5650917869210763, 0.8686581958708266, 0.3368422678157935, 0.9192140203504984, 0.8686581958708266, 0.7850074109103797, 0.8994355609470552, 0.8691818554360642, 0.8487319615887621, 0.7653860070276308, 0.21630983051052288, 0.8886257448083669, 0.8467984590814256, 0.33841542798642776, 0.9316685559836305, 0.8994355609470552, 0.8911189380841179, 0.4958477009232558, 0.838529485369513, 0.8213977275357148, 0.8192193767875495, 0.9316685559836305, 0.8584123606642231, 0.8686581958708266, 0.934945511405951, 0.9251576711799799, 0.814932103387034, 0.44939452694428383, 0.934945511405951, 0.9105184119068094, 0.9007334149645173, 0.9381578996838708, 0.8963778041394261, 0.8213977275357148, 0.8963778041394261, 0.9007334149645173, 0.9291361362594277, 0.8501214323467482, 0.8514923913968641, 0.7630839322560533, 0.8036475079833434, 0.8514923913968641, 0.9007334149645173, 0.9007334149645173, 0.9167187545487271, 0.9167187545487271, 0.9007334149645173, 0.9007334149645173, 0.9066514992655348, 0.9192140203504984, 0.5, 0.5, 0.5, 0.5]}}