{"metrics": {"test": {"fp": [1], "f1_score": [0.9156626506024097], "risk": [0.14285714285714285], "recall": [0.8636363636363636], "sensitivity": [0.8636363636363636], "precision": [0.9743589743589743], "tp": [38], "tn": [4], "specificity": [0.8], "fn": [6]}, "train": {"fp": [0], "f1_score": [1.0], "risk": [0.0], "recall": [1.0], "sensitivity": [1.0], "precision": [1.0], "tp": [159], "tn": [41], "specificity": [1.0], "fn": [0]}}, "model": {"n_features": 3813}, "data": {"path": "/scratch/adrouin/patric_data/single_species_datasets/tobramycin___-3225223558739261696/dataset.kover", "split": "train_0.800_seed_8_10_folds", "uuid": "b4e09d2e-0578-11e8-b4cb-001b2193b764"}, "predictions": {"binary": [0, 0, 0, 0, 0, 0, 0, 0, 0, 0, 0, 0, 0, 0, 0, 0, 0, 0, 1, 0, 0, 0, 0, 0, 0, 0, 0, 0, 0, 0, 0, 0, 0, 0, 0, 0, 0, 0, 0, 0, 0, 0, 0, 0, 0, 0, 1, 1, 1, 1, 1, 1, 1, 1, 1, 1, 1, 1, 1, 1, 1, 0, 1, 1, 1, 1, 1, 1, 1, 1, 1, 1, 1, 1, 1, 1, 1, 1, 1, 1, 1, 0, 1, 1, 1, 1, 1, 1, 1, 1, 1, 0, 1, 0, 1, 1, 1, 1, 1, 1, 1, 1, 1, 1, 0, 1, 1, 1, 1, 1, 1, 1, 1, 1, 1, 1, 1, 1, 1, 1, 1, 1, 1, 1, 1, 1, 1, 1, 1, 1, 1, 1, 1, 1, 1, 1, 1, 1, 1, 1, 1, 1, 1, 1, 1, 1, 1, 1, 1, 1, 1, 1, 1, 1, 1, 1, 1, 1, 1, 1, 1, 1, 1, 1, 1, 1, 1, 1, 1, 1, 1, 1, 1, 1, 1, 1, 1, 1, 1, 1, 1, 1, 1, 1, 1, 1, 1, 1, 1, 1, 1, 1, 1, 1, 1, 1, 1, 1, 1, 1, 1, 1, 1, 1, 1, 1, 1, 1, 1, 1, 1, 1, 1, 1, 1, 1, 1, 1, 1, 1, 1, 1, 1, 1, 1, 1, 1, 1, 1, 1, 1, 1, 1, 1, 1, 1, 1, 1, 1, 1, 1, 1, 1, 1, 1, 0, 1, 1, 1, 0, 0, 0, 0, 0, 0, 0], "proba": [0.0012864350777685963, 0.00031661422319654686, 0.00037349041411685607, 0.0005235944511865576, 0.001446880179133842, 0.0016369690907294754, 0.0006820740151463514, 0.0002462523658235556, 0.0001598222452705684, 0.1360976933916814, 0.0009239423297050353, 0.000211408484302743, 0.0002440248408250853, 0.11678005623538319, 0.0016731527271913243, 0.0002284653273168062, 0.0002732742558898193, 0.0003976901422805065, 0.9999758122522253, 0.00022251373928842069, 0.0002415612221582147, 0.00022251373928842069, 0.00037748639908760743, 0.00012434367638313834, 0.00011309513174574615, 0.0008565725899009652, 0.00013633341020937768, 0.0007935751153839337, 0.0007642237689133677, 0.00021408996634345167, 0.0003629090610191482, 0.0012963826240294481, 0.0006114382620699239, 0.00020657060498057388, 0.00035337971975579866, 0.002081326946512113, 0.000627392695809688, 0.00045437337936414675, 0.0005777276604558805, 0.00069069614974099, 0.0007410078329150599, 0.0006708619093058646, 0.00137129596597228, 0.00016046163322908544, 7.481110231216193e-05, 0.000627392695809688, 0.9999868116862777, 0.9999974235563159, 0.9998658007479151, 0.9999553619312863, 0.9981370337157474, 0.9999911937756653, 0.9999191788549652, 0.7396063346735876, 0.9999997841359869, 0.9982563100770062, 0.9999996634596688, 0.9998846700962387, 0.9969001990499553, 0.9999797271114572, 0.999997858886913, 0.23410958111831673, 0.999880063228212, 0.9998583470278216, 0.9999314091422128, 0.999880063228212, 0.9901430134334659, 0.9999686666936605, 0.9998981019419477, 0.9955848822538543, 0.9997125264097205, 0.9997858562557974, 0.9999689988630087, 0.9999764217760632, 0.9999805552192467, 0.9999770340566058, 0.999623630379454, 0.9994792233097288, 0.9995764205527543, 0.999880063228212, 0.999913330341546, 0.001471402642920189, 0.9999505269371941, 0.999880063228212, 0.9999978408521656, 0.9999846586477855, 0.9999647540488782, 0.9987379085248793, 0.9999390644055988, 0.9972637280366186, 0.9970096791009241, 0.021877081612638734, 0.9981998650503193, 0.034775499850676045, 0.9996370431330316, 0.9998494598402511, 0.9999415684138592, 0.9999330263191729, 0.9997481490976522, 0.9949555989097563, 0.9999799125477982, 0.9999965448961319, 0.9999722015086658, 0.9999921190316737, 0.43460701461992235, 0.9998929336547949, 0.9986202581557422, 0.954996298077436, 0.9997584200901437, 0.9995428957653603, 0.9999729913028016, 0.9996804287617543, 0.9999938507187337, 0.9999914922006687, 0.9982929573793761, 0.9996560112693904, 0.9999991884512187, 0.9996004528724237, 0.9999212368416973, 0.9999348469923416, 0.999880063228212, 0.9998816735819865, 0.999880063228212, 0.9998801114243886, 0.9998861689795848, 0.999987446962188, 0.9999822733379437, 0.9999746577330165, 0.9995476903258695, 0.9999316491668291, 0.9998427009342958, 0.9999941806539702, 0.999880063228212, 0.9981177202957304, 0.9977482669926105, 0.9998902495791895, 0.9984987202572486, 0.6131024217289905, 0.9978444427707766, 0.999599252352478, 0.9999996036746898, 0.999880063228212, 0.9988939293530589, 0.9994960007749536, 0.9999121433272421, 0.9998269056002198, 0.9992320197861392, 0.9997108975663189, 0.9986027123974985, 0.9990510044274622, 0.9985387971788627, 0.9982333099198752, 0.999822577319029, 0.998413100032562, 0.9997311022700573, 0.9988960675047651, 0.9998583191777223, 0.9999861240865661, 0.9998998189642043, 0.9999849263349411, 0.9996447962223044, 0.9989878828362407, 0.9999762750096101, 0.9993849741772376, 0.9993849741772376, 0.9999972764926911, 0.9999959250707742, 0.9998088668699151, 0.9999635532447954, 0.9992565296159092, 0.9978921746941323, 0.9999442780777276, 0.9999900355220245, 0.9999799125477982, 0.9999824469425956, 0.9999503365420443, 0.9999571633632163, 0.9999525839261226, 0.9974916127802003, 0.9998739095721452, 0.999997153362583, 0.999476390485324, 0.9987427459340804, 0.9999920500142208, 0.9895229177689511, 0.9937496350199871, 0.9996519224794244, 0.9999442780777276, 0.9997678555818941, 0.9997200458176098, 0.9996577725022339, 0.9985034366803632, 0.9976565523808051, 0.9968129742325446, 0.9999790487186707, 0.9999153349481974, 0.9998576168660788, 0.9999621656053839, 0.9997189496718182, 0.999149826601122, 0.9998793285530391, 0.9995776569583519, 0.9998878615748957, 0.999880063228212, 0.9996669528054435, 0.9998841121061339, 0.9998522247384791, 0.9999803562006921, 0.999994555998433, 0.9994781868777528, 0.9999961440829197, 0.999914953779945, 0.9999879675875399, 0.9997718203295658, 0.9997012951814643, 0.9997966293102101, 0.9966011309120827, 0.9991889297674655, 0.9990956413139318, 0.9999960761834319, 0.9997661842389853, 0.9999919116579897, 0.9999484322381469, 0.999742531196044, 0.999998964245877, 0.953413066348847, 0.9992566671249252, 0.9987683304022215, 0.9992814772029722, 0.9979885977115939, 0.998787731244867, 0.9999686668037828, 0.9967337576075287, 0.9987309450755407, 0.9997447507421844, 0.9980243036800195, 0.9999660565317099, 0.9998906754684924, 0.999974393346043, 0.9898255763985382, 0.9999503365420443, 0.9999311571573457, 0.9999503365420443, 0.9999207461313474, 0.9999799125477982, 0.0005537415251172249, 0.9997181899963286, 0.999880063228212, 0.99859677207739, 0.5, 0.5, 0.5, 0.5, 0.5, 0.5, 0.5]}}