{"metrics": {"test": {"fp": [2], "f1_score": [0.36363636363636365], "risk": [0.10144927536231885], "recall": [0.2857142857142857], "sensitivity": [0.2857142857142857], "precision": [0.5], "tp": [2], "tn": [60], "specificity": [0.967741935483871], "fn": [5]}, "train": {"fp": [0], "f1_score": [1.0], "risk": [0.0], "recall": [1.0], "sensitivity": [1.0], "precision": [1.0], "tp": [28], "tn": [250], "specificity": [1.0], "fn": [0]}}, "model": {"n_features": 6864155}, "data": {"path": "/scratch/adrouin/data/patric/single_species_datasets/nalidixic_acid___-736338835843459561/dataset.kover", "split": "train_0.800_seed_8_10_folds", "uuid": "35bbe4c6-07ea-11e8-ab65-001b2193b764"}, "predictions": {"binary": [0, 0, 0, 0, 0, 0, 0, 0, 0, 0, 0, 0, 0, 0, 0, 0, 0, 0, 0, 0, 0, 0, 0, 0, 0, 0, 0, 0, 0, 0, 0, 0, 0, 0, 0, 0, 0, 0, 0, 0, 0, 0, 0, 0, 0, 0, 0, 0, 0, 0, 0, 0, 0, 0, 0, 0, 0, 0, 0, 0, 0, 0, 0, 0, 0, 0, 0, 0, 0, 0, 0, 0, 0, 0, 0, 0, 0, 0, 0, 0, 0, 0, 0, 0, 0, 0, 0, 0, 0, 0, 0, 0, 0, 0, 0, 0, 0, 0, 0, 0, 0, 0, 0, 0, 0, 0, 0, 0, 0, 0, 0, 0, 0, 0, 0, 0, 0, 0, 0, 0, 0, 0, 0, 1, 0, 0, 0, 0, 0, 0, 0, 0, 0, 0, 0, 0, 0, 0, 0, 0, 0, 0, 0, 0, 0, 0, 0, 0, 0, 0, 0, 0, 0, 0, 0, 0, 0, 0, 0, 0, 0, 0, 0, 0, 0, 0, 0, 0, 0, 0, 0, 0, 0, 1, 0, 0, 0, 0, 0, 0, 0, 0, 0, 0, 0, 0, 0, 0, 0, 0, 0, 0, 0, 0, 0, 0, 0, 0, 0, 0, 0, 0, 0, 0, 0, 0, 0, 0, 0, 0, 0, 0, 0, 0, 0, 0, 0, 0, 0, 0, 0, 0, 0, 0, 0, 0, 0, 0, 0, 0, 0, 0, 0, 0, 0, 0, 0, 0, 0, 0, 0, 0, 0, 0, 0, 0, 0, 0, 0, 0, 0, 0, 0, 0, 0, 0, 0, 0, 0, 0, 0, 0, 0, 0, 0, 0, 0, 0, 0, 0, 0, 0, 0, 0, 0, 0, 0, 0, 0, 0, 0, 0, 0, 0, 0, 0, 0, 0, 0, 0, 0, 0, 0, 0, 0, 0, 0, 0, 0, 0, 0, 0, 0, 0, 0, 0, 0, 0, 0, 0, 0, 0, 1, 1, 1, 1, 0, 1, 1, 1, 1, 1, 0, 1, 1, 1, 1, 1, 1, 0, 1, 1, 1, 1, 1, 1, 1, 1, 1, 0, 0, 1, 1, 1, 1, 1, 1], "proba": [0.05999991274311987, 0.0017080249485012396, 0.005868026389736671, 0.001567693141762197, 0.017614127409105996, 0.04273423267171411, 0.04651111326452311, 0.0055390295033796695, 0.005447443208935948, 0.07199518315659585, 0.048019260322518194, 0.019499272764983727, 0.04002791053983333, 0.03172362536223144, 0.0344078554269429, 0.06006806615194748, 0.03798179681058656, 0.009088322415267497, 0.013079162334444127, 0.03215804806306997, 0.006454154164517491, 0.04667975872375849, 0.04931512992443278, 0.030446999361614515, 0.0021897724093359688, 0.04882037021553331, 0.06006675804468324, 0.03328076653680193, 0.027609193861923762, 0.03940746528247543, 0.0029116186523968513, 0.010388741873051506, 0.06001341057818849, 0.02268421785844252, 0.037001922876686036, 0.03838796286558391, 0.04370159475690293, 0.001535980391961261, 0.27042140517572977, 0.06008905819810658, 0.02264673749142032, 0.03818632795164569, 0.02547053215757974, 0.05395631927229974, 0.023326717105745073, 0.03357809210156863, 0.03654052616113044, 0.00992446877245087, 0.1086016102046845, 0.060099441548646944, 0.007267862265122042, 0.03788216039234937, 0.060073188751240014, 0.0067437955825553186, 0.01644341497434183, 0.032434950796640286, 0.021767562065068212, 0.03373269575065747, 0.0232657831940952, 0.06010347356423375, 0.06006412770169969, 0.01894316640963213, 0.021542124197439883, 0.03897727463783331, 0.06009534832479296, 0.006336866926650216, 0.060078368469202996, 0.060093705374750915, 0.0207472128779528, 0.040961703853819094, 0.02128971966368239, 0.06005561273647737, 0.06008741072567566, 0.060079832675105686, 0.04743004794776433, 0.060065810335731364, 0.06006561513606534, 0.004747750756756577, 0.020589702210319433, 0.03999520672159788, 0.05112748086538319, 0.0489918426399676, 0.024889248336754405, 0.027340793655965423, 0.02864988038133214, 0.061215747483663936, 0.019620882168905222, 0.044926232648153, 0.02361587274517596, 0.060085664706082946, 0.021625356078496978, 0.05906666186257916, 0.015430958390099187, 0.014095648491538914, 0.04400866296158846, 0.0425524684921251, 0.019205205248113866, 0.029441237482883395, 0.033718801784737844, 0.01622979672172396, 0.06010830472481265, 0.06009210018762919, 0.03640259207148264, 0.060064942018570246, 0.025277054710087184, 0.10424010733003346, 0.009512227352469382, 0.04963180274612689, 0.0395145272477673, 0.06008704010523702, 0.04159866295384902, 0.06009503743404814, 0.024779674946786977, 0.054922054732415786, 0.060088112093843904, 0.21279218087781884, 0.060096770937184636, 0.04931998682816643, 0.07525082527355714, 0.06008580674104502, 0.060087022169900195, 0.05020472511872772, 0.038286214354398836, 0.42636303898343464, 0.06007644719356728, 0.04363243525633697, 0.05423544738680242, 0.027001668854626924, 0.007511369797666597, 0.006317166265231366, 0.06008146503923639, 0.04705117042423031, 0.0324534205015532, 0.0052006651469121805, 0.06776269933293447, 0.05435973023356093, 0.03962478290978549, 0.060082168550706895, 0.038328934221110424, 0.06008373202462206, 0.03560078528946068, 0.06013757008250963, 0.039508349223949815, 0.1927859258539311, 0.06005515079963681, 0.021855631776270205, 0.06008300125736046, 0.02554153450280548, 0.018256506592671345, 0.04108354596619394, 0.06009504312805345, 0.0505282093832119, 0.11027041101116031, 0.03684802686226181, 0.007340547036624211, 0.240533391153347, 0.028337847795558438, 0.06009066130045492, 0.03992977233698706, 0.0286005008523761, 0.051917182903601464, 0.060089866426486595, 0.06006070959544735, 0.040856154328812504, 0.021399299216499235, 0.0210425025624287, 0.06011137221441719, 0.06006221406469357, 0.060100660206138884, 0.0600818261018951, 0.20316271757831372, 0.06006390140445546, 0.03375212674760212, 0.4683850164645996, 0.06006169182024146, 0.05161149061487608, 0.06007210050580597, 0.036231550052527615, 0.060059163563766026, 0.060075264047532724, 0.06005835153764419, 0.06005407902004494, 0.06007650445293933, 0.023998427121950116, 0.05286997019865883, 0.044256431697247925, 0.06007391166802584, 0.03463384138656314, 0.0600631028199145, 0.06009734411174594, 0.060044946194797146, 0.07018265380846109, 0.025216829567543578, 0.060058600300999326, 0.047484567711637136, 0.031677283639617776, 0.03691689794842201, 0.0037292165412061806, 0.04088847248081925, 0.035394326081477065, 0.03380796527536461, 0.02034169128765831, 0.027431064479814932, 0.06007392884095163, 0.06008788806478085, 0.05008237730555933, 0.09519822648252578, 0.060085935969632194, 0.05981537367617271, 0.0225071558964297, 0.06010160122357937, 0.06007531616175222, 0.06010317769327144, 0.051380231668829796, 0.06008944714414278, 0.042691494354980264, 0.009162824632032171, 0.13747285088926992, 0.03634290329607382, 0.053374726520435366, 0.06005841463894223, 0.060060610977529946, 0.06008201086871596, 0.10090983576699153, 0.018006526278627467, 0.06009147960778287, 0.04575045354562552, 0.027024518859916243, 0.02569949950834792, 0.019866392777399967, 0.02969555002521122, 0.027968554357455686, 0.030664996079039303, 0.017484791322805403, 0.021499790558345423, 0.015786998665510046, 0.03390991421607964, 0.016952072402692784, 0.014474893457263797, 0.06007518273079736, 0.04063597297661892, 0.040817387975087105, 0.06010056323148562, 0.06009760189784168, 0.06120712482396877, 0.06010496300915531, 0.005164924785466302, 0.010379030838478952, 0.38962402322983697, 0.037830628873052746, 0.024265525791758138, 0.0600699802541517, 0.05738440983075542, 0.01724403185387517, 0.03437098342317215, 0.06007846396771562, 0.06008824180510648, 0.060042810601005366, 0.0600759420307016, 0.005539537604241752, 0.06010312645928922, 0.06008159493735175, 0.060108258796384734, 0.06008141022464678, 0.06011366460454907, 0.007356524251690719, 0.06008349878834601, 0.06008959676187144, 0.06007175860094859, 0.18133801161161495, 0.13626745077448765, 0.10830690353956303, 0.0600915182932653, 0.06008417222367938, 0.005986068759169885, 0.03152281508877354, 0.06631371140020959, 0.06007523232550176, 0.060101461446743186, 0.06008728421466657, 0.060080238329030734, 0.030171445009136606, 0.03891918812614787, 0.03435932577719117, 0.03878327380517911, 0.02009116077843403, 0.03720892821449439, 0.029971073445932493, 0.03659788298177222, 0.021071738216980523, 0.028965704026990044, 0.060031070169344336, 