{"metrics": {"test": {"fp": [8], "f1_score": [0.7692307692307692], "risk": [0.19736842105263158], "recall": [0.78125], "sensitivity": [0.78125], "precision": [0.7575757575757576], "tp": [25], "tn": [36], "specificity": [0.8181818181818182], "fn": [7]}, "train": {"fp": [25], "f1_score": [0.7953667953667953], "risk": [0.17434210526315788], "recall": [0.7862595419847328], "sensitivity": [0.7862595419847328], "precision": [0.8046875], "tp": [103], "tn": [148], "specificity": [0.8554913294797688], "fn": [28]}}, "model": {"n_features": 243}, "data": {"path": "/scratch/adrouin/patric_data/single_species_datasets/meropenem___-9072632565547958275/dataset.kover", "split": "train_0.800_seed_8_10_folds", "uuid": "b1f77c1e-07ca-11e8-b57b-001b2193b764"}, "predictions": {"binary": [0, 1, 1, 1, 0, 0, 0, 0, 0, 0, 1, 0, 0, 0, 0, 0, 0, 1, 0, 0, 1, 0, 0, 0, 0, 0, 0, 0, 0, 0, 0, 0, 0, 0, 0, 0, 1, 0, 0, 0, 0, 0, 1, 0, 0, 0, 0, 0, 0, 0, 1, 0, 0, 0, 0, 0, 0, 0, 0, 0, 0, 0, 0, 0, 0, 0, 0, 1, 0, 0, 0, 0, 1, 0, 0, 0, 0, 1, 0, 0, 0, 0, 0, 0, 0, 1, 1, 0, 0, 0, 1, 0, 1, 0, 0, 0, 0, 0, 1, 0, 0, 0, 0, 1, 0, 0, 0, 1, 0, 0, 0, 0, 1, 0, 0, 0, 0, 0, 0, 0, 0, 0, 0, 0, 0, 0, 0, 0, 0, 0, 1, 1, 1, 0, 0, 0, 0, 0, 0, 0, 0, 1, 0, 0, 0, 0, 0, 0, 0, 0, 0, 0, 0, 0, 0, 0, 0, 0, 0, 0, 0, 0, 1, 0, 0, 0, 0, 0, 0, 0, 0, 0, 0, 0, 0, 0, 0, 0, 1, 1, 0, 0, 0, 1, 0, 0, 0, 1, 0, 0, 0, 0, 0, 0, 0, 1, 1, 0, 0, 0, 0, 0, 1, 0, 0, 0, 0, 0, 0, 0, 0, 0, 0, 0, 0, 0, 1, 1, 1, 1, 0, 1, 1, 1, 1, 1, 1, 1, 0, 1, 1, 1, 1, 1, 1, 1, 1, 1, 1, 1, 1, 1, 1, 1, 0, 1, 1, 1, 0, 1, 1, 1, 1, 1, 1, 0, 0, 0, 1, 1, 1, 1, 1, 1, 0, 1, 1, 1, 1, 0, 0, 1, 1, 1, 0, 1, 1, 1, 1, 0, 1, 0, 0, 0, 1, 1, 1, 1, 1, 1, 1, 1, 1, 1, 1, 1, 1, 1, 1, 0, 0, 1, 1, 1, 0, 1, 1, 0, 1, 1, 1, 0, 1, 1, 1, 1, 1, 1, 1, 0, 1, 1, 0, 1, 1, 0, 1, 1, 1, 1, 1, 1, 1, 1, 1, 1, 0, 1, 0, 1, 1, 0, 1, 1, 1, 1, 1, 1, 0, 1, 1, 1, 1, 1, 1, 1, 1, 0, 1, 1, 1, 1, 1, 0, 0, 1, 0, 1, 0, 0, 1, 1, 0, 1, 1, 0, 1, 1, 1, 1, 0, 0, 0, 0], "proba": [0.49584996400270753, 0.8808482422634297, 0.8808482422634297, 0.5078584127363134, 0.16364916017478787, 0.24154191448558615, 0.16132620611246254, 0.1597648614291648, 0.268294376276209, 0.4067287445915098, 0.5419631509131155, 0.27761012976416516, 0.20238143332032213, 0.15682123367002057, 0.2753709644443755, 0.4893576286460294, 0.47618676947210076, 0.5969261156066427, 0.4503145666493409, 0.46244019334160746, 0.8069921661162548, 0.22396035426084776, 0.3185026931647695, 0.32686770643409746, 0.4670110356384084, 0.28350662419463624, 0.2653379068546674, 0.14534489537866874, 0.37855033906809854, 0.4275465814396281, 0.11649987274479455, 0.3567741174264304, 0.20118631658306754, 0.18101966550380344, 0.1855788404936577, 0.31786103561777634, 0.7722803210367567, 0.18306282908347887, 0.267759085077986, 0.43172864316591847, 0.26323380191592244, 0.22199291094448112, 0.509221764462406, 0.16168042940714844, 0.2050473048502911, 0.16714088845345842, 0.21957434203816242, 0.2702273796628249, 0.4533452495318214, 0.1891181512562889, 0.8685166117177244, 0.30586962626895775, 0.2022195982227693, 0.3408248440415332, 0.16449311081077492, 0.4934003482647227, 0.16175736893929796, 0.2577582038311024, 0.4233123879558913, 0.18479325849282385, 0.18621153509396482, 0.32660760056417454, 0.34743261758303223, 0.37201126274316115, 0.22073298429481, 0.27876843291363024, 0.49297200173881917, 0.5208198845709593, 0.14700516793332763, 0.25054531222612697, 0.11124585647752813, 0.16883552728576473, 0.8571316877731917, 0.4797672222975089, 0.14979273060697282, 0.16884374518398315, 0.26156226449360614, 0.5880841830798679, 0.1941156435324913, 0.30329822093239694, 0.1498049844934807, 0.21973772001657552, 0.13481263222590517, 0.3155054811221756, 0.18620059565998248, 0.7000876608632173, 0.8498141753072929, 0.3111985654292689, 0.3230514799583839, 0.24213639161360956, 0.5093763337310281, 0.11124585647752813, 0.8547234350551028, 0.3327494158984485, 0.22026595492709575, 0.2520528848562407, 0.19730551090032436, 0.17871912847111215, 0.8575260387362429, 0.25363989989294233, 0.22995833151616338, 0.23871947812678082, 0.30367971433403407, 0.5182532275178316, 0.3191260339679085, 0.24043475001353698, 0.24458391446112904, 0.5081882856872049, 0.41316195604293177, 0.26665373951617505, 0.17774569360285403, 0.24566174277639388, 0.9005969684575085, 0.15946989378519696, 0.37829392207606055, 0.27271560101494413, 0.1526052786607102, 0.1539376089216068, 0.13957440289126447, 0.474705507761472, 0.18038649265146767, 0.26354037226123145, 0.26287166277052487, 0.21618597497108424, 0.17500086168876033, 0.3313408056853399, 0.15981351993826498, 0.1750628689576174, 0.2727798112338407, 0.48450706732405713, 0.5612951483337904, 0.8181344651413036, 0.820497133551778, 0.4382700429296216, 0.27462991006527376, 0.2511739408728907, 0.26287166277052487, 0.3314812247198863, 0.18916301354236734, 0.1980489678721593, 0.2502834814498247, 0.5650304609419357, 0.2726678434656788, 0.31966911710420287, 0.21116856156560004, 0.16330419337332056, 0.2094535900283398, 0.2094535900283398, 0.3857629566072108, 0.26473930506500487, 0.10827641339817438, 0.22171893032812692, 0.239104188982625, 0.2726678434656788, 0.2502834814498247, 0.4282986618873624, 0.3255502196315741, 0.2716216192663023, 0.21378370796565774, 0.20566151090466023, 0.33968548277043453, 0.35758970264475065, 0.6884522674188394, 0.17394886896697004, 0.22372121977820691, 0.16844250085421192, 0.122151931014126, 0.23400165197247783, 0.18714391900017716, 0.30259710114864735, 0.30259710114864735, 0.27875426616094, 0.13179551861947678, 0.31999473221695257, 0.37666509153117167, 0.2757459995696453, 0.20883568943771016, 0.17774569360285403, 0.8436303627508691, 0.8498141753072929, 0.18542653493326594, 0.3947405180756639, 0.48270038278640165, 0.5963382018213206, 0.4962443536665204, 0.19480055447280645, 0.2403624985778752, 0.7270949536167196, 0.20014354418714744, 0.34445055151547194, 0.32797059320703803, 0.34490181559541105, 0.4204131866964349, 0.283035470824433, 0.17871912847111215, 0.5183535697528056, 0.5183535697528056, 0.23684679117209875, 0.32690415396804023, 0.24118967733641616, 0.24691558424179785, 0.19575939865006983, 0.6134572404199431, 0.264795942086445, 0.23598517992784201, 0.23543129009454045, 0.26454373228109146, 0.25286382186469863, 0.30532076255398655, 0.2216674374656219, 0.27491145851998, 0.16070332765526324, 0.3009716196656024, 0.3175022014890214, 0.1654695195271267, 0.16070332765526324, 0.53049945782056, 0.5371848632855574, 0.9134314567542633, 0.7222842740634958, 0.38689641508949113, 0.8852911772909788, 0.6000104968933724, 0.9233604345850387, 0.5901745788329826, 0.7467074180850942, 0.8900572320010947, 0.581194620937685, 0.4149200606033939, 0.7450367015370941, 0.8809684166433299, 0.695143291284145, 0.7571332087934495, 0.8809684166433299, 0.6166969678990218, 0.6532895312400793, 0.7901326681431454, 0.9352731967108879, 0.760329749638248, 0.6727512984922714, 0.8900601322635133, 0.7450367015370941, 0.816421841516593, 0.9204961998445056, 0.3391283071044909, 0.8503701156632054, 0.5553928021521081, 0.8738303504365416, 0.4931861038047888, 0.7727514096796697, 0.6131677640466567, 0.7577380442537129, 0.8057840425655547, 0.8057840425655547, 0.655192195850914, 0.3745175071883507, 0.38402104832315576, 0.4560673043329273, 0.7717306039773101, 0.8978648439177267, 0.5549960398794034, 0.8821031560086943, 0.9014997215819522, 0.6674209940124313, 0.47335071473509704, 0.8974080668769719, 0.5634916072997986, 0.7571332087934495, 0.5461352604369666, 0.2530448020397994, 0.444767932628843, 0.8956976514382808, 0.9216563981649079, 0.6378768245003569, 0.4625010417842633, 0.8978648439177267, 0.6714383608115757, 0.8950325447896245, 0.5436852809766198, 0.40479658593657253, 0.6584971914153477, 0.3682074135486771, 0.3230514799583839, 0.37477305747324574, 0.8846483460176396, 0.5145887762372585, 0.8323828834622414, 0.9310192725765843, 0.8070956240470634, 0.8419970324721285, 0.8824534233925249, 0.7653160524725449, 0.9089650427887452, 0.7154332127329699, 0.9283244672611378, 0.7160163665615618, 0.6941849683714338, 0.8509736296340856, 