{"metrics": {"test": {"fp": [6], "f1_score": [0.9333333333333333], "risk": [0.10144927536231885], "recall": [0.98], "sensitivity": [0.98], "precision": [0.8909090909090909], "tp": [49], "tn": [13], "specificity": [0.6842105263157895], "fn": [1]}, "train": {"fp": [4], "f1_score": [0.9869565217391305], "risk": [0.02158273381294964], "recall": [0.9912663755458515], "sensitivity": [0.9912663755458515], "precision": [0.9826839826839827], "tp": [227], "tn": [45], "specificity": [0.9183673469387755], "fn": [2]}}, "model": {"n_features": 1000000}, "data": {"path": "/scratch/adrouin/data/patric/single_species_datasets/ampicillin___-736338835843459561/dataset.kover", "split": "train_0.800_seed_8_10_folds", "uuid": "df5b8ec2-07cd-11e8-a4fc-001b2193b764"}, "predictions": {"binary": [0, 0, 0, 0, 0, 0, 0, 1, 0, 1, 0, 0, 0, 0, 0, 0, 0, 0, 0, 0, 0, 0, 0, 0, 0, 0, 1, 0, 0, 0, 0, 0, 0, 1, 0, 0, 1, 1, 0, 0, 0, 0, 0, 0, 0, 0, 1, 0, 0, 0, 0, 1, 0, 0, 0, 0, 0, 0, 1, 0, 0, 1, 0, 0, 0, 0, 0, 0, 1, 1, 1, 1, 1, 1, 1, 1, 1, 1, 1, 1, 1, 0, 1, 1, 1, 1, 1, 1, 1, 1, 1, 1, 1, 1, 1, 1, 0, 1, 1, 1, 1, 1, 1, 1, 1, 1, 1, 1, 1, 1, 1, 1, 1, 1, 1, 1, 1, 1, 1, 1, 1, 1, 1, 1, 1, 1, 1, 1, 1, 1, 1, 1, 1, 1, 1, 1, 1, 1, 1, 1, 1, 1, 1, 1, 1, 1, 1, 1, 1, 1, 1, 1, 1, 1, 1, 1, 1, 0, 1, 1, 1, 1, 1, 1, 1, 1, 1, 1, 1, 1, 1, 1, 1, 1, 1, 1, 1, 1, 1, 1, 1, 1, 1, 1, 1, 1, 1, 1, 1, 1, 1, 1, 1, 1, 1, 1, 1, 1, 1, 1, 1, 1, 1, 1, 1, 1, 1, 1, 1, 1, 1, 1, 1, 1, 1, 1, 1, 1, 1, 1, 1, 1, 1, 1, 1, 1, 1, 1, 1, 1, 1, 1, 1, 1, 1, 1, 1, 1, 1, 1, 1, 1, 1, 1, 1, 1, 1, 1, 1, 1, 1, 1, 1, 1, 1, 1, 1, 1, 1, 1, 1, 1, 1, 1, 1, 1, 1, 1, 1, 1, 1, 1, 1, 1, 1, 1, 1, 1, 1, 1, 1, 1, 1, 1, 1, 1, 1, 1, 1, 1, 1, 1, 1, 1, 1, 1, 1, 1, 1, 1, 1, 1, 1, 1, 1, 1, 1, 1, 1, 1, 1, 1, 1, 1, 1, 1, 1, 1, 1, 1, 1, 1, 1, 1, 1, 1, 1, 1, 1, 1, 1, 1, 1, 1, 1, 1, 1, 1, 1, 1, 1, 1, 1, 1, 1, 1, 1, 0, 0, 0, 0, 0, 0, 0, 0, 0, 0, 0, 0, 0, 0, 0, 0, 0, 0, 0, 0, 0, 0, 0, 0, 0, 0, 0, 0, 0, 0, 0, 0, 0, 0, 0, 0, 0], "proba": [0.018712724515383104, 0.0013864376344562097, 0.006961438476959571, 2.954347023192034e-05, 0.006169763822490806, 0.015808675471341925, 0.015915315756987788, 0.854390182522563, 0.09166952522106583, 0.9930366098344349, 0.2480938358332925, 0.4691016561194366, 0.008787555762829392, 0.18252121196140075, 0.029143466765898084, 0.0016379227430955358, 0.09782494401884359, 5.3207920082915e-05, 2.151152440317041e-05, 1.6338724176859025e-05, 0.4975179189206603, 0.30152737533551854, 1.120180397682866e-05, 6.882203066507482e-08, 0.3530216746585639, 1.8156875486400383e-05, 0.6455796999480352, 0.05151906962961933, 0.00024010326227490102, 0.0013116761810878896, 0.06977646968762907, 0.04194131936739824, 0.026864927686394754, 0.9930366098344349, 0.19065764761229306, 0.26558488290436827, 0.6110240522626462, 0.5423088652940103, 0.018712724515383104, 0.0073313290574808666, 0.0001808646878808129, 0.3685357148900048, 0.16526067506379064, 0.0010493634662236235, 0.048754376617636444, 5.199052464745587e-05, 0.5816072609819363, 2.92437311073652e-05, 0.20122001621650565, 2.3970818167648394e-06, 0.13414379432220158, 0.9787135951857527, 0.00022057825038276208, 0.018007438449157344, 0.0023778820424542484, 0.023572064968411768, 0.00010439474216484193, 0.03287422416242252, 0.9930366098344349, 0.040461286091687684, 0.015183074614001974, 0.6407396837055211, 0.004572905474031064, 0.3361917121463276, 0.0077286281581960825, 0.001145428704592341, 0.0005760624144055477, 0.01960730200437127, 0.9930366098344349, 0.9747226390539476, 0.9747226390539476, 0.9787135951857527, 0.6626871639854445, 0.9787135951857527, 0.9676762249156341, 0.9777642733744013, 0.9787135951857527, 0.9787135951857527, 0.9553293584300574, 0.9787135951857527, 0.9930366098344349, 0.3288240452156893, 0.9930366098344349, 0.9930366098344349, 0.9961719863533509, 0.9787135951857527, 0.9930366098344349, 0.9930366098344349, 0.9999148815316268, 0.9751247574797144, 0.9787135951857527, 0.9787135951857527, 0.9872527400475171, 0.9787135951857527, 0.9787135951857527, 0.8761890539145787, 0.3361917121463276, 0.9961260733887246, 0.9930366098344349, 0.9931405065777918, 0.9880815142529271, 0.9930366098344349, 0.6455796999480352, 0.9974622353052812, 0.9930382153475172, 0.9863196044391768, 0.9930366098344349, 0.9930366098344349, 0.9961248154970463, 0.9937000472172287, 0.9857924449950372, 0.9930366098344349, 0.6110240522626462, 0.9930366098344349, 0.9787135951857527, 0.98020594561239, 0.9930366098344349, 0.9786052805321882, 0.9930366098344349, 0.9939762296102262, 0.9787135951857527, 0.9787135951857527, 0.9747226390539476, 0.6083036139728105, 0.9880815142529271, 0.9880815142529271, 0.9787135951857527, 0.9932643165426776, 0.9632766383970404, 0.9544352165515017, 0.9937271130741878, 0.9961260733887246, 0.9930836052010029, 0.9930366098344349, 0.9930366098344349, 0.9922705751556711, 0.9922705751556711, 0.9788636792393989, 0.9961260733887246, 0.9930366098344349, 0.6110240522626462, 0.9932060509068044, 0.9930366098344349, 0.9930366098344349, 0.9930366098344349, 0.9930366098344349, 0.9930366098344349, 0.9930366098344349, 0.9930366098344349, 0.9930366098344349, 0.9960223574872393, 0.9930366098344349, 0.9930366098344349, 0.9930366098344349, 0.9930366098344349, 0.9930366098344349, 0.9930366098344349, 0.3361917121463276, 0.9930366098344349, 0.9930366098344349, 0.9965604845474686, 0.9930366098344349, 0.9939762296102262, 0.9930366098344349, 0.6110240522626462, 0.9930366098344349, 0.9930366098344349, 0.9930366098344349, 0.9939762296102262, 0.9930366098344349, 0.9930366098344349, 0.7624565227631871, 0.9838106972133273, 0.9930366098344349, 0.9853919617348708, 0.6110240522626462, 0.950171641711354, 0.9932152998046091, 0.6110240522626462, 0.9930366098344349, 0.9930366098344349, 0.9930366098344349, 0.9999148815316268, 0.9930366098344349, 0.9930366098344349, 0.9930366098344349, 0.9930366098344349, 0.9999148815316268, 0.9857924449950372, 0.9930366098344349, 0.9930366098344349, 0.9930363909684757, 0.9930366098344349, 0.9930366098344349, 0.6110240522626462, 0.9961260733887246, 0.9930366098344349, 0.9791422157053249, 0.9930380245748756, 0.9930378057530714, 0.9930366098344349, 0.9998131032552803, 0.9937271130741878, 0.9930366098344349, 0.9960223574872393, 0.9802121115462638, 0.9960222320902509, 0.9954750224785046, 0.9997360404720742, 0.9907215683537652, 0.9929225918846645, 0.9961260733887246, 0.9930366098344349, 0.9961260733887246, 0.9949120302038128, 0.9815500127781056, 0.9930366098344349, 0.9930366098344349, 0.6110240522626462, 0.9930366098344349, 0.9932688521217196, 0.945990627090401, 0.9955861032818026, 0.8917134256918408, 0.9930366098344349, 0.9961260733887246, 0.9842984742716312, 0.9955792142039083, 0.9959775020345143, 0.9957991049700272, 0.9918024665257285, 0.9997379412594423, 0.9961260733887246, 0.9939762296102262, 0.9930366098344349, 0.9939642184093609, 0.9930366098344349, 0.9930366098344349, 0.9930366098344349, 0.9961260733887246, 0.9939762296102262, 0.99431889958297, 0.9931331752764178, 0.6110240522626462, 0.9961260733887246, 0.9787135951857527, 0.9930366098344349, 0.9787135951857527, 0.9930366098344349, 0.9787135951857527, 0.9930366098344349, 0.9930366098344349, 0.9421351186427966, 0.9930366098344349, 0.9920816935998986, 0.9421351186427966, 0.9787135951857527, 0.9500006792421195, 0.9606962010712023, 0.6110240522626462, 0.6110240522626462, 0.9930366098344349, 0.6110240522626462, 0.7729453099516275, 0.9787135951857527, 0.9146805123061952, 0.9930366098344349, 0.9857924449950372, 0.9930366098344349, 0.9930366098344349, 0.9930366098344349, 0.9930366098344349, 0.9930366098344349, 0.9930366098344349, 0.9787135951857527, 0.9787135951857527, 0.9962334156124656, 0.9999148815316268, 0.9930366098344349, 0.9930366098344349, 0.9961260733887246, 0.9960223574872393, 0.9930366098344349, 0.9930366098344349, 0.9930366098344349, 0.9930366098344349, 0.9930366098344349, 0.9930366098344349, 0.9930366098344349, 0.9930366098344349, 0.9930366098344349, 0.9930366098344349, 0.9930402481382803, 0.9930366098344349, 0.9968942039154759, 0.9930366098344349, 0.9960139587941732, 