{"metrics": {"test": {"fp": [0], "f1_score": [0.962962962962963], "risk": [0.06382978723404255], "recall": [0.9285714285714286], "sensitivity": [0.9285714285714286], "precision": [1.0], "tp": [39], "tn": [5], "specificity": [1.0], "fn": [3]}, "train": {"fp": [0], "f1_score": [1.0], "risk": [0.0], "recall": [1.0], "sensitivity": [1.0], "precision": [1.0], "tp": [161], "tn": [28], "specificity": [1.0], "fn": [0]}}, "model": {"n_features": 13409599}, "data": {"path": "/scratch/adrouin/data/patric/single_species_datasets/meropenem___-3225223558739261696/dataset.kover", "split": "train_0.800_seed_8_10_folds", "uuid": "b4dffeb4-0578-11e8-9929-001b2193b764"}, "predictions": {"binary": [0, 0, 0, 0, 0, 0, 0, 0, 0, 0, 0, 0, 0, 0, 0, 0, 0, 0, 0, 0, 0, 0, 0, 0, 0, 0, 0, 0, 0, 0, 0, 0, 0, 1, 1, 1, 1, 1, 1, 1, 1, 1, 1, 1, 1, 1, 1, 1, 1, 1, 1, 1, 1, 1, 1, 1, 1, 1, 1, 1, 1, 1, 1, 1, 1, 1, 1, 1, 1, 1, 1, 1, 1, 1, 1, 1, 1, 1, 1, 1, 1, 1, 1, 1, 1, 1, 1, 1, 1, 1, 1, 1, 1, 0, 1, 1, 1, 1, 0, 1, 1, 1, 1, 1, 1, 1, 1, 1, 1, 1, 1, 1, 1, 1, 1, 1, 1, 1, 1, 1, 1, 1, 1, 1, 1, 1, 1, 1, 1, 1, 1, 1, 1, 1, 1, 1, 1, 1, 1, 1, 1, 1, 1, 1, 1, 1, 1, 1, 1, 1, 1, 1, 1, 1, 1, 1, 1, 1, 1, 1, 1, 1, 1, 1, 1, 1, 1, 1, 1, 1, 1, 1, 1, 1, 1, 1, 1, 1, 1, 1, 1, 1, 1, 1, 1, 1, 1, 1, 1, 1, 1, 1, 1, 1, 1, 1, 1, 1, 1, 1, 1, 1, 1, 1, 1, 1, 1, 1, 1, 1, 1, 1, 1, 1, 1, 1, 1, 1, 0, 1, 1, 1, 1, 1, 1, 1, 1, 1, 1, 1, 1, 1, 1, 1, 1, 1], "proba": [0.2923717333747694, 0.24968174716033328, 0.2922343310959051, 0.2923325163833036, 0.2923661385931277, 0.29226568341916404, 0.29236994159059604, 0.29223220938867867, 0.29225108560247604, 0.42082348541876774, 0.18555298955790678, 0.29224263985773996, 0.2922426429587347, 0.26256368281648973, 0.26155040770477445, 0.26182948077998763, 0.29226591106821403, 0.29229751992650904, 0.21391201478012356, 0.29231369986102995, 0.2826348519538532, 0.29230543203220677, 0.2922399071133824, 0.29231175006133203, 0.17771402568017583, 0.29230780007995844, 0.29235510606356974, 0.29229084207176387, 0.2923499955988074, 0.2828259296628428, 0.2920969320316403, 0.2923195755743785, 0.2923389818205089, 0.8991467371808028, 0.9629817465168796, 0.9598636379128609, 0.9088396942030682, 0.9384973666072692, 0.8991392033821192, 0.9425251480567999, 0.9117491463120027, 0.8991860735304374, 0.9826194965857802, 0.9166614898098493, 0.9570338634493843, 0.8991269454155927, 0.9600387373487627, 0.8999675704651344, 0.9015777384014075, 0.9108333587343003, 0.9403728836895274, 0.9157699768020037, 0.9489345322351286, 0.933465679875762, 0.9580513479330875, 0.8991954058697362, 0.8992080622220345, 0.8991877106764982, 0.9114448915461069, 0.8742440185510095, 0.9035935545667151, 0.9492449516563738, 0.8991429418874316, 0.9676000355827635, 0.981107364157524, 0.8991878011001069, 0.9781138976191395, 0.9798557165498711, 0.9234468027363578, 0.9817947481363524, 0.9427459397746775, 0.9179120308749029, 0.9752912476905153, 0.8991447913538082, 0.9886493100137879, 0.8991554810992954, 0.9583102369613059, 0.9894035340013895, 0.8991323707439074, 0.8991602015851732, 0.9161952580575334, 0.8799010390081241, 0.8991664732867408, 0.898437939632155, 0.9148422020068405, 0.9101135921030837, 0.9111303723074112, 0.9093489728005465, 0.9060011863335417, 0.9635417394196885, 0.9697044077341597, 0.9651651754626743, 0.9744385226996349, 0.5203788555604228, 0.9616777465187989, 0.9604249731325964, 0.8992024632350123, 0.8991677571971514, 0.5407701351489015, 0.8991769592830566, 0.9313980009243494, 0.9287950575634096, 0.9208437301486369, 0.9054596993684242, 0.8966886087447994, 0.8966252756085683, 0.8991941162327836, 0.8851769198123653, 0.9204171127826294, 0.904081855626002, 0.8991308300051633, 0.8991639629092429, 0.9633373637375358, 0.9669402486057336, 0.8992060653221309, 0.9108124806006577, 0.9057972335619037, 0.9027721755331051, 0.9065161910817185, 0.8992259182098788, 0.9089942763386293, 0.9079389215282136, 0.8991861310702822, 0.9283818008915704, 0.9706488936810432, 0.9076529944382871, 0.9859642592704454, 0.9184797305887341, 0.9643505499714469, 0.8992109477709329, 0.8992017547235865, 0.8991710955931186, 0.9160676536749395, 0.9939800107978459, 0.9713935537485806, 0.8991969379256528, 0.8928001757227646, 0.8947369568388245, 0.899200714267548, 0.8991876269847423, 0.9926259530231387, 0.9767559771187021, 0.9815858166366407, 0.9636809965279298, 0.9585289720349959, 0.9550306691429988, 0.9247258711075126, 0.9808970177726501, 0.899202671704293, 0.8991767297284694, 0.9832042007720663, 0.9852113263382141, 0.9809165639081867, 0.9772874640925665, 0.914998821572269, 0.9543411181233724, 0.9923207567865984, 0.9962118132594968, 0.9960958806091244, 0.9891444792395564, 0.8991865809113718, 0.9198379844002194, 0.9150509660417854, 0.930634265614977, 0.9346246993825371, 0.8991363650222056, 0.8993908918185656, 0.990037769698563, 0.9189727341560519, 0.9045013585333235, 0.893568371025147, 0.9342893225919408, 0.9932022263020619, 0.9568734541977925, 0.9057654002774673, 0.9004727131702857, 0.9621972309646509, 0.9660425232491954, 0.9462208822547943, 0.9522615248705971, 0.9652425381564897, 0.9861001643809502, 0.8991782358781987, 0.8992064334894923, 0.9101589352038677, 0.9847765710063123, 0.982094599302259, 0.8991972780831498, 0.8990905521482727, 0.8991002144777713, 0.899195227786672, 0.9871734490602385, 0.9942435832965394, 0.9056721944477253, 0.899215829439513, 0.9798071971965666, 0.991022268489524, 0.9188362929825664, 0.9657519894138026, 0.8991758474876029, 0.9336246725226871, 0.9395067082573043, 0.7722680281539561, 0.9603263122459138, 0.9887243573153042, 0.9647406789386291, 0.9563445393773428, 0.9090835866938658, 0.9159482990655597, 0.9773610840185817, 0.9726919087879398, 0.9106399949417793, 0.8990944514159863, 0.8434547899558664, 0.9748184171621486, 0.9750979867763883, 0.8991540195478447, 0.8991584541827453, 0.5572853391178656, 0.9017234305976929, 0.8991150301922883, 0.9712380776635657, 0.8992275103439014, 0.9186623475783856, 0.8991976047986381, 0.8992188012715775, 0.8992220193871969, 0.9230301645363134, 0.9256941211776832, 0.9814901421292945, 0.8991545906185688, 0.8992002820534687, 0.8991826205356304, 0.8885620760040368, 0.9778532304203236, 0.9124973046501416]}, "cv": {"hps": {"normalize_kernel": false, "degree": 2.0, "regularizer": 1e-07}, "score": 0.07368421052631582}}