{"metrics": {"test": {"fp": [3], "f1_score": [0.8846153846153846], "risk": [0.13043478260869565], "recall": [0.8846153846153846], "sensitivity": [0.8846153846153846], "precision": [0.8846153846153846], "tp": [23], "tn": [17], "specificity": [0.85], "fn": [3]}, "train": {"fp": [2], "f1_score": [0.9844559585492227], "risk": [0.016129032258064516], "recall": [0.9895833333333334], "sensitivity": [0.9895833333333334], "precision": [0.979381443298969], "tp": [95], "tn": [88], "specificity": [0.9777777777777777], "fn": [1]}}, "model": {"n_features": 999989}, "data": {"path": "/scratch/adrouin/data/patric/single_species_datasets/carbapenem___-3225223558739261696/dataset.kover", "split": "train_0.800_seed_6_10_folds", "uuid": "b4e2fc5e-0578-11e8-bd5a-001b2193b764"}, "predictions": {"binary": [0, 0, 0, 0, 0, 0, 0, 0, 1, 0, 1, 0, 0, 0, 0, 0, 0, 0, 0, 1, 0, 0, 0, 0, 0, 0, 1, 0, 1, 0, 0, 0, 0, 0, 0, 0, 0, 0, 0, 0, 0, 0, 0, 0, 0, 0, 0, 0, 0, 0, 0, 0, 0, 0, 0, 0, 0, 0, 0, 0, 0, 0, 0, 0, 0, 0, 0, 0, 0, 0, 0, 0, 0, 0, 0, 0, 0, 0, 0, 0, 0, 0, 0, 0, 0, 0, 0, 0, 0, 0, 0, 0, 0, 0, 0, 0, 0, 0, 0, 0, 0, 0, 0, 0, 0, 0, 0, 0, 0, 0, 0, 1, 1, 1, 1, 1, 1, 1, 1, 1, 1, 1, 1, 1, 1, 1, 1, 1, 1, 1, 1, 1, 1, 1, 1, 1, 1, 1, 1, 1, 1, 1, 1, 1, 1, 1, 1, 1, 1, 1, 1, 1, 1, 1, 1, 1, 1, 1, 1, 1, 1, 1, 1, 1, 1, 1, 1, 1, 1, 1, 1, 0, 1, 1, 1, 1, 1, 1, 1, 1, 1, 1, 1, 1, 1, 1, 1, 1, 1, 1, 1, 1, 1, 1, 0, 1, 1, 1, 1, 1, 1, 1, 1, 1, 1, 1, 1, 1, 1, 1, 1, 1, 1, 1, 1, 1, 1, 1, 1, 1, 1, 0, 1, 1, 1, 1, 1, 1, 1, 1, 1, 1, 0, 0, 0, 0, 0, 0, 0, 0, 0, 0, 0, 0, 0, 0, 0, 0, 0, 0, 0, 0, 0, 0, 0, 0], "proba": [0.13458702492830618, 0.1947422951819278, 0.09156837266482874, 0.09322072631738014, 0.2108074505969904, 0.0038314262297406156, 0.08015120497736312, 0.005085363216258843, 0.967347537792777, 0.021603410501202094, 0.6395942328152149, 0.09165844296111736, 0.12826289811624872, 0.10021554209954382, 0.19809234775850276, 0.0692346364903267, 0.032429257857271854, 0.07926986886102616, 0.15886338957548934, 0.9017966238961037, 0.08692578044345418, 0.010316173946736966, 0.0055341560486756305, 0.056149520249114425, 0.20972460402840765, 0.09938647106754628, 0.9661507751131034, 0.09545823270582719, 0.9679972748723938, 0.04869610232600656, 0.0306462846798467, 0.006563023707773714, 0.04603024634860954, 0.004844318397847494, 0.1239485180252464, 0.07913437832933932, 0.010112558563915432, 0.0045444247619327045, 0.13544075317219068, 0.10306544132318932, 0.14316250337637013, 0.01527533267708839, 0.15989167837268187, 0.004979199328376353, 0.08814656788117993, 0.017348598992953955, 0.04342250093538789, 0.25885779424322053, 0.012174337377581198, 0.008504700521821111, 0.02095610879984531, 0.04769321076331644, 0.04737757254586333, 0.09259996224066888, 0.10803305177175568, 0.0945514949159417, 0.2031042996447661, 0.03548725365172259, 0.2522586293488517, 0.0037644833870056752, 0.056293576416228, 0.054299150582358235, 0.0955619000733685, 0.12090672366197554, 0.09151184019862915, 0.11431863540680791, 0.08025848834238557, 0.1336444379816558, 0.4139312169253554, 0.006199019816747008, 0.14244379260780157, 0.005627087004430587, 0.01108656338648593, 0.004076345386960879, 0.0036396417535180733, 0.06935777560587232, 0.12892021438734305, 0.014074194636380264, 0.00631550626097871, 0.009214043181581514, 0.27150599808595255, 0.048051816875111, 0.03671292952958261, 0.14318288123762102, 0.05364260051280673, 0.011655026270263377, 0.1872470062740324, 0.0055595105090025625, 0.007286259749432544, 0.062161568272243686, 0.009666903449654197, 0.11479858744082051, 0.029556843601066366, 0.059831515098105685, 0.22306129630201052, 0.04570007773475015, 0.09825210313369954, 0.10956604534116517, 0.12973113314527016, 0.0928656825205734, 0.007311492020601226, 0.09581304265919431, 0.041160183268218374, 0.3954445024463233, 0.12468623147184704, 0.005409732958886195, 0.0643053077458664, 0.0953110838252198, 0.12600005033670933, 0.09935323096947674, 0.48858068348766703, 0.9778851359238494, 0.9386630433213637, 0.9912016555421344, 0.9814982498968262, 0.9867973802062359, 0.9898076952869155, 0.9827347453740548, 0.9874522583338979, 0.9879806108778217, 0.938738139432519, 0.9850710021882392, 0.9379799553247125, 0.8164792373897257, 0.8752011206808256, 0.9721620325435568, 0.9237610052195266, 0.990443725136143, 0.9216148765903939, 0.9678958353296288, 0.9664176709568764, 0.9853233357821033, 0.9471873317184855, 0.9049714363263722, 0.8998086694261582, 0.6068626554044024, 0.9526346178077432, 0.974142087307979, 0.8212716302132104, 0.9526133789196478, 0.9625335317464483, 0.9919551273483218, 0.9875728831180142, 0.9821294358241166, 0.9771947555603419, 0.9888316678879302, 0.9388745683574078, 0.9461291168596916, 0.9936219263853848, 0.989689636801736, 0.9409764428593118, 0.8935573241938212, 0.7067236887299362, 0.7991923416099015, 0.9886039510623131, 0.9625115852170003, 0.9015974096433206, 0.9622353110889468, 0.9838184271131792, 0.9391697888808601, 0.9408566625291737, 0.8935349585376552, 0.9728045428607596, 0.9914269530325295, 0.8705562088274539, 0.9860283601106784, 0.9710381400319659, 0.9590579080722512, 0.9718644785402104, 0.9830460412727829, 0.9475685519091757, 0.08436197281246469, 0.9923073843147223, 0.9609039938525136, 0.9668479694098603, 0.9605359566922569, 0.9776119610131455, 0.9286786633828067, 0.959957561158893, 0.9205964641778605, 0.967901673342727, 0.7483122831517836, 0.8947688644229405, 0.9860181576951081, 0.9889688814778359, 0.9880094498011022, 0.9324533950060393, 0.9889030055542652, 0.9804722357624817, 0.964303790570242, 0.9490289183323342, 0.9876120188074955, 0.896304624207736, 0.9724448679110856, 0.01148416637006773, 0.9438362007046811, 0.9570967685553328, 0.9146419444603815, 0.936193208265695, 0.9856465092811892, 0.9896731678943693, 0.9681315094460721, 0.9959659077690534, 0.9398092788141547, 0.9855944957491403, 0.9460365437039735, 0.9815597415028868, 0.9775853641229776, 0.9929062941676137, 0.9847405644642014, 0.905087149447262, 0.9584617075449852, 0.7949832025385588, 0.9833708931695323, 0.9688194562759785, 0.9659086567260764, 0.9914487291111977, 0.9898582197816335, 0.9618371560721394, 0.7048253918787148, 0.990071084391529, 0.1533729191183151, 0.9070632118227436, 0.9359707463535264, 0.9920966170822362, 0.9898079550586628, 0.9834216576266865, 0.964865428009184, 0.9610646383117762, 0.9950332635445016, 0.9847076528650948, 0.9928797005360851, 0.4998896426891019, 0.4998896426891019, 0.4998896426891019, 0.4998896426891019, 0.4998896426891019, 0.4998896426891019, 0.4998896426891019, 0.4998896426891019, 0.4998896426891019, 0.4998896426891019, 0.4998896426891019, 0.4998896426891019, 0.4998896426891019, 0.4998896426891019, 0.4998896426891019, 0.4998896426891019, 0.4998896426891019, 0.4998896426891019, 0.4998896426891019, 0.4998896426891019, 0.4998896426891019, 0.4998896426891019, 0.4998896426891019, 0.4998896426891019]}}