{"metrics": {"test": {"fp": [7], "f1_score": [0.5833333333333334], "risk": [0.14925373134328357], "recall": [0.7], "sensitivity": [0.7], "precision": [0.5], "tp": [7], "tn": [50], "specificity": [0.8771929824561403], "fn": [3]}, "train": {"fp": [0], "f1_score": [1.0], "risk": [0.0], "recall": [1.0], "sensitivity": [1.0], "precision": [1.0], "tp": [62], "tn": [207], "specificity": [1.0], "fn": [0]}}, "model": {"n_features": 201987}, "data": {"path": "/scratch/adrouin/patric_data/single_species_datasets/cycloserine___260162261243005161/dataset.kover", "split": "train_0.800_seed_5_10_folds", "uuid": "5d40d132-074f-11e8-83ec-001b2193b764"}, "predictions": {"binary": [0, 0, 0, 0, 0, 0, 0, 1, 0, 0, 0, 0, 0, 0, 0, 0, 0, 0, 0, 0, 0, 0, 0, 0, 0, 0, 0, 0, 0, 0, 0, 0, 1, 0, 0, 0, 0, 0, 0, 0, 0, 0, 0, 0, 0, 0, 0, 0, 0, 0, 0, 0, 0, 0, 0, 0, 0, 0, 0, 0, 0, 0, 0, 0, 0, 0, 0, 0, 0, 0, 0, 0, 0, 0, 0, 0, 0, 0, 0, 0, 0, 0, 0, 0, 0, 0, 0, 0, 0, 0, 0, 0, 0, 0, 0, 0, 0, 0, 0, 0, 0, 0, 0, 0, 0, 0, 0, 0, 0, 0, 0, 0, 0, 0, 0, 0, 0, 0, 0, 0, 0, 0, 0, 0, 0, 0, 0, 0, 0, 0, 0, 0, 0, 0, 0, 0, 0, 0, 0, 0, 0, 0, 0, 0, 0, 0, 0, 0, 0, 0, 0, 0, 0, 0, 0, 0, 0, 0, 0, 0, 0, 0, 0, 0, 0, 0, 0, 0, 0, 0, 0, 0, 1, 0, 0, 0, 0, 0, 0, 0, 0, 0, 0, 0, 0, 0, 0, 0, 0, 0, 0, 0, 0, 0, 0, 0, 0, 0, 0, 0, 0, 0, 0, 0, 0, 0, 0, 0, 0, 0, 0, 0, 0, 0, 0, 0, 0, 1, 0, 0, 0, 0, 0, 0, 0, 0, 0, 0, 0, 0, 0, 1, 0, 0, 0, 0, 0, 0, 0, 0, 0, 0, 0, 0, 0, 1, 0, 0, 0, 0, 0, 0, 0, 0, 0, 0, 0, 0, 1, 0, 0, 0, 0, 0, 1, 0, 1, 1, 1, 1, 1, 1, 1, 1, 1, 1, 1, 1, 1, 1, 1, 1, 1, 0, 1, 1, 1, 1, 1, 1, 1, 1, 1, 1, 1, 1, 1, 1, 1, 1, 1, 1, 1, 1, 1, 1, 1, 1, 1, 1, 1, 1, 1, 1, 1, 1, 1, 1, 1, 1, 1, 0, 1, 1, 1, 1, 1, 1, 1, 1, 1, 1, 1, 1, 1, 1, 0, 0, 0, 0, 0, 0, 0, 0, 0, 0, 0, 0, 0, 0, 0, 0, 0, 0, 0, 0, 0, 0, 0, 0, 0, 0, 0, 0, 0, 0, 0, 0, 0, 0, 0, 0, 0, 0, 0, 0, 0, 0, 0, 0, 0, 0, 0, 0], "proba": [5.367972734623638e-06, 5.563630574674972e-06, 3.991615409217918e-06, 4.58560701300137e-06, 4.645896680391417e-06, 9.564940533258569e-06, 4.758493586460521e-06, 0.9787712494189008, 0.0018891495616734399, 6.228117129153501e-06, 4.609989804207396e-06, 4.547554508073533e-06, 5.7655336596473775e-06, 6.451525153584492e-06, 1.6539783169652805e-06, 5.231180808092803e-06, 5.917223215279066e-05, 5.470950486094584e-06, 5.583159705892997e-06, 4.094102559294408e-06, 6.0275093168082395e-06, 4.213994005156006e-06, 4.781433471726365e-06, 4.716958457199411e-06, 4.988321141759915e-06, 6.362781368355623e-06, 6.002857893655027e-06, 0.001297690946201336, 5.583524187141619e-06, 5.6913437634043495e-06, 1.6742299389265942e-05, 5.13847965322607e-10, 0.7253890351857001, 6.386932584238025e-06, 4.6321514259537826e-06, 5.216127277948623e-06, 4.999741378342174e-06, 8.01215316202387e-06, 0.18586570143747677, 7.131986962482744e-06, 5.614599178308258e-06, 0.0016401277715518518, 4.013838319934247e-06, 4.743991096121051e-06, 0.0037645893275124755, 6.823330314470059e-06, 8.095115528825267e-06, 7.415438787499743e-06, 6.190124657233926e-06, 5.9102201237624576e-06, 4.474447691280399e-06, 4.535600365664748e-06, 4.4594750074622885e-06, 6.548664026488942e-06, 5.834933363986382e-06, 5.964396488172389e-06, 4.48007453831741e-06, 5.7796565245631e-06, 5.8522485419309174e-06, 6.0398629958435644e-06, 4.933146239139523e-06, 4.0491065194007156e-06, 5.714046711556044e-06, 5.70286887932035e-06, 5.10160798219377e-06, 3.692906116044084e-08, 4.353478621282364e-06, 4.377136576522777e-06, 3.5802802860639778e-06, 6.784745309547904e-06, 5.069096871509749e-06, 3.4765168101958813e-06, 5.862280191001349e-06, 3.316046234806394e-08, 4.752757917787795e-06, 3.898401978289469e-06, 4.139682015785296e-06, 5.3731479153920235e-06, 0.00010151477354495295, 4.195577362006497e-06, 0.0002691869502828727, 5.441750273173831e-06, 4.808894155739158e-06, 6.763817922376338e-06, 5.002245696625133e-06, 8.040610603547561e-06, 3.0930058243901375e-08, 5.836784785135613e-06, 3.8167693116873535e-06, 9.591259216776997e-06, 3.7387235825668595e-06, 7.497301631005582e-05, 4.896436994702464e-06, 6.447182628599783e-06, 0.0019401395865420554, 6.540759605498665e-06, 5.24439185393323e-06, 6.6282657291793535e-06, 4.658946002235222e-06, 5.513755272523597e-06, 5.72194602402414e-06, 5.6246555121251806e-06, 8.649551483106172e-06, 2.2479058077729467e-05, 5.951369912775743e-06, 3.8467428312242087e-07, 3.7240594665504475e-06, 4.920017733979999e-06, 4.461260348739331e-06, 0.00013730271060263252, 1.6531436826876037e-05, 5.117505243983817e-06, 8.083253740399986e-07, 7.702624456915543e-07, 3.14729087225824e-06, 4.7054289704196385e-06, 6.296074112149733e-06, 5.291776687611814e-06, 3.969259502184944e-05, 6.62842594773997e-06, 6.174928560974906e-06, 5.408043169897179e-06, 5.141911249468992e-06, 6.6973064567331815e-06, 5.016117181403405e-06, 0.49750987096663696, 4.283890560367621e-06, 5.399825612259281e-06, 5.910262389264472e-06, 4.947234994244569e-06, 5.7497923678963315e-06, 5.651417072840792e-06, 6.041122889203843e-06, 5.793305100812244e-06, 6.145699074119991e-06, 0.01112689579951182, 3.357427889021258e-06, 0.013608894029146659, 4.355834920135848e-06, 3.7315198035080064e-06, 4.041098689785652e-06, 5.145046371555054e-06, 4.9064736221020715e-06, 5.9592872814189406e-06, 3.460151559478548e-05, 5.7366238858308576e-06, 1.786791307471855e-08, 4.123715263665691e-06, 4.2823048339140795e-06, 6.247042080313587e-06, 4.287048627419722e-06, 4.675319269360591e-06, 6.641277657360367e-06, 5.608631688601223e-06, 4.629627872636241e-06, 4.652698892763167e-06, 6.0965126748790466e-06, 5.971399679111303e-06, 3.452211441090265e-06, 5.038311120067013e-06, 5.112075780894766e-06, 5.691097920681064e-06, 5.046376293799853e-06, 4.607030109546342e-06, 1.010260043127438e-05, 4.5783285593468335e-06, 1.0504716073590944e-05, 5.894943461554168e-06, 3.528068150189337e-06, 5.186019190916297e-06, 6.341170731078053e-06, 5.986577107019607e-06, 0.9911196176765672, 1.8694268659729734e-06, 4.695707379360812e-06, 1.597877311837013e-06, 4.842165032527011e-06, 5.940662081866142e-06, 6.699132926985934e-06, 7.208924663829793e-06, 4.463841940398494e-06, 6.284741139964431e-06, 4.370459428765886e-06, 0.0010033963119352762, 1.0795669938739372e-05, 7.880756399458062e-06, 8.579563364145075e-06, 0.0005040850581523902, 7.2529751484717515e-06, 4.6301691920891376e-07, 4.3539820719499756e-08, 4.920531760634994e-06, 7.654048462138809e-06, 5.882344323610865e-06, 6.184332874111375e-06, 4.785447172613724e-06, 7.331769875751997e-06, 8.994132566181588e-06, 4.585553000310692e-06, 4.9215232105682654e-06, 5.815191673235982e-06, 4.9321577620298264e-06, 5.931874222004113e-06, 0.0019933872392925763, 0.00020511405286073538, 3.5531542457807544e-06, 0.003927297717801896, 6.130300734628209e-06, 8.889240924326403e-06, 6.7773665128891645e-06, 0.000360716378079804, 5.812165563931566e-06, 4.722394586823091e-06, 4.896020412878727e-06, 5.000282206726164e-06, 5.072286498559305e-06, 4.706897319818188e-06, 0.9999846760616978, 5.108340410972286e-06, 5.124933141217929e-06, 7.6037515932085344e-06, 7.392268407525663e-06, 7.166083630807179e-06, 6.718007493193883e-06, 2.577002040987106e-06, 5.494644755058444e-06, 5.137689435109191e-06, 5.2982189909348635e-06, 0.1615143878332406, 5.9175925089347706e-06, 4.098370906321712e-06, 0.9337139763332009, 0.09974170664988392, 4.0999308585582475e-06, 2.773366113494288e-06, 1.093745484661405e-06, 3.4929916376223925e-06, 6.045552008996814e-06, 5.476417407564403e-06, 6.720988645884247e-06, 3.869542667376793e-06, 7.454022518087197e-06, 4.82220199638764e-06, 1.3453129896509788e-05, 7.104540574489993e-06, 0.7262700461039396, 5.078626927967019e-06, 3.839276181423311e-06, 7.973509318164192e-06, 4.574482825839887e-06, 7.021272395294924e-06, 4.582002595951822e-06, 6.010228576746568e-06, 4.697685105317574e-06, 2.7112935901604484e-06, 4.920680780551707e-06, 2.8466911126267235e-07, 4.643969026293483e-06, 0.9883490898559466, 7.5624742093769525e-06, 2.61361782013348e-06, 5.682142276665389e-06, 6.727691977711526e-06, 4.15049618570275e-06, 0.9999950710937581, 1.206990042185947e-06, 0.9999945048285747, 0.9769028773302263, 