{"metrics": {"test": {"fp": [0], "f1_score": [1.0], "risk": [0.0], "recall": [1.0], "sensitivity": [1.0], "precision": [1.0], "tp": [7], "tn": [19], "specificity": [1.0], "fn": [0]}, "train": {"fp": [1], "f1_score": [0.9887640449438202], "risk": [0.009259259259259259], "recall": [1.0], "sensitivity": [1.0], "precision": [0.9777777777777777], "tp": [44], "tn": [63], "specificity": [0.984375], "fn": [0]}}, "model": {"n_features": 10341091}, "data": {"path": "/scratch/adrouin/data/patric/single_species_datasets/vancomycin___-8850046431738590682/dataset.kover", "split": "train_0.800_seed_7_10_folds", "uuid": "99660f46-095d-11e8-b2a7-001b2193b764"}, "predictions": {"binary": [0, 0, 0, 0, 0, 0, 0, 0, 0, 0, 0, 0, 0, 0, 0, 0, 0, 0, 0, 0, 0, 0, 0, 0, 0, 0, 0, 0, 0, 0, 0, 0, 0, 0, 0, 0, 0, 0, 0, 0, 0, 0, 0, 0, 0, 0, 0, 0, 0, 0, 0, 0, 0, 0, 0, 0, 0, 0, 0, 0, 0, 0, 0, 0, 1, 0, 0, 0, 0, 0, 0, 0, 0, 0, 0, 0, 0, 0, 0, 0, 0, 0, 0, 1, 1, 1, 1, 1, 1, 1, 1, 1, 1, 1, 1, 1, 1, 1, 1, 1, 1, 1, 1, 1, 1, 1, 1, 1, 1, 1, 1, 1, 1, 1, 1, 1, 1, 1, 1, 1, 1, 1, 1, 1, 1, 1, 1, 1, 1, 1, 1, 1, 1, 1], "proba": [0.04377636456774001, 0.004385182005171121, 0.011178690504818404, 0.011180427654140037, 0.008550251575219926, 0.011157928201354587, 0.020117908025602992, 0.01336079605053098, 0.028582077507583677, 0.011159976754805711, 0.011183188907378096, 0.008663688081831131, 0.03430954395247101, 0.011140578891402542, 0.011181927952145114, 0.011158384997535034, 0.011156089200657917, 0.009928722193127489, 0.01117679460451366, 0.012047255301657048, 0.003923123909985585, 0.007122522771311377, 0.01117573902461599, 0.032244858217537226, 0.011184527462233794, 0.017697386902500015, 0.011183806363525266, 0.011168811083010951, 0.011184337652621825, 0.011151083320365096, 0.011166255993642779, 0.01118059617130812, 0.01118735430478473, 0.011186512767835378, 0.011163346483038057, 0.011184226669791672, 0.011185800048804158, 0.011168393320009615, 0.011176263059408116, 0.01917490018658521, 0.011180301042832146, 0.011180441462249042, 0.016193097768541026, 0.011137759414786503, 0.01316528905698964, 0.011185868197928491, 0.011182036403220906, 0.011166543881752145, 0.014460378413578872, 0.01116752757323499, 0.011152299143470306, 0.01017764821520448, 0.011181766235069135, 0.010934820487966268, 0.0077110440086447995, 0.010419891093613173, 0.010826381095876792, 0.011164170364315785, 0.011178317686057012, 0.01117380679810117, 0.03104200307868651, 0.011174910802367528, 0.011185072972856378, 0.012304399166828664, 0.8426790653616147, 0.011180020963009423, 0.011150667405301115, 0.01270166029678091, 0.01187257283155263, 0.0571436085261913, 0.011163469201698509, 0.011155473919329601, 0.05298829659206571, 0.011159771581141016, 0.011170585495364678, 0.042975199905253544, 0.011150261007313514, 0.011160488396536678, 0.011169946966227763, 0.01116149165270934, 0.009975085150802416, 0.011147587969360792, 0.010623285342877984, 0.9915296951254252, 0.9489146919891641, 0.9937578682145373, 0.9933258449850028, 0.9915293175912282, 0.9870180040329153, 0.8874203672446139, 0.986907228797936, 0.9915628341838754, 0.9961993222832677, 0.9915217359552043, 0.991514340540368, 0.976953785252546, 0.9915234671677775, 0.9919108561139615, 0.9592534227127474, 0.9927311351933261, 0.9954956085611937, 0.9915281951504579, 0.9727510455474057, 0.9817488139445316, 0.9915259531948873, 0.9947324422477144, 0.9859516494267264, 0.994311135966108, 0.9915287972443987, 0.9915122724054672, 0.9920870970868076, 0.9915064631781733, 0.9915103580737215, 0.962585880708256, 0.9915175601899618, 0.9915204009283859, 0.991513861366802, 0.9926650613204054, 0.9924229811418239, 0.9915072198013589, 0.9915145169034408, 0.991516968489484, 0.9915205479625263, 0.9915063771253043, 0.9350766357484773, 0.9915133358740479, 0.9915265615628228, 0.9958444104228292, 0.9932851617965149, 0.9972097271920375, 0.9739360548551782, 0.9915114176315807, 0.9878326252938867, 0.9915226528669421]}, "cv": {"hps": {"normalize_kernel": true, "degree": 1.0, "regularizer": 10.0}, "score": 0.018181818181818188}}