{"metrics": {"test": {"fp": [1], "f1_score": [0.8571428571428571], "risk": [0.0975609756097561], "recall": [0.7741935483870968], "sensitivity": [0.7741935483870968], "precision": [0.96], "tp": [24], "tn": [50], "specificity": [0.9803921568627451], "fn": [7]}, "train": {"fp": [0], "f1_score": [1.0], "risk": [0.0], "recall": [1.0], "sensitivity": [1.0], "precision": [1.0], "tp": [116], "tn": [213], "specificity": [1.0], "fn": [0]}}, "model": {"n_features": 31467}, "data": {"path": "/scratch/adrouin/patric_data/single_species_datasets/trimethoprim___7053822222416630118/dataset.kover", "split": "train_0.800_seed_8_10_folds", "uuid": "deaf402a-05d1-11e8-8bfc-001b2193b764"}, "predictions": {"binary": [0, 0, 0, 0, 0, 0, 0, 0, 0, 0, 0, 0, 0, 0, 0, 0, 0, 0, 0, 0, 0, 0, 0, 0, 0, 0, 0, 0, 0, 0, 0, 0, 0, 0, 0, 0, 0, 0, 0, 0, 0, 0, 0, 0, 0, 0, 0, 0, 0, 0, 0, 0, 0, 0, 0, 0, 0, 0, 0, 0, 0, 1, 0, 0, 0, 0, 0, 0, 0, 0, 0, 0, 0, 0, 0, 0, 0, 0, 0, 0, 0, 0, 0, 0, 0, 0, 0, 0, 0, 0, 0, 0, 0, 0, 0, 0, 0, 0, 0, 0, 0, 0, 0, 0, 0, 0, 0, 0, 0, 0, 0, 0, 0, 0, 0, 0, 0, 0, 0, 0, 0, 0, 0, 0, 0, 0, 0, 0, 0, 0, 0, 0, 0, 0, 0, 0, 0, 0, 0, 0, 0, 0, 0, 0, 0, 0, 0, 0, 0, 0, 0, 0, 0, 0, 0, 0, 0, 0, 0, 0, 0, 0, 0, 0, 0, 0, 0, 0, 0, 0, 0, 0, 0, 0, 0, 0, 0, 0, 0, 0, 0, 0, 0, 0, 0, 0, 0, 0, 0, 0, 0, 0, 0, 0, 0, 0, 0, 0, 0, 0, 0, 0, 0, 0, 0, 0, 0, 0, 0, 0, 0, 0, 0, 0, 0, 0, 0, 0, 0, 0, 0, 0, 0, 0, 0, 0, 0, 0, 0, 0, 0, 0, 0, 0, 0, 0, 0, 0, 0, 0, 0, 0, 0, 0, 0, 0, 0, 0, 0, 0, 0, 0, 0, 0, 0, 0, 0, 0, 0, 0, 0, 0, 0, 0, 1, 1, 1, 1, 1, 1, 1, 0, 1, 1, 1, 1, 0, 1, 1, 1, 1, 1, 1, 1, 1, 1, 1, 1, 1, 1, 1, 1, 1, 1, 1, 1, 1, 1, 1, 1, 1, 1, 1, 1, 1, 1, 1, 1, 1, 1, 0, 1, 1, 1, 1, 1, 1, 1, 1, 1, 1, 1, 0, 1, 1, 1, 1, 1, 1, 1, 1, 1, 1, 1, 1, 1, 1, 1, 1, 1, 1, 1, 1, 1, 1, 1, 1, 1, 1, 1, 1, 1, 1, 1, 0, 1, 1, 1, 1, 1, 1, 1, 1, 0, 1, 1, 1, 1, 1, 1, 1, 1, 1, 1, 1, 1, 1, 1, 1, 1, 1, 1, 1, 1, 1, 1, 1, 1, 1, 1, 1, 1, 1, 0, 1, 1, 1, 1, 1, 1, 1, 1, 1, 1, 1, 1, 1, 1, 1, 1, 1, 0, 0, 0, 0, 0, 0, 0, 0, 0, 0, 0, 0, 0, 0, 0, 0, 0, 0, 0, 0, 0, 0, 0, 0, 0, 0, 0, 0, 0, 0, 0, 0, 0, 0, 0, 0, 0], "proba": [4.6627266185176656e-05, 5.1176391693180795e-06, 4.061239574792e-07, 1.0903579164787322e-05, 9.866926977536164e-06, 2.38632180283015e-06, 1.6419799508049314e-05, 0.07045167727575209, 1.735459114794681e-05, 2.2484044279050846e-07, 1.2814372063089567e-05, 1.315961248846679e-05, 8.695964578812996e-06, 0.00011875500018979802, 3.570669332020883e-05, 2.5954777071694676e-05, 0.013750865476265368, 4.2416384893114344e-05, 0.00025823973637074726, 0.005954389764419941, 9.036854743932616e-07, 1.3980299556210815e-05, 2.5242061210189068e-05, 2.2416358643670216e-05, 2.1217330642453128e-05, 8.857775349051774e-06, 5.8778531016876714e-06, 2.2132141758651795e-06, 0.00030064561194487573, 8.451281373833973e-06, 1.7641678880670368e-05, 1.4971558572393303e-05, 1.0105894856246898e-05, 2.179666063836008e-06, 1.986734420284844e-05, 8.819534354240543e-05, 3.8392217065948376e-06, 3.955626596428e-06, 0.00048758299251666247, 4.613384580585359e-05, 1.6804762682672405e-06, 8.027456414848073e-06, 8.848671392869254e-06, 1.374637137368262e-05, 3.952989426542429e-05, 1.317482545569283e-05, 1.1900117330836136e-05, 1.4193688306144117e-05, 0.00014445637033902879, 1.2453551962635597e-05, 4.096565898724848e-06, 3.0081022202807226e-08, 1.0079587680720144e-05, 2.509089030216173e-05, 2.813047152580488e-05, 1.8173857291168627e-05, 2.6965788794481077e-05, 2.6064973929028452e-05, 2.4352916913428165e-06, 1.843720632715328e-05, 1.202942792946623e-05, 0.530148063361652, 2.4462450207835734e-05, 5.716919739357577e-07, 1.79577341220961e-05, 1.3472718213498908e-05, 3.487864446270097e-05, 4.379112410453229e-05, 3.6895216886708534e-06, 1.995835534334086e-05, 6.395992507763234e-05, 8.670319004292886e-06, 2.9047770950937833e-05, 2.7291986345912387e-06, 7.732941233075046e-06, 5.048296553140888e-05, 3.9263053804977645e-05, 7.985224947505862e-05, 1.975197832662208e-06, 1.2112237630625533e-05, 8.850079688893185e-05, 8.553548927185405e-06, 1.5578834771078734e-05, 7.960142416345214e-05, 1.5337042506814382e-05, 8.24266912779098e-05, 7.595331989482754e-09, 6.26668410312397e-06, 7.187879247772308e-06, 4.258188296085214e-05, 2.681392800194826e-05, 4.7937567604278105e-05, 3.410635006950043e-06, 1.3930981360559629e-05, 2.3802618247297006e-05, 1.40888473359393e-05, 5.312357843909713e-06, 1.6314702378601986e-05, 4.658124080434161e-06, 5.478061762567376e-05, 1.0283218888942324e-05, 1.8205193490972468e-06, 0.0001466078256334064, 1.6912190238400133e-05, 2.9448143583715955e-05, 0.0009670981055476381, 5.864123781639465e-06, 6.412015917450831e-05, 3.6881880079902716e-06, 2.5209182076216258e-05, 4.391567896057747e-06, 4.283753512785474e-05, 1.1250503975933025e-06, 2.5208970582375924e-05, 4.383887503532615e-05, 3.2982229001575566e-05, 1.4072544004448993e-05, 2.1180542504751456e-06, 1.974409299550992e-07, 2.377038200839622e-06, 8.53959610826279e-06, 4.687564076926512e-06, 3.779900888989086e-05, 1.6932290829153688e-06, 3.08503884752838e-05, 1.2143856791643046e-05, 4.691996813253464e-07, 5.506711896551456e-06, 2.7442320343976822e-05, 6.692706861422373e-07, 6.248770213380279e-05, 5.49986599338234e-05, 8.744679345065068e-05, 0.005568453896405374, 0.00010462952584352438, 1.4340302535597426e-05, 5.626484411702862e-06, 8.32619750506364e-06, 6.450980884202634e-05, 5.449091471502809e-06, 8.610718518341207e-05, 6.122892999759536e-06, 4.689907479358507e-06, 6.386920809076376e-07, 1.0307044766821152e-05, 8.791021838201836e-06, 6.073287357079501e-07, 3.9328446170033584e-05, 0.00012354559394646351, 6.998614601780909e-07, 3.554726615360281e-05, 2.571374101918978e-05, 5.430432967540533e-05, 7.361881479648956e-07, 1.1678167794415078e-05, 7.10861237147454e-06, 4.039380024739283e-07, 1.8423997599490527e-05, 2.3044416253843028e-05, 8.119689991368328e-06, 0.0007083938683493732, 1.1250083985136617e-05, 9.772792099300088e-05, 5.846142971824735e-05, 6.19631558022021e-06, 9.437672281843348e-06, 7.077092696745511e-05, 3.626520590254232e-05, 2.859770643158572e-07, 0.00010010356146744399, 3.5720691834649536e-05, 5.895201841183409e-05, 5.296179077806835e-06, 2.6175238738368927e-05, 7.484399789932747e-06, 7.508196835673303e-06, 2.5875114267732123e-05, 9.647888324936287e-06, 0.00018100295442293612, 2.166087606244285e-06, 2.099813782698181e-05, 1.424137566109197e-05, 1.6279268247459057e-05, 3.459455882753817e-05, 0.00038807276117235794, 7.167954939419883e-06, 1.3452986659398224e-05, 0.00010236195637656092, 1.594129594705164e-05, 3.930584651675096e-05, 6.67205622727027e-08, 6.992931767823078e-05, 6.55462473347389e-06, 7.170152393161746e-06, 8.633638014247518e-06, 8.144090568724056e-05, 1.4788468814093713e-05, 1.0126830783281919e-05, 2.4591527850780923e-05, 3.2773289770551053e-06, 1.2712393711751257e-05, 3.786690189600955e-05, 2.040618343656573e-05, 1.185282699838234e-05, 3.186945111782443e-05, 3.1445010401062974e-05, 2.522716714281112e-06, 1.6498211571425588e-05, 5.430379257319889e-05, 1.4958593941217538e-05, 1.8976423215184536e-05, 4.5223011562558606e-05, 3.386851681057617e-05, 2.2304350068126158e-05, 2.33890579205252e-05, 1.3879742155491946e-05, 4.303670776039206e-05, 0.0002393083982858723, 3.038737892499854e-06, 5.767667755494277e-05, 1.865531730007321e-05, 2.782634644448636e-07, 5.609219050119991e-05, 6.3765657219301994e-06, 9.720373090739334e-07, 5.514952512792167e-05, 2.3196873474467163e-05, 3.575082874508684e-05, 8.24498105625395e-06, 3.720142106953026e-05, 0.00010480209330325482, 5.50293278068115e-06, 2.1519530620565277e-05, 1.2421240119327572e-05, 3.6488087673094554e-05, 9.346409577878413e-05, 1.9542770900107324e-07, 2.5467199054364005e-07, 7.742545666206245e-06, 0.00019469150825349047, 8.097766296025104e-05, 2.002879388136375e-06, 2.2913534966048713e-05, 5.721229011521579e-05, 1.5306828467995932e-06, 2.151490870058605e-05, 2.8498375267761832e-05, 4.68020542992827e-05, 4.583168937757245e-05, 0.004430068195670157, 3.856323435497271e-06, 4.345622620459428e-06, 7.81233694028884e-06, 2.6964088332775893e-05, 5.118221401814489e-06, 