{"metrics": {"test": {"fp": [1], "f1_score": [0.85], "risk": [0.13043478260869565], "recall": [0.7555555555555555], "sensitivity": [0.7555555555555555], "precision": [0.9714285714285714], "tp": [34], "tn": [46], "specificity": [0.9787234042553191], "fn": [11]}, "train": {"fp": [16], "f1_score": [0.7854785478547855], "risk": [0.17615176151761516], "recall": [0.7083333333333334], "sensitivity": [0.7083333333333334], "precision": [0.8814814814814815], "tp": [119], "tn": [185], "specificity": [0.9203980099502488], "fn": [49]}}, "model": {"n_features": 19753177}, "data": {"path": "/scratch/adrouin/patric_data/single_species_datasets/azithromycin___-8916328542551230855/dataset.kover", "split": "train_0.800_seed_1_10_folds", "uuid": "1873357e-547d-11e8-9998-f0921c053df8"}, "predictions": {"binary": [0, 0, 0, 0, 0, 1, 0, 0, 0, 0, 0, 0, 0, 0, 0, 0, 0, 0, 0, 0, 0, 0, 0, 0, 0, 0, 0, 0, 0, 1, 0, 0, 0, 0, 0, 0, 0, 0, 0, 0, 0, 0, 0, 0, 0, 0, 0, 0, 0, 0, 0, 1, 0, 0, 0, 0, 0, 0, 0, 0, 0, 1, 0, 0, 0, 0, 0, 0, 0, 0, 0, 1, 0, 0, 0, 1, 0, 0, 0, 0, 0, 0, 0, 0, 1, 0, 0, 0, 0, 0, 0, 0, 1, 0, 0, 0, 0, 0, 0, 0, 1, 0, 0, 0, 0, 0, 0, 0, 0, 0, 0, 1, 0, 0, 0, 0, 0, 0, 0, 0, 0, 0, 0, 0, 0, 0, 0, 0, 0, 0, 0, 0, 0, 0, 0, 0, 0, 0, 0, 0, 0, 0, 0, 0, 0, 1, 0, 0, 0, 0, 0, 0, 0, 0, 1, 0, 0, 0, 0, 0, 0, 0, 0, 0, 0, 0, 0, 0, 0, 0, 1, 0, 0, 0, 0, 0, 0, 1, 0, 0, 0, 0, 0, 0, 0, 0, 0, 0, 0, 0, 0, 0, 0, 0, 0, 0, 0, 0, 0, 0, 0, 0, 1, 0, 0, 0, 0, 0, 0, 0, 0, 0, 0, 1, 0, 0, 0, 0, 0, 0, 0, 0, 0, 0, 0, 0, 0, 0, 0, 1, 0, 0, 0, 0, 0, 0, 0, 0, 0, 0, 0, 0, 0, 0, 0, 0, 0, 0, 1, 1, 1, 1, 1, 0, 1, 1, 1, 1, 1, 1, 1, 1, 0, 0, 0, 1, 0, 1, 1, 1, 1, 1, 1, 1, 1, 1, 0, 0, 0, 0, 0, 1, 1, 1, 1, 1, 1, 1, 1, 0, 1, 1, 1, 1, 1, 1, 1, 0, 0, 1, 1, 0, 1, 1, 1, 0, 0, 1, 1, 1, 1, 1, 1, 1, 0, 1, 1, 0, 1, 1, 0, 1, 1, 1, 1, 0, 1, 0, 0, 0, 1, 0, 1, 1, 1, 1, 1, 0, 0, 1, 1, 1, 1, 1, 1, 1, 1, 1, 1, 1, 1, 0, 1, 1, 1, 1, 1, 0, 0, 1, 1, 1, 1, 0, 1, 0, 1, 1, 0, 0, 1, 1, 1, 1, 0, 0, 0, 1, 0, 0, 1, 0, 0, 1, 1, 0, 1, 1, 0, 1, 1, 1, 0, 1, 1, 1, 1, 0, 1, 1, 1, 0, 1, 1, 1, 1, 1, 0, 1, 1, 1, 1, 1, 1, 0, 1, 1, 1, 0, 1, 1, 1, 0, 1, 0, 0, 1, 0, 1, 1, 1, 1, 1, 1, 1, 0, 1, 0, 1, 0, 0, 0, 1, 0, 1, 1, 1, 1, 1, 0, 1, 1, 1, 1, 1, 1, 1, 1, 0, 1, 1], "proba": [0.6431528275878332, 0.6429575287867804, 0.678443458857071, 0.6871172501053543, 0.6311640540191369, 0.23230405087003905, 0.5860802404955431, 0.5934372766188287, 0.5475113935248807, 0.6469422089250745, 0.6831865202501279, 0.6102780061493358, 0.6219789972835529, 0.5860081289614877, 0.6848714233235973, 0.6268116699804578, 0.615214805361991, 0.6153769258807136, 0.5674859707390495, 0.5678375912626048, 0.6272844055548226, 0.5700382715035163, 0.542442194347482, 0.6839685772952977, 0.6477673233052437, 0.6680513013961173, 0.5933468940461673, 0.6893276085974456, 0.5009817791596949, 0.46474930668179226, 0.6604297777165371, 0.6827793851282277, 0.6504193049490273, 0.5425838892780812, 0.5888598758102498, 0.6904100964821059, 0.6220017654461308, 0.6271923066501824, 0.5523865514591031, 0.5974634825164663, 0.6415148012089132, 0.6718753055890672, 0.6295427155732107, 0.5922466862132721, 0.631090498641391, 0.6729052339698954, 0.5688060798755917, 0.6516918636232908, 0.6277968333181255, 0.6852928846099708, 0.6147877318614658, 0.26306421276579034, 0.6031835509751174, 0.6220340893485371, 0.5352341402148951, 0.6707775592549727, 0.6153843235766254, 0.5912046007167356, 0.5914643274247766, 0.6093610866304634, 0.646148391125848, 0.2280422597806051, 0.6322494879618379, 0.5940312265714628]}}