{"metrics": {"test": {"fp": [1], "f1_score": [0.9302325581395349], "risk": [0.06521739130434782], "recall": [0.8888888888888888], "sensitivity": [0.8888888888888888], "precision": [0.975609756097561], "tp": [40], "tn": [46], "specificity": [0.9787234042553191], "fn": [5]}, "train": {"fp": [0], "f1_score": [1.0], "risk": [0.0], "recall": [1.0], "sensitivity": [1.0], "precision": [1.0], "tp": [168], "tn": [201], "specificity": [1.0], "fn": [0]}}, "model": {"n_features": 19753177}, "data": {"path": "/scratch/adrouin/patric_data/single_species_datasets/azithromycin___-8916328542551230855/dataset.kover", "split": "train_0.800_seed_1_10_folds", "uuid": "1873357e-547d-11e8-9998-f0921c053df8"}, "predictions": {"binary": [0, 0, 0, 0, 0, 0, 0, 0, 0, 0, 0, 0, 0, 0, 0, 0, 0, 0, 0, 0, 0, 0, 0, 0, 0, 0, 0, 0, 0, 0, 0, 0, 0, 0, 0, 0, 0, 0, 0, 0, 0, 0, 0, 0, 0, 0, 0, 0, 0, 0, 0, 0, 0, 0, 0, 0, 0, 0, 0, 0, 0, 0, 0, 0, 0, 0, 0, 0, 0, 0, 0, 1, 0, 0, 0, 0, 0, 0, 0, 0, 0, 0, 0, 0, 0, 0, 0, 0, 0, 0, 0, 0, 0, 0, 0, 0, 0, 0, 0, 0, 0, 0, 0, 0, 0, 0, 0, 0, 0, 0, 0, 0, 0, 0, 0, 0, 0, 0, 0, 0, 0, 0, 0, 0, 0, 0, 0, 0, 0, 0, 0, 0, 0, 0, 0, 0, 0, 0, 0, 0, 0, 0, 0, 0, 0, 0, 0, 0, 0, 0, 0, 0, 0, 0, 0, 0, 0, 0, 0, 0, 0, 0, 0, 0, 0, 0, 0, 0, 0, 0, 0, 0, 0, 0, 0, 0, 0, 0, 0, 0, 0, 0, 0, 0, 0, 0, 0, 0, 0, 0, 0, 0, 0, 0, 0, 0, 0, 0, 0, 0, 0, 0, 0, 0, 0, 0, 0, 0, 0, 0, 0, 0, 0, 0, 0, 0, 0, 0, 0, 0, 0, 0, 0, 0, 0, 0, 0, 0, 0, 0, 0, 0, 0, 0, 0, 0, 0, 0, 0, 0, 0, 0, 0, 0, 0, 0, 0, 0, 1, 1, 1, 1, 1, 1, 1, 1, 1, 1, 1, 1, 1, 1, 1, 1, 0, 1, 0, 1, 1, 1, 1, 1, 1, 1, 1, 1, 1, 1, 1, 0, 1, 1, 1, 1, 1, 1, 1, 1, 1, 1, 1, 1, 1, 1, 1, 1, 1, 1, 1, 1, 1, 1, 1, 1, 1, 1, 1, 1, 1, 1, 1, 1, 1, 1, 1, 1, 1, 1, 1, 1, 1, 1, 1, 1, 1, 1, 1, 1, 1, 1, 1, 1, 1, 1, 1, 1, 1, 1, 1, 1, 1, 1, 1, 1, 1, 1, 1, 1, 1, 1, 1, 1, 1, 1, 1, 1, 1, 1, 1, 1, 1, 1, 1, 1, 1, 1, 1, 1, 1, 1, 1, 1, 1, 1, 1, 1, 1, 1, 1, 1, 1, 1, 1, 1, 1, 1, 1, 1, 1, 1, 1, 1, 1, 1, 1, 1, 1, 1, 1, 1, 1, 1, 1, 1, 1, 1, 1, 0, 1, 1, 1, 1, 1, 1, 1, 1, 1, 1, 1, 1, 1, 1, 0, 1, 1, 1, 1, 1, 1, 1, 1, 1, 1, 1, 1, 1, 1, 1, 1, 1, 1, 1, 1, 1, 1, 1, 1, 1, 1, 1, 1, 1, 1, 1, 1, 1, 1, 1, 1, 1, 1], "proba": [0.009283734011023833, 0.00714703765927629, 0.016171261214672758, 0.014733009325005174, 0.0312582311047307, 0.031282352459516514, 0.02952379592625473, 0.3137571485533941, 0.031210330768417144, 0.02412806835819543, 0.015161055899689574, 0.010516692388925504, 0.02275903468063797, 0.03124992959998571, 0.012120447646509666, 0.06677671689477614, 0.015409851088854397, 0.031234257776994054, 0.02408381593284399, 0.03125768119836155, 0.022148370683244246, 0.031252802597728516, 0.05159505659549897, 0.01745577706537801, 0.007574546788187671, 0.013738183073818841, 0.022704025147515478, 0.024511311011884116, 0.0312683971609165, 0.014838792308654569, 0.03329220727110574, 0.008863034447159105, 0.010777012410479755, 0.03124147550504912, 0.03128249387963404, 0.009907162726070753, 0.021215160006491783, 0.04126048599227393, 0.031246983151338812, 0.009847101615823719, 0.016498413088498313, 0.0224304979230178, 0.031241812629917758, 0.026617261667990364, 0.030302116121332077, 0.009950105421051552, 0.031251786380969614, 0.016546529940555377, 0.029259122435867285, 0.02323555384307115, 0.010859299723236421, 0.03128843069288626, 0.006171352330969622, 0.020903697650118375, 0.031242968248862246, 0.03124671048950849, 0.027065133089931814, 0.010506099059254412, 0.03125723635784903, 0.03123675600183042, 0.022275052542312896, 0.028774133300928914, 0.03126638617782604, 0.03127276166657513, 0.01739412997414534, 0.01255391775305285, 0.03124416566594275, 0.026036482943261934, 0.015768873627551402, 0.03126627581231184, 0.031245804599779714, 0.47792268140957, 0.012902235079069594, 0.010741433038788616, 0.015495270877386351, 0.02881218022609216, 0.048367748531073285, 0.03122831689111832, 0.02009593494432059, 0.02414335708235807, 0.006590097933239702, 0.012200358681238371, 0.031206437756438568, 0.025905569199987204, 0.031219776470492698, 0.031243795969197796, 0.034286097736712186, 0.028984160515779855, 0.03126948266863532, 0.009972070832952887, 0.024604930587356744, 0.031222585292370382, 0.03128762077448434, 0.031221453015975124, 0.0013334447335808554, 0.01036716863756824, 0.03124450564343986, 0.011501295443520312, 0.026530532293947952, 0.031223738446918024, 0.028036139271335175, 0.02585868413939514, 0.031237322079147666, 0.031271246359175664, 0.011352771848132426, 0.031281009683153324, 0.03121780067444611, 0.010465146235309171, 0.014578748449625752, 0.017501783447715795, 0.02612042782851655, 0.031211203723342726, 0.025522503536507018, 0.01113327125037098, 0.010448719457329475, 0.026071828115428942, 0.02656842891621614, 0.009140629698932413, 0.031243241073190302, 0.028685594167997965, 0.031280368072225534, 0.01374575878012476, 0.010375563258295693, 0.0312336143188802, 0.03123785979423738, 0.01326748893443589, 0.027146994925890115, 0.019418096074716305, 0.02888521978753996, 0.09957332069794479, 0.02144859478115169, 0.01958783838184957, 0.03127633010985279, 0.02726157012054286, 0.012210963653306236, 0.013836251098003483, 0.1502242885920893, 0.031225185572982966, 0.02408249752349247, 0.031212064545505146, 0.031227577342448666, 0.026882231707011393, 0.030094117809849236, 0.008583696105991545, 0.01733971159736326, 0.031288833753107474, 0.012831272066208968, 0.014502116757358621, 0.012227358733076905, 0.03128049242041369, 0.014097602073788374, 0.010285007036426132, 0.025894878222696052, 0.01634098784472396, 0.028886204715063403, 0.01766875551013262, 0.01658075639144949, 0.02474973537113354, 0.008418424312312071, 0.010776376884308873, 0.024231288260646668, 0.01636606858028014, 0.023819065773852933, 0.017248145510965526, 0.031238305591578176, 0.021266287154847654, 0.018860822158311717, 0.025720139567019136, 0.031225085725873764, 0.00648137113767169, 0.03128687019964165, 0.010312177294984333, 0.0065346393579150805, 0.02186474646368301, 0.03127242267034815, 0.010436904615915465, 0.025021640262280265, 0.02229875576544189, 0.009649166881891706, 0.014115374948947525, 0.03128138810290252, 0.024049674808108903, 0.031249567998046655, 0.024667567662145836, 0.03110000861556526, 0.02680298629359024, 0.011073983316244195, 0.03126210291788457, 0.031239120225897647, 0.03123541559429932, 0.031244837796401442, 0.018221223416156493, 0.027117725610535045, 0.008580012237167816, 0.031250442426487474, 0.014481731346431435, 0.02179878380453491, 0.03125348884186367, 0.009717384004991367, 0.016305863241312273, 0.022199399379906178, 0.03125904367461235, 0.03121742082220938, 0.020053988825364993, 0.031223566529224277, 0.031240584517396013, 0.03124216200248945, 0.031245664342454176, 0.021984581647964414, 0.016687747610037332, 0.031254140858259886, 0.015133830933621372, 0.015560433845319598, 0.031216074475521688, 0.011559415531088963, 0.012347552282874975, 0.023322828746085145, 0.031271887606354756, 0.011560186285349128, 0.03123621515527526, 0.010576972276523666, 0.031238501577340993, 0.029582731235183183, 0.03125373502125806, 0.031224380424137464, 0.006292453978123148, 0.19121275354650275, 0.031264156644802886, 0.03127134689834408, 0.031208985396547307, 0.022883637925455558, 0.008673660402885638, 0.0312816674409708, 0.031241741244908652, 0.0312534898816365, 0.010203932506782823, 0.01006714948542644, 0.05500743960134551, 0.02142723686856979, 0.009082832463003105, 0.02473457227493902, 0.03378828952038752, 0.022389927687676447, 0.006602121894205786, 0.01773238496916638, 0.028111032719003632, 0.02055889985425727, 0.025944069324438476, 0.9614707749082068, 0.9614447229114592, 0.9698254845881203, 0.9614397958288743, 0.9476220673188054, 0.9614389031949043, 0.9678556456575285, 0.9554590667113733, 0.9760995314336693, 0.9614618026530496, 0.9763949494336994, 0.9622235906462249, 0.9703408811568537, 0.969790820140662, 0.9614547600581981, 0.9614091176234832, 0.04283129555827618, 0.9722086938536219, 0.27433116277434605, 0.9614744078160257, 0.9670211080013159, 0.9644638880855074, 0.96927215297494, 0.9763614001095937, 0.9614661856818132, 0.964833451413613, 