{"metrics": {"test": {"fp": [4], "f1_score": [0.9473684210526316], "risk": [0.08620689655172414], "recall": [0.9782608695652174], "sensitivity": [0.9782608695652174], "precision": [0.9183673469387755], "tp": [45], "tn": [8], "specificity": [0.6666666666666666], "fn": [1]}, "train": {"fp": [0], "f1_score": [1.0], "risk": [0.0], "recall": [1.0], "sensitivity": [1.0], "precision": [1.0], "tp": [187], "tn": [45], "specificity": [1.0], "fn": [0]}}, "model": {"n_features": 9936}, "data": {"path": "/scratch/adrouin/patric_data/single_species_datasets/spectinomycin___-736338835843459561/dataset.kover", "split": "train_0.800_seed_5_10_folds", "uuid": "e8e8b8ee-07ef-11e8-8609-001b2193b764"}, "predictions": {"binary": [0, 0, 0, 0, 0, 0, 0, 0, 0, 0, 0, 1, 0, 0, 0, 0, 0, 0, 0, 0, 0, 0, 0, 0, 0, 0, 0, 1, 0, 0, 0, 1, 0, 0, 0, 0, 0, 0, 1, 0, 0, 0, 0, 0, 0, 0, 0, 0, 0, 0, 0, 0, 0, 0, 0, 0, 0, 1, 1, 1, 1, 1, 1, 1, 1, 1, 1, 1, 1, 1, 1, 1, 1, 1, 1, 1, 1, 1, 1, 1, 1, 1, 1, 1, 1, 1, 1, 1, 1, 1, 1, 1, 1, 1, 1, 1, 1, 1, 1, 1, 1, 1, 1, 1, 1, 1, 1, 1, 1, 1, 0, 1, 1, 1, 1, 1, 1, 1, 1, 1, 1, 1, 1, 1, 1, 1, 1, 1, 1, 1, 1, 1, 1, 1, 1, 1, 1, 1, 1, 1, 1, 1, 1, 1, 1, 1, 1, 1, 1, 1, 1, 1, 1, 1, 1, 1, 1, 1, 1, 1, 1, 1, 1, 1, 1, 1, 1, 1, 1, 1, 1, 1, 1, 1, 1, 1, 1, 1, 1, 1, 1, 1, 1, 1, 1, 1, 1, 1, 1, 1, 1, 1, 1, 1, 1, 1, 1, 1, 1, 1, 1, 1, 1, 1, 1, 1, 1, 1, 1, 1, 1, 1, 1, 1, 1, 1, 1, 1, 1, 1, 1, 1, 1, 1, 1, 1, 1, 1, 1, 1, 1, 1, 1, 1, 1, 1, 1, 1, 1, 1, 1, 1, 1, 1, 1, 1, 1, 1, 1, 1, 1, 1, 1, 1, 1, 1, 1, 1, 1, 1, 1, 1, 1, 1, 1, 1, 1, 1, 1, 1, 1, 1, 1, 1, 1, 1, 1, 1, 1, 1, 1, 1, 1, 1, 1, 1, 1, 1, 1, 1, 0, 0, 0, 0, 0, 0, 0, 0, 0, 0, 0, 0, 0, 0, 0, 0, 0, 0, 0, 0, 0, 0, 0, 0, 0, 0, 0, 0, 0, 0], "proba": [6.431123110914202e-06, 3.2557153996884896e-06, 2.743301376528301e-07, 4.7485417077695575e-06, 6.038030730187938e-06, 7.190671280298375e-07, 5.078733965825431e-06, 4.395634287127409e-06, 0.1130731151983937, 1.2647778009417386e-05, 1.5972352207913017e-05, 0.999998603870981, 1.0692477394268335e-05, 1.5068087270739567e-05, 1.0557890393166492e-05, 1.5882582275867552e-05, 1.5875173370499255e-05, 1.0999362211260511e-05, 1.0305303587036246e-05, 1.731834873714332e-05, 2.2536135677638763e-05, 1.3950219048984392e-05, 1.5121101110389843e-05, 1.5397577857399672e-05, 1.7035371758783654e-05, 1.5740772381921366e-05, 1.0543387153345789e-05, 0.9999999392217264, 1.87551280542887e-05, 1.9165813328185762e-05, 0.005880610908556137, 0.9999303520558219, 9.345220245704371e-06, 2.8490603028057e-06, 5.4476635022813245e-06, 6.606338954761197e-06, 6.356291230990528e-06, 3.400692914298316e-06, 0.9999701886055323, 1.7349061886709726e-06, 7.822556958764436e-06, 0.000825353808557892, 9.917076618193916e-06, 1.137852037364943e-05, 6.871559320317661e-09, 2.5173943610115268e-05, 2.699241632268105e-05, 2.3093575428537577e-05, 8.450019004361424e-06, 9.396810398387178e-06, 8.92202733603354e-06, 4.4033607755221574e-06, 3.6940593634454875e-05, 4.221994933482592e-06, 1.1580113548804934e-05, 4.0939770215299695e-06, 2.191450534461149e-05, 0.9999920361440613, 0.9999585110198276, 0.999996404339583, 0.9999995649306005, 0.9999940784567343, 0.9999029405300386, 0.9999782917667702, 0.9999689732532894, 0.9995112501200042, 0.9999281175300254, 0.999747058844632, 0.9922365540642868, 0.9999556594136423, 0.9999727338864767, 0.9999881105287086, 0.9999929883899131, 0.999988160145915, 0.9999764754103551, 0.9999600893031937, 0.9999960677827388, 0.9999797918423076, 0.9999765283393653, 0.9999931173011347, 0.9999987357896909, 0.9999430012707715, 0.9999988811521497, 0.9999773676364841, 0.9999893429703693, 0.9999694123304202, 0.9999998348405166, 0.999984231667332, 0.9999983655246284, 0.9999990069574989, 0.999989790613087, 0.9999997618043442, 0.9999867252639952, 0.9999773140213107, 0.9999823777182846, 0.9999670915981571, 0.999999045540596, 0.999999192448149, 0.9999990444534681, 0.9999847574623791, 0.9999992069894617, 0.9999978064832276, 0.9999995597877788, 0.9999859447316872, 0.9999997089499172, 0.9999952496020272, 0.999998295066657, 0.9999996250040529, 0.9999867587676196, 0.9999997668178511, 0.20285453959137154, 0.9999742721902234, 0.9819894169387082, 0.9410111761763019, 0.9999947292147258, 0.9999903141555999, 0.9999971913456551, 0.9999865916555181, 0.9999989902097439, 0.9999800796866036, 0.9999903954021193, 0.999986088543468, 0.9999986400364876, 0.9999966880746464, 0.9939691802636635, 0.999979700746742, 0.999974827857202, 0.9999773080530636, 0.9999722694093501, 0.9999767480050471, 0.9999839150341799, 0.9999967033325677, 0.9999942290661675, 0.999990067353258, 0.9999950786278359, 0.9999990291688586, 0.9999954082808924, 0.9999970563070605, 0.9999900843184016, 0.9999668499898451, 0.9999955248069877, 0.9999970857467181, 0.9999651199511231, 0.9999992736459855, 0.9998820278684535, 0.9999592433892237, 0.9998580576155432, 0.9999938501074342, 0.9999819828565343, 0.9999990076901569, 0.9999942975812286, 0.9999915295445918, 0.9999976202779864, 0.9999999190039178, 0.9999777515576714, 0.9999532278523916, 0.9999996599948676, 0.9999923747324725, 0.9897500247335987, 0.9999921648888254, 0.9999911929863508, 0.9999947507629614, 0.999995188397771, 0.9999721501130054, 0.999767132760086, 0.999986629830426, 0.9999969217552714, 0.999996010122674, 0.9999737613396736, 0.9999952586743082, 0.9999893636124337, 0.9999999470739341, 0.9999887283189727, 0.9999971418664734, 0.9999888949506174, 0.9999999326378691, 0.9999976858446121, 0.999994535393949, 0.9999850111951594, 0.9999990127516042, 0.9999996345615697, 0.9999986696541695, 0.9999980884690489, 0.9904325309057231, 0.9999830181396172, 0.9999473451470519, 0.9999978523600864, 0.9999992613386527, 0.9999989014036771, 0.9999995814921199, 0.999999386791865, 0.9999998934573353, 0.9999876829474196, 0.9999996543175287, 0.9999998207830599, 0.9999931373024809, 0.9999999604083631, 0.9999985119910171, 0.9999320163918637, 0.9999860761726355, 0.9999885773812726, 0.9999982389614923, 0.9999981951699572, 0.9995544945632772, 0.999908287146792, 0.9974905104377108, 0.9999400039305513, 0.9999953309059635, 0.9999997165137373, 0.9999966451605593, 0.9999999052792642, 0.9999134839674672, 0.9999990449091831, 0.9999468364564519, 0.9999913219958465, 0.9999924305184769, 0.9999966928966707, 0.9999997561054883, 0.9999924776437636, 0.9999998104892612, 0.9999964294330254, 0.9999955695897546, 0.9999709168275764, 0.9999612677242735, 0.9999638342446776, 0.9999944560539903, 0.9999987310220746, 0.99998796121209, 0.9999674371061941, 0.9999944302074715, 0.9999918903503155, 0.9999962242231064, 0.9999504069840073, 0.9999706215722095, 0.9999905623107804, 0.9999962781769518, 0.999945667979987, 0.9999999440613063, 0.9999885362283853, 0.9999878463290398, 0.9999821735629792, 0.9999726018138323, 0.9999818144260434, 0.9999663196309567, 0.9999613780333098, 0.9988247837333648, 0.9999866409945388, 0.999961478623594, 0.9999724193040166, 0.9999881532346564, 0.9999448079065717, 0.999995881700201, 0.9999852696706466, 0.9999717378033959, 0.9997715436205487, 0.9999966375035699, 0.9999962189834013, 0.99999903624529, 0.9999804378895747, 0.999988203621154, 0.9998982454762891, 0.9999956948218643, 0.9999999118644713, 0.9999970530855656, 0.9999912884206933, 0.9999988856117383, 0.9999998611571241, 0.9999770683294247, 0.9999990486774202, 0.9999974156817218, 0.9999899358823455, 0.9999830104547407, 0.999994188647425, 0.999998502897611, 0.9999974417786264, 0.9999990676826175, 0.9999962826829916, 0.9999968103589907, 0.9999634422614818, 0.9999977143160613, 0.999999347611072, 0.9999466675108518, 0.9999994235003233, 0.9999946401646022, 0.9999947861620271, 0.9999870967273903, 0.9999891484943397, 0.9999915259130809, 0.9999895991609966, 0.9999951500920675, 0.5, 0.5, 0.5, 0.5, 0.5, 0.5, 0.5, 0.5, 0.5, 0.5, 0.5, 0.5, 0.5, 0.5, 0.5, 0.5, 0.5, 0.5, 0.5, 0.5, 0.5, 0.5, 0.5, 0.5, 0.5, 0.5, 0.5, 0.5, 0.5, 0.5]}}