{"metrics": {"test": {"fp": [5], "f1_score": [0.5789473684210527], "risk": [0.16161616161616163], "recall": [0.5], "sensitivity": [0.5], "precision": [0.6875], "tp": [11], "tn": [72], "specificity": [0.935064935064935], "fn": [11]}, "train": {"fp": [1], "f1_score": [0.9927007299270074], "risk": [0.002506265664160401], "recall": [1.0], "sensitivity": [1.0], "precision": [0.9855072463768116], "tp": [68], "tn": [330], "specificity": [0.9969788519637462], "fn": [0]}}, "model": {"n_features": 1000000}, "data": {"path": "/scratch/adrouin/data/patric/single_species_datasets/amikacin___-9072632565547958275/dataset.kover", "split": "train_0.800_seed_0_10_folds", "uuid": "af064fce-07bd-11e8-810d-001b2193b764"}, "predictions": {"binary": [0, 0, 0, 0, 0, 0, 0, 0, 0, 0, 0, 0, 0, 0, 0, 0, 0, 0, 0, 0, 0, 0, 0, 0, 0, 0, 0, 0, 0, 0, 0, 0, 0, 0, 0, 0, 0, 0, 0, 0, 0, 0, 0, 0, 0, 0, 0, 1, 0, 0, 0, 0, 0, 0, 0, 0, 0, 0, 0, 0, 0, 0, 0, 0, 0, 0, 0, 0, 0, 0, 0, 0, 0, 0, 0, 0, 0, 0, 0, 0, 0, 0, 0, 0, 1, 0, 0, 0, 0, 0, 0, 0, 0, 0, 0, 0, 0, 0, 0, 0, 0, 0, 0, 0, 0, 0, 0, 0, 0, 0, 0, 0, 0, 0, 0, 0, 0, 0, 0, 0, 0, 0, 0, 0, 0, 0, 0, 0, 0, 0, 0, 0, 0, 0, 0, 0, 0, 0, 0, 0, 0, 0, 0, 0, 0, 0, 0, 0, 0, 0, 0, 0, 0, 0, 0, 0, 0, 0, 0, 0, 0, 0, 0, 0, 0, 0, 0, 0, 0, 0, 0, 0, 0, 0, 0, 0, 0, 0, 0, 0, 0, 0, 0, 0, 0, 0, 0, 0, 0, 0, 0, 0, 0, 0, 0, 0, 0, 0, 0, 0, 0, 0, 0, 0, 0, 0, 0, 0, 0, 0, 0, 0, 0, 0, 0, 0, 0, 0, 0, 0, 0, 0, 0, 0, 0, 0, 0, 0, 0, 0, 0, 0, 0, 0, 0, 0, 0, 0, 0, 0, 0, 0, 1, 0, 0, 0, 1, 0, 0, 0, 0, 0, 0, 0, 0, 0, 0, 0, 0, 0, 0, 0, 0, 0, 0, 0, 0, 0, 0, 0, 0, 0, 0, 0, 0, 0, 0, 1, 0, 0, 0, 0, 0, 0, 0, 0, 0, 0, 0, 0, 0, 0, 0, 0, 0, 0, 0, 0, 0, 0, 0, 0, 0, 0, 0, 0, 0, 0, 0, 0, 0, 0, 0, 0, 0, 0, 0, 0, 0, 0, 0, 0, 0, 0, 0, 0, 0, 0, 0, 0, 0, 0, 0, 0, 0, 0, 0, 0, 0, 0, 0, 0, 0, 0, 0, 0, 0, 0, 0, 0, 0, 0, 0, 0, 0, 0, 0, 0, 0, 1, 0, 0, 0, 0, 0, 0, 0, 0, 0, 0, 0, 0, 0, 0, 0, 0, 0, 0, 0, 0, 0, 0, 0, 0, 0, 0, 0, 0, 0, 0, 0, 0, 0, 0, 0, 0, 0, 0, 0, 0, 0, 0, 0, 0, 0, 0, 0, 0, 1, 1, 1, 1, 1, 1, 1, 1, 1, 1, 1, 1, 1, 1, 1, 1, 1, 1, 1, 1, 1, 1, 1, 0, 0, 1, 1, 1, 1, 1, 1, 1, 1, 1, 0, 1, 0, 1, 1, 1, 0, 1, 1, 1, 0, 1, 1, 1, 1, 1, 0, 1, 1, 1, 1, 1, 1, 1, 1, 1, 0, 1, 1, 1, 1, 1, 1, 1, 1, 1, 1, 1, 0, 1, 1, 1, 0, 1, 1, 1, 1, 1, 1, 1, 1, 1, 1, 1, 0, 1, 0, 0, 0, 0, 0, 0, 0, 0, 0, 0, 0, 0, 0, 0], "proba": [1.587821044503263e-11, 5.131304388213708e-08, 1.2246828097897817e-06, 5.603155462831237e-13, 1.7143018516926163e-11, 2.068533550766695e-07, 0.15103806352875038, 2.899804126339804e-08, 1.1652756734344594e-09, 6.472919013643389e-10, 5.4278045350624215e-08, 1.818606100712492e-07, 3.130237491987651e-08, 1.1777049348013873e-08, 7.25819538790075e-10, 1.2203023726145595e-11, 1.311546928349045e-11, 1.2754151601384264e-08, 5.387823055454684e-09, 4.518181964116654e-10, 1.0937471329902824e-07, 2.0305439350489434e-11, 1.2654674655872536e-07, 7.264682092284041e-07, 8.129389198507672e-07, 0.06437241914099529, 4.6535610543339674e-11, 6.421278906093433e-07, 2.305082796200356e-06, 9.445771541611844e-07, 4.062369221535853e-11, 4.219609727712313e-11, 2.2769531648431545e-07, 1.8934504534178438e-06, 7.019615709168124e-07, 2.2675117168966818e-07, 1.6545111291079562e-09, 2.426505859251836e-07, 2.5391188833677672e-09, 2.384921051412514e-06, 3.533719656971406e-07, 3.284980604158923e-08, 9.59127672742011e-10, 6.286806827765118e-10, 1.5978493318542837e-10, 2.4764110886169997e-09, 4.925170214921293e-10, 0.8311145741293509, 8.826021809574332e-09, 4.3203269279570625e-07, 5.3847305204072805e-12, 1.0779880454368802e-09, 1.6897072211610583e-12, 2.909812872596109e-08, 1.3269889973737912e-11, 3.55102248318086e-12, 8.76247624425445e-09, 3.55102248318086e-12, 2.2200788692380506e-09, 1.813176492932912e-09, 8.425810978683871e-08, 2.357927735432637e-08, 7.513033896083718e-09, 2.2143228979806896e-11, 8.829436582882334e-10, 1.8194861617748122e-07, 8.460753017926494e-09, 6.764631773282047e-08, 2.3877788166517558e-08, 2.1226738728290808e-10, 2.975214556522407e-10, 2.265204035776004e-07, 0.0005830734571915844, 7.92668269405422e-09, 1.6101376204804524e-08, 3.5822936025985494e-07, 5.1431136687329624e-09, 4.0857985981584624e-07, 4.5830005652461236e-07, 1.8375249843656033e-07, 1.48326486608425e-07, 6.772675081673108e-05, 3.982713025542201e-10, 7.762105282459754e-10, 0.999999999999998, 4.221550478477951e-06, 1.1323847171285174e-06, 1.609028435557757e-08, 1.4955910024631537e-07, 6.822229424195032e-05, 1.0091367587605368e-07, 5.9246566920799136e-06, 1.0516019600695487e-07, 1.0173699624550382e-08, 9.654344468680777e-08, 1.1348094468699953e-08, 6.26829105508299e-08, 4.648230994773004e-08, 8.905552719229335e-07, 1.8532335951651046e-08, 2.692182145762262e-07, 2.8033857243191183e-07, 2.3300277530329229e-07, 5.156760823168173e-07, 1.549218760248773e-07, 4.376218293773478e-07, 1.1739700359377576e-07, 2.5187210423332566e-13, 5.996294064833384e-08, 6.568680285587165e-10, 4.3986363038114216e-11, 3.291353909003676e-08, 1.792379015244883e-08, 1.9047241879623322e-09, 6.216944845010742e-08, 2.3746143522626064e-08, 1.4378586891754988e-10, 0.17245298712444426, 9.749030396142267e-07, 1.982798098171187e-08, 4.84818234664082e-09, 3.1503338731946504e-08, 1.6478023666025372e-07, 2.749842794802234e-09, 8.03283213926407e-08, 8.226493872408179e-11, 9.844963483786154e-07, 2.5903603016030244e-07, 6.220572935836037e-08, 3.810823492928445e-07, 2.3230939953187087e-07, 1.2333003241380232e-07, 2.2172706061083944e-07, 1.0516019600695487e-07, 7.374994952222948e-08, 6.015514450870398e-11, 1.5956262055720856e-08, 3.29951924668938e-07, 6.461161622474083e-06, 5.480454432385594e-08, 8.905963925626496e-07, 6.599385080242704e-08, 5.443083436506175e-08, 3.893663684922662e-07, 1.4965329054579442e-06, 2.1895215430758107e-09, 1.780175134463844e-09, 4.438000699844967e-11, 6.378169467429766e-09, 2.8697866262665818e-11, 2.793249320787127e-10, 2.8937871087531024e-07, 6.772767494289732e-09, 4.215903804760273e-09, 8.137313058824626e-09, 7.873270811724068e-12, 5.181562428025067e-09, 5.524929190068153e-07, 4.4150111473599936e-07, 2.6709120317458233e-13, 7.795639661590816e-09, 1.8546759505411457e-08, 1.3078709985999696e-15, 1.923481196656155e-09, 7.156522145578656e-08, 1.4400717078683244e-07, 1.4681845806717667e-08, 2.8701831888872743e-07, 5.655513332769272e-08, 2.4797997724065227e-08, 9.767927262606447e-07, 3.9817427849022355e-06, 6.986565984238313e-10, 9.992816290620713e-07, 2.5131368074365198e-08, 8.664905368099366e-08, 2.615227243378689e-10, 3.039766404115322e-10, 2.301517482384952e-09, 3.33526252081944e-10, 2.4768305584219684e-07, 8.731016868644947e-07, 3.0219693909259913e-07, 3.151983759878375e-09, 2.5190561637186525e-09, 2.207529060460025e-07, 3.205591158670113e-08, 2.679393880883744e-07, 3.515906887513355e-08, 2.567235957808797e-09, 1.533817327092383e-08, 3.7155786758619824e-08, 1.675478228896213e-09, 5.875055366048966e-11, 1.1962887307175633e-08, 2.4766921718995723e-09, 1.0340635983214623e-09, 1.0893118946844708e-09, 3.464611991202304e-08, 2.519912979771661e-07, 6.11240949461202e-09, 5.784747027062458e-11, 2.53096909526533e-09, 1.9319897238214486e-15, 4.3527847721685753e-07, 2.6457202132306696e-10, 2.2514147024792464e-07, 2.23586188543345e-11, 3.5879427958392273e-09, 2.353324955987891e-06, 1.4711535204000208e-08, 3.89579705616089e-09, 2.037629080734021e-09, 4.0306664003113546e-07, 8.305149487090053e-08, 1.158602520642732e-07, 2.96990621440262e-09, 6.8821537049167214e-06, 2.5857532949670364e-10, 1.8375249843656033e-07, 3.6691802963915324e-11, 2.6219767486989526e-10, 5.167179014999185e-07, 2.9019915733913345e-06, 2.1387274457616578e-07, 8.634227362933573e-10, 2.001804749753239e-10, 1.6985675592490463e-07, 2.2981879094231897e-07, 9.972468166441685e-10, 1.8197818838485025e-07, 1.2264868418558034e-11, 1.1725523833146681e-07, 3.4375679822400745e-11, 5.131753289508896e-12, 5.0130938812217664e-08, 2.2805316790854182e-10, 2.79063218160693e-07, 1.115235054053316e-07, 2.895041922062474e-07, 7.582988611580202e-07, 2.091021463974712e-05, 0.9999999859828015, 0.05090215816865473, 2.291738211255299e-07, 