{"metrics": {"test": {"fp": [3], "f1_score": [0.75], "risk": [0.2857142857142857], "recall": [0.8571428571428571], "sensitivity": [0.8571428571428571], "precision": [0.6666666666666666], "tp": [6], "tn": [4], "specificity": [0.5714285714285714], "fn": [1]}, "train": {"fp": [0], "f1_score": [1.0], "risk": [0.0], "recall": [1.0], "sensitivity": [1.0], "precision": [1.0], "tp": [40], "tn": [20], "specificity": [1.0], "fn": [0]}}, "model": {"n_features": 12410574}, "data": {"path": "/scratch/adrouin/data/patric/single_species_datasets/ofloxacin___2202579077548954665/dataset.kover", "split": "train_0.800_seed_5_10_folds", "uuid": "65ccc8c6-06bc-11e8-951f-001b2193b764"}, "predictions": {"binary": [0, 0, 0, 0, 0, 0, 0, 0, 0, 0, 0, 1, 0, 1, 0, 1, 0, 0, 0, 0, 0, 0, 0, 0, 0, 0, 0, 0, 1, 1, 1, 1, 1, 1, 1, 1, 1, 1, 1, 1, 1, 1, 1, 1, 1, 1, 1, 1, 1, 1, 1, 1, 1, 1, 1, 1, 1, 1, 1, 1, 1, 1, 1, 1, 1, 1, 1, 1, 1, 1, 1, 1, 1, 1], "proba": [0.10952489976288499, 0.16629564211050318, 0.10937355957852568, 0.1094737184714354, 0.10943138262008704, 0.1094573895825723, 0.10943095407026376, 0.14084325069272496, 0.16083308529908943, 0.10948361468983839, 0.10942359540447358, 0.8140240181130979, 0.10947409153360305, 0.9207306575017762, 0.09795296863865416, 0.7681458514893363, 0.27261467414757706, 0.10948878743276898, 0.10949731782517688, 0.10947505724981171, 0.10949836872127461, 0.10939899774572072, 0.1094575816051366, 0.1094648661590436, 0.10948760455489191, 0.10935947848420258, 0.10939838552530153, 0.2889057230345046, 0.9271859228084419, 0.9371298738300755, 0.9456973696807778, 0.927070725063351, 0.927122181439835, 0.934165456071332, 0.9280387200560892, 0.9424579265015023, 0.9271111261504527, 0.9404926195326707, 0.9271843497452933, 0.9271843703043263, 0.9276850660265114, 0.9381280931108991, 0.9271841856972449, 0.9408553831462738, 0.8545603486261992, 0.928681481883119, 0.9270930793079916, 0.9271863141176242, 0.927186535528116, 0.927200710552802, 0.931544529898008, 0.9271138002159596, 0.9370394536099336, 0.9392160281578488, 0.9455418854359346, 0.9271846007545681, 0.9271339459885436, 0.9271873633353178, 0.9422856812725944, 0.9476142299078832, 0.9271505218103935, 0.8655448406239307, 0.9095469487583974, 0.934354352984627, 0.9277476446896309, 0.9358270868745419, 0.927187594094121, 0.9393521120811449, 0.940532451583031, 0.8525133844751234, 0.9271858479247813, 0.9271913875737158, 0.9395607251319479, 0.9271493367914304]}, "cv": {"hps": {"normalize_kernel": false, "degree": 5.0, "regularizer": 1e-07}, "score": 0.13333333333333336}}