{"metrics": {"test": {"fp": [1], "f1_score": [0.75], "risk": [0.02247191011235955], "recall": [0.75], "sensitivity": [0.75], "precision": [0.75], "tp": [3], "tn": [84], "specificity": [0.9882352941176471], "fn": [1]}, "train": {"fp": [0], "f1_score": [1.0], "risk": [0.0], "recall": [1.0], "sensitivity": [1.0], "precision": [1.0], "tp": [24], "tn": [333], "specificity": [1.0], "fn": [0]}}, "model": {"n_features": 1000000}, "data": {"path": "/scratch/adrouin/data/patric/single_species_datasets/meropenem___7053822222416630118/dataset.kover", "split": "train_0.800_seed_0_10_folds", "uuid": "bae13f2a-05ab-11e8-a327-001b2193b764"}, "predictions": {"binary": [0, 0, 0, 0, 0, 0, 0, 0, 0, 0, 0, 0, 0, 0, 0, 0, 0, 0, 0, 0, 0, 0, 0, 0, 0, 1, 0, 0, 0, 0, 0, 0, 0, 0, 0, 0, 0, 0, 0, 0, 0, 0, 0, 0, 0, 0, 0, 0, 0, 0, 0, 0, 0, 0, 0, 0, 0, 0, 0, 0, 0, 0, 0, 0, 0, 0, 0, 0, 0, 0, 0, 0, 0, 0, 0, 0, 0, 0, 0, 0, 0, 0, 0, 0, 0, 0, 0, 0, 0, 0, 0, 0, 0, 0, 0, 0, 0, 0, 0, 0, 0, 0, 0, 0, 0, 0, 0, 0, 0, 0, 0, 0, 0, 0, 0, 0, 0, 0, 0, 0, 0, 0, 0, 0, 0, 0, 0, 0, 0, 0, 0, 0, 0, 0, 0, 0, 0, 0, 0, 0, 0, 0, 0, 0, 0, 0, 0, 0, 0, 0, 0, 0, 0, 0, 0, 0, 0, 0, 0, 0, 0, 0, 0, 0, 0, 0, 0, 0, 0, 0, 0, 0, 0, 0, 0, 0, 0, 0, 0, 0, 0, 0, 0, 0, 0, 0, 0, 0, 0, 0, 0, 0, 0, 0, 0, 0, 0, 0, 0, 0, 0, 0, 0, 0, 0, 0, 0, 0, 0, 0, 0, 0, 0, 0, 0, 0, 0, 0, 0, 0, 0, 0, 0, 0, 0, 0, 0, 0, 0, 0, 0, 0, 0, 0, 0, 0, 0, 0, 0, 0, 0, 0, 0, 0, 0, 0, 0, 0, 0, 0, 0, 0, 0, 0, 0, 0, 0, 0, 0, 0, 0, 0, 0, 0, 0, 0, 0, 0, 0, 0, 0, 0, 0, 0, 0, 0, 0, 0, 0, 0, 0, 0, 0, 0, 0, 0, 0, 0, 0, 0, 0, 0, 0, 0, 0, 0, 0, 0, 0, 0, 0, 0, 0, 0, 0, 0, 0, 0, 0, 0, 0, 0, 0, 0, 0, 0, 0, 0, 0, 0, 0, 0, 0, 0, 0, 0, 0, 0, 0, 0, 0, 0, 0, 0, 0, 0, 0, 0, 0, 0, 0, 0, 0, 0, 0, 0, 0, 0, 0, 0, 0, 0, 0, 0, 0, 0, 0, 0, 0, 0, 0, 0, 0, 0, 0, 0, 0, 0, 0, 0, 0, 0, 0, 0, 0, 0, 0, 0, 0, 0, 0, 0, 0, 0, 0, 0, 0, 0, 0, 0, 0, 0, 0, 0, 0, 0, 0, 0, 0, 0, 0, 0, 0, 0, 0, 0, 0, 0, 0, 0, 0, 0, 0, 0, 0, 0, 0, 0, 1, 1, 1, 1, 1, 1, 1, 1, 1, 1, 1, 1, 1, 1, 1, 1, 1, 1, 1, 1, 1, 1, 1, 1, 1, 1, 0, 1, 0, 0], "proba": [0.014398787760380914, 0.20296224216945716, 0.03645952908628852, 0.017488130997489453, 0.002516274184575678, 0.0028463704777635388, 0.006276245592136017, 0.0013548199143195536, 9.757782753057893e-09, 1.7520624426600902e-05, 0.0008301204010245396, 0.005328584647632417, 0.0033321418471831455, 3.834601698947018e-05, 2.641246069508731e-06, 0.12416412875289434, 0.025752175929400163, 0.030292355329533335, 0.01096455542830096, 0.03423207550387249, 0.0464180870803173, 0.033501081786868635, 0.0056088761378934125, 0.0008352131560700885, 0.00906962566931806, 0.9997664310187137, 0.001589828973339848, 0.00010100099639706168, 0.07774489486013601, 0.0017885516731803415, 0.007026052695419265, 0.007331892617172222, 0.00010276244557114865, 0.002074666134107988, 0.009413783504896151, 2.9100888208990707e-05, 0.014425953164387587, 0.001388788697564893, 1.2113750336200592e-08, 0.03058941759890543, 0.0063006591478328685, 0.059183433474362376, 0.05264592893490941, 0.012575731492789522, 0.001603082739960206, 0.019836362555555688, 0.027030830639139993, 1.9411751239193314e-05, 5.0915034718668115e-05, 0.01788745865318938, 0.020747255896173846, 0.027628949317472066, 0.0068587347173853395, 0.0024352941483826336, 0.0011742739654511379, 0.00018167169941066757, 0.029847553071346806, 0.001475882486460872, 3.273729681356906e-05, 2.570230591560097e-07, 0.00011404480079611168, 1.5678768914608875e-07, 2.8884883348302417e-05, 0.0023668899520671353, 9.591475157152897e-06, 0.006102689547203924, 0.02204555328179546, 0.0048709746018463914, 0.010777037428691067, 0.0011414741041681563, 0.00018335288903550024, 0.034883837864711525, 0.018606187873652914, 0.12193574273243854, 0.1691985878058496, 0.008744353666873437, 0.00010493778018781262, 0.0009814361904460275, 0.0012942768978650315, 0.0019018801851639195, 0.0196220868005865, 0.031857923245506035, 0.027410749569239015, 0.009240779734101173, 0.01967156238822999, 1.059805607525922e-06, 0.030445311362952743, 0.010446566880643028, 0.025242595362797254, 0.05372876213101603, 0.0018426356019538399, 0.00020750942432015742, 0.0070263357995004, 0.0048010241466321475, 8.771163847074356e-06, 0.005795080854387339, 0.0006695831457277044, 0.0024829920056756837, 0.029869761470396647, 0.028242903832236526, 0.02666772100714291, 0.0052082890721364735, 0.0002864461715996524, 0.3368104554689286, 0.0009593198009014821, 0.014487913034262069, 0.00821687538625908, 0.011497040493243335, 0.0026352801348593588, 0.0029765751656915308, 0.01592951553675629, 0.014820210480279615, 0.0009833393254518512, 0.0077717106001562565, 0.005302775780494721, 0.0184467995140469, 8.03407809376343e-06, 0.0026891194036310364, 0.008248547664710577, 0.03563752543852705, 0.011534020837129637, 0.02658393410041182, 0.01560095220796351, 0.03817333253775899, 0.01606102848079115, 0.1111530081622203, 0.027995985430324926, 0.1483891669479851, 0.003791865910593156, 0.002086285177371703, 0.17718891326847455, 0.03717184789421574, 0.03185533579371435, 0.020841326878247687, 0.00801974063207585, 0.0018894444590364854, 0.0004803671013159909, 7.059556568274409e-09, 1.4535801339223833e-06, 0.025856428598579305, 0.034136348692465686, 0.0011894984267010484, 0.003982706160336242, 0.0011035587647498226, 0.002304836594953038, 0.0008305519764109219, 0.03185533579371435, 0.1216323498153451, 0.07797165803248486, 0.07114714293482706, 0.04667216918567629, 0.006696539997714355, 0.005192318035192145, 0.00262420640746644, 0.0008432869868210736, 1.8469522098824233e-06, 0.0008878447784000396, 0.03141228915408637, 0.02264705128599816, 0.017870485227784894, 0.058404941299099074, 0.1934667146100892, 0.022868785944734616, 0.058404941299099074, 0.05388088252001815, 0.000242763574035108, 0.005565465816192963, 2.7243423582408996e-06, 0.007946098137574315, 0.023698231291574605, 0.049403276452736504, 0.022234414335203182, 9.403731391677245e-05, 0.000863266583218893, 7.32698078670275e-05, 0.0008903155834710262, 0.012106359555112982, 0.007912364683210849, 0.005203550294323333, 6.336979364008388e-05, 0.007365096621955725, 0.10720961283712448, 0.011307406833420816, 0.0008056872640916772, 0.006080559413875423, 0.33339648446098846, 0.03687421486779144, 0.0013576042940323305, 0.07616107277802127, 0.26283872115275914, 0.003262500520082294, 0.002098824628674157, 0.013950558604415391, 0.19353311107207863, 0.0033234569338493076, 0.00029200304378133467, 0.006866247777769663, 0.004935293530664516, 0.04809017040237796, 0.007108965034739037, 0.0031860109034796288, 0.022269734245621026, 0.31127742399639796, 0.00641854181064075, 0.007519050671965759, 0.03994241319545838, 0.0030085523110149758, 1.1962455059743622e-06, 0.006113867309129842, 0.010081896693377158, 0.043624818983291166, 0.07005686479905937, 0.10267439649045071, 0.02833678566438129, 0.0019120050113860666, 0.0029000670991046265, 0.06442915216229843, 9.145298809298527e-05, 0.00867673079205988, 0.007160823574344524, 0.010595978865333986, 0.0015336003648069956, 0.0054259647514349986, 0.0048995385336493644, 0.021065832903145853, 4.0163684539703854e-05, 0.10163202398937884, 0.0042527562962757165, 5.090845333659675e-07, 0.020886639577843626, 0.026081559025574602, 0.018577543836053204, 1.857392311618699e-05, 0.004632239950367499, 0.0009100972748094561, 6.021240801106118e-06, 0.0035903480001169934, 0.026109024216496135, 0.02894745592847628, 0.0078032252547221605, 0.010558921238619363, 0.009172859749745474, 0.00896869737916655, 0.020480982994078623, 0.0002925158497253655, 0.0002378370684535575, 0.02395509189001455, 0.01811893015491122, 0.04758334328510843, 0.03567573541657164, 0.004266676295145385, 0.0025072525085778094, 0.010276053280018165, 0.016026841757269327, 0.008312569911582746, 0.041410058807902383, 0.012720887235900657, 0.004222560384050795, 0.11071719884547848, 0.007306845046274839, 0.0037210107981071766, 0.06761194486806808, 0.07604511988507881, 0.01754854728098936, 0.03831764028618693, 0.00033956076225247174, 0.006285264579067397, 0.04158733864182646, 0.0001462342315229238, 0.006949214345800958, 