{"metrics": {"test": {"fp": [0], "f1_score": [0.9791666666666666], "risk": [0.03125], "recall": [0.9591836734693877], "sensitivity": [0.9591836734693877], "precision": [1.0], "tp": [47], "tn": [15], "specificity": [1.0], "fn": [2]}, "train": {"fp": [0], "f1_score": [1.0], "risk": [0.0], "recall": [1.0], "sensitivity": [1.0], "precision": [1.0], "tp": [198], "tn": [62], "specificity": [1.0], "fn": [0]}}, "model": {"n_features": 4494}, "data": {"path": "/scratch/adrouin/patric_data/single_species_datasets/erythromycin___49420779660966717/dataset.kover", "split": "train_0.800_seed_4_10_folds", "uuid": "b6efed36-0870-11e8-a4f3-001b2193b764"}, "predictions": {"binary": [0, 0, 0, 0, 0, 0, 0, 0, 0, 0, 0, 0, 0, 0, 0, 0, 0, 0, 0, 0, 0, 0, 0, 0, 0, 0, 0, 0, 0, 0, 0, 0, 0, 0, 0, 0, 0, 0, 0, 0, 0, 0, 0, 0, 0, 0, 0, 0, 0, 0, 0, 0, 0, 0, 0, 0, 0, 0, 0, 0, 0, 0, 0, 0, 0, 0, 0, 0, 0, 0, 0, 0, 0, 0, 0, 0, 0, 1, 1, 1, 1, 1, 1, 1, 1, 1, 1, 1, 1, 1, 1, 1, 1, 1, 1, 1, 1, 1, 1, 1, 1, 1, 1, 1, 1, 1, 1, 1, 1, 1, 1, 1, 1, 1, 1, 1, 1, 1, 1, 1, 1, 1, 1, 1, 1, 1, 0, 1, 1, 1, 1, 1, 1, 1, 1, 1, 0, 1, 1, 1, 1, 1, 1, 1, 1, 1, 1, 1, 1, 1, 1, 1, 1, 1, 1, 1, 1, 1, 1, 1, 1, 1, 1, 1, 1, 1, 1, 1, 1, 1, 1, 1, 1, 1, 1, 1, 1, 1, 1, 1, 1, 1, 1, 1, 1, 1, 1, 1, 1, 1, 1, 1, 1, 1, 1, 1, 1, 1, 1, 1, 1, 1, 1, 1, 1, 1, 1, 1, 1, 1, 1, 1, 1, 1, 1, 1, 1, 1, 1, 1, 1, 1, 1, 1, 1, 1, 1, 1, 1, 1, 1, 1, 1, 1, 1, 1, 1, 1, 1, 1, 1, 1, 1, 1, 1, 1, 1, 1, 1, 1, 1, 1, 1, 1, 1, 1, 1, 1, 1, 1, 1, 1, 1, 1, 1, 1, 1, 1, 1, 1, 1, 1, 1, 1, 1, 1, 1, 1, 1, 1, 1, 1, 1, 1, 1, 1, 1, 1, 1, 1, 1, 1, 1, 1, 1, 1, 1, 1, 1, 1, 1, 1, 1, 1, 1, 1, 1, 1, 1, 1, 1, 1, 1, 1, 1, 1, 1, 1, 1, 1, 1, 1, 1, 1, 0, 0, 0, 0, 0, 0, 0, 0, 0, 0, 0, 0, 0, 0, 0, 0, 0, 0, 0, 0, 0, 0, 0, 0, 0, 0, 0, 0, 0, 0, 0, 0, 0, 0, 0, 0, 0, 0, 0, 0, 0, 0, 0, 0, 0, 0, 0, 0, 0, 0, 0, 0, 0, 0, 0, 0, 0, 0, 0, 0], "proba": [0.0003978877370997744, 0.00019138625471929358, 0.00010498869404708209, 0.0002885102196719551, 0.00014024757171346243, 0.00012778897524914727, 0.00011664093549133663, 0.0002011144473509914, 0.00041997940835774005, 0.002133535663550714, 0.00021302928473558762, 7.287395301032047e-05, 7.202496880935262e-05, 0.0004210766647738297, 0.00020936109163583402, 0.00034304989506874737, 0.0006684404939271714, 0.00020970607112504375, 0.0008529064922484362, 0.000300306420393174, 0.00023339053328304523, 0.0004314253480073359, 0.0009760832039884537, 3.0070976645175043e-05, 0.00033577052950741675, 0.00030620267126680055, 0.00026349285854990884, 0.00022601717382146903, 9.895187633527324e-05, 0.0002309762377118665, 0.06209946252625203, 0.000489547078162867, 0.0001950494946819014, 0.00033537638912598677, 0.0003617952038912681, 0.0018689242311316515, 0.00012283388494716978, 0.00020901561234194893, 0.00012409309555179275, 0.0001612780058844637, 0.0010125517202568737, 8.688591988862977e-05, 0.0001293696544849026, 0.000278983333170781, 0.00023824444674090052, 0.0001514143291480609, 0.00038072992634762855, 4.391545108798007e-05, 9.599012643703965e-05, 0.00022546850152951824, 0.0005025799736628937, 0.006505323969237258, 0.0034333307749967964, 0.00025376710639610646, 0.00043442184875149996, 9.254098469223178e-05, 0.0006038325654237597, 0.00017865196330100355, 0.0027430475517437546, 0.000500165040688887, 0.00016010492538894174, 0.0003414784420033144, 0.0003617060872188928, 8.058343472107424e-05, 0.00015568164963169337, 0.00011076939374267111, 6.25713094940568e-05, 0.00016738537847360216, 0.00019681247342963513, 0.00018838272694211456, 0.00014575422334816323, 0.0003437839144976882, 0.00016625146651437148, 0.0004175547271263992, 0.00033641279071190173, 0.00015955015982123858, 0.00011026249473671031, 0.9999423199164704, 0.9995742760727149, 0.9990591297897587, 0.9998242130467384, 0.9999224495239528, 0.9999995634562692, 0.9999342030350477, 0.9997023932101341, 0.9999620883864295, 0.9951623485631573, 0.99974768285857, 0.9998404876280422, 0.9999674543310907, 0.999689509187338, 0.9999373260299832, 0.9989163814421343, 0.9992062215295237, 0.9995366674081415, 0.9998764659288589, 0.9996382536602839, 0.999125123093563, 0.9999651506315516, 0.9999656412816984, 0.9999791578218986, 0.9999722345235453, 0.9994315732008848, 0.9995838959093583, 0.9999374581213983, 0.9999985827850669, 0.9962022174918415, 0.9999904387896913, 0.9999188249077696, 0.9999976382916745, 0.9999193819546864, 0.9999239227954394, 0.9999408061396513, 0.999997191841597, 0.999990436423857, 0.9994777803505053, 0.9997689745075791, 0.9998745855496521, 0.9999882598303448, 0.9999991501431407, 0.9996996666189691, 0.9998318618043022, 0.999715569776026, 0.9995849464887441, 0.9999484236187389, 0.9997973449727169, 0.07668259733185656, 0.9999294702872012, 0.9999835408649455, 0.9995771449849912, 0.9999516832753592, 0.9999937619686594, 0.99998825772787, 0.9999863732312321, 0.9999979660195881, 0.9999708964641514, 8.730847933790323e-05, 0.9997448282290161, 0.9997127616031055, 0.9999625625300421, 0.9996857557901399, 0.9998599447825328, 0.9999376111694239, 0.9997878743834068, 0.9998550156059524, 0.9998707440437526, 0.9997352489515674, 0.9999921214773183, 0.9999523469405769, 0.9991048813318338, 0.9993399416791716, 0.9999999791706069, 0.9997470783211483, 0.999958239737284, 0.9994362951418216, 0.9997967255504794, 0.9999710814429422, 0.9999653702763106, 0.9999948247466394, 0.9998926838889691, 0.9996240741901896, 0.9997804268642881, 0.9999764469919464, 0.9997878586788047, 0.9997639187825254, 0.9999916572113708, 0.9999985197700327, 0.9999231364430855, 0.9999346435520142, 0.9998966163767052, 0.999728847053949, 0.9999584877795439, 0.9997386029065303, 0.9986333863115344, 0.9989826191872047, 0.9996850758565176, 0.9999686392672646, 0.9993977456875489, 0.9998786417663879, 0.9999539006224213, 0.9999682689589343, 0.9998877593934244, 0.9998534342147775, 0.9999703371533633, 0.9998847577261938, 0.9999714567235592, 0.9999844648610783, 0.9998794746393682, 0.9998177965735155, 0.9998090847869057, 0.9999536544421351, 0.9999697976749996, 0.9998295579574644, 0.9999084464635437, 0.9999747229381968, 0.9999038790969924, 0.9998529344175985, 0.9999807896149803, 0.9999208792919325, 0.999935733712704, 0.9998617794158978, 0.9999196600422986, 0.999778291529001, 0.9993144069220047, 0.9995847474082958, 0.9999324577747986, 0.9988693980125518, 0.9999427053259842, 0.9997145021696101, 0.9998232726827863, 0.9999694344738455, 0.9993746268706725, 0.9997869129087958, 0.9999534333542673, 0.9995692582701002, 0.999903529444574, 0.9998826338668544, 0.9999130796451916, 0.9990405199191258, 0.9989994142258056, 0.9995522727892489, 0.9995378404175201, 0.9995589676178784, 0.9998837785096371, 0.9997023361657272, 0.999687553135829, 0.9998917466023697, 0.99972006248285, 0.9995839847913549, 0.9998865700990321, 0.9998172100014846, 0.9997668857048657, 0.9998607382849339, 0.9994068593659071, 0.9997284015474881, 0.9997230082133757, 0.9998074776062544, 0.9760153256664189, 0.9998484541626895, 0.9963556819737813, 0.9999337924760765, 0.9999205895729176, 0.9998521452041867, 0.9977741195555442, 0.9997488578920715, 0.9999320981266299, 0.9994802005899107, 0.9999530063200369, 0.9999352780601115, 0.9999380674411444, 0.9999421381957283, 0.9999346643205714, 0.9999720603801923, 0.9984653615326333, 0.9998063011937794, 0.999662845432626, 0.9999412366153844, 0.9999738372234416, 0.9999129836704465, 0.9993818003189623, 0.9996015555633805, 0.9994886506156383, 0.9999303214349962, 0.9999635260101494, 0.9999499570377041, 0.9999658179049191, 0.9998249771831326, 0.9999237169696107, 0.9999729537393265, 0.9999829564355083, 0.9999465905970144, 0.9977613973791597, 0.9998757981494121, 0.9995393101936867, 0.9999604531375043, 0.9999999970275906, 0.99995879312261, 0.9999595402831314, 0.9991597935313794, 0.9999624957743536, 0.9996436905746714, 0.9999171153599359, 0.9996034951046489, 0.9995462123829603, 0.9998355266657396, 0.9999707263699567, 0.9999575167231926, 0.9993283152017669, 0.999433116250193, 0.9999976586222823, 0.9990308200850452, 0.9997705756453497, 0.9997339904205423, 0.9999297069036708, 0.995203549344526, 0.9984204277274316, 