{"metrics": {"test": {"fp": [3], "f1_score": [0.8421052631578948], "risk": [0.13636363636363635], "recall": [1.0], "sensitivity": [1.0], "precision": [0.7272727272727273], "tp": [8], "tn": [11], "specificity": [0.7857142857142857], "fn": [0]}, "train": {"fp": [0], "f1_score": [1.0], "risk": [0.0], "recall": [1.0], "sensitivity": [1.0], "precision": [1.0], "tp": [31], "tn": [61], "specificity": [1.0], "fn": [0]}}, "model": {"n_features": 999966}, "data": {"path": "/scratch/adrouin/data/patric/single_species_datasets/fusidic_acid___946434054234721145/dataset.kover", "split": "train_0.800_seed_2_10_folds", "uuid": "8b1fcb44-0867-11e8-8137-001b2193b764"}, "predictions": {"binary": [0, 0, 0, 0, 0, 0, 0, 0, 0, 0, 0, 0, 0, 0, 0, 1, 0, 0, 0, 0, 0, 0, 0, 0, 0, 0, 0, 0, 0, 0, 0, 0, 0, 0, 0, 0, 0, 0, 0, 0, 0, 0, 0, 1, 0, 0, 0, 1, 0, 0, 0, 0, 0, 0, 0, 0, 0, 0, 0, 0, 0, 0, 0, 0, 0, 0, 0, 0, 0, 0, 0, 0, 0, 0, 0, 1, 1, 1, 1, 1, 1, 1, 1, 1, 1, 1, 1, 1, 1, 1, 1, 1, 1, 1, 1, 1, 1, 1, 1, 1, 1, 1, 1, 1, 1, 1, 1, 1, 1, 1, 1, 1, 1, 1, 0, 0, 0, 0, 0, 0, 0, 0, 0, 0, 0, 0, 0, 0], "proba": [1.0616860795951898e-11, 2.3545198695245782e-11, 1.2955727245862404e-14, 4.553515732362584e-14, 7.481213913742518e-12, 1.8157998874425572e-16, 2.5952816352413012e-11, 6.63750368826051e-10, 8.522134070097843e-11, 1.416273217129821e-16, 3.641163167331311e-14, 3.559722660146622e-12, 1.8252287420251488e-10, 3.092230240817322e-11, 6.4572222656084615e-12, 0.6538187362381652, 3.81459911371888e-11, 2.4459245563565885e-12, 7.438958360854323e-16, 3.3511975976259252e-15, 1.1935997611822923e-13, 5.814438547120011e-12, 1.6780615389543613e-10, 1.0937719950615985e-10, 5.1265958171923166e-14, 3.5332565400891045e-11, 1.0823905105886436e-10, 7.47020014722991e-11, 1.3156419534899354e-09, 3.821935751789893e-11, 5.079572838522188e-14, 7.430115668398455e-11, 5.561545212592562e-12, 5.273758231029228e-15, 1.7971930724125056e-15, 8.960247992848554e-08, 2.056201021948658e-15, 8.88134260109165e-05, 4.2966992696275493e-13, 8.353946790453533e-07, 5.696472006979867e-13, 3.734003054567371e-13, 1.0216278911274947e-11, 0.9999999999751101, 2.4870798966914697e-12, 2.1399515659423583e-13, 2.3299513879244735e-10, 0.9999999998270477, 5.389134139358462e-10, 3.492920290354428e-10, 7.452244821532917e-14, 2.754553122200663e-13, 2.2118565617421817e-13, 1.9245897311740656e-16, 3.5948378316898963e-20, 1.8314363468571128e-12, 5.160664299176812e-14, 7.113588627461101e-12, 1.0045820818990718e-13, 1.2785476450583645e-13, 1.2835793471990042e-26, 4.298978120471564e-10, 3.745089970547431e-15, 0.038576144597448306, 7.2402583100086e-13, 4.547400096130275e-12, 5.30257478020099e-12, 2.513028718006786e-11, 3.021942330495585e-12, 2.0686127975847683e-12, 4.823897170133623e-11, 5.901929608047662e-11, 2.2858156159511337e-15, 1.8140599896242543e-13, 6.443242595716623e-11, 0.9999999317718997, 0.9999999999919036, 0.9999999999839364, 0.9999999998053777, 0.9999999999103002, 0.9999999999504774, 0.9999999999322902, 0.9974482990620864, 0.9999999998411273, 1.0, 0.9861926006711375, 0.9999999999126297, 0.9999999999486322, 0.9999999999929607, 0.9999582054157726, 0.9999999977227956, 0.9999999999350895, 0.999999999824124, 0.9999999999907043, 0.9999999999999125, 0.9999999999373166, 0.9999999997801414, 0.999999999874315, 0.999999999941259, 0.9999999999692777, 0.9999999999547391, 0.9999999999817442, 0.9999999998992941, 0.9999999999350839, 0.9999999997521829, 0.9999999999766891, 0.9999999259100077, 0.9999999997699747, 0.9999999999999261, 0.9999999999990796, 0.9999999999853542, 0.9999999999998088, 0.999999999973032, 0.9999999999575262, 0.49998961832449423, 0.49998961832449423, 0.49998961832449423, 0.49998961832449423, 0.49998961832449423, 0.49998961832449423, 0.49998961832449423, 0.49998961832449423, 0.49998961832449423, 0.49998961832449423, 0.49998961832449423, 0.49998961832449423, 0.49998961832449423, 0.49998961832449423]}}