{"metrics": {"test": {"fp": [1], "f1_score": [0.8717948717948717], "risk": [0.10869565217391304], "recall": [0.7906976744186046], "sensitivity": [0.7906976744186046], "precision": [0.9714285714285714], "tp": [34], "tn": [48], "specificity": [0.9795918367346939], "fn": [9]}, "train": {"fp": [16], "f1_score": [0.7803278688524591], "risk": [0.18157181571815717], "recall": [0.7], "sensitivity": [0.7], "precision": [0.8814814814814815], "tp": [119], "tn": [183], "specificity": [0.9195979899497487], "fn": [51]}}, "model": {"n_features": 19753177}, "data": {"path": "/scratch/adrouin/patric_data/single_species_datasets/azithromycin___-8916328542551230855/dataset.kover", "split": "train_0.800_seed_6_10_folds", "uuid": "1873357e-547d-11e8-9998-f0921c053df8"}, "predictions": {"binary": [0, 0, 0, 0, 0, 1, 0, 0, 0, 0, 0, 0, 0, 0, 0, 0, 0, 0, 0, 0, 0, 0, 0, 0, 0, 0, 0, 0, 0, 1, 0, 0, 0, 0, 0, 0, 0, 0, 0, 0, 0, 0, 0, 0, 0, 0, 0, 0, 0, 0, 0, 1, 0, 0, 0, 0, 0, 0, 0, 0, 0, 1, 0, 0, 0, 0, 0, 0, 0, 0, 0, 1, 0, 0, 0, 1, 0, 0, 0, 0, 0, 0, 0, 0, 1, 0, 0, 0, 0, 0, 0, 0, 1, 0, 0, 0, 0, 0, 0, 0, 1, 0, 0, 0, 0, 0, 0, 0, 0, 0, 0, 1, 0, 0, 0, 0, 0, 0, 0, 0, 0, 0, 0, 0, 0, 0, 0, 0, 0, 0, 0, 0, 0, 0, 0, 0, 0, 0, 0, 0, 0, 0, 0, 0, 0, 1, 0, 0, 0, 0, 0, 0, 0, 0, 1, 0, 0, 0, 0, 0, 0, 0, 0, 0, 0, 0, 0, 0, 0, 0, 1, 0, 0, 0, 0, 0, 0, 1, 0, 0, 0, 0, 0, 0, 0, 0, 0, 0, 0, 0, 0, 0, 0, 0, 0, 0, 0, 0, 0, 0, 0, 0, 1, 0, 0, 0, 0, 0, 0, 0, 0, 0, 0, 1, 0, 0, 0, 0, 0, 0, 0, 0, 0, 0, 0, 0, 0, 0, 0, 1, 0, 0, 0, 0, 0, 0, 0, 0, 0, 0, 0, 0, 0, 0, 0, 0, 0, 0, 1, 1, 1, 1, 1, 0, 1, 1, 1, 1, 1, 1, 1, 1, 0, 0, 0, 1, 0, 1, 1, 1, 1, 1, 1, 1, 1, 1, 0, 0, 0, 0, 0, 1, 1, 1, 1, 1, 1, 1, 1, 0, 1, 1, 1, 1, 1, 1, 1, 0, 0, 1, 1, 0, 1, 1, 1, 0, 0, 1, 1, 1, 1, 1, 1, 1, 0, 1, 1, 0, 1, 1, 0, 1, 1, 1, 1, 0, 1, 0, 0, 0, 1, 0, 1, 1, 1, 1, 1, 0, 0, 1, 1, 1, 1, 1, 1, 1, 1, 1, 1, 1, 1, 0, 1, 1, 1, 1, 1, 0, 0, 1, 1, 1, 1, 0, 1, 0, 1, 1, 0, 0, 1, 1, 1, 1, 0, 0, 0, 1, 0, 0, 1, 0, 0, 1, 1, 0, 1, 1, 0, 1, 1, 1, 0, 1, 1, 1, 1, 0, 1, 1, 1, 0, 1, 1, 1, 1, 1, 0, 1, 1, 1, 1, 1, 1, 0, 1, 1, 1, 0, 1, 1, 1, 0, 1, 0, 0, 1, 0, 1, 1, 1, 1, 1, 1, 1, 0, 1, 0, 1, 0, 0, 0, 1, 0, 1, 1, 1, 1, 1, 0, 1, 1, 1, 1, 1, 1, 1, 1, 0, 1, 1], "proba": [0.6498490645524143, 0.648510940588522, 0.6755060939341277, 0.6861404816330676, 0.6168840266901844, 0.2377978915265178, 0.5959618874322518, 0.6002952553102757, 0.5627132870892926, 0.6438359064453155, 0.6835060391376065, 0.617536063895975, 0.6111659139124189, 0.5859902994823805, 0.6840888869246812, 0.6128688459102252, 0.619158335213967, 0.618123367649399, 0.5620286797367129, 0.570762414932999, 0.6273651783937382, 0.574129517675392, 0.5607076820607695, 0.684574322593966, 0.6518340111069056, 0.6731663172708333, 0.6019988128790014, 0.6873405397743595, 0.5036700677333155, 0.46723394011511443, 0.6658920236911774, 0.6818491416171919, 0.655914190681182, 0.5445307057400777, 0.601254026114592, 0.6886892612183998, 0.6111568504996437, 0.6139584090026757, 0.5457914778537117, 0.6103904202395942, 0.6405029479552032, 0.6709392700805948, 0.6149001274675701, 0.6007851657724456, 0.618128839886687, 0.6766246803295092, 0.5525450779179555, 0.6553830739837954, 0.6325116198494789, 0.6842204618873089, 0.6224869952798233, 0.26966313421364524, 0.6046404903934247, 0.6112229694641426, 0.5537223648530643, 0.6680894529884279, 0.619494995557999, 0.5879417087753979, 0.5910144826926915, 0.6130853205566021, 0.6510257898805822, 0.23353921960319096, 0.6179175089452068, 0.6038470132203491]}}