{"metrics": {"test": {"fp": [2], "f1_score": [0.9782608695652174], "risk": [0.03125], "recall": [1.0], "sensitivity": [1.0], "precision": [0.9574468085106383], "tp": [45], "tn": [17], "specificity": [0.8947368421052632], "fn": [0]}, "train": {"fp": [0], "f1_score": [1.0], "risk": [0.0], "recall": [1.0], "sensitivity": [1.0], "precision": [1.0], "tp": [202], "tn": [58], "specificity": [1.0], "fn": [0]}}, "model": {"n_features": 1281}, "data": {"path": "/scratch/adrouin/patric_data/single_species_datasets/erythromycin___49420779660966717/dataset.kover", "split": "train_0.800_seed_6_10_folds", "uuid": "b6efed36-0870-11e8-a4f3-001b2193b764"}, "predictions": {"binary": [0, 0, 0, 0, 0, 0, 0, 0, 0, 1, 0, 0, 0, 0, 0, 0, 0, 0, 0, 0, 0, 0, 0, 0, 0, 0, 0, 0, 0, 0, 0, 0, 0, 0, 0, 0, 0, 0, 0, 0, 1, 0, 0, 0, 0, 0, 0, 0, 0, 0, 0, 0, 0, 0, 0, 0, 0, 0, 0, 0, 0, 0, 0, 0, 0, 0, 0, 0, 0, 0, 0, 0, 0, 0, 0, 0, 0, 1, 1, 1, 1, 1, 1, 1, 1, 1, 1, 1, 1, 1, 1, 1, 1, 1, 1, 1, 1, 1, 1, 1, 1, 1, 1, 1, 1, 1, 1, 1, 1, 1, 1, 1, 1, 1, 1, 1, 1, 1, 1, 1, 1, 1, 1, 1, 1, 1, 1, 1, 1, 1, 1, 1, 1, 1, 1, 1, 1, 1, 1, 1, 1, 1, 1, 1, 1, 1, 1, 1, 1, 1, 1, 1, 1, 1, 1, 1, 1, 1, 1, 1, 1, 1, 1, 1, 1, 1, 1, 1, 1, 1, 1, 1, 1, 1, 1, 1, 1, 1, 1, 1, 1, 1, 1, 1, 1, 1, 1, 1, 1, 1, 1, 1, 1, 1, 1, 1, 1, 1, 1, 1, 1, 1, 1, 1, 1, 1, 1, 1, 1, 1, 1, 1, 1, 1, 1, 1, 1, 1, 1, 1, 1, 1, 1, 1, 1, 1, 1, 1, 1, 1, 1, 1, 1, 1, 1, 1, 1, 1, 1, 1, 1, 1, 1, 1, 1, 1, 1, 1, 1, 1, 1, 1, 1, 1, 1, 1, 1, 1, 1, 1, 1, 1, 1, 1, 1, 1, 1, 1, 1, 1, 1, 1, 1, 1, 1, 1, 1, 1, 1, 1, 1, 1, 1, 1, 1, 1, 1, 1, 1, 1, 1, 1, 1, 1, 1, 1, 1, 1, 1, 1, 1, 1, 1, 1, 1, 1, 1, 1, 1, 1, 1, 1, 1, 1, 1, 1, 1, 1, 1, 1, 1, 1, 1, 1, 0, 0, 0, 0, 0, 0, 0, 0, 0, 0, 0, 0, 0, 0, 0, 0, 0, 0, 0, 0, 0, 0, 0, 0, 0, 0, 0, 0, 0, 0, 0, 0, 0, 0, 0, 0, 0, 0, 0, 0, 0, 0, 0, 0, 0, 0, 0, 0, 0, 0, 0, 0, 0, 0, 0, 0, 0, 0, 0, 0], "proba": [0.0029579935964499653, 0.003759126133816119, 0.0012252035889422862, 0.0038732160549794907, 0.0037524716342697403, 0.0025525420306523063, 0.002762841158432712, 0.006511276554696434, 0.007303726580115059, 0.9174630959797949, 0.005822814359864194, 0.005126298034145399, 0.005151739033247442, 0.009888860233193407, 0.006205530231240765, 0.0063496118960347315, 0.017214438339386618, 0.002626340951059984, 0.019160278693985417, 0.011096642548334115, 0.003693956226248244, 0.0026239458372333147, 0.011923675414319738, 0.0010153815351876068, 0.023551159805708488, 0.004934200200771452, 0.005404222789917412, 0.0032832809383424527, 0.0037524716342697403, 0.005334415911642111, 0.02245805990456533, 0.2948350248950431, 0.005713982292678823, 0.05586831285450013, 0.005576995410294872, 0.06079598102498718, 0.003733861632847045, 0.014104248604510369, 0.00047896530833105663, 0.0038255306112983524, 0.9970625547873426, 0.013006942316410683, 0.005820628658767359, 0.006991216482237435, 0.006733393630171238, 0.004148189402420358, 0.0051904185211414985, 0.004949155440715886, 0.005329052907449571, 0.004035874033467552, 0.007813066647976447, 0.0014723928353490262, 0.002720848781619064, 0.0026239458372333147, 0.009888860233193407, 0.003349521392247341, 0.005640472699468868, 0.008373957317588566, 0.003381540490615948, 0.0052511479165795625, 0.0038255306112983524, 0.0052511479165795625, 0.017819003345827512, 0.275224782107833, 0.004175326661111355, 0.0052511479165795625, 0.0022033097870037305, 0.00788177093487246, 0.006413266108641192, 0.0056199196099975856, 0.006413266108641192, 0.0052511479165795625, 0.006481905950794693, 0.00630038609427836, 0.005050033300913751, 0.003472618821290895, 0.0020446744435890993, 0.9984793375740166, 0.9937646882065285, 0.993635901086392, 0.9997413566201548, 0.9995309831975702, 0.9999986703131133, 0.9978149751682566, 0.9957862075413327, 0.9997526438236701, 0.9281112025664641, 0.9979963668099672, 0.9964055496223755, 0.9997647106609077, 0.9926781507441355, 0.9987056377654073, 0.9904431005808865, 0.9945220114925994, 0.9923663140022934, 0.9981781851073385, 0.9961461953745412, 0.9825893366368156, 0.999995419305861, 0.999995419305861, 0.9995725070672488, 0.999995419305861, 0.9970153425735968, 0.9984311721518632, 0.9998350875786879, 0.9999966583029994, 0.8503681016446131, 0.999995419305861, 0.9984715717446838, 0.9999116973470936, 0.9982949852983913, 0.9977998324021822, 0.9984311721518632, 0.9999969708716446, 0.9993183609317987, 0.9903915046604789, 0.9903078919600913, 0.9978149751682566, 0.999995419305861, 0.9999968637744026, 0.9935071333507954, 0.9992439865729089, 0.9987981615360015, 0.9924178587530503, 0.9976698969231785, 0.9988553045818656, 0.9768027414800521, 0.9888224655438363, 0.9983865461596159, 0.998452584638192, 0.9998382975043856, 0.9999960589747566, 0.9999947525973903, 0.999995419305861, 0.9999982378024099, 0.9999955327996045, 0.9440976445265211, 0.9942605088355119, 0.9895899761872906, 0.9987058183957853, 0.9888224655438363, 0.9952286979031703, 0.997476941248058, 0.9915120417744923, 0.9980270907261414, 0.9977338286738824, 0.991622227903073, 0.999995419305861, 0.9981225319550382, 0.9994705341147253, 0.9943273259980441, 0.9999982392406254, 0.9984793375740166, 0.9978447797979162, 0.9975297946040071, 0.9954579359607625, 0.9982278111564856, 0.9984442463749492, 0.9995725070672488, 0.9982312696058677, 0.9923824414941893, 0.9958403824447518, 0.9999953966988376, 0.9941118871408787, 0.9979701995378079, 0.9999952678085654, 0.999996789260849, 0.9982949852983913, 0.997687229697695, 0.9978902991494052, 0.9966966296338609, 0.9983865461596159, 0.9966646220891342, 0.9659140231433727, 0.9927341872843062, 0.9801856087350793, 0.9992959650254242, 0.9972562013020204, 0.9975905630929454, 0.9993710234437769, 0.9995699760088864, 0.9980036108103744, 0.9991504650804113, 0.9993103739316859, 0.9989167240536534, 0.9993710234437769, 0.9993248129940022, 0.9978896314851423, 0.998127686733171, 0.9992721696939816, 0.9995595059762623, 0.999398541379142, 0.9978881464225278, 0.9987884008857612, 0.999995419305861, 0.9965102599074986, 0.9926273219463472, 0.9945764704694119, 0.9995234887588949, 0.9991782800444363, 0.9975274938150493, 0.999374520280284, 0.997275822491518, 0.9975003292269388, 0.9770243836211653, 0.9980362605131862, 0.9813773477091675, 0.9977543162610515, 0.9948029266560899, 0.9985324791088068, 0.9991823867473385, 0.9724491474040737, 0.9979724832576894, 0.9995382346574312, 0.9924889867111815, 0.9995259793429628, 0.9959022620316453, 0.9980362605131862, 0.9783110276914823, 0.995123495823343, 0.9527761584749042, 0.9983851719821898, 0.9991564023170674, 0.9982649194025437, 0.9975154215271752, 0.9889901488932161, 0.9989866433966886, 0.9977085697957911, 0.9885019569858534, 0.9988213937074397, 0.9936889875586629, 0.9983138814046836, 0.9934449495525938, 0.9451623638589176, 0.9980019696174771, 0.9989653496078469, 0.9985732339294658, 0.9682852518799935, 0.9974566409522138, 0.9425395883265842, 0.9993564474641493, 0.9995176894044264, 0.9941910247013518, 0.9511534124436898, 0.9978879656821851, 0.9993521239137778, 0.9986557287912197, 0.9993710234437769, 0.9996226609717928, 0.9980471635514019, 0.9993710234437769, 0.998023261656731, 0.9995259793429628, 0.9498124346320387, 0.9929282012359947, 0.9963383797625569, 0.9993710234437769, 0.9995048650163393, 0.9993175939665045, 0.9822485879678581, 0.9961324237180924, 0.9987860968325758, 0.9968546943469183, 0.9996312096412927, 0.9995016460604386, 0.9992959650254242, 0.9979485933557956, 0.9993564474641493, 0.9994203538267841, 0.9993864951464831, 0.9994615531183755, 0.8081181293144648, 0.9983458439154692, 0.9937734128891031, 0.9993529433703564, 0.9999973661407223, 0.9999110466213859, 0.9996181840770838, 0.9922346419160009, 0.9980752078493499, 0.9981976102334472, 0.9974669404492582, 0.9905287677437735, 0.9913565219845683, 0.9979166751237241, 0.9999106097713397, 0.9982222048639584, 0.9932690787885126, 0.993996092294508, 0.9999968701353196, 0.9826394930629297, 0.99832018762067, 0.9989851722265198, 0.9989798705469602, 0.9849066899176094, 0.970540218653934, 0.9677616086592948, 0.9916366516935377, 0.9915013722906153, 0.9930764142067278, 0.9914124019403946, 