{"metrics": {"test": {"fp": [0], "f1_score": [0.9090909090909091], "risk": [0.08823529411764706], "recall": [0.8333333333333334], "sensitivity": [0.8333333333333334], "precision": [1.0], "tp": [15], "tn": [16], "specificity": [1.0], "fn": [3]}, "train": {"fp": [1], "f1_score": [0.9824561403508771], "risk": [0.014705882352941176], "recall": [0.9824561403508771], "sensitivity": [0.9824561403508771], "precision": [0.9824561403508771], "tp": [56], "tn": [78], "specificity": [0.9873417721518988], "fn": [1]}}, "model": {"n_features": 999778}, "data": {"path": "/scratch/adrouin/data/patric/single_species_datasets/ticarcillin_clavulanic_acid___2202579077548954665/dataset.kover", "split": "train_0.800_seed_9_10_folds", "uuid": "f15e3612-06d1-11e8-9a0b-001b2193b764"}, "predictions": {"binary": [0, 0, 0, 0, 0, 0, 0, 0, 0, 0, 0, 0, 0, 0, 0, 0, 0, 0, 0, 0, 0, 0, 0, 0, 0, 0, 0, 0, 0, 0, 0, 0, 0, 0, 0, 0, 0, 0, 0, 0, 0, 0, 0, 0, 0, 0, 0, 0, 0, 0, 0, 0, 0, 0, 0, 1, 0, 0, 0, 0, 0, 0, 0, 0, 0, 0, 0, 0, 0, 0, 0, 0, 0, 0, 0, 0, 0, 0, 0, 0, 0, 0, 0, 0, 0, 0, 0, 0, 0, 0, 0, 0, 0, 0, 0, 1, 1, 1, 1, 0, 1, 1, 1, 1, 1, 1, 1, 1, 1, 1, 0, 1, 1, 1, 1, 1, 1, 1, 1, 1, 1, 1, 1, 1, 1, 1, 0, 1, 1, 1, 1, 1, 1, 1, 1, 1, 1, 1, 1, 1, 1, 0, 1, 1, 1, 1, 1, 1, 1, 1, 1, 1, 1, 1, 1, 1, 1, 1, 1, 1, 1, 1, 1, 1, 1, 1, 1, 1, 1, 1, 0, 0, 0, 0, 0, 0, 0, 0, 0, 0, 0, 0, 0, 0, 0, 0, 0, 0, 0, 0, 0, 0], "proba": [0.029669372108361007, 0.02977272711972939, 0.03250743119086739, 0.023221413967355217, 0.03144679889178275, 0.03275279823744511, 0.028605150244446622, 0.04999272782988382, 0.04170600433012468, 0.01432260887773343, 0.017112440141160125, 0.01707717928361385, 0.04103586224541829, 0.09924657788007892, 0.024981410352951428, 0.03257673530607796, 0.0331632513913603, 0.02899856383919248, 0.14667361887947422, 0.02157749360556676, 0.01692213618789178, 0.02965347023491473, 0.0441705736364192, 0.027487142614058588, 0.029334835684736594, 0.04891770243531283, 0.019094632025191814, 0.026712563513797426, 0.22904144809363652, 0.018398692945098938, 0.03947633476851247, 0.046095641487363705, 0.07881528732122485, 0.04360820678653775, 0.027582336446144055, 0.023900619727292325, 0.0485547560771561, 0.029989560864649958, 0.03721809822652687, 0.02926954085688775, 0.0345580017923341, 0.12472519775951059, 0.03491440304983951, 0.023150662804789, 0.01902396362604785, 0.03363594797654778, 0.0364242666881, 0.024350158140049746, 0.01787479592560323, 0.03591489681930371, 0.030918368768139613, 0.05915355833707132, 0.029417265409827347, 0.017086760498847053, 0.033920359897768364, 0.7899271224423665, 0.16772654597296285, 0.03470802753005266, 0.08388133582446816, 0.05846578029844883, 0.0368491320622116, 0.03155656803882815, 0.04288411032651633, 0.0345638098506774, 0.0310965528246739, 0.0351932640161165, 0.02621340181469794, 0.017503903229337883, 0.14799455741961054, 0.06479565217537543, 0.024785842925951568, 0.03186974950438031, 0.026563897779352613, 0.024490779450390823, 0.028678659858638, 0.019070004905602938, 0.028047827926878, 0.03474681406554109, 0.01903515388457723, 0.024092488639853516, 0.014297429269089463, 0.126424060450159, 0.032689128358305834, 0.040624103545091064, 0.14795099879114143, 0.09589814304111621, 0.02023772980207736, 0.04374942340373911, 0.14745725195094916, 0.02835005922072722, 0.031651500402798245, 0.037234018366925546, 0.032858833272791044, 0.04695380357739482, 0.025012957121318333, 0.9840124838389375, 0.9994918657698019, 0.9992672399574751, 0.9993902660051799, 0.24623000465060796, 0.9994433567750357, 0.9994476206401155, 0.998872949370111, 0.9100528643495868, 0.8276185790092248, 0.9102129321982708, 0.999059921746638, 0.9089627403278773, 0.9993832376788412, 0.9994240239456562, 0.15261080060761123, 0.9993971343443178, 0.9992762398554629, 0.9980820278613427, 0.9992497338128813, 0.9989521276738665, 0.9994936485002537, 0.9981196771901779, 0.9992634609585865, 0.9994892118034799, 0.9992551062121104, 0.9068299733381979, 0.9990495427594048, 0.9981368207008788, 0.999283773790365, 0.9989110932902094, 0.45715160831237933, 0.9987888528436079, 0.9967036020149973, 0.999453458030694, 0.9988767447778085, 0.9995039917124716, 0.9994385007305804, 0.9985425189576631, 0.9989895990132657, 0.9994626594030334, 0.865097792171914, 0.9994918592889158, 0.9071456692435665, 0.910347153159195, 0.9104031028587511, 0.22860681983623563, 0.9101418938585228, 0.9828676488005297, 0.907897856851473, 0.8300119883648569, 0.8809828072985523, 0.9990620418520166, 0.9992359986483212, 0.7880707362399318, 0.9992486818685955, 0.9994941431228981, 0.9989285253050174, 0.9993257012396662, 0.9990229204749391, 0.9992577008689667, 0.8086568749170036, 0.9992736033011262, 0.9974063463461104, 0.9989751466757176, 0.7110414722185293, 0.9987518576968427, 0.9994418370722544, 0.9994248681129464, 0.9995586029420642, 0.9994915357175318, 0.9990867068156867, 0.9994555680596114, 0.8604678724337023, 0.8258333195982739, 0.49998704865445553, 0.49998704865445553, 0.49998704865445553, 0.49998704865445553, 0.49998704865445553, 0.49998704865445553, 0.49998704865445553, 0.49998704865445553, 0.49998704865445553, 0.49998704865445553, 0.49998704865445553, 0.49998704865445553, 0.49998704865445553, 0.49998704865445553, 0.49998704865445553, 0.49998704865445553, 0.49998704865445553, 0.49998704865445553, 0.49998704865445553, 0.49998704865445553, 0.49998704865445553, 0.49998704865445553]}}