{"metrics": {"test": {"fp": [1], "f1_score": [0.5454545454545454], "risk": [0.060240963855421686], "recall": [0.42857142857142855], "sensitivity": [0.42857142857142855], "precision": [0.75], "tp": [3], "tn": [75], "specificity": [0.9868421052631579], "fn": [4]}, "train": {"fp": [0], "f1_score": [1.0], "risk": [0.0], "recall": [1.0], "sensitivity": [1.0], "precision": [1.0], "tp": [32], "tn": [304], "specificity": [1.0], "fn": [0]}}, "model": {"n_features": 10564}, "data": {"path": "/scratch/adrouin/patric_data/single_species_datasets/aztreonam___7053822222416630118/dataset.kover", "split": "train_0.800_seed_8_10_folds", "uuid": "99159066-095d-11e8-a809-001b2193b764"}, "predictions": {"binary": [0, 0, 0, 0, 0, 0, 0, 0, 0, 0, 0, 0, 0, 0, 0, 0, 0, 0, 0, 0, 0, 0, 0, 0, 0, 0, 0, 0, 0, 0, 0, 0, 0, 0, 0, 0, 0, 0, 0, 0, 0, 0, 0, 0, 0, 0, 0, 0, 0, 0, 0, 0, 0, 0, 0, 0, 0, 0, 0, 0, 0, 0, 0, 1, 0, 0, 0, 0, 0, 0, 0, 0, 0, 0, 0, 0, 0, 0, 0, 0, 0, 0, 0, 0, 0, 0, 0, 0, 0, 0, 0, 0, 0, 0, 0, 0, 0, 0, 0, 0, 0, 0, 0, 0, 0, 0, 0, 0, 0, 0, 0, 0, 0, 0, 0, 0, 0, 0, 0, 0, 0, 0, 0, 0, 0, 0, 0, 0, 0, 0, 0, 0, 0, 0, 0, 0, 0, 0, 0, 0, 0, 0, 0, 0, 0, 0, 0, 0, 0, 0, 0, 0, 0, 0, 0, 0, 0, 0, 0, 0, 0, 0, 0, 0, 0, 0, 0, 0, 0, 0, 0, 0, 0, 0, 0, 0, 0, 0, 0, 0, 0, 0, 0, 0, 0, 0, 0, 0, 0, 0, 0, 0, 0, 0, 0, 0, 0, 0, 0, 0, 0, 0, 0, 0, 0, 0, 0, 0, 0, 0, 0, 0, 0, 0, 0, 0, 0, 0, 0, 0, 0, 0, 0, 0, 0, 0, 0, 0, 0, 0, 0, 0, 0, 0, 0, 0, 0, 0, 0, 0, 0, 0, 0, 0, 0, 0, 0, 0, 0, 0, 0, 0, 0, 0, 0, 0, 0, 0, 0, 0, 0, 0, 0, 0, 0, 0, 0, 0, 0, 0, 0, 0, 0, 0, 0, 0, 0, 0, 0, 0, 0, 0, 0, 0, 0, 0, 0, 0, 0, 0, 0, 0, 0, 0, 0, 0, 0, 0, 0, 0, 0, 0, 0, 0, 0, 0, 0, 0, 0, 0, 0, 0, 0, 0, 0, 0, 0, 0, 0, 0, 0, 0, 0, 0, 0, 0, 0, 0, 0, 0, 0, 0, 0, 0, 0, 0, 0, 0, 0, 0, 0, 0, 0, 0, 0, 0, 0, 0, 0, 0, 0, 0, 0, 0, 0, 0, 0, 0, 0, 0, 0, 0, 0, 0, 0, 0, 0, 0, 0, 0, 0, 0, 0, 0, 0, 0, 0, 0, 0, 0, 1, 0, 1, 1, 1, 1, 1, 1, 1, 1, 1, 1, 1, 0, 1, 1, 1, 1, 1, 1, 0, 1, 1, 1, 1, 1, 1, 1, 1, 1, 1, 1, 1, 1, 1, 1, 1, 0, 1, 0, 0, 0, 0, 0, 0, 0, 0, 0, 0, 0, 0, 0, 0, 0, 0, 0, 0, 0, 0, 0, 0, 0, 0, 0, 0, 0, 0, 0], "proba": [4.301217629057767e-05, 4.144888612345635e-07, 3.6593433394909946e-05, 3.2387081878337064e-05, 4.202471287653729e-05, 1.576190193096085e-05, 4.603348241398245e-06, 1.1608765258131546e-07, 3.754782718212801e-05, 1.3253523482910247e-09, 4.18435975647272e-05, 3.545701293409368e-10, 1.825907092137132e-05, 4.011377715678304e-05, 2.3298971068406857e-08, 2.2090731191607797e-05, 5.089471031272e-05, 6.72214723200846e-07, 2.19920710919735e-09, 1.3404072121997578e-07, 0.0002134423651989575, 1.3249464491359273e-09, 3.2465430026916974e-06, 1.8735129240936459e-06, 4.1966545458953034e-05, 9.964445180769058e-08, 7.069392984833622e-09, 7.947348827066059e-06, 3.393688065403495e-09, 3.006916284423356e-08, 0.00011914826917729792, 2.6845998524320863e-09, 2.529014521401556e-06, 1.4974329830764124e-07, 3.148524786163653e-06, 5.1769924308474816e-08, 6.066070677724568e-05, 6.699974803605484e-07, 0.0004323688696391024, 1.0843883087126136e-05, 4.0469641662993594e-06, 2.455939370625397e-05, 4.6646670511651845e-09, 9.543002763750513e-05, 8.892211919611553e-07, 3.374315125937779e-06, 2.7664741134525865e-08, 3.593284704481006e-09, 0.0002394301106838698, 2.980429274372123e-05, 7.577270508740399e-06, 1.4668277314208402e-05, 3.40525791280197e-06, 3.420054634101051e-07, 1.2946672193326174e-08, 8.215182865118213e-06, 1.763582026536934e-06, 4.126499558143394e-08, 2.9865491972009043e-05, 1.8678921941096197e-08, 5.022099880347921e-07, 1.635267190532112e-06, 3.044213845647685e-06, 0.9904816492967214, 0.0002016501840589417, 1.8357715294584524e-07, 1.1576626255428465e-05, 3.482060160605571e-06, 2.205154469064055e-05, 8.48433596348312e-09, 4.3954726279066815e-12, 1.0927201343490378e-05, 5.13311312204662e-05, 2.0730100413663936e-06, 3.02804593964107e-06, 8.1042025209851e-07, 9.212576505802993e-09, 3.13213996980312e-05, 1.6692065065770674e-06, 6.905554768480856e-10, 2.3346631625243265e-08, 1.8211243622805922e-10, 1.3214137078682424e-07, 1.9749069672906144e-06, 6.495228228841242e-08, 0.0043944712340865935, 1.1579818039428425e-07, 6.7040678090958396e-06, 1.7375521320814552e-06, 4.126826811055536e-06, 1.3435575490358846e-05, 7.825677137033906e-09, 1.1455903850262878e-08, 9.742547982970272e-09, 9.798395582956909e-05, 5.109454969733122e-05, 4.209993788435388e-06, 3.219137974845596e-06, 5.064297399718929e-06, 2.118848816190115e-06, 4.961480777715253e-05, 6.828785571559331e-06, 8.001372685513084e-06, 3.411400533483974e-06, 7.279158005539917e-06, 7.138609301969032e-05, 4.0333913100978605e-05, 1.949343914158855e-09, 4.6170391226363e-06, 2.071787167424386e-05, 7.165146840392034e-07, 1.8803245843419203e-05, 6.578628756333231e-09, 4.643470762991686e-06, 2.5124243185407786e-06, 2.743978798509232e-06, 6.974403445473094e-06, 4.205495010600125e-08, 2.1401601657656158e-05, 3.8693187605698616e-06, 5.809345556375736e-07, 2.303663014768798e-06, 0.00015520400217815624, 1.3677026438192125e-05, 5.82110284437096e-06, 2.5031129094664044e-05, 3.178502172637112e-06, 5.656695321105573e-09, 4.487092229583937e-07, 9.296226807580597e-06, 1.7419395872490784e-06, 2.5923870857760932e-09, 1.2096822565895644e-05, 7.140484110596938e-07, 9.502234836407437e-07, 6.164591049155213e-05, 1.2160321091333542e-05, 1.6799747541840898e-05, 7.141339555800799e-06, 6.073824350062674e-05, 5.1954092925734715e-06, 8.518829221812533e-06, 3.968314193256358e-08, 3.7646438444676386e-06, 6.738384545078095e-07, 2.8948597134778274e-05, 3.0339212848139483e-10, 2.406502823060155e-05, 8.590204506416911e-07, 7.538784240005609e-06, 5.52672208565194e-05, 2.72371863843516e-09, 3.5677253523554257e-07, 6.6024970328726355e-06, 1.4127983259737532e-05, 3.531661027288481e-06, 1.4425137152696627e-09, 7.053295523868602e-08, 8.506848219621074e-09, 5.940286894581087e-08, 4.4304322453747034e-05, 2.7549494640873227e-08, 6.928576563205514e-08, 2.417602682734965e-06, 1.973612723460341e-05, 1.4503599765240234e-05, 1.1778965097143011e-05, 1.6296542212604867e-05, 2.8891873891310222e-05, 0.000131606752212347, 9.11785467369868e-05, 1.999181750020771e-06, 6.47432380425261e-06, 0.0011060826338106832, 7.746187210746927e-05, 5.0882571686930236e-05, 7.514852091129647e-06, 1.3295800876422357e-05, 6.92444121017406e-06, 5.32111061553291e-05, 2.3990456615218534e-06, 2.4787520240099187e-06, 1.297532020962402e-05, 2.369049394520576e-06, 5.335053021707245e-06, 2.556225780982943e-06, 6.764345756230925e-06, 1.0570232237083709e-05, 6.375771764191517e-05, 1.0803538946578316e-05, 2.91763560610493e-07, 3.413606606885928e-05, 8.690886303502938e-05, 2.2002456595658662e-07, 1.0403254335623041e-05, 3.7821155231024266e-09, 5.185280441267333e-05, 1.2916028562727629e-05, 2.1968993504199986e-08, 1.8510254319725086e-07, 3.6289661743832055e-09, 0.00012379121673271516, 1.058661566016511e-06, 1.2854436727221408e-05, 1.811534833028386e-05, 7.59598323469264e-05, 0.000827563466075367, 7.498550699051763e-06, 1.568453554585792e-05, 1.6693895226622663e-07, 5.417341967192519e-05, 8.08671213284256e-07, 9.24768342239791e-05, 1.3966885439748499e-05, 6.491010584625143e-06, 2.6700542704597434e-08, 3.147466076461464e-05, 0.0015237744603746235, 6.136421201671773e-06, 5.4624725517677564e-06, 1.8089418287991598e-05, 5.4624725517677564e-06, 7.282914337202273e-06, 5.874638871041778e-06, 1.9336500374621494e-05, 3.9311389653598186e-08, 1.8147836142730062e-06, 1.4859148629377535e-09, 1.1815952973387404e-07, 1.3450170730951047e-08, 5.6381554299829e-06, 1.9879345681329787e-05, 9.249034350128088e-07, 1.6321856454225504e-07, 6.018243377445173e-05, 2.9320289422828525e-05, 3.504586504097532e-05, 1.105708031876544e-05, 3.4667060569005766e-06, 8.107952277139556e-06, 4.063386717451572e-07, 7.531243395968701e-06, 1.8941822010880363e-06, 5.011985441208202e-06, 1.0173196835143541e-06, 1.0710010667537995e-05, 8.117052220174157e-06, 9.021310798461097e-06, 6.264458852462097e-06, 6.577520725343024e-07, 2.7434867205403695e-06, 7.645822172257446e-06, 1.5254193117041459e-05, 3.139655384996906e-06, 7.819695462674414e-06, 