{"metrics": {"test": {"fp": [6], "f1_score": [0.88], "risk": [0.15151515151515152], "recall": [0.859375], "sensitivity": [0.859375], "precision": [0.9016393442622951], "tp": [55], "tn": [29], "specificity": [0.8285714285714286], "fn": [9]}, "train": {"fp": [0], "f1_score": [0.9980806142034548], "risk": [0.0025], "recall": [0.9961685823754789], "sensitivity": [0.9961685823754789], "precision": [1.0], "tp": [260], "tn": [139], "specificity": [1.0], "fn": [1]}}, "model": {"n_features": 5570}, "data": {"path": "/scratch/adrouin/patric_data/single_species_datasets/imipenem___-3225223558739261696/dataset.kover", "split": "train_0.800_seed_4_10_folds", "uuid": "b4e39f74-0578-11e8-932f-001b2193b764"}, "predictions": {"binary": [0, 0, 0, 0, 0, 0, 0, 0, 0, 0, 0, 0, 0, 0, 0, 0, 0, 0, 0, 0, 0, 1, 1, 0, 0, 0, 0, 0, 0, 0, 0, 0, 0, 0, 0, 0, 0, 0, 0, 0, 0, 0, 0, 0, 0, 0, 0, 0, 0, 0, 0, 0, 0, 0, 0, 0, 0, 0, 1, 0, 0, 0, 0, 0, 0, 0, 0, 0, 0, 0, 0, 0, 0, 0, 0, 0, 0, 0, 0, 0, 0, 0, 0, 0, 0, 0, 0, 0, 0, 0, 0, 0, 0, 0, 1, 0, 0, 0, 0, 0, 0, 0, 0, 0, 0, 0, 0, 0, 0, 0, 0, 0, 0, 0, 0, 0, 0, 0, 0, 0, 0, 0, 1, 0, 0, 0, 0, 0, 0, 0, 0, 0, 0, 0, 0, 0, 1, 0, 0, 0, 0, 0, 0, 0, 0, 0, 0, 0, 0, 0, 0, 0, 0, 0, 0, 0, 0, 0, 0, 0, 0, 0, 0, 0, 0, 0, 0, 0, 0, 0, 0, 0, 0, 0, 0, 1, 1, 1, 1, 1, 1, 1, 1, 1, 1, 1, 1, 1, 1, 1, 1, 1, 1, 1, 1, 1, 1, 1, 0, 1, 1, 1, 1, 1, 1, 1, 1, 1, 1, 1, 1, 1, 1, 1, 1, 1, 1, 0, 1, 1, 1, 1, 1, 1, 1, 1, 1, 1, 1, 1, 1, 1, 1, 1, 1, 1, 1, 1, 1, 1, 1, 1, 1, 1, 1, 1, 1, 1, 1, 1, 0, 1, 0, 1, 1, 1, 1, 1, 1, 1, 1, 1, 1, 1, 1, 1, 1, 1, 1, 1, 1, 1, 1, 1, 1, 1, 1, 1, 1, 0, 1, 1, 1, 1, 1, 1, 1, 1, 1, 1, 1, 1, 1, 1, 1, 1, 1, 1, 1, 1, 1, 1, 1, 1, 1, 1, 1, 1, 1, 1, 1, 1, 1, 1, 1, 1, 1, 1, 1, 1, 1, 1, 1, 1, 1, 1, 1, 1, 1, 1, 1, 0, 1, 1, 1, 1, 1, 1, 1, 1, 1, 1, 1, 1, 1, 1, 1, 1, 1, 1, 1, 1, 1, 1, 1, 1, 1, 1, 1, 1, 1, 1, 1, 1, 1, 1, 1, 1, 1, 1, 1, 1, 1, 1, 1, 1, 1, 1, 1, 1, 1, 1, 1, 1, 1, 1, 1, 1, 1, 1, 1, 1, 1, 1, 1, 1, 1, 1, 1, 1, 1, 1, 1, 1, 1, 1, 1, 1, 1, 1, 1, 1, 1, 1, 1, 1, 1, 1, 1, 1, 1, 1, 1, 1, 1, 1, 1, 1, 1, 1, 1, 1, 1, 1, 1, 1, 1, 1, 1, 1, 1, 1, 0, 1, 1, 1, 1, 1, 1, 1, 1, 1, 1, 1, 1, 1, 1, 1, 1, 1, 1, 1, 1, 1, 1, 1, 1, 1, 1, 1, 1, 1, 1, 1, 1, 0, 1, 1, 1, 1, 1, 1, 1, 1, 1, 1, 1, 1, 1, 1, 0, 1, 1, 1, 1, 1, 1, 1, 1, 0, 0, 0, 0, 0, 0, 0, 0, 0, 0, 0, 0, 0], "proba": [0.005613021890237016, 0.0032542866668506536, 0.0043539269741993, 0.4426445619803262, 0.004950217281934804, 0.02881985637950672, 0.0063601375307548265, 0.0296683689375516, 0.014550040593209987, 0.008537419632964676, 0.01823949281263426, 0.03387410415685011, 0.00032545458711180023, 0.009938820814693012, 0.009085492794367076, 0.010105485897019057, 0.011013084109835937, 0.00015233443923148466, 0.005002839253044502, 0.025612552276651122, 0.010299933595926899, 0.9597070942304199, 0.9730864560596644, 0.023504506818016427, 0.028190131000638118, 0.0006512711522980113, 0.059471229757870114, 0.0014722896714726766, 0.030069090022682286, 0.047661234876942175, 0.02140913055050729, 0.031116372344847616, 0.10240969620805729, 0.08748288505333204, 0.006799854860553253, 0.06839820654580311, 0.013792943119183517, 0.0006862228064101923, 0.015338407388869223, 0.16247154587985496, 0.05074122797407876, 0.0004903330918489605, 0.023504506818016427, 0.01132255598992023, 0.17131581875485832, 0.00022583828491581245, 0.0045097338381851195, 9.494025443876243e-05, 0.04037569607273776, 0.0006628603160592345, 0.013880490096416079, 0.4006896398616021, 0.005446324033686898, 0.001388647712377897, 0.015266023908517562, 0.004566640755112156, 0.005246135262395064, 0.0007907253191641893, 0.9967730654111217, 0.0002696593770719727, 0.027957606734066512, 0.0002527612907967432, 0.06648829938646884, 0.000990194815634355, 0.0014313219516646593, 0.03502429780008395, 0.0049251761383738, 0.00937456442257648, 0.001059138723114609, 0.00020664333205314508, 6.730379614119538e-05, 7.945014715552864e-05, 0.00975649084178294, 0.07486335867309171, 0.01886739091303843, 9.98142753404318e-05, 0.025178296031420504, 0.0019307758295565246, 0.0003632189033544486, 0.00952517439157725, 0.001502226954854686, 0.0024776641246777053, 0.002877100029445531, 0.0017983661622879691, 0.0008865097893201362, 0.0014388756043034238, 0.04710194623953799, 0.0017725579860967933, 0.1825341779892173, 0.000566505756689945, 0.011022217653504782, 0.00660907272851406, 0.009981644802823339, 0.014530015376151117, 0.9411036405096626, 0.00756247603051709, 0.002868246260391148, 0.05036024916422161, 0.010166202267613018, 0.014274457745913505, 6.490326724515524e-05, 4.57404588421181e-05, 3.2357752992477475e-05, 0.0005879862964714406, 0.0006808719950132802, 0.013891625574763358, 0.01696488079073757, 0.008357279598730734, 0.00041429326942622605, 0.028918132968913678, 0.0002073301606737932, 0.04522621309957055, 0.0010399548522041183, 0.029413030978854466, 0.017589130553245073, 0.014825558553507008, 0.0714421555337176, 0.00044816060951933997, 0.03311967270017133, 0.004084138611179357, 0.00015207437387621735, 0.06008352026541504, 0.8749360712342461, 0.00011728300833348701, 0.011093516056933038, 0.00029742695460880964, 7.845046818199989e-05, 0.00015955849910644182, 0.0003279526299787414, 0.016216625029100658, 0.0004843555672291566, 0.010185910398684977, 0.00396364360220517, 0.10088601631677098, 0.009588395143965436, 0.012823501902825909, 0.9995911421536425, 0.002921244896585934, 0.002921244896585934, 0.00010690329806256748, 0.000496281265664874, 0.004136815232121133, 0.003025200021216614, 3.670172429532217e-05, 0.005322833906817616, 0.022563921286076656, 0.023504506818016427, 0.19324272921654012, 0.1270329114635468, 0.00024522272714692407, 0.11675014707459269, 0.07530129777137592, 0.04915274090665631, 0.05410173297025693, 0.034236506453019386, 0.1462431556075378, 0.00141498424847331, 0.0006808719950132802, 7.085595521617696e-05, 0.03551389741487316, 0.022004443148229576, 0.036076316624999646, 0.011661015333508164, 0.09792187247286373, 0.03437501786766713, 0.0010363317074877124, 0.006722234037640789, 0.011512542492937376, 0.01037221540669244, 0.0014743080385551223, 0.0172905809220316, 0.010454963797897428, 0.008639597333541823, 0.028715732992584276, 0.04416991984894498, 0.9981937979681863, 0.9288351825723339, 0.9980334628555445, 0.9998331049554371, 0.9846419879656823, 0.9898893721689875, 0.9999990380724426, 0.9966852581546449, 0.9845064478695381, 0.9965763407324408, 0.97589683972737, 0.9998439086597871, 0.979261779102485, 0.9827553573874347, 0.9924248601862051, 0.9946397327369992, 0.9944732571904867, 0.9917797964975534, 0.9999662677836633, 0.9995973441877051, 0.9986522103921759, 0.9118615595331722, 0.9364596511125228, 0.09652737612176199, 0.9988805927139893, 0.9952439852736115, 0.9676331318399987, 0.9718926311609016, 0.9988951806190459, 0.9728357600076606, 0.9882547783713937, 0.9770298481289589, 0.9889905854411316, 0.9999482791959192, 0.9999990432602327, 0.9996710142617635, 0.9870398019620266, 0.9989121859254999, 0.9961330571950388, 0.9888823410362837, 0.9968813126025348, 0.9999877223705365, 2.182495142369119e-05, 0.9714557667556929, 0.9992562573227152, 0.988157319654844, 0.9979617887268915, 0.9593563364031047, 0.9996769513887266, 0.9718627466816511, 0.9999924319042474, 0.9964721615250791, 0.9994706932967589, 0.9994640289276036, 0.9973735643134176, 0.9900168585251297, 0.9976664544499814, 0.9999383096412608, 0.9998604414862693, 0.9797336851191734, 0.9998802253944872, 0.999905807710845, 0.9873266327883521, 0.999931576569625, 0.9379126268849174, 0.998877814278752, 0.999972692880771, 0.9641515708814604, 0.9998342797621833, 0.9851329038242971, 0.9993946910095861, 0.9652030535353898, 0.9999215674905966, 0.9999676174590222, 0.9997555860498559, 0.02861079226010213, 0.9967965179651161, 0.022397890596589223, 0.9994941986393269, 0.9389678192755636, 0.9398294446295941, 0.9929096592104616, 0.9986561590352279, 0.9952077513853385, 0.9998571072677681, 0.990463956673553, 0.9999294859011847, 0.9697276148986216, 0.9999298474294233, 0.9998360713845973, 0.9999822491621152, 0.9959048980805748, 0.9992528483064145, 0.9999512771110822, 