{"metrics": {"test": {"fp": [0], "f1_score": [0.9545454545454545], "risk": [0.058823529411764705], "recall": [0.9130434782608695], "sensitivity": [0.9130434782608695], "precision": [1.0], "tp": [21], "tn": [11], "specificity": [1.0], "fn": [2]}, "train": {"fp": [0], "f1_score": [1.0], "risk": [0.0], "recall": [1.0], "sensitivity": [1.0], "precision": [1.0], "tp": [83], "tn": [56], "specificity": [1.0], "fn": [0]}}, "model": {"n_features": 1000000}, "data": {"path": "/scratch/adrouin/data/patric/single_species_datasets/ciprofloxacin___672792900560953954/dataset.kover", "split": "train_0.800_seed_5_10_folds", "uuid": "fe42f54a-0797-11e8-b63e-001b2193b764"}, "predictions": {"binary": [0, 0, 0, 0, 0, 0, 0, 0, 0, 0, 0, 0, 0, 0, 0, 0, 0, 0, 0, 0, 0, 0, 0, 0, 0, 0, 0, 0, 0, 0, 0, 0, 0, 0, 0, 0, 0, 0, 0, 0, 0, 0, 0, 0, 0, 0, 0, 0, 0, 0, 0, 0, 0, 0, 0, 0, 0, 0, 0, 0, 0, 0, 0, 0, 0, 0, 0, 1, 1, 1, 1, 1, 1, 1, 1, 1, 1, 1, 1, 1, 1, 1, 1, 1, 1, 1, 1, 1, 1, 1, 1, 1, 1, 1, 1, 1, 1, 1, 1, 1, 1, 1, 1, 1, 1, 1, 1, 1, 1, 1, 1, 1, 1, 1, 1, 1, 1, 1, 1, 1, 1, 1, 1, 1, 1, 1, 1, 1, 1, 1, 1, 1, 1, 1, 1, 1, 1, 1, 1, 1, 1, 1, 1, 1, 0, 1, 1, 1, 1, 1, 1, 1, 1, 1, 1, 1, 1, 1, 1, 1, 1, 1, 1, 1, 1, 1, 1, 1, 1, 1, 0, 1, 1, 0, 0, 0, 0, 0, 0, 0, 0, 0, 0, 0, 0, 0, 0, 0, 0, 0, 0, 0], "proba": [0.00761592629131504, 0.0005202454560581268, 0.00048458849393351447, 0.0018888118023103197, 0.003723398610101733, 0.000739845860712664, 0.0013400533212965633, 0.301251006198333, 0.004778366057095897, 0.00023562359702290593, 0.00022183859072832327, 0.00047851659256186894, 0.0003975165174628614, 0.0003413458648347032, 0.0003950462760761253, 0.0040442821774477515, 0.001250280079123252, 0.002619534777854121, 0.0005970653957497756, 0.007877932381425973, 0.003667778157618596, 0.0007086945984242061, 0.0016801541758839488, 0.0005182897164539175, 0.006453578409059877, 0.003654444706314418, 0.00040366456467649955, 0.00710109261527407, 0.0005433034402470675, 0.0012622171485414406, 0.0006106952556222054, 0.0015528067034237766, 0.0005065226276944202, 0.0007404577197498551, 0.001382563038093878, 0.0028284304631075174, 0.00038471651691617345, 0.00045148243373820037, 0.00040993002132234154, 0.0009083539349176614, 0.00025865227119216183, 0.0006255873289750966, 0.00018320852538489783, 0.00018184777798900884, 0.15632466752819008, 0.0014353876202565924, 0.0003392867139332698, 0.0003744391838860258, 0.0003768543310243888, 0.00035498010589847144, 0.0014557229621344685, 0.0003504206227395323, 0.0005976739072514329, 0.006069157938651963, 0.07246112650698326, 0.0011274812049412559, 0.007832476751402508, 0.00021202093474144204, 0.006989862907472398, 0.01071680091603237, 0.0010624900581639573, 0.00033495028477274123, 0.0007604887554620037, 0.0007685465763926254, 0.0028731564628936765, 0.0008950837972662747, 0.0004536309331669485, 0.9998688754004856, 0.99984641698825, 0.9988089797086568, 0.9999108532517176, 0.9999001417694036, 0.9852706695366916, 0.9999172172497128, 0.9991428626213037, 0.9998617512141244, 0.9998972765516198, 0.9998853130112493, 0.9990646095273364, 0.9998003109958932, 0.9973156146666361, 0.9988130620412654, 0.999319026414182, 0.9998896819641189, 0.9984432221443101, 0.9983154180226238, 0.9998585361907162, 0.999911856851935, 0.9998547292676175, 0.999906379988527, 0.9998546757106295, 0.9998461347127301, 0.9983528763742187, 0.9988638635563032, 0.9998637853665918, 0.9989234840271468, 0.9989089838937025, 0.9998910559187673, 0.9999123258768567, 0.9998639884387409, 0.9999308871892155, 0.9999280862935165, 0.9999178445030865, 0.9999201169193948, 0.9998928404100526, 0.9998131669425329, 0.9986380946782519, 0.9644852387049839, 0.9972997599850854, 0.998947372882943, 0.999868040977325, 0.9992665407754464, 0.9990496588261976, 0.9997657285724203, 0.9998053980673164, 0.9991509330673066, 0.9985162822664655, 0.9986480536942863, 0.9998471420200212, 0.9998243933690746, 0.9998388214730597, 0.996815335507982, 0.9949569909141349, 0.9999069042321521, 0.9986453657619718, 0.9997814219674936, 0.9998559815961433, 0.9991029480618389, 0.9998514971259475, 0.9998158694131504, 0.999872807124703, 0.9998604670179518, 0.9998990898776816, 0.9987131576155418, 0.9822124813646091, 0.9837882175724882, 0.9998691219507949, 0.9998436075777888, 0.9999120020845663, 0.9956655215570615, 0.9998970793438383, 0.9999220914440511, 0.9990512229664315, 0.9597988362465278, 0.05023333329161461, 0.9998550757007283, 0.9994869765800909, 0.9994428771366989, 0.9988299310658412, 0.9999101294890486, 0.9997838609639367, 0.9999078674774695, 0.9998585057170009, 0.9853771513918084, 0.9998196349313989, 0.9999121256732817, 0.999809487230687, 0.999633101926398, 0.9998690889233784, 0.9964511967130285, 0.9999125291996968, 0.9944692305790052, 0.9974539830667535, 0.9998139504440263, 0.9999160897349016, 0.9990775565496719, 0.9998845863614977, 0.9998786178562958, 0.9984063510945691, 0.9997742264815312, 0.3253290792034458, 0.9208611308862074, 0.999899160036458, 0.49999409238209214, 0.49999409238209214, 0.49999409238209214, 0.49999409238209214, 0.49999409238209214, 0.49999409238209214, 0.49999409238209214, 0.49999409238209214, 0.49999409238209214, 0.49999409238209214, 0.49999409238209214, 0.49999409238209214, 0.49999409238209214, 0.49999409238209214, 0.49999409238209214, 0.49999409238209214, 0.49999409238209214, 0.49999409238209214, 0.49999409238209214]}}