{"metrics": {"test": {"fp": [4], "f1_score": [0.8536585365853658], "risk": [0.2553191489361702], "recall": [0.813953488372093], "sensitivity": [0.813953488372093], "precision": [0.8974358974358975], "tp": [35], "tn": [0], "specificity": [0.0], "fn": [8]}, "train": {"fp": [14], "f1_score": [0.8987341772151898], "risk": [0.1693121693121693], "recall": [0.8875], "sensitivity": [0.8875], "precision": [0.9102564102564102], "tp": [142], "tn": [15], "specificity": [0.5172413793103449], "fn": [18]}}, "model": {"n_features": 13409599}, "data": {"path": "/scratch/adrouin/patric_data/single_species_datasets/meropenem___-3225223558739261696/dataset.kover", "split": "train_0.800_seed_4_10_folds", "uuid": "b4dffeb4-0578-11e8-9929-001b2193b764"}, "predictions": {"binary": [1, 0, 0, 1, 1, 0, 1, 0, 0, 0, 1, 0, 0, 0, 0, 0, 1, 0, 1, 1, 1, 1, 0, 0, 1, 1, 1, 1, 1, 1, 1, 0, 1, 0, 1, 1, 1, 1, 0, 0, 1, 1, 1, 1, 1, 1, 1, 0, 1, 1, 1, 0, 1, 1, 1, 1, 1, 0, 1, 1, 1, 1, 1, 1, 1, 1, 1, 1, 1, 1, 1, 1, 1, 0, 1, 1, 1, 1, 1, 1, 1, 1, 1, 1, 1, 1, 1, 1, 1, 1, 1, 1, 1, 1, 1, 1, 1, 1, 1, 1, 1, 1, 1, 1, 1, 1, 1, 1, 1, 0, 0, 0, 0, 1, 1, 1, 1, 1, 1, 1, 1, 1, 0, 1, 1, 1, 1, 1, 1, 1, 1, 1, 0, 1, 1, 1, 1, 0, 1, 1, 1, 1, 1, 1, 1, 1, 1, 1, 1, 1, 1, 1, 1, 1, 1, 1, 1, 1, 1, 1, 1, 1, 1, 1, 1, 1, 1, 1, 1, 1, 0, 1, 1, 1, 1, 1, 1, 1, 1, 1, 1, 1, 0, 1, 0, 1, 1, 1, 0, 0, 1, 1, 1, 1, 0, 1, 1, 1, 1, 0, 0, 1, 1, 1, 1, 1, 1, 1, 1, 1, 1, 1, 0, 1, 1, 1, 1, 0, 0, 1, 1, 1, 1, 1, 1, 1, 1, 1, 0, 1, 1, 1, 1, 1, 1, 1], "proba": [0.31461808753884346, 0.6901897911120921, 0.6840835833194914, 0.38837484762949315, 0.3695901142179041, 0.689870809132487, 0.3685649498704623, 0.6898399084620156, 0.68984649604143, 0.6898649409410107, 0.34600027819578255, 0.6879095636440605, 0.6885091528732348, 0.6901964444597125, 0.6902010642946823, 0.6044430785694902, 0.3645924888729358, 0.6046662434801808, 0.3517942710394722, 0.3901286552465199, 0.37706080530229086, 0.33992818862193586, 0.5567252320016105, 0.6039667409081102, 0.3493706281138542, 0.3633073463633609, 0.38716207194907665, 0.3634169005751605, 0.35206437313842304, 0.35199515036178436, 0.47581746507431527, 0.6041410260673513, 0.3910936767864156, 0.5052049533947294, 0.49899939145861716, 0.3545522197950102, 0.3705382344391104, 0.3649775971055331, 0.5313892770508611, 0.5002510152944789, 0.4195775491617047, 0.3644331858192635, 0.32841361585233886, 0.2955383303720512, 0.4993017238705665, 0.47385282961527836, 0.3216308646694312, 0.5899064852660062, 0.2985811097211173, 0.29633105939993437, 0.31468968944350956, 0.5149348308808546, 0.31480833424328797, 0.46250140716473825, 0.49925230492544165, 0.344476445382071, 0.3884859910021587, 0.6367829202616377, 0.34863349892771633, 0.36847469678225486, 0.38001605218821344, 0.4067057737295539, 0.3348711689132509, 0.32228206277585]}}