{"metrics": {"test": {"fp": [6], "f1_score": [0.5833333333333334], "risk": [0.13333333333333333], "recall": [0.6363636363636364], "sensitivity": [0.6363636363636364], "precision": [0.5384615384615384], "tp": [7], "tn": [58], "specificity": [0.90625], "fn": [4]}, "train": {"fp": [18], "f1_score": [0.8163265306122449], "risk": [0.0891089108910891], "recall": [0.8695652173913043], "sensitivity": [0.8695652173913043], "precision": [0.7692307692307693], "tp": [60], "tn": [216], "specificity": [0.9230769230769231], "fn": [9]}}, "model": {"n_features": 255}, "data": {"path": "/scratch/adrouin/patric_data/single_species_datasets/para-aminosalicylic_acid___260162261243005161/dataset.kover", "split": "train_0.800_seed_2_10_folds", "uuid": "4327717e-0773-11e8-a02f-001b2193b764"}, "predictions": {"binary": [0, 0, 0, 1, 0, 0, 1, 0, 1, 0, 0, 0, 1, 1, 0, 0, 0, 0, 0, 0, 0, 0, 0, 0, 0, 0, 0, 0, 0, 0, 0, 0, 0, 1, 1, 1, 0, 0, 0, 0, 0, 0, 0, 0, 0, 0, 0, 0, 0, 0, 0, 0, 0, 0, 0, 0, 0, 1, 1, 1, 0, 1, 0, 1, 0, 0, 0, 0, 0, 0, 0, 0, 0, 0, 0, 0, 0, 0, 0, 0, 0, 0, 0, 0, 0, 0, 0, 0, 0, 0, 0, 0, 0, 0, 1, 0, 0, 0, 0, 0, 0, 0, 0, 0, 0, 0, 0, 0, 0, 0, 0, 0, 0, 0, 1, 0, 1, 0, 0, 0, 0, 0, 0, 0, 0, 1, 0, 0, 0, 0, 0, 0, 0, 0, 0, 0, 0, 0, 0, 0, 0, 0, 0, 0, 0, 1, 0, 0, 0, 1, 0, 0, 0, 0, 0, 0, 0, 0, 0, 0, 0, 0, 0, 0, 1, 0, 0, 0, 0, 0, 0, 0, 0, 1, 0, 0, 0, 0, 0, 0, 0, 0, 0, 0, 0, 0, 0, 0, 0, 0, 0, 0, 0, 0, 0, 0, 0, 0, 0, 0, 0, 0, 0, 0, 0, 0, 0, 0, 0, 0, 0, 0, 0, 0, 0, 0, 0, 1, 0, 0, 0, 0, 0, 0, 0, 0, 0, 1, 0, 0, 0, 0, 0, 0, 0, 0, 0, 0, 0, 0, 0, 0, 0, 0, 0, 0, 0, 0, 0, 0, 0, 0, 0, 0, 0, 0, 0, 0, 0, 0, 0, 0, 0, 0, 0, 0, 0, 0, 0, 0, 0, 0, 0, 0, 0, 0, 0, 1, 0, 0, 0, 0, 0, 0, 0, 0, 0, 0, 0, 0, 0, 0, 0, 0, 0, 0, 0, 0, 1, 1, 1, 1, 1, 1, 1, 1, 1, 1, 1, 1, 1, 1, 1, 1, 1, 0, 1, 1, 1, 0, 1, 0, 1, 1, 1, 1, 1, 1, 1, 1, 1, 0, 1, 1, 1, 0, 1, 1, 1, 1, 1, 1, 1, 1, 1, 1, 1, 0, 1, 1, 1, 1, 1, 0, 1, 0, 1, 1, 0, 1, 0, 1, 1, 1, 1, 1, 1, 1, 1, 1, 1, 1, 0, 1, 1, 0, 1, 0, 0, 0, 0, 0, 0, 0], "proba": [0.15660989339427245, 0.16256442702998047, 0.16655543218868657, 0.6622468678847143, 0.17266977178881668, 0.08261139428382407, 0.7284297959753124, 0.1243422458663752, 0.7275637228869162, 0.089726646414262, 0.11644500215500932, 0.06971928331185785, 0.7205653528209655, 0.7375875414191022, 0.3243109986082306, 0.3802106897686467, 0.20687125959772637, 0.08359753255651062, 0.19489457278839825, 0.2648907382700437, 0.11423934276826293, 0.14696466576960704, 0.15635415937977049, 0.37010534082994834, 0.1179613273287636, 0.15660989339427245, 0.21114197212556243, 0.13994286342330334, 0.10462966474422122, 0.1621917162632219, 0.1619286174960139, 0.15660989339427245, 0.10630441797035793, 0.698497895986446, 0.5398102158038304, 0.5763519472644021, 0.09766033857637887, 0.3822688156981297, 0.13852762358583312, 0.46612273189247444, 0.15219549377698874, 0.472311239211998, 0.17748154517969952, 0.4656406255460791, 0.4656406255460791, 0.14737840912126743, 0.13931862608918238, 0.06523838618168144, 0.11151196258973647, 0.4147164661359232, 0.48952001734952094, 0.4656406255460791, 0.32818803935715435, 0.4656406255460791, 0.2069534493320466, 0.37575456928352374, 0.2401154724413737, 0.8695172493280902, 0.5147409029315437, 0.8957835399496499, 0.25692022346382226, 0.7876545849069644, 0.33198354002506325, 0.6065909481623998, 0.09908949791792944, 0.14837974717981273, 0.13479134038289733, 0.16855994031017948, 0.4656406255460791, 0.41424627388031227, 0.4656406255460791, 0.41424627388031227, 0.4656406255460791, 0.14926612702608177, 0.14158254102132733, 0.09897837992234058, 0.07838141269604461, 0.10242668980433291, 0.08572567273326843, 0.09391185044953337, 0.09771651205790696, 0.07223127047056388, 0.12509043542952789, 0.161660798792717, 0.19212810593438792, 0.10644356836006995, 0.29936042235182053, 0.369205033820749, 0.15019421904746597, 0.10252890542848572, 0.09389917956573023, 0.25497684156902223, 0.14319277780325426, 0.13457585126232421, 0.8232406133200626, 0.21789046890405547, 0.13023803368126988, 0.4190067567616828, 0.09509885457633371, 0.44438716624856645, 0.44715040402370965, 0.13312790913226666, 0.1786465375819321, 0.2455592888386592, 0.08800182352516964, 0.22333951777052363, 0.16186022676912995, 0.15823557998557225, 0.1606976636930529, 0.15120799874449498, 0.21135784766372304, 0.39131930367303663, 0.09629996522698793, 0.15186929241364885, 0.8767449691124948, 0.2737270479576006, 0.7740790565982071, 0.17326599736829124, 0.1325022211859395, 0.14659680992961313, 0.101876162550685, 0.1621917162632219, 0.08059078728059471, 0.12140192901528461, 0.15660989339427245, 0.5299395669979714, 0.16523962854985194, 0.1560110612051842, 0.2679189103016667, 0.27357553734101064, 0.16549162790635366, 0.4728481308410334, 0.06838460236766021, 0.18870140009916353, 0.15754539758936542, 0.17662634253193962, 0.45828534250076425, 0.22511912200214457, 0.10029642812538482, 0.09946294532396739, 0.16655543218868657, 0.1072166232827449, 0.19858124413624165, 0.07939982384617779, 0.1950917596299006, 0.5222876801026702, 0.13061083854801556, 0.4728481308410334, 0.1395511056726612, 0.5129461120008061, 0.1395511056726612, 0.08613798545181968, 0.1213344083148681, 0.1927598137811289, 0.1216111141938446, 0.15191575074334082, 0.09025004452059175, 0.07049955477636424, 0.1479159058477122, 0.27746204775660066, 0.07492463685885702, 0.3967470064556878, 0.4656406255460791, 0.14014933856978987, 0.6891728064795365, 0.11205936948621055, 0.12996639553959655, 0.13714890934398696, 0.22623265426678243, 0.13728822416138467, 0.08546908304409156, 0.10242668980433291, 0.2907297602418882, 0.5247123199291673, 0.1363973541304106, 0.12160567250590117, 0.10051737726184683, 0.08993061683399939, 0.22289101708427977, 0.20713590405021753, 0.19646566956446004, 0.06263787351283784, 0.2585611047521337, 0.149054167073581, 0.32818803935715435, 0.4656406255460791, 0.2187487430852836, 0.4656406255460791, 0.3217349735504918, 0.21572114132904618, 0.24750444298042248, 0.1067415140894248, 0.42359754695849766, 0.2665297519205547, 0.22404919182838728, 0.1914420656971943, 0.42560076583068, 0.09661218708182277, 0.4469032467524962, 0.13931862608918238, 0.13087757093911984, 0.16655543218868657, 0.09986260959098012, 0.30965704462008703, 0.07336428601935795, 0.3224008690970569, 0.16628665977898835, 0.32818803935715435, 0.13931862608918238, 0.41424627388031227, 0.1395511056726612, 0.40744288988566674, 0.4656406255460791, 0.14549028881416273, 0.4656406255460791, 0.4656406255460791, 0.41424627388031227, 0.7790565742567613, 0.32971350258407667, 0.1009668955330139, 0.49860983025903394, 0.1995261275759678, 0.08556732400297358, 0.09148247015568998, 0.2464353446323074, 0.09320026857926574, 0.4761994866891568, 0.6260269561475251, 0.12442614238547442, 0.37575456928352374, 0.22404919182838728, 0.18984651029109148, 0.07212882667124405, 0.1089020002228699, 0.4656406255460791, 0.13931862608918238, 0.2872186723027242, 0.14310397332284563, 0.08580416452289406, 0.15819520533664158, 0.15845338501119538, 0.43654729361915673, 0.39772685909420974, 0.28282110980743774, 0.4656406255460791, 0.08249063144959091, 0.4656406255460791, 0.41424627388031227, 0.22404919182838728, 0.310788875811758, 0.4656406255460791, 0.12193007185419075, 0.08180127158745677, 0.32818803935715435, 0.16628665977898835, 0.1755882970506782, 0.14805035500108227, 0.199411739710081, 0.4656406255460791, 0.37620913202755735, 0.30209928637072186, 0.1376639149684507, 0.4354216150785046, 0.13426017581342364, 0.41424627388031227, 0.2033119692072151, 0.16628665977898835, 0.18984651029109148, 0.08990682647091013, 0.37069748986602447, 0.3257268161669845, 0.13431020563352497, 0.4179593044957831, 0.34161620351355254, 0.1571475687011633, 0.1596024364628028, 0.18248837349380537, 0.5009866918628662, 0.07049955477636424, 0.16628665977898835, 0.49860983025903394, 0.36965456742928887, 0.16628665977898835, 0.1009668955330139, 0.32818803935715435, 0.4656406255460791, 0.46612273189247444, 0.16655543218868657, 0.09292108235886908, 0.23747429134253634, 0.14737840912126743, 0.3286153509855939, 