{"metrics": {"test": {"fp": [1], "f1_score": [0.8000000000000002], "risk": [0.028985507246376812], "recall": [0.8], "sensitivity": [0.8], "precision": [0.8], "tp": [4], "tn": [63], "specificity": [0.984375], "fn": [1]}, "train": {"fp": [0], "f1_score": [1.0], "risk": [0.0], "recall": [1.0], "sensitivity": [1.0], "precision": [1.0], "tp": [30], "tn": [248], "specificity": [1.0], "fn": [0]}}, "model": {"n_features": 6864155}, "data": {"path": "/scratch/adrouin/data/patric/single_species_datasets/nalidixic_acid___-736338835843459561/dataset.kover", "split": "train_0.800_seed_9_10_folds", "uuid": "35bbe4c6-07ea-11e8-ab65-001b2193b764"}, "predictions": {"binary": [0, 0, 0, 0, 0, 0, 0, 0, 0, 0, 0, 0, 0, 0, 0, 0, 0, 0, 0, 0, 0, 0, 0, 0, 0, 0, 0, 0, 0, 0, 0, 0, 0, 0, 0, 0, 0, 0, 0, 0, 0, 0, 0, 0, 0, 0, 0, 0, 0, 0, 0, 0, 0, 0, 0, 0, 0, 0, 0, 0, 0, 0, 0, 0, 0, 0, 0, 0, 0, 0, 0, 0, 0, 0, 0, 0, 0, 0, 0, 0, 0, 0, 0, 0, 0, 0, 0, 0, 0, 0, 0, 0, 0, 0, 0, 0, 0, 0, 0, 0, 0, 0, 0, 0, 0, 0, 0, 0, 0, 0, 0, 0, 0, 0, 0, 0, 0, 0, 0, 0, 0, 0, 0, 0, 0, 0, 0, 0, 0, 0, 0, 0, 0, 0, 0, 0, 0, 0, 0, 0, 0, 0, 0, 0, 0, 0, 0, 0, 0, 0, 0, 0, 0, 0, 0, 0, 0, 0, 0, 0, 0, 0, 0, 0, 0, 0, 0, 0, 0, 0, 1, 0, 0, 0, 0, 0, 0, 0, 0, 0, 0, 0, 0, 0, 0, 0, 0, 0, 0, 0, 0, 0, 0, 0, 0, 0, 0, 0, 0, 0, 0, 0, 0, 0, 0, 0, 0, 0, 0, 0, 0, 0, 0, 0, 0, 0, 0, 0, 0, 0, 0, 0, 0, 0, 0, 0, 0, 0, 0, 0, 0, 0, 0, 0, 0, 0, 0, 0, 0, 0, 0, 0, 0, 0, 0, 0, 0, 0, 0, 0, 0, 0, 0, 0, 0, 0, 0, 0, 0, 0, 0, 0, 0, 0, 0, 0, 0, 0, 0, 0, 0, 0, 0, 0, 0, 0, 0, 0, 0, 0, 0, 0, 0, 0, 0, 0, 0, 0, 0, 0, 0, 0, 0, 0, 0, 0, 0, 0, 0, 0, 0, 0, 0, 0, 0, 0, 0, 0, 0, 0, 0, 0, 0, 1, 1, 1, 1, 1, 1, 1, 1, 1, 1, 1, 1, 1, 1, 1, 1, 1, 1, 1, 1, 1, 1, 1, 1, 1, 1, 1, 1, 1, 1, 1, 1, 1, 1], "proba": [0.05557506391481348, 0.0014565397401315708, 0.007085976084492925, 0.001842840169009017, 0.016645762490028977, 0.03174051412975365, 0.03353466028082646, 0.005044638896208085, 0.006441701084367181, 0.05568811696579515, 0.02933613386779117, 0.010857029169161089, 0.01793948036145024, 0.029169564010368652, 0.030778429168424944, 0.055717025244278816, 0.027520076739026178, 0.011787851188891387, 0.013465005024416827, 0.019280573127194483, 0.0052283863196325095, 0.03312439993182842, 0.031320694292576404, 0.03315183340455991, 0.0058095330292927, 0.03835232713867826, 0.05569247061335801, 0.03577742958372606, 0.03195153602156559, 0.020949466992593112, 0.0025001850398027464, 0.010288658365537474, 0.05565020082805344, 0.026246212953622998, 0.023429793639624417, 0.026896056590792552, 0.0257196829268816, 0.0024778730618974175, 0.05568937689422901, 0.05570264269806623, 0.020717812516210365, 0.048300916984965525, 0.038018306974750206, 0.041449769977787425, 0.01711458837463076, 0.024044499638025737, 0.02204285611256835, 0.007361479825904979, 0.05569476062614758, 0.08529361335888774, 0.012184170470859231, 0.04586934379900386, 0.09557300250490754, 0.019806811729440023, 0.024666186471129118, 0.029142166094195912, 0.022202689302207076, 0.031677114377501245, 0.02421828390519141, 0.11786113427469513, 0.055706773072815255, 0.034091852752704606, 0.04400691346530448, 0.036899057789653966, 0.05570562302284287, 0.007115401533693832, 0.05571206131388579, 0.05569948069621511, 0.029351661767000454, 0.04195627866658797, 0.01763944821190872, 0.03630355982434864, 0.05568150175156012, 0.055697450115966746, 0.04953541821479594, 0.05568735183117611, 0.05568441901110151, 0.005052195967058438, 0.015405980879243584, 0.03994490050201185, 0.05569351052754932, 0.05569576671783774, 0.021278119935938852, 0.01917359802967765, 0.01347950470331487, 0.05571094641912604, 0.021385196036260434, 0.035078701550463415, 0.02455744502375161, 0.055710886725974774, 0.03760341617088964, 0.05571389931496886, 0.01831225872199546, 0.01765330732684714, 0.03328264809609821, 0.01749687108962601, 0.02032697101614325, 0.01730073560362913, 0.03142542527366354, 0.012266232089760428, 0.05571303759621083, 0.05569809896272142, 0.05151397386031248, 0.0556875751489481, 0.01690329908257233, 0.05570000805688085, 0.028897762286445385, 0.05571387579250875, 0.0411261896169443, 0.055672382916517146, 0.028577962237951986, 0.05570626751721005, 0.026609877881832302, 0.043653043490106486, 0.09715943551874331, 0.05570580026133013, 0.05569698144823777, 0.0859138129060463, 0.024921353729546455, 0.060477014970771854, 0.17493730884147504, 0.05569601781429721, 0.04940468891920233, 0.05569223178760289, 0.05568621358190663, 0.04895676507369781, 0.022161800391028483, 0.025260480609257605, 0.009531377111657432, 0.006992064649620107, 0.026404007010176474, 0.03948207044422428, 0.02519734029404591, 0.004614927295215534, 0.055708461202174486, 0.04662292095684251, 0.04812986942946283, 0.17346799414529065, 0.04970110689451432, 0.055700597455959226, 0.04953947884525765, 0.21758923053366738, 0.04340156900233782, 0.0556765459737475, 0.0753724609661515, 0.025617815021639602, 0.055690904301945114, 0.0263255813527319, 0.014704197856628581, 0.04166597850839881, 0.05572388528401208, 0.04892380157529386, 0.028727698322603912, 0.05132137420298563, 0.008684187887089799, 0.05567060320003273, 0.021090669169867397, 0.055703418810205525, 0.01021184335259321, 0.021990003541317783, 0.038431869509028396, 0.05568636051278152, 0.055686569138620114, 0.03326763478040575, 0.021282388933919746, 0.05568711586993364, 0.05567467314985006, 0.05569429384345517, 0.05568665470405152, 0.3071424790648282, 0.4288058413629209, 0.055690953165675336, 0.05568877267761301, 0.05568067916401626, 0.055707797904971997, 0.045925888962693916, 0.14608611648277728, 0.054871547337802376, 0.055695610218723914, 0.05568717026623313, 0.05567019850000346, 0.05569754148380206, 0.056939180421643656, 0.03660708627865776, 0.07049639785337913, 0.04375976362133007, 0.10130014365644506, 0.06553666597765412, 0.05571755432159401, 0.055684658814543736, 0.055692088609972094, 0.05571057134934992, 0.024361737171824223, 0.05568579810528873, 0.047804549294117954, 0.04213720432673279, 0.03724020368323208, 0.005947484408597722, 0.020626129814382072, 0.029871153273397517, 0.030090171342400843, 0.05160767597570663, 0.030333938868667372, 0.030385062162860847, 0.055683210247425896, 0.08631643888391273, 0.04530571458978358, 0.030000774051985115, 0.024619609735965685, 0.01121907055036753, 0.05569352868873423, 0.05570243104871761, 0.05570715699366788, 0.05571019085786644, 0.06986394918444985, 0.049990409716586824, 0.013565880510192366, 0.055728202940591505, 0.021739315116331655, 0.024029780538985347, 0.05570345555867571, 0.08706376761905973, 0.055720682229565284, 0.0557214018890795, 0.01178553125111025, 0.05570860563934238, 0.038594009139671266, 0.027428958517316016, 0.026892033443151907, 0.01640520657476775, 0.03142580794143929, 0.02215265804211495, 0.021726232124351038, 0.025169416519214248, 0.021957784282506873, 0.003727160507617413, 0.032105479461602596, 0.026627579308791224, 0.01846429766469038, 0.3109744156878421, 0.02217863008393043, 0.023414751554498715, 0.055693329788828315, 0.055703935133583064, 0.05570534997129587, 0.39113840841435343, 0.008272461452457828, 0.01100665469920469, 0.121565045810952, 0.050163122814352284, 0.0020698160371822785, 0.05271061078055278, 0.0518682399885914, 0.023676917835230054, 0.055704589862742813, 0.05571533566855498, 0.05568919238269023, 0.055681823159816776, 0.05570515161916231, 0.011565782815465553, 0.3117083716079522, 0.08565991108914635, 0.05571058982616939, 0.05569387743628115, 0.055708155926977386, 0.014004187611629752, 0.055678976322432155, 0.05570754345892183, 0.055701663905195514, 0.05570826859163642, 0.05568890246482983, 0.05573364309081199, 0.05568715912916729, 0.055704169975442655, 0.007311856801744401, 0.032525988244218235, 0.05571703977542896, 0.05569674765962695, 0.1852776757809906, 0.0557030351588367, 0.05568718596784582, 0.0341262571586283, 0.039443351545731295, 0.039480096412994464, 0.04514176214640022, 0.018481276973920473, 0.037246164802524365, 0.029197208082673128, 0.03136462601354177, 0.023439428813951623, 0.05423100916190126, 0.05568571447248888, 0.04640050456735268, 