{"metrics": {"test": {"fp": [5], "f1_score": [0.7878787878787877], "risk": [0.050359712230215826], "recall": [0.8666666666666667], "sensitivity": [0.8666666666666667], "precision": [0.7222222222222222], "tp": [13], "tn": [119], "specificity": [0.9596774193548387], "fn": [2]}, "train": {"fp": [14], "f1_score": [0.845360824742268], "risk": [0.026785714285714284], "recall": [0.9761904761904762], "sensitivity": [0.9761904761904762], "precision": [0.7454545454545455], "tp": [41], "tn": [504], "specificity": [0.972972972972973], "fn": [1]}}, "model": {"n_features": 189}, "data": {"path": "/scratch/adrouin/patric_data/single_species_datasets/moxifloxacin___260162261243005161/dataset.kover", "split": "train_0.800_seed_6_10_folds", "uuid": "f1efab30-0765-11e8-ac0b-001b2193b764"}, "predictions": {"binary": [0, 0, 0, 0, 0, 0, 0, 1, 0, 0, 0, 0, 0, 0, 0, 0, 0, 0, 0, 0, 0, 0, 1, 0, 0, 0, 0, 0, 0, 0, 0, 0, 0, 0, 0, 0, 0, 0, 0, 1, 0, 0, 0, 0, 0, 0, 0, 0, 0, 0, 0, 0, 0, 0, 0, 0, 0, 0, 0, 0, 0, 0, 0, 0, 0, 0, 0, 0, 0, 0, 0, 0, 0, 0, 0, 0, 1, 0, 0, 0, 0, 0, 0, 0, 0, 1, 1, 1, 0, 0, 1, 0, 0, 0, 0, 0, 0, 1, 0, 0, 0, 0, 0, 0, 0, 0, 0, 0, 0, 0, 0, 0, 0, 1, 0, 0, 0, 0, 0, 1, 1, 0, 0, 0, 0, 0, 0, 0, 0, 0, 0, 0, 0, 0, 0, 0, 0, 0, 0, 0, 0, 0, 0, 0, 0, 0, 0, 0, 0, 0, 1, 1, 0, 0, 0, 1, 0, 0, 0, 0, 0, 0, 0, 0, 0, 0, 0, 0, 0, 0, 0, 0, 0, 0, 0, 0, 0, 0, 0, 0, 0, 0, 0, 0, 0, 0, 0, 0, 0, 0, 0, 0, 0, 0, 0, 0, 0, 0, 0, 0, 0, 0, 0, 0, 0, 0, 0, 0, 0, 0, 0, 0, 0, 0, 0, 0, 0, 0, 0, 0, 0, 0, 0, 0, 0, 0, 0, 0, 0, 0, 0, 0, 0, 0, 0, 0, 0, 0, 0, 0, 0, 0, 0, 0, 0, 0, 0, 0, 0, 0, 0, 0, 0, 0, 0, 0, 0, 0, 0, 0, 0, 0, 0, 0, 0, 0, 0, 0, 1, 0, 0, 0, 0, 0, 0, 0, 0, 0, 0, 0, 0, 0, 0, 0, 0, 0, 0, 0, 0, 0, 0, 0, 0, 0, 0, 0, 0, 0, 0, 0, 0, 0, 0, 0, 0, 0, 0, 0, 0, 0, 0, 0, 0, 0, 0, 0, 0, 0, 0, 0, 0, 1, 0, 0, 0, 0, 0, 0, 0, 0, 0, 0, 0, 0, 0, 0, 0, 0, 0, 0, 0, 0, 0, 0, 0, 0, 0, 0, 0, 0, 0, 0, 0, 0, 0, 0, 0, 0, 0, 0, 0, 0, 0, 0, 0, 0, 0, 0, 0, 0, 0, 0, 0, 0, 0, 0, 0, 1, 0, 0, 0, 0, 0, 0, 0, 0, 0, 0, 0, 0, 0, 0, 0, 0, 0, 0, 0, 0, 0, 0, 0, 0, 0, 0, 0, 0, 0, 0, 0, 0, 0, 0, 0, 0, 0, 0, 0, 0, 0, 0, 0, 0, 0, 0, 0, 0, 0, 0, 0, 0, 0, 0, 0, 0, 0, 0, 0, 0, 0, 0, 0, 0, 0, 0, 0, 0, 0, 0, 0, 0, 0, 0, 0, 0, 0, 0, 0, 0, 0, 0, 0, 0, 0, 0, 0, 0, 0, 0, 0, 0, 0, 0, 0, 0, 0, 0, 0, 0, 0, 0, 0, 0, 0, 0, 0, 0, 0, 0, 0, 0, 0, 0, 0, 0, 0, 0, 0, 0, 0, 0, 0, 0, 0, 0, 0, 0, 0, 0, 0, 0, 0, 0, 0, 0, 0, 0, 0, 0, 0, 0, 0, 0, 0, 0, 0, 0, 0, 0, 0, 0, 0, 0, 0, 0, 0, 0, 0, 0, 0, 0, 0, 0, 0, 0, 0, 0, 0, 0, 0, 0, 0, 0, 0, 0, 0, 0, 0, 0, 0, 0, 0, 0, 0, 0, 0, 0, 0, 0, 1, 0, 0, 0, 0, 0, 0, 0, 0, 0, 0, 0, 0, 0, 0, 0, 0, 0, 0, 0, 0, 0, 0, 0, 0, 0, 0, 0, 0, 0, 0, 0, 0, 0, 0, 0, 0, 0, 0, 0, 0, 0, 0, 0, 0, 0, 0, 0, 0, 0, 0, 0, 0, 0, 0, 0, 0, 0, 0, 0, 0, 0, 0, 0, 0, 0, 0, 0, 0, 0, 0, 0, 0, 0, 1, 1, 1, 1, 1, 1, 1, 1, 0, 0, 1, 1, 1, 1, 1, 1, 1, 1, 1, 1, 1, 1, 1, 1, 1, 1, 1, 1, 1, 1, 1, 1, 1, 1, 1, 1, 1, 1, 1, 1, 1, 1, 1, 1, 1, 1, 1, 1, 1, 1, 1, 1, 1, 0, 1, 1, 1, 0, 0, 0, 0, 0], "proba": [0.02351849737907713, 0.1881964240051145, 0.09916755426215028, 0.1294266376267066, 0.04766233126640902, 0.16292809262385022, 0.25423027596784964, 0.6487403716723954, 0.1285935224547003, 0.1570467893952067, 0.13539101996802852, 0.06444193773956522, 0.26784888912818444, 0.23847742765798563, 0.2157397464445892, 0.04427786693900068, 0.09675523068804036, 0.13141573739975662, 0.07989694160192974, 0.2130387577992407, 0.027681408838671668, 0.149983154371797, 0.9094506573811589, 0.2568902020132911, 0.15892312715568596, 0.11432342842169604, 0.14154874012107627, 0.095534830152407, 0.0739149810149057, 0.12035765979827655, 0.11259821210721217, 0.20557101415284446, 0.08724442154430735, 0.02354082087870002, 0.01413044266105018, 0.037349465330075805, 0.018884688988155183, 0.23930077343101436, 0.11330874988623099, 0.7337184736446645, 0.13226703913654667, 0.20927850218472066, 0.1890085615614461, 0.079062941138666, 0.30388891416426256, 0.06804036639047835, 0.030879051935717217, 0.03567897520225958, 0.1441893434864404, 0.018293460339440803, 0.07767521264256509, 0.08604918180397099, 0.1833917940338537, 0.21264213712223204, 0.0430412755043379, 0.17056881942912688, 0.1564284316745289, 0.019452035315608643, 0.07571597316368575, 0.35069298746357874, 0.20706861460804166, 0.08046460679430324, 0.178728560268603, 0.426768289188448, 0.36035208530742874, 0.061720487614768234, 0.16233953262950743, 0.11933898028980751, 0.19919658493665415, 0.1620563960480074, 0.24978225738131357, 0.12605075144908903, 0.06298645663611908, 0.09058034253999799, 0.09778380198113272, 0.21182409092258356, 0.8677425162771532, 0.23810694341029634, 0.09578413925641224, 0.026521808986700007, 0.018729681473946266, 0.041299153960794845, 0.017869016131868993, 0.014787100560352201, 0.02067675080438996, 0.9395395248953144, 0.9491974045450476, 0.6370176564246136, 0.02838346304429323, 0.12035765979827655, 0.8521670860672165, 0.1292949062267715, 0.12761801113724455, 0.12782123496799744, 0.07575371484744368, 0.09266129329348863, 0.16497678807735686, 0.944922406756449, 0.05240455080939865, 0.03920190822986781, 0.022686368449949288, 0.012410392275968983, 0.08548124208759725, 0.03599067959888001, 0.027948656159718463, 0.016442341644227858, 0.013998189692012558, 0.027264758132832332, 0.015123486497251874, 0.016221857979780614, 0.038060351446443916, 0.021916832454997585, 0.0077549451646516, 0.5086167475576528, 0.08744167777972556, 0.028103042544201914, 0.008453282496341691, 0.13021825464281708, 0.10532302917655828, 0.9539114625730043, 0.9533584921936961, 0.022710119993809466, 0.05979043427565132, 0.012038570299159959, 0.009704116734831144, 0.015655003653591404, 0.020073403052837273, 0.013525527568234465, 0.019426227521175187, 0.17050497575579066, 0.02373668328489537, 0.19205469507464373, 0.04618983077551814, 0.07690752807772291, 0.08402365635888617, 0.08891490593862728, 0.0158377704177373, 0.027572270051583966, 0.11627932853766915, 0.07878287610534981, 0.13275373110874167, 0.3142989851332386, 0.020177430890189373, 0.01593612324330752, 0.03365574593626582, 0.02315909765044289, 0.030166293546334638, 0.04050364039957919, 0.018290783601086817, 0.046412186193215355, 0.8859412247736286, 0.8859412247736286, 0.2409914374877121, 0.26897945521394456, 0.13123446022517551, 0.943310963362491, 0.26897945521394456, 0.10646949044606462, 0.07965939024671306, 0.1273005625264811, 0.05100698874418713, 0.07402093725142883, 0.02288078727054866, 0.04522346822871245, 0.022826544075520514, 0.017494394055165806, 0.028947107624131142, 0.057646758778624935, 0.03281904726806595, 0.12390353614730115, 0.026005355405506712, 0.06933583966349961, 0.11189471404538556, 0.009668412953647275, 0.06533185675862255, 0.022030525401091065, 0.02596260986361928, 0.08643624618511667, 0.11866272674811426, 0.05550043385228351, 0.020230033597301963, 0.029732957503215092, 0.07584066522284523, 0.03725211988247077, 0.04038322731098104, 0.055358930163268524, 0.04397021012948088, 0.010734129310379578, 0.017491601405997825, 0.033779754262598466, 0.036056907559739886, 0.019235859145083887, 0.01936941353517428, 0.03494719000827853, 0.028258219044997177, 0.018843823569375393, 0.07153659121726585, 0.02000943837698114, 0.012711840724346023, 0.02945111197036722, 0.033856798309600866, 0.1910666478745594, 0.021745121817927645, 0.012404212307927586, 0.02058674585106285, 0.018253281788112537, 0.01934938097401822, 0.0587206526226792, 0.009634652320843396, 0.031087198935063412, 0.045060972645873006, 0.029351124718401032, 0.018877751156532965, 0.02918291276533763, 0.01366690801284336, 0.0373698363493826, 0.027560510277623167, 0.022078999132834547, 0.022919526972285702, 0.06460541688749769, 0.04644579755309963, 0.02269770656459878, 0.017975953918653042, 0.03418113900944403, 0.020320068754636093, 0.029025180324965906, 0.1770977610631799, 0.021732512874057724, 0.03730200538485575, 0.024933318692153848, 0.02151160324959865, 0.06443285659583865, 0.03655737418611496, 0.06461329298035337, 0.021177181597519756, 0.036730649273307624, 0.14020739828065734, 0.020891231947090576, 0.03811633424089264, 0.027126366218197053, 