{"metrics": {"test": {"fp": [0], "f1_score": [0.9662921348314606], "risk": [0.046875], "recall": [0.9347826086956522], "sensitivity": [0.9347826086956522], "precision": [1.0], "tp": [43], "tn": [18], "specificity": [1.0], "fn": [3]}, "train": {"fp": [0], "f1_score": [1.0], "risk": [0.0], "recall": [1.0], "sensitivity": [1.0], "precision": [1.0], "tp": [201], "tn": [59], "specificity": [1.0], "fn": [0]}}, "model": {"n_features": 4201}, "data": {"path": "/scratch/adrouin/patric_data/single_species_datasets/erythromycin___49420779660966717/dataset.kover", "split": "train_0.800_seed_1_10_folds", "uuid": "b6efed36-0870-11e8-a4f3-001b2193b764"}, "predictions": {"binary": [0, 0, 0, 0, 0, 0, 0, 0, 0, 0, 0, 0, 0, 0, 0, 0, 0, 0, 0, 0, 0, 0, 0, 0, 0, 0, 0, 0, 0, 0, 0, 0, 0, 0, 0, 0, 0, 0, 0, 0, 0, 0, 0, 0, 0, 0, 0, 0, 0, 0, 0, 0, 0, 0, 0, 0, 0, 0, 0, 0, 0, 0, 0, 0, 0, 0, 0, 0, 0, 0, 0, 0, 0, 0, 0, 0, 0, 1, 1, 1, 1, 1, 1, 1, 1, 1, 0, 1, 1, 1, 1, 1, 1, 1, 1, 1, 1, 1, 1, 1, 1, 1, 1, 1, 1, 1, 1, 1, 1, 1, 1, 1, 1, 1, 1, 1, 1, 1, 1, 1, 1, 1, 1, 1, 1, 1, 0, 1, 1, 1, 1, 1, 1, 1, 1, 1, 0, 1, 1, 1, 1, 1, 1, 1, 1, 1, 1, 1, 1, 1, 1, 1, 1, 1, 1, 1, 1, 1, 1, 1, 1, 1, 1, 1, 1, 1, 1, 1, 1, 1, 1, 1, 1, 1, 1, 1, 1, 1, 1, 1, 1, 1, 1, 1, 1, 1, 1, 1, 1, 1, 1, 1, 1, 1, 1, 1, 1, 1, 1, 1, 1, 1, 1, 1, 1, 1, 1, 1, 1, 1, 1, 1, 1, 1, 1, 1, 1, 1, 1, 1, 1, 1, 1, 1, 1, 1, 1, 1, 1, 1, 1, 1, 1, 1, 1, 1, 1, 1, 1, 1, 1, 1, 1, 1, 1, 1, 1, 1, 1, 1, 1, 1, 1, 1, 1, 1, 1, 1, 1, 1, 1, 1, 1, 1, 1, 1, 1, 1, 1, 1, 1, 1, 1, 1, 1, 1, 1, 1, 1, 1, 1, 1, 1, 1, 1, 1, 1, 1, 1, 1, 1, 1, 1, 1, 1, 1, 1, 1, 1, 1, 1, 1, 1, 1, 1, 1, 1, 1, 1, 1, 1, 1, 1, 1, 1, 1, 1, 1, 1, 1, 1, 1, 1, 1, 0, 0, 0, 0, 0, 0, 0, 0, 0, 0, 0, 0, 0, 0, 0, 0, 0, 0, 0, 0, 0, 0, 0, 0, 0, 0, 0, 0, 0, 0, 0, 0, 0, 0, 0, 0, 0, 0, 0, 0, 0, 0, 0, 0, 0, 0, 0, 0, 0, 0, 0, 0, 0, 0, 0, 0, 0, 0, 0, 0], "proba": [7.688064775370371e-05, 0.0001726170011996095, 0.00010471406826293804, 8.972550792803938e-05, 0.00015125433513883205, 0.00015832001640537312, 8.731362389424758e-05, 0.00030418562923760186, 0.0002916962431820556, 0.0015723739996402674, 0.00023114841343288456, 5.397561912525292e-05, 0.0001336553953083941, 0.0003252049619493445, 0.00021277759779704492, 0.00023140657318380402, 0.00046708610124386227, 0.00017758367253185598, 0.0010392382993730837, 0.0004387802420769733, 0.00013182541583251658, 0.00030190211367457946, 0.0012528472044370726, 4.567686273870311e-05, 0.00020801773298690786, 0.0006101457347116059, 0.00013200264752856526, 0.0002176282972344077, 0.00010754672580354838, 0.0002816935615218166, 0.012219293635251437, 0.0006976165867727055, 0.00029200669767202034, 0.00014487334818511378, 0.00022663367192743167, 0.0017012542457255783, 0.00033734158345709737, 0.0028193726117411535, 0.00010711275441739818, 0.00017853088044425728, 0.0009497371279446194, 0.00014131642132788876, 0.00022727401659138852, 0.07847276056996466, 0.0003247314875657454, 0.00022061121711534996, 0.00021832280477798382, 0.00010509526164808882, 0.00016470900419806615, 0.0005185593029021906, 0.0009079995229339738, 0.00012077377426002695, 0.00014441400572367164, 0.00012034180939769762, 0.00023705791491305942, 0.00011432100879584702, 0.00021312502976557557, 0.00010482275209770294, 0.0001255751345981618, 0.0001970618438522273, 0.00018156625111117605, 0.00023156139497498, 0.00030707560614388885, 9.95573058344042e-05, 0.00044625719900199347, 0.0002982238952584457, 9.078832231378224e-05, 0.00026826809277106573, 0.0004151932966668624, 0.0002563123416612089, 0.00023253028359058976, 0.00033420383521417515, 0.00037186396269710937, 0.00022675033967569806, 0.0006121968239753491, 0.00018535058871108718, 8.465622977754928e-05, 0.9998463504557725, 0.9993641445701391, 0.9995336532122552, 0.9999626246715385, 0.9998531731983218, 0.9999988786093238, 0.999845759177693, 0.9998432161593548, 0.999986705590909, 0.004007046780279687, 0.9998400672712062, 0.9999139480764068, 0.9999055395866795, 0.9994302862711371, 0.9999727857433626, 0.9995304855862229, 0.9993717216909423, 0.9997710647129694, 0.9997864603733234, 0.9994850046478891, 0.9989328459760077, 0.9999696488910519, 0.9999721483340932, 0.9999968423023071, 0.9999762989207786, 0.9996436194570861, 0.9997137003376613, 0.9999581860966249, 0.9999983645308972, 0.9930841890964871, 0.9999769478284624, 0.9998738201204659, 0.9999962684784155, 0.999914702598464, 0.9999096078430981, 0.9998290400342071, 0.9999985649666788, 0.9999358719376904, 0.9441467309454001, 0.9995142005902057, 0.9998399395147031, 0.9999821992070212, 0.9999985553751858, 0.9994752079340362, 0.9997307312640885, 0.9996196679947416, 0.9996269958771518, 0.9999416270713137, 0.9997462066621726, 0.01186568720687851, 0.9995344159398688, 0.9999723902843559, 0.9997574376244106, 0.9999897066667972, 0.999981815829993, 0.9999931308256528, 0.9999808734459339, 0.9999914396483696, 0.9999763647760486, 0.00672759297533612, 0.9998667898190722, 0.9995804759295964, 0.9999508076329158, 0.9996604829967121, 0.999739241025064, 0.9998667665118592, 0.9997082464155514, 0.9998805315010422, 0.9998694945768332, 0.9994271565805661, 0.9999790928068037, 0.9999499454570108, 0.9998537687112344, 0.9990819273102316, 0.9999999520959245, 0.9997484371592165, 0.999908204625317, 0.999632293903196, 0.999841517587356, 0.999957567959073, 0.999974093604391, 0.9999974337956223, 0.9998537920188497, 0.9995342463708594, 0.9997198592099323, 0.9999744569081054, 0.9997557677781754, 0.9998861781125576, 0.9999799678755682, 0.9999984052295972, 0.9998642653251066, 0.9998448398227824, 0.999847095818331, 0.9998130550001474, 0.9999319139433943, 0.999783475609302, 0.9981924879556585, 0.9991931590211498, 0.9993985200282838, 0.9999403479865507, 0.9996677965850023, 0.9996879257853566, 0.9999481433354062, 0.9999490512290297, 0.9999218933659616, 0.9998937734161261, 0.9999690665654257, 0.9998104161965073, 0.9999481433354062, 0.999964322151378, 0.9999278572836937, 0.9999032712710484, 0.9999234482629222, 0.9999469238880331, 0.9999491456627343, 0.9999131617071783, 0.9999310070378824, 0.9999738829645047, 0.9999006805417175, 0.9835757763652407, 0.9999156164877814, 0.999897394160428, 0.9999432201893085, 0.9998938448338692, 0.9999308224254211, 0.9998016528843943, 0.9985467041210907, 0.9995568644337459, 0.9998316610166549, 0.9990722630239046, 0.9998865643909759, 0.9996978793574466, 0.9997966088889263, 0.9999546340122852, 0.9994479132765609, 0.999668039733477, 0.9999559037146298, 0.9993539700697266, 0.9999141663405717, 0.999884986697199, 0.9998543178725597, 0.9992363723419041, 0.9986201505930876, 0.9993980599028279, 0.9998024328592587, 0.9998892552730843, 0.9999616945364463, 0.9997992232782273, 0.9995437913691132, 0.9997298400993779, 0.9993943851062624, 0.999520714653143, 0.9998345778596338, 0.9997052695564003, 0.9998295660416149, 0.9997936407212324, 0.9991608329226043, 0.9997990350575597, 0.9998973718228963, 0.9997644866480628, 0.8987627598215578, 0.9999885853969595, 0.7818819971054185, 0.9999385557362246, 0.9999202567059804, 0.9998924241620274, 0.9982550549025737, 0.9997777276548933, 0.9998949732144198, 0.9996259619393225, 0.9999537466915664, 0.9999447236574951, 0.9998577031545132, 0.999950383159278, 0.9998813375901079, 0.9999566736127555, 0.9980285778302633, 0.999759355114759, 0.9998322184122175, 0.9999579824053092, 0.9999465912723282, 0.9999198211892291, 0.9993824866703066, 0.9995178937200069, 0.9995277901169168, 0.9997299018953358, 0.9999617736894164, 0.9999479966579345, 0.9999307168197696, 0.9997846762737977, 0.9999386186407827, 0.99994828080119, 0.9999944186662467, 0.999924741012204, 0.9971114491098785, 0.999755108912294, 0.9996483913328575, 0.9999648330896745, 0.99999999245154, 0.9999939240985417, 0.9999901731673713, 0.9996398321353199, 0.9999703795349468, 0.9998489072351898, 0.9996323861940002, 0.9993823144830903, 0.9998111211462546, 0.9998713272347641, 0.9999945232225097, 0.9999121307913049, 0.9997620908802968, 0.9996319947145152, 0.9999984278840441, 0.9992430625310041, 0.9996957743501851, 0.9997997017745943, 0.9998447146495782, 0.9992227639098339, 