{"metrics": {"test": {"fp": [1], "f1_score": [0.8333333333333334], "risk": [0.024096385542168676], "recall": [0.8333333333333334], "sensitivity": [0.8333333333333334], "precision": [0.8333333333333334], "tp": [5], "tn": [76], "specificity": [0.987012987012987], "fn": [1]}, "train": {"fp": [0], "f1_score": [1.0], "risk": [0.0], "recall": [1.0], "sensitivity": [1.0], "precision": [1.0], "tp": [33], "tn": [303], "specificity": [1.0], "fn": [0]}}, "model": {"n_features": 10526}, "data": {"path": "/scratch/adrouin/patric_data/single_species_datasets/aztreonam___7053822222416630118/dataset.kover", "split": "train_0.800_seed_2_10_folds", "uuid": "99159066-095d-11e8-a809-001b2193b764"}, "predictions": {"binary": [0, 0, 0, 0, 0, 0, 0, 0, 0, 0, 0, 0, 0, 0, 0, 0, 0, 0, 0, 0, 0, 0, 0, 0, 0, 0, 0, 0, 0, 0, 0, 0, 0, 0, 0, 0, 0, 0, 0, 0, 0, 0, 0, 0, 0, 0, 0, 0, 0, 0, 0, 0, 0, 0, 0, 0, 0, 0, 0, 0, 0, 0, 0, 0, 0, 0, 0, 0, 0, 0, 0, 0, 1, 0, 0, 0, 0, 0, 0, 0, 0, 0, 0, 0, 0, 0, 0, 0, 0, 0, 0, 0, 0, 0, 0, 0, 0, 0, 0, 0, 0, 0, 0, 0, 0, 0, 0, 0, 0, 0, 0, 0, 0, 0, 0, 0, 0, 0, 0, 0, 0, 0, 0, 0, 0, 0, 0, 0, 0, 0, 0, 0, 0, 0, 0, 0, 0, 0, 0, 0, 0, 0, 0, 0, 0, 0, 0, 0, 0, 0, 0, 0, 0, 0, 0, 0, 0, 0, 0, 0, 0, 0, 0, 0, 0, 0, 0, 0, 0, 0, 0, 0, 0, 0, 0, 0, 0, 0, 0, 0, 0, 0, 0, 0, 0, 0, 0, 0, 0, 0, 0, 0, 0, 0, 0, 0, 0, 0, 0, 0, 0, 0, 0, 0, 0, 0, 0, 0, 0, 0, 0, 0, 0, 0, 0, 0, 0, 0, 0, 0, 0, 0, 0, 0, 0, 0, 0, 0, 0, 0, 0, 0, 0, 0, 0, 0, 0, 0, 0, 0, 0, 0, 0, 0, 0, 0, 0, 0, 0, 0, 0, 0, 0, 0, 0, 0, 0, 0, 0, 0, 0, 0, 0, 0, 0, 0, 0, 0, 0, 0, 0, 0, 0, 0, 0, 0, 0, 0, 0, 0, 0, 0, 0, 0, 0, 0, 0, 0, 0, 0, 0, 0, 0, 0, 0, 0, 0, 0, 0, 0, 0, 0, 0, 0, 0, 0, 0, 0, 0, 0, 0, 0, 0, 0, 0, 0, 0, 0, 0, 0, 0, 0, 0, 0, 0, 0, 0, 0, 0, 0, 0, 0, 0, 0, 0, 0, 0, 0, 0, 0, 0, 0, 0, 0, 0, 0, 0, 0, 0, 0, 0, 0, 0, 0, 0, 0, 0, 0, 0, 0, 0, 0, 0, 0, 0, 0, 0, 0, 0, 0, 0, 0, 0, 0, 0, 0, 0, 0, 0, 0, 1, 1, 1, 1, 1, 1, 1, 1, 1, 1, 1, 1, 1, 1, 1, 1, 1, 1, 1, 1, 1, 1, 1, 1, 1, 1, 1, 1, 1, 1, 1, 1, 1, 1, 1, 1, 1, 1, 0, 0, 0, 0, 0, 0, 0, 0, 0, 0, 0, 0, 0, 0, 0, 0, 0, 0, 0, 0, 0, 0, 0, 0, 0, 0, 0, 0, 0, 0], "proba": [5.9030868892430014e-05, 7.61221129483726e-05, 1.3057130691537156e-05, 3.6757290414130387e-06, 2.1311994778907763e-05, 1.1869788700835592e-05, 3.880673214298754e-06, 2.383586609764458e-06, 1.1193025969786449e-05, 1.2229481059617895e-06, 1.4471020170917826e-05, 1.421976316412174e-07, 8.4118028708324e-06, 1.8449980354602723e-05, 9.017008326278798e-07, 0.016758780800108553, 4.984691427837416e-06, 6.0632531811881365e-06, 4.2273490128097567e-07, 3.09400803947286e-06, 1.296440419223213e-05, 3.3225954557404116e-05, 0.0012757029948306205, 1.6307864178117173e-06, 1.6227819661904574e-06, 4.573448330706667e-07, 3.324872383317896e-07, 2.7699480524509615e-05, 2.701746221301699e-07, 1.028863459090245e-06, 4.023325173925518e-05, 6.62884476972683e-07, 7.095088175198549e-07, 5.348303693822889e-06, 2.0289381809061902e-07, 2.2246411708068784e-06, 2.9058306081882962e-05, 1.792189025553841e-05, 1.3720592402041824e-05, 9.350998982304438e-06, 1.2952009427401252e-06, 1.626846025196046e-05, 1.3653371466421333e-06, 8.854555670330453e-06, 4.370660008474383e-06, 1.4257392861590204e-06, 4.928854908353072e-07, 1.176531306794875e-06, 8.5411116144596e-06, 1.8340932238646268e-05, 6.165943738692457e-06, 6.228122771959735e-06, 1.0982767992749137e-07, 4.1660366712417034e-07, 7.438215118435547e-06, 8.264523900349605e-06, 4.3992974588810745e-08, 5.713964136968624e-06, 4.553049378623575e-05, 2.4155748737157953e-07, 1.018764111760689e-06, 2.0694849077795145e-06, 9.750455936458286e-06, 9.593689623580889e-05, 0.00021936863853752608, 5.147155831733052e-08, 6.6470833274373075e-06, 4.439314138314503e-07, 1.854817134011245e-05, 4.120673667995387e-07, 3.21469260815629e-06, 6.859270048299561e-06, 0.6775123979944128, 0.00010854311627268069, 1.1204937051842256e-05, 1.527720924159257e-05, 6.515203772068803e-07, 1.7169498502617216e-06, 5.001352595489008e-06, 1.5876381413486988e-05, 1.4784923768148829e-05, 4.650019689721346e-07, 9.943471468215996e-07, 4.505074686821473e-06, 7.404586844378381e-07, 8.409485054918674e-05, 1.7827568138638875e-06, 5.7761773763364965e-06, 5.463971288387894e-08, 1.7772346017694178e-05, 3.835677966908645e-06, 8.905764639846707e-07, 1.5458660505809244e-06, 3.111339172757194e-07, 2.4056257439085886e-05, 0.0003045033800087306, 9.656915617038006e-06, 9.705765742851934e-06, 4.227176403753025e-06, 3.305158819908744e-06, 2.3763745254347677e-05, 1.0168307059147458e-05, 2.9427317320877794e-06, 1.8409024265290252e-06, 6.792680045578526e-06, 9.33835751611343e-06, 2.559728124321451e-06, 1.5271749918699344e-07, 2.308546020294175e-06, 3.105522918474071e-05, 1.221763917551293e-06, 2.3370377904375e-05, 1.9863619906705317e-06, 1.4723482418894416e-05, 7.667981077494075e-06, 2.936189726539788e-06, 4.088186447631815e-06, 1.4241527129505415e-06, 3.215060392899286e-06, 3.0777220410119288e-06, 1.0473887599087153e-05, 1.7611159963524654e-06, 4.5476913103853524e-05, 1.0815547759671046e-06, 5.524883297487699e-06, 6.066408293123697e-06, 4.435803055192054e-06, 2.5673934515945212e-06, 1.3223291197148125e-06, 3.3285644058198687e-06, 8.331484714021346e-07, 1.5678263469685886e-06, 1.7884882090617294e-06, 3.830305510853726e-06, 1.504085851263972e-06, 2.9651943431833606e-05, 1.0815547759671046e-06, 1.911785534071246e-06, 1.7102140839721098e-06, 5.440171653056402e-06, 2.0194173294650454e-06, 6.4815870663316255e-06, 8.114439337552338e-07, 5.98824061397178e-08, 2.1863202511353716e-06, 1.0437001144519743e-05, 4.948790651847566e-06, 3.680602029470207e-05, 1.6175915414249718e-06, 5.615375021877559e-06, 6.7316136301533085e-06, 3.0099361420720494e-07, 9.248368602514836e-06, 6.637238331676673e-07, 1.4464352475798876e-05, 6.352491873372806e-06, 7.334016266772953e-07, 8.791264874099432e-07, 7.106615265098793e-07, 2.7911445841102642e-08, 1.7854746434082333e-07, 7.628732510499349e-07, 1.638857397870114e-07, 5.155125652430323e-07, 1.5924459651765044e-05, 1.617196966907003e-06, 1.0815547759671046e-06, 3.6390912019906687e-06, 0.009405977955882286, 0.0001090739236641821, 2.9000727615706835e-05, 4.100561092006512e-06, 3.53315963150601e-05, 2.2656162992802704e-05, 5.972090847705376e-05, 4.704352354725318e-06, 1.7487478252820532e-05, 1.584172791686817e-06, 1.584601407066998e-05, 5.644689245632444e-05, 2.5790610376450313e-06, 1.1261083799792082e-05, 7.022706423809848e-06, 3.604853074276624e-06, 1.8652879624884993e-06, 7.936942300119043e-08, 3.6428047685269714e-06, 1.066764799210746e-06, 0.00013003566618372353, 5.084598882345389e-06, 1.61209270378621e-06, 1.083699229326502e-05, 5.863813315151078e-05, 1.8457082633350005e-05, 5.788292948698384e-05, 4.0407704297739266e-07, 6.543513870377888e-08, 5.491733186552147e-05, 2.451028028185243e-08, 1.3693383383970598e-07, 5.991675085506401e-07, 7.847331620365796e-05, 3.880868145942842e-06, 6.030912715513859e-06, 1.0040094072428928e-05, 5.581213133477726e-05, 2.1237668542371013e-05, 8.217965197387841e-07, 4.9727161108784935e-06, 9.620106618621032e-08, 3.32819778828623e-05, 8.499758157350648e-07, 2.6607767512848372e-05, 7.180724852605913e-06, 6.90107813882806e-06, 1.2969113934545472e-05, 2.003135722400961e-06, 2.0007955329585886e-05, 1.1138163270908624e-06, 2.9422279966013086e-06, 9.053646272831396e-06, 2.9329492699515973e-06, 3.479142584270684e-06, 1.8479706608243219e-06, 2.231450349227369e-05, 6.297643541231486e-08, 5.253870216443889e-06, 3.9785694844663774e-05, 3.4091448363574497e-06, 5.12809003877803e-06, 1.9058387209927898e-06, 1.3536060957293013e-05, 5.09343282669614e-06, 1.7231368855266069e-06, 4.199361924613575e-05, 3.8071722210855825e-05, 1.883643519577186e-05, 1.5341657483223607e-05, 0.00010251782646016621, 2.4563905145260714e-06, 6.124512274577872e-06, 1.5586007699478618e-06, 2.952493476840144e-06, 1.8788690573279125e-06, 1.00794923917136e-05, 1.1760398903396953e-06, 1.8388908502217038e-06, 1.100405125426079e-06, 2.7699975582398484e-06, 4.6464696645192324e-06, 1.1387091663265905e-06, 1.0687088922883013e-06, 6.739531791613743e-06, 1.3733164920526583e-06,