{"metrics": {"test": {"fp": [6], "f1_score": [0.923076923076923], "risk": [0.1206896551724138], "recall": [0.9767441860465116], "sensitivity": [0.9767441860465116], "precision": [0.875], "tp": [42], "tn": [9], "specificity": [0.6], "fn": [1]}, "train": {"fp": [4], "f1_score": [0.9895833333333333], "risk": [0.017241379310344827], "recall": [1.0], "sensitivity": [1.0], "precision": [0.979381443298969], "tp": [190], "tn": [38], "specificity": [0.9047619047619048], "fn": [0]}}, "model": {"n_features": 5629043}, "data": {"path": "/scratch/adrouin/data/patric/single_species_datasets/spectinomycin___-736338835843459561/dataset.kover", "split": "train_0.800_seed_1_10_folds", "uuid": "e8e8b8ee-07ef-11e8-8609-001b2193b764"}, "predictions": {"binary": [0, 0, 0, 0, 0, 0, 0, 0, 0, 0, 0, 1, 0, 0, 0, 1, 0, 0, 0, 0, 0, 0, 1, 0, 1, 1, 0, 1, 0, 0, 0, 0, 0, 0, 0, 0, 0, 0, 1, 0, 0, 0, 0, 0, 0, 0, 0, 0, 0, 1, 0, 0, 1, 0, 0, 0, 1, 1, 1, 1, 1, 1, 1, 1, 1, 1, 1, 1, 1, 1, 1, 1, 1, 1, 1, 1, 1, 1, 1, 1, 1, 1, 1, 1, 1, 1, 1, 1, 1, 1, 1, 1, 1, 1, 1, 1, 1, 1, 1, 1, 1, 1, 1, 1, 1, 1, 1, 1, 1, 1, 1, 1, 1, 1, 1, 1, 1, 1, 1, 1, 1, 1, 1, 1, 1, 1, 1, 1, 1, 1, 1, 1, 1, 1, 1, 1, 1, 1, 1, 1, 1, 1, 1, 1, 1, 1, 1, 1, 1, 1, 1, 1, 1, 1, 1, 1, 1, 1, 1, 1, 1, 1, 1, 1, 1, 1, 1, 1, 1, 1, 1, 1, 1, 1, 1, 1, 1, 1, 1, 1, 1, 1, 1, 1, 1, 1, 1, 1, 1, 1, 1, 1, 1, 1, 1, 1, 1, 1, 1, 1, 1, 1, 1, 1, 1, 1, 1, 1, 1, 1, 1, 1, 1, 1, 1, 1, 1, 1, 1, 1, 1, 1, 1, 1, 1, 1, 1, 1, 1, 1, 1, 1, 1, 1, 1, 1, 1, 1, 1, 1, 1, 1, 1, 1, 1, 1, 1, 1, 1, 1, 0, 1, 1, 1, 1, 1, 1, 1, 1, 1, 1, 1, 1, 1, 1, 1, 1, 1, 1, 1, 1, 1, 1, 1, 1, 1, 1, 1, 1, 1, 1, 1, 1, 1, 1, 1, 1, 1, 1, 1], "proba": [0.05011750365858965, 0.03355018489614143, 0.009462799663679187, 0.03933913238960844, 0.04539333225616313, 0.0173059534832905, 0.03229617451977924, 0.016688057651810678, 0.051762200932568676, 0.05187439381989822, 0.1331096800266854, 0.9551288358385348, 0.08859002620621075, 0.37270152695266234, 0.03206293448937796, 0.7321370833708251, 0.171668349410032, 0.12695617118479868, 0.05185074214419659, 0.0518397490607223, 0.05187506908648664, 0.05187771610514588, 0.7409449682605014, 0.05182983009983694, 0.8418801045436456, 0.9160071491039339, 0.1710269181910742, 0.579631267109357, 0.06640015182584089, 0.05185428345199633, 0.03362106517315175, 0.05184247971106467, 0.051847531881734944, 0.03720379052726492, 0.010073288422056015, 0.024214573358353034, 0.03973414627843627, 0.004961936185480473, 0.6651047762210052, 0.007027896525533188, 0.05183724065112585, 0.17239612193482065, 0.051800950006221, 0.044428750689448356, 0.011118324907236929, 0.42928271391647055, 0.19510066014373476, 0.20675656321552208, 0.05187094323177695, 0.7923087426851267, 0.39448996724941043, 0.051870457298177415, 0.9697618454998043, 0.060158116639590795, 0.21805306840095925, 0.05184578029484744, 0.4675840340608838, 0.9278937983985193, 0.927861361579117, 0.9408541430416975, 0.9736638924265706, 0.9631504502068166, 0.9278531557977618, 0.9278685061899818, 0.9181539081363036, 0.9278045381739985, 0.9278377980500171, 0.9278246889428319, 0.8502153101057301, 0.9278176300885845, 0.927857989890271, 0.9748690936136857, 0.9705638880843245, 0.9600938816664436, 0.970730278307415, 0.95894433340989, 0.9715111642027958, 0.9542843008919467, 0.9278796912388972, 0.9278680271323307, 0.9656892571995452, 0.9278985978175458, 0.9406227788628373, 0.9303367420068005, 0.9644105216630551, 0.9278147029561006, 0.9314528228344156, 0.9685494034502761, 0.9595917252544264, 0.9277728890243916, 0.9670312036829817, 0.9798210478162446, 0.9710574304788488, 0.9724770244455435, 0.9652169800604314, 0.956750965776584, 0.9684610563563061, 0.976395200178139, 0.9716536269583194, 0.9278464744513878, 0.92784596558197, 0.9778400849741348, 0.9700115132942427, 0.9626248447392084, 0.9731921356050806, 0.9669572121375926, 0.9688333140676885, 0.9767660267280585, 0.9668582486349802, 0.9778412922671542, 0.9278287877840621, 0.6031757549356369, 0.9278537748604789, 0.9278538030680502, 0.9359074327017515, 0.9637323597090579, 0.9278305104140311, 0.9278468571164985, 0.9277753813576565, 0.9278137496935469, 0.9685160651323309, 0.921708566534597, 0.9442388530924456, 0.9278917545873212, 0.9278494197175122, 0.9278120650948417, 0.9278907998553871, 0.9278496656773831, 0.9278628407033658, 0.9335809004644867, 0.9473751765375985, 0.9421705355418668, 0.9278632578400007, 0.9499928440751181, 0.9278127328363351, 0.9019774831885987, 0.9278057666991931, 0.9278221095561877, 0.927816212469145, 0.9278527123351854, 0.9761608470281817, 0.9728302713053135, 0.9278148660951407, 0.9763869476116865, 0.8133257808045844, 0.9278778711554408, 0.9426440987809479, 0.927829666747466, 0.9278379718587667, 0.9278551693417195, 0.9286747146594935, 0.927866736532042, 0.9278697645872871, 0.9693199263199566, 0.9506704156974661, 0.9278009987275301, 0.9315883920063669, 0.9278284051263032, 0.9278191683347903, 0.9278264460998943, 0.9303583120495975, 0.9724059049235597, 0.9757632447543548, 0.9333632080280908, 0.9443026538579739, 0.9645206072684088, 0.9561451067867791, 0.9278205811648785, 0.9278236227788679, 0.9645185365826743, 0.9278201188883296, 0.9739188567256029, 0.9278826104459047, 0.9769381619030862, 0.9621084623713556, 0.9793491785234956, 0.965031573487058, 0.951707202724355, 0.9665313073430597, 0.9540854933742923, 0.9586716543706384, 0.9729723243310061, 0.9583453813927523, 0.9278681549333359, 0.9392894052597297, 0.927819874044328, 0.969926500031284, 0.9789065617552669, 0.9676640309668674, 0.96836218880952, 0.9726475718852918, 0.9740227648981554, 0.9720448390673391, 0.9727081635815387, 0.9830802122955389, 0.9710986559100652, 0.9791650177047041, 0.9727794532449171, 0.9357437670506261, 0.9278452954514346, 0.927859228365676, 0.9278323485543885, 0.9277615308047951, 0.9146820136146983, 0.9689413016496475, 0.9432396892130045, 0.9278566306929203, 0.9624190244075955, 0.9878737128623467, 0.7869115794884934, 0.9666122115017841, 0.9607306732708334, 0.9856157284536279, 0.8603699404661708, 0.9278527974948768, 0.9679653897949154, 0.965147806772593, 0.9414525221476022, 0.9616742671982539, 0.9741370935421543, 0.9589423849791232, 0.9364035082148128, 0.9413038268024424, 0.9278551470320056, 0.9386193747658738, 0.9609540367255751, 0.9681965268246597, 0.9628341390457532, 0.9467290404894901, 0.9745188774198132, 0.9703320849095742, 0.959936242072449, 0.9278775064197944, 0.9277966831004897, 0.9278315959031932, 0.5, 0.9278311754908406, 0.9227616898459167, 0.9278437357586018, 0.9278492838196543, 0.9278296392331481, 0.9801490220045251, 0.927810707660739, 0.9278423089806773, 0.9751467629756645, 0.9278455422314672, 0.9278754066773163, 0.9278482421609991, 0.9278232286256636, 0.9278602824034292, 0.29185567745348495, 0.9408979759288508, 0.9654739028216932, 0.9332823982419367, 0.950789576941512, 0.9730478269249371, 0.9729669585981827, 0.9825168472503448, 0.9278393825388414, 0.9571200824222544, 0.9277697929683549, 0.909575306778583, 0.9810797116782558, 0.9516122743402782, 0.9765786512733547, 0.9717773309745237, 0.9732605856088178, 0.9240895446263203, 0.9404603816774321, 0.9658828097227141, 0.9278935278789237, 0.9713766502613582, 0.9830764045944417, 0.9730252229284466, 0.9705106632973933, 0.9741423308804092, 0.9197058405633207, 0.9278475201070582, 0.9278505857019183, 0.9278295805589424, 0.9513098520813399, 0.8379646961647361, 0.9699171673011624, 0.9478032996248185, 0.931935847108582, 0.929986318071559, 0.9667248805358005, 0.9278240654799693, 0.9443550866346091, 0.9278549713068389]}, "cv": {"hps": {"normalize_kernel": true, "degree": 5.0, "regularizer": 100.0}, "score": 0.08224637681159422}}