{"metrics": {"test": {"fp": [2], "f1_score": [0.9249999999999999], "risk": [0.12244897959183673], "recall": [0.9024390243902439], "sensitivity": [0.9024390243902439], "precision": [0.9487179487179487], "tp": [37], "tn": [6], "specificity": [0.75], "fn": [4]}, "train": {"fp": [1], "f1_score": [0.9875776397515528], "risk": [0.02], "recall": [0.9814814814814815], "sensitivity": [0.9814814814814815], "precision": [0.99375], "tp": [159], "tn": [37], "specificity": [0.9736842105263158], "fn": [3]}}, "model": {"n_features": 1000000}, "data": {"path": "/scratch/adrouin/data/patric/single_species_datasets/tobramycin___-3225223558739261696/dataset.kover", "split": "train_0.800_seed_5_10_folds", "uuid": "b4e09d2e-0578-11e8-b4cb-001b2193b764"}, "predictions": {"binary": [0, 0, 0, 0, 0, 1, 0, 0, 0, 0, 0, 0, 0, 0, 0, 0, 0, 0, 0, 0, 0, 0, 0, 0, 0, 0, 0, 0, 0, 0, 0, 0, 0, 0, 0, 1, 0, 0, 0, 0, 0, 0, 0, 0, 1, 0, 1, 1, 1, 1, 1, 1, 1, 1, 1, 1, 1, 1, 0, 1, 1, 1, 1, 1, 1, 1, 1, 1, 1, 1, 1, 1, 1, 1, 1, 1, 1, 1, 1, 1, 1, 1, 1, 1, 1, 1, 1, 1, 1, 1, 1, 1, 1, 1, 1, 1, 1, 1, 1, 0, 1, 1, 1, 1, 1, 1, 1, 1, 1, 1, 1, 1, 1, 1, 1, 1, 1, 1, 1, 1, 1, 1, 1, 1, 1, 1, 1, 1, 1, 1, 1, 1, 1, 1, 1, 1, 1, 1, 1, 1, 1, 1, 1, 1, 1, 1, 1, 1, 1, 1, 1, 1, 1, 1, 1, 1, 1, 1, 1, 1, 1, 1, 1, 1, 1, 1, 1, 1, 1, 1, 1, 1, 1, 1, 1, 1, 1, 1, 1, 1, 1, 1, 1, 1, 1, 0, 1, 1, 1, 1, 1, 1, 1, 0, 1, 1, 1, 1, 1, 1, 1, 1, 1, 1, 1, 1, 1, 1, 1, 1, 1, 1, 1, 1, 1, 1, 1, 1, 1, 1, 1, 1, 1, 1, 1, 1, 1, 1, 1, 1, 0, 1, 1, 1, 1, 1, 1, 1, 1, 0, 1, 1, 1, 1, 1, 0, 1, 1, 1, 1, 1, 1, 1, 1, 1, 1], "proba": [0.08670209212750812, 0.04206828288381963, 0.0017432343268488646, 0.044813331292691695, 0.04438518141697622, 0.815454454733299, 0.09064721198829188, 0.13784041332292327, 0.12622869554220462, 0.03903570020057979, 0.06242745263756428, 0.04293315491001228, 0.005028707313706553, 0.0283895456786762, 0.0012978509385366665, 0.03473347581641111, 0.00114477730249862, 0.012551443688610126, 0.04283126246683262, 0.000850456637283948, 0.004993608858248563, 0.0007114471359067449, 0.03591283356981237, 0.10327635727385406, 0.06264434928632637, 0.0037711075489369563, 0.0006866813759809865, 0.08893757536888365, 0.007801760159213001, 0.10604629054504718, 0.08136364557944634, 0.15052841296184158, 0.1443016006480588, 0.009129942259760899, 0.007301973163146272, 0.8998344185738438, 0.01419605039028264, 0.03248502896507338, 0.009899489095074246, 0.031632593944148024, 0.019915609442505495, 0.3536958396534809, 0.13545277157880825, 0.00877915356546319, 0.5030399449575282, 0.014234031964873052, 0.9967966450256525, 0.9977277001685203, 0.9855248392859508, 0.9975135626117234, 0.9098979581262304, 0.997219284910297, 0.9982103410926473, 0.9283162665672081, 0.9938829971421772, 0.9476970022416797, 0.9992659583698363, 0.9617165412456623, 0.02391608930873839, 0.9997812826835694, 0.9999188289107829, 0.859050388782178, 0.9998849777401404, 0.9998749925713066, 0.9956097888794948, 0.9998805391302505, 0.9635988469976644, 0.955715909229342, 0.9791762566907676, 0.8623147119409358, 0.9614343967560666, 0.9892742947091294, 0.9999491683161255, 0.9999373902782972, 0.9999419766816818, 0.9999437018690539, 0.9826890325591189, 0.9782168751053845, 0.9824845597999956, 0.9998805391302505, 0.99991275988495, 0.914369351603385, 0.999880706866581, 0.9998805288700369, 0.9999195341798868, 0.999768277143374, 0.9938237715924021, 0.9934876375135498, 0.9978138376838589, 0.9799403656016794, 0.9305520133021307, 0.9798230085669154, 0.9583715928636968, 0.9638047988328986, 0.9995679368112398, 0.9851452248191923, 0.9998824045917127, 0.9999343251555652, 0.9994963309619078, 0.029624263322186085, 0.9999446350208668, 0.9999098334809398, 0.9999276155190849, 0.9999430004549991, 0.9891602057727219, 0.9998822448169762, 0.8545803002584567, 0.966876091098636, 0.9851604234467055, 0.9268965493313145, 0.9959938359998705, 0.9979803055895993, 0.9999531502753449, 0.9999548145407037, 0.8679036944095844, 0.9814124323283082, 0.9746393742208079, 0.982005821223134, 0.9998346095342108, 0.9999313590317402, 0.9998854732415461, 0.9998811118530491, 0.9998773879564804, 0.9998855757362393, 0.9998047695465375, 0.9999454755032946, 0.9999493903922728, 0.9999316867022467, 0.9995058164815037, 0.9985926404312383, 0.9984383610190671, 0.9998368554145006, 0.9998719732249448, 0.9355807391029674, 0.9829860721809519, 0.9877482592832043, 0.8732211818630234, 0.6389921726470412, 0.6907942841176702, 0.9980799651239944, 0.9961347090335978, 0.9998825837023062, 0.9966388670473305, 0.9939932594831455, 0.9985853575191629, 0.9989362978820363, 0.9984195550505374, 0.9163118512672437, 0.9340607502465007, 0.9478293122509378, 0.7737780663193086, 0.9405290085110063, 0.9320019313654696, 0.8905670907158283, 0.9807774934501858, 0.9611420871793823, 0.9952355297667249, 0.9173475125699379, 0.9999453485371281, 0.9169686469614835, 0.9998732591634898, 0.9259200185275361, 0.999941856893962, 0.9776655812691576, 0.9776655812691576, 0.9992437588405247, 0.9991805418392758, 0.9997619990364843, 0.9999238583335949, 0.9810750090325139, 0.9536870346312668, 0.9998499776773314, 0.9756125566712006, 0.9999418620187441, 0.9999456420523839, 0.9372341795417135, 0.9992578719203222, 0.999599099228337, 0.9797236222049291, 0.8938348887486584, 0.9675562532929061, 0.9955865325540466, 0.909870541619248, 0.9975746135540506, 0.7821315370645345, 0.46208694783457643, 0.9541149209650301, 0.9998550318592645, 0.9586230991105182, 0.6149977997613365, 0.9545999817546565, 0.9068003952988876, 0.8672990890915554, 0.4927039258611651, 0.8943035005419938, 0.9999113261342557, 0.9999420102897706, 0.97767373185188, 0.8803763191405215, 0.8947126771626264, 0.983796689424336, 0.9676660357079478, 0.9999432018990679, 0.9998750863223346, 0.9113624087638718, 0.9782887521398244, 0.9821331953144745, 0.99582347526674, 0.9999466812648325, 0.9991564519279664, 0.9998585859588472, 0.9999431500124356, 0.9999464399222595, 0.9855113996691867, 0.9724380468888527, 0.9931666829708321, 0.6376340831520331, 0.9858236142860989, 0.992082548752589, 0.9976098333175507, 0.917683457302674, 0.9982225991794902, 0.9414771245559185, 0.9823255777859441, 0.9992607364230794, 0.9205262076930915, 0.8741796012380569, 0.909314427728296, 0.8382726881914698, 0.8159925416185996, 0.23654450083157585, 0.9992859794434007, 0.9733245112906468, 0.9746217515488516, 0.995950424586806, 0.9071262706692637, 0.9982454814962974, 0.9999456357654914, 0.9999453485371281, 0.008673911100974529, 0.9372341795417135, 0.9909241894973434, 0.9324863487695527, 0.9999417019955246, 0.9999400625147792, 0.0753732086485202, 0.9279728699519507, 0.9998797424326853, 0.9633826793256608, 0.500908426746396, 0.500908426746396, 0.500908426746396, 0.500908426746396, 0.500908426746396, 0.500908426746396, 0.500908426746396]}}