{"metrics": {"test": {"fp": [5], "f1_score": [0.588235294117647], "risk": [0.35], "recall": [0.7142857142857143], "sensitivity": [0.7142857142857143], "precision": [0.5], "tp": [5], "tn": [8], "specificity": [0.6153846153846154], "fn": [2]}, "train": {"fp": [6], "f1_score": [0.8749999999999999], "risk": [0.1], "recall": [0.9333333333333333], "sensitivity": [0.9333333333333333], "precision": [0.8235294117647058], "tp": [28], "tn": [44], "specificity": [0.88], "fn": [2]}}, "model": {"n_features": 5087064}, "data": {"path": "/scratch/adrouin/patric_data/single_species_datasets/tetracycline___946434054234721145/dataset.kover", "split": "train_0.800_seed_2_10_folds", "uuid": "5d974b6a-086d-11e8-aaed-001b2193b764"}, "predictions": {"binary": [0, 0, 1, 0, 1, 0, 0, 0, 0, 1, 0, 0, 0, 0, 0, 0, 0, 0, 0, 0, 0, 0, 0, 0, 0, 0, 0, 0, 0, 0, 1, 0, 0, 0, 1, 1, 0, 0, 0, 0, 1, 0, 0, 1, 0, 0, 0, 1, 0, 0, 0, 0, 0, 0, 0, 0, 1, 0, 0, 0, 0, 1, 0, 1, 1, 0, 1, 1, 1, 1, 1, 1, 1, 1, 1, 0, 1, 1, 1, 0, 1, 1, 1, 1, 1, 1, 1, 1, 1, 1, 1, 1, 1, 0, 1, 1, 1, 1, 1, 1], "proba": [0.6058276843962854, 0.5480487328108222, 0.4939047272871605, 0.55089232055036, 0.4908903143031597, 0.5195741993546913, 0.5868985833802597, 0.5872235723429343, 0.6328921552098052, 0.4063273945445615, 0.6051365757577278, 0.6126129578446672, 0.6333277178091583, 0.5807767511101702, 0.5135553849890274, 0.6000295208399424, 0.6046434881936069, 0.6059627686200119, 0.6081656606064703, 0.6041303100940383, 0.6073850544678933, 0.5199262678923576, 0.6126019399503805, 0.5817129641968954, 0.5987512287672275, 0.6166385671914156, 0.5486059471913808, 0.6113657909673719, 0.5715784100767533, 0.6070847217135551, 0.4942377860528906, 0.605126904532897, 0.6294016293103577, 0.5166526731169347, 0.45339952701663155, 0.4801739023226542, 0.6215644322779587, 0.6219997845109704, 0.5885356815457594, 0.6011875089097529, 0.44871805061177866, 0.603603768000828, 0.5083764169966897, 0.47283959653383073, 0.5279733281836115, 0.5225814929777599, 0.5218757270740686, 0.48755615762370136, 0.510357366539849, 0.52766706149176, 0.6028110823919927, 0.526455271993816, 0.62755276975982, 0.6303224227065477, 0.6219016840093964, 0.6297653118897656, 0.49508482626173195, 0.5091784070049892, 0.6285924004436603, 0.6271528852368857, 0.5134006179458042, 0.46040338570872347, 0.6255746945389846, 0.397694761594444]}}