{"metrics": {"test": {"fp": [3], "f1_score": [0.9302325581395349], "risk": [0.06521739130434782], "recall": [0.9302325581395349], "sensitivity": [0.9302325581395349], "precision": [0.9302325581395349], "tp": [40], "tn": [46], "specificity": [0.9387755102040817], "fn": [3]}, "train": {"fp": [0], "f1_score": [1.0], "risk": [0.0], "recall": [1.0], "sensitivity": [1.0], "precision": [1.0], "tp": [170], "tn": [199], "specificity": [1.0], "fn": [0]}}, "model": {"n_features": 646282}, "data": {"path": "/scratch/adrouin/patric_data/single_species_datasets/clarithromycin___-8916328542551230855/dataset.kover", "split": "train_0.800_seed_6_10_folds", "uuid": "187d642c-547d-11e8-8d70-f0921c053df8"}, "predictions": {"binary": [0, 0, 0, 0, 0, 0, 0, 0, 0, 0, 0, 0, 0, 0, 0, 0, 0, 0, 0, 0, 0, 0, 0, 0, 0, 0, 0, 0, 0, 0, 0, 0, 0, 0, 0, 0, 0, 0, 0, 0, 0, 0, 0, 0, 0, 0, 0, 0, 0, 0, 0, 0, 0, 0, 0, 0, 0, 0, 0, 0, 0, 0, 0, 0, 0, 0, 0, 0, 0, 0, 1, 0, 0, 0, 0, 0, 0, 0, 0, 0, 0, 0, 0, 0, 0, 0, 0, 0, 0, 0, 0, 0, 0, 0, 0, 0, 0, 0, 0, 0, 0, 0, 0, 0, 0, 0, 0, 0, 0, 0, 0, 0, 0, 0, 0, 0, 0, 0, 0, 1, 0, 0, 0, 0, 0, 0, 0, 0, 0, 0, 0, 0, 0, 0, 0, 0, 0, 0, 0, 0, 0, 0, 0, 0, 0, 0, 0, 0, 0, 1, 0, 0, 0, 0, 0, 0, 0, 0, 0, 0, 0, 0, 0, 0, 0, 0, 0, 0, 0, 0, 0, 0, 0, 0, 0, 0, 0, 0, 0, 0, 0, 0, 0, 0, 0, 0, 0, 0, 0, 0, 0, 0, 0, 0, 0, 0, 0, 0, 0, 0, 0, 0, 0, 0, 0, 0, 0, 0, 0, 0, 0, 0, 0, 0, 0, 0, 0, 0, 0, 0, 0, 0, 0, 0, 0, 0, 0, 0, 0, 0, 0, 0, 0, 0, 0, 0, 0, 0, 0, 0, 0, 0, 0, 0, 0, 0, 0, 0, 1, 1, 1, 1, 1, 1, 1, 1, 1, 1, 1, 1, 1, 1, 1, 1, 1, 1, 1, 1, 1, 1, 1, 1, 1, 1, 1, 1, 1, 1, 1, 1, 1, 1, 1, 1, 1, 1, 1, 1, 1, 1, 1, 1, 1, 1, 1, 1, 1, 1, 1, 1, 1, 1, 1, 1, 1, 1, 1, 1, 1, 1, 1, 1, 1, 1, 1, 1, 1, 1, 1, 0, 1, 1, 1, 1, 1, 1, 1, 1, 1, 1, 1, 1, 1, 1, 1, 1, 1, 1, 1, 1, 1, 1, 1, 1, 1, 1, 1, 1, 1, 1, 1, 1, 1, 1, 1, 1, 1, 1, 1, 1, 1, 1, 1, 1, 1, 0, 1, 1, 1, 1, 1, 1, 1, 1, 1, 1, 1, 1, 1, 1, 1, 1, 1, 1, 1, 1, 1, 1, 1, 1, 1, 1, 1, 1, 1, 1, 1, 1, 1, 1, 1, 1, 1, 1, 1, 1, 1, 1, 1, 1, 1, 1, 1, 1, 1, 1, 1, 1, 1, 1, 1, 1, 1, 1, 1, 1, 1, 1, 1, 1, 1, 1, 1, 1, 1, 1, 0, 1, 1, 1, 1, 1, 1, 1, 1, 1, 1, 1, 1, 1, 1, 1, 1, 1, 1, 1, 1, 1, 1, 1, 1, 1, 1, 1, 1, 1, 1, 1, 1, 1, 1, 1, 1, 1, 1, 1, 1, 1, 1, 1, 1, 1, 1, 1, 1, 1, 1, 1, 1, 1, 1, 1, 1, 1, 1, 1, 1, 1, 1, 1, 1, 1, 1, 1, 1, 1, 1, 1, 1, 1, 1, 1], "proba": [1.3643552730144863e-05, 0.00011750410842691841, 1.362063262085494e-05, 1.3641475330966894e-05, 1.3632469357531478e-05, 1.3650087092394069e-05, 1.3652630785893509e-05, 1.3638192609813548e-05, 1.3612610502179222e-05, 9.207189466975304e-06, 1.3635493289025649e-05, 1.3668520084168942e-05, 1.3615106390182945e-05, 1.3635876192261375e-05, 1.3628418399667964e-05, 1.458958077127154e-07, 1.3619825787231233e-05, 1.3628322588562388e-05, 1.3627160201501153e-05, 1.3639845584727188e-05, 1.3610051994000241e-05, 1.3620048095562667e-05, 1.3651305735495167e-05, 1.3629506517530196e-05, 7.623817298732461e-06, 1.3603970188068565e-05, 0.0003850476959013382, 1.3618250920583933e-05, 1.3650555154131971e-05, 1.3627975356008348e-05, 1.366248867559249e-05, 1.2163614545212028e-05, 1.361155704257317e-05, 2.4283356362479396e-05, 1.3612579449460681e-05, 1.3601386587758656e-05, 0.0005659467196457613, 1.3629597906967441e-05, 1.3624847135113445e-05, 1.359859236402668e-05, 3.4009285714461976e-05, 0.00015985572365966375, 6.515905959228803e-06, 5.84359763587621e-05, 1.3638428457420026e-05, 1.3596384798062016e-05, 1.3629136624559596e-05, 1.366154283898369e-05, 1.3622911843869782e-05, 1.3650155880631299e-05, 1.3623439536987568e-05, 1.3621267250882283e-05, 1.3620539327626638e-05, 1.3647493070699694e-05, 1.3647009379791906e-05, 1.3630029749283632e-05, 1.3650691601821254e-05, 6.4820728784604355e-06, 1.3647262671347555e-05, 1.3609194914097555e-05, 1.364782299483789e-05, 1.3711983500280956e-05, 0.42943405670935375, 3.027539458034365e-05, 1.3645829231316798e-05, 1.3657394610751774e-05, 1.3647061590803355e-05, 1.3622674824933932e-05, 2.2582089869679848e-10, 1.3614480380777388e-05, 0.9999999843800877, 1.3579865135624804e-05, 1.3621435528172762e-05, 1.0909932502255169e-05, 1.363153321128943e-05, 0.09655344452545012, 1.361908171169498e-05, 1.7959085832082565e-06, 1.3655490687692258e-05, 1.3652798627845698e-05, 8.914107911281588e-06, 1.3601034117629719e-05, 8.226785860020193e-06, 1.3636513992800348e-05, 1.3624544471858072e-05, 1.5279700953126635e-05, 1.3631318378142833e-05, 1.3635542384013302e-05, 1.3628976574957815e-05, 1.364755164954218e-05, 1.3616896287869383e-05, 1.3644252432162818e-05, 1.3595317225931326e-05, 1.3628725416674372e-05, 1.3650832269183041e-05, 1.3627922317631388e-05, 1.3618836690855565e-05, 1.3661776240018178e-05, 1.3626435081998794e-05, 1.3655570992595283e-05, 1.3595571933965348e-05, 1.291556403407229e-05, 1.3610615304014356e-05, 1.3647607241623198e-05, 1.3646576540287894e-05, 1.3633017923031152e-05, 1.6044730155972438e-05, 1.3641654474805456e-05, 1.3683792131671867e-05, 1.3642041146204866e-05, 3.1304188853737668e-06, 1.3643917165351802e-05, 1.3630299702313883e-05, 1.3645671458617718e-05, 0.00020006809283163758, 1.3611472857720933e-05, 1.3642965791327369e-05, 1.3652261567108324e-05, 1.362941170584296e-05, 0.9851754387143331, 1.3601839051684828e-05, 1.3632697241507058e-05, 1.3617015608362815e-05, 4.751185610461215e-06, 1.7377573641207055e-05, 2.4945253637449896e-05, 1.3623568199217315e-05, 3.057566519067319e-05, 1.3632795294276475e-05, 7.620498620219386e-09, 1.1026583515704465e-05, 1.361113451227446e-05, 0.0031826113881611774, 1.3633304320198376e-05, 1.3646513629686332e-05, 1.3640278298790402e-05, 1.3696141058237603e-05, 1.3625632627766793e-05, 1.3622910869563838e-05, 1.367421505216571e-05, 1.3623383232870934e-05, 1.3642848717254466e-05, 1.3633019261327137e-05, 1.3615091276200405e-05, 1.3640380115258083e-05, 1.3661036402914244e-05, 1.368902993268902e-05, 9.789072753036699e-06, 1.3615825026867312e-05, 0.9999818673576778, 1.3657917898352182e-05, 1.3642008021844466e-05, 1.3602457716047745e-05, 2.057732475698638e-05, 1.3635882510908304e-05, 1.363158180852577e-05, 1.3626265049300968e-05, 1.365089622537608e-05, 1.364220401098763e-05, 1.3626429402079648e-05, 1.3634265858958324e-05, 2.8397336450226683e-13, 1.3648683519502409e-05, 1.3660124452006925e-05, 1.3614742017058505e-05, 1.3641277171364211e-05, 1.3645041907278582e-05, 1.3635996987563654e-05, 1.3602268104763797e-05, 1.3611500961292213e-05, 1.3638590860822225e-05, 1.3721839529868602e-05, 1.3644690480065073e-05, 1.3643329595814787e-05, 1.3660854889422065e-05, 1.3628607032959952e-05, 1.36220391147618e-05, 1.3655204412570626e-05, 1.3648244317553995e-05, 1.3633716055692418e-05, 1.364181335557658e-05, 1.366882902498728e-05, 1.3610654241678096e-05, 1.3636940220580867e-05, 1.3617017063134815e-05, 1.4965959388308812e-05, 1.3675775620035363e-05, 1.3646450364014737e-05, 1.362175230859512e-05, 1.362976484673323e-05, 1.3626247445913953e-05, 1.3620367587884791e-05, 1.3661284892949606e-05, 0.010021451233466866, 6.472800127723608e-05, 1.3663213094272623e-05, 1.3618946684669688e-05, 3.5851039935425917e-06, 1.365295023658337e-05, 1.3610777873842045e-05, 1.3650727986912375e-05, 1.1709287009847689e-05, 1.3664093038268184e-05, 1.362765771194814e-05, 7.756290813760216e-05, 1.363225619652502e-05, 1.3631559884712044e-05, 1.3640146026911928e-05, 1.3704064331860014e-05, 1.3623592556471287e-05, 1.3633168116786178e-05, 1.3639317229105907e-05, 1.3636394332736082e-05, 1.3632915947262273e-05, 1.3655989246405844e-05, 1.3635885927409804e-05, 1.3628095680786433e-05, 1.3617742643293902e-05, 7.342440578769978e-05, 1.3649496431014742e-05, 1.3632511488434157e-05, 1.3618879315772589e-05, 1.3609060320043312e-05, 1.364633048804781e-05, 1.3650999573737002e-05, 1.3619713068640082e-05, 1.365018900013521e-05, 5.112371698373307e-06, 1.3667650514508088e-05, 1.3651542569457316e-05, 1.3649933254867103e-05, 1.3630822548752392e-05, 1.3635019337695285e-05, 1.3622981994159608e-05, 0.00038361438690360616, 1.3651678357538414e-05, 4.050574953744973e-05, 1.3631284119038565e-05, 1.3631040200793133e-05, 1.3647525803753456e-05, 1.3598334266614162e-05, 