{"metrics": {"test": {"fp": [6], "f1_score": [0.8666666666666666], "risk": [0.09876543209876543], "recall": [0.9285714285714286], "sensitivity": [0.9285714285714286], "precision": [0.8125], "tp": [26], "tn": [47], "specificity": [0.8867924528301887], "fn": [2]}, "train": {"fp": [18], "f1_score": [0.8968253968253967], "risk": [0.07926829268292683], "recall": [0.9338842975206612], "sensitivity": [0.9338842975206612], "precision": [0.8625954198473282], "tp": [113], "tn": [189], "specificity": [0.9130434782608695], "fn": [8]}}, "model": {"n_features": 6380123}, "data": {"path": "/scratch/adrouin/patric_data/single_species_datasets/chloramphenicol___49420779660966717/dataset.kover", "split": "train_0.800_seed_7_10_folds", "uuid": "4e609d8e-086f-11e8-b7c4-001b2193b764"}, "predictions": {"binary": [0, 0, 0, 0, 0, 0, 0, 0, 0, 0, 0, 0, 0, 0, 1, 0, 1, 0, 0, 0, 0, 0, 0, 0, 0, 0, 0, 0, 0, 0, 0, 0, 0, 0, 0, 0, 0, 0, 0, 0, 0, 0, 0, 0, 1, 0, 0, 0, 0, 0, 0, 0, 0, 1, 0, 0, 0, 0, 0, 0, 0, 0, 0, 0, 0, 0, 0, 0, 0, 0, 0, 0, 0, 0, 0, 0, 0, 0, 0, 0, 0, 0, 0, 0, 0, 0, 0, 0, 0, 0, 0, 0, 0, 0, 0, 0, 0, 0, 0, 0, 0, 0, 0, 0, 0, 0, 0, 0, 0, 0, 0, 0, 0, 0, 0, 0, 0, 0, 0, 0, 0, 0, 0, 0, 0, 0, 0, 0, 0, 0, 0, 0, 0, 0, 0, 0, 0, 0, 0, 0, 0, 0, 0, 0, 0, 0, 0, 0, 0, 0, 1, 1, 1, 1, 1, 1, 0, 0, 0, 0, 0, 0, 0, 0, 0, 0, 0, 0, 0, 0, 0, 0, 0, 0, 0, 0, 0, 0, 0, 0, 0, 0, 0, 0, 0, 0, 0, 0, 0, 0, 0, 0, 0, 0, 0, 0, 0, 1, 0, 0, 0, 0, 0, 0, 0, 0, 0, 0, 0, 0, 0, 0, 0, 0, 0, 0, 0, 0, 0, 0, 0, 0, 0, 0, 0, 0, 1, 1, 0, 1, 0, 0, 1, 0, 0, 0, 0, 0, 0, 0, 0, 0, 0, 0, 1, 0, 1, 1, 1, 0, 0, 1, 0, 0, 1, 0, 1, 0, 1, 1, 1, 1, 1, 1, 1, 1, 1, 1, 1, 1, 1, 1, 1, 0, 1, 0, 1, 0, 1, 1, 1, 1, 1, 1, 1, 1, 1, 1, 1, 1, 1, 1, 0, 0, 1, 1, 1, 1, 1, 1, 1, 1, 1, 1, 1, 1, 1, 1, 1, 1, 1, 1, 1, 1, 1, 1, 1, 1, 1, 1, 1, 1, 1, 1, 1, 1, 1, 1, 1, 1, 1, 1, 1, 1, 1, 1, 0, 1, 0, 1, 1, 1, 1, 1, 1, 1, 1, 1, 1, 1, 1, 1, 1, 1, 1, 1, 1, 1, 1, 1, 1, 1, 1, 1, 1, 1, 1, 1, 1, 1, 1, 1, 1, 1, 1, 1, 1, 1, 1, 1, 1, 1, 1, 1, 1, 1, 0, 1, 1, 0, 1, 1, 1, 1, 1, 1, 1, 1, 0, 1, 1, 1, 1, 1, 1, 1, 1, 1, 1], "proba": [0.717035592530435, 0.587781522140692, 0.6050074162344143, 0.5923716993814908, 0.5794406399463989, 0.5804540577376771, 0.5902183687314576, 0.578629425758918, 0.5997903669999634, 0.6158435755430985, 0.6195163850805833, 0.5886973273495264, 0.599864322325801, 0.596952661368614, 0.49265732316484867, 0.5829139567616584, 0.4905635581423901, 0.6071965981138616, 0.5856998135855076, 0.599985135338487, 0.7060183680053712, 0.5006708841736234, 0.7267981202521404, 0.5910287866297377, 0.580785599565695, 0.5912911514564569, 0.7264049689906605, 0.7270763622447869, 0.7243150297378077, 0.6050777006467493, 0.5996000918095481, 0.6151762623870354, 0.6222029716243281, 0.7536959404842274, 0.7520445481162902, 0.7455794524151909, 0.5801075735825701, 0.7604223596693559, 0.5416929378136179, 0.7450880849337219, 0.5900560940544746, 0.5946131441052606, 0.7440299706891961, 0.6144198159695303, 0.46116579725312545, 0.5986249065182119, 0.6234604046180475, 0.5924576436419761, 0.6057476430051925, 0.6142426249616489, 0.5845956409203404, 0.751733567514645, 0.5024548023332451, 0.46097013301986556, 0.7327116097807115, 0.7347080986244338, 0.7248099119881491, 0.7469172676311896, 0.7212861084398241, 0.5901757391532673, 0.5748194489927402, 0.5906812806307296, 0.5807979305678012, 0.7209440606692988]}}