{"metrics": {"test": {"fp": [3], "f1_score": [0.9541284403669724], "risk": [0.07246376811594203], "recall": [0.9629629629629629], "sensitivity": [0.9629629629629629], "precision": [0.9454545454545454], "tp": [52], "tn": [12], "specificity": [0.8], "fn": [2]}, "train": {"fp": [4], "f1_score": [0.9616252821670429], "risk": [0.06115107913669065], "recall": [0.9424778761061947], "sensitivity": [0.9424778761061947], "precision": [0.9815668202764977], "tp": [213], "tn": [48], "specificity": [0.9230769230769231], "fn": [13]}}, "model": {"n_features": 1000000}, "data": {"path": "/scratch/adrouin/data/patric/single_species_datasets/tetracycline___-736338835843459561/dataset.kover", "split": "train_0.800_seed_9_10_folds", "uuid": "9aaa5c84-07f7-11e8-bc88-001b2193b764"}, "predictions": {"binary": [0, 0, 0, 0, 0, 0, 0, 0, 0, 0, 0, 0, 0, 0, 0, 0, 0, 0, 0, 0, 0, 0, 1, 0, 0, 0, 0, 0, 0, 1, 0, 0, 0, 0, 0, 1, 0, 0, 0, 0, 0, 0, 0, 0, 0, 0, 0, 0, 0, 0, 0, 0, 1, 0, 0, 0, 0, 0, 0, 0, 1, 0, 0, 1, 0, 0, 1, 1, 0, 0, 1, 1, 1, 1, 1, 1, 1, 0, 1, 1, 1, 1, 1, 1, 0, 1, 1, 1, 1, 1, 1, 1, 1, 1, 1, 0, 1, 1, 1, 1, 1, 1, 1, 1, 1, 1, 1, 1, 1, 1, 1, 1, 1, 1, 1, 1, 1, 1, 1, 1, 1, 1, 1, 1, 1, 1, 1, 1, 1, 1, 1, 1, 1, 1, 1, 1, 1, 1, 1, 1, 1, 1, 1, 1, 1, 1, 1, 1, 1, 1, 1, 1, 1, 1, 1, 1, 1, 1, 1, 0, 1, 1, 1, 1, 1, 1, 1, 1, 1, 1, 1, 1, 1, 1, 1, 1, 1, 1, 0, 1, 1, 1, 1, 1, 0, 1, 1, 1, 0, 1, 1, 1, 1, 1, 1, 1, 1, 0, 1, 1, 1, 1, 1, 1, 1, 1, 1, 1, 0, 1, 1, 1, 1, 1, 1, 1, 1, 1, 1, 1, 1, 1, 1, 1, 1, 1, 1, 1, 1, 1, 1, 1, 1, 1, 1, 1, 1, 1, 1, 1, 1, 1, 1, 1, 1, 1, 1, 1, 1, 1, 1, 1, 1, 1, 1, 0, 1, 1, 1, 0, 1, 1, 1, 1, 1, 1, 1, 1, 1, 1, 1, 1, 1, 1, 1, 1, 1, 1, 1, 1, 1, 1, 1, 1, 1, 1, 1, 1, 1, 1, 1, 1, 1, 1, 1, 1, 1, 1, 1, 1, 1, 1, 0, 1, 1, 1, 1, 1, 1, 1, 1, 1, 1, 1, 1, 1, 1, 1, 1, 1, 1, 1, 1, 1, 1, 1, 1, 1, 1, 1, 1, 1, 1, 1, 1, 1, 1, 1, 1, 1, 1, 0, 1, 1, 1, 1, 1, 0, 0, 0, 0, 0, 0, 0, 0, 0, 0, 0, 0, 0, 0, 0, 0, 0, 0, 0, 0, 0, 0, 0, 0, 0, 0, 0, 0, 0, 0, 0, 0, 0, 0, 0, 0, 0], "proba": [0.0694389474542349, 0.14707247229009587, 0.04477809262550175, 0.11647368417940854, 0.04479480832451912, 0.032487520358261024, 0.06541045239024855, 0.000818434204861301, 0.0008431056601845199, 0.13562274285824658, 0.09402985531932907, 0.059582378753191445, 0.12195018308319168, 0.05482090328465452, 0.10862448190944844, 0.4227858346378433, 0.03395518471136467, 0.06553184164097574, 0.0693376276066616, 0.02965899253543389, 0.00015831526147544304, 0.30369192973500764, 0.9117459293455332, 0.051710783687385076, 0.0049936764294942915, 0.20048514114951155, 0.23127668310194818, 0.006146886626094083, 0.1685621216950338, 0.5619451760780604, 0.06314942045111367, 0.040308034470637064, 0.44601180646023075, 0.16834586836117635, 0.3509876463126343, 0.7850686240051266, 0.12919253847806667, 0.03315341588182755, 0.06364378661001269, 0.04158109965942877, 0.10614900117585034, 0.03962045687954871, 0.01824081391029789, 0.04439455700791735, 0.02998961156578748, 0.024500249467364694, 0.25190704347870607, 0.003573504662342599, 0.061793333497372496, 0.19011633445916462, 0.06984640160367377, 0.003979983360443125, 0.7406313978796915, 0.09876308198718729, 0.38401214457474614, 0.04263203773382279, 0.06438732346371212, 0.12144770137569945, 0.10573414696432885, 0.06849721980392065, 0.662599457471253, 0.29337064704574184, 0.07834114178784315, 0.936131205013204, 0.08979870944151028, 0.10191758009003098, 0.806453236849254, 0.9804413574098945, 0.3578123866285312, 0.2180131849993315, 0.9794989885002107, 0.9316517471138375, 0.9610965937314567, 0.9248382445095954, 0.9176703241448697, 0.9111681322112754, 0.9451226104870708, 0.40128668453844235, 0.8213576308277369, 0.90680457381538, 0.9917048409080655, 0.9881151754712265, 0.9889365744006916, 0.9516208826423664, 0.4543161488948663, 0.5652246697004619, 0.9569681560341589, 0.8950334883267896, 0.9839760300036275, 0.986623022962493, 0.9597033199543947, 0.9807232735469507, 0.9019988261437842, 0.9453507379734589, 0.9846543334515171, 0.36414186918906455, 0.9847030416893996, 0.8644377785260257, 0.9754954027018081, 0.9789029004499552, 0.9634729584189377, 0.9514381714901671, 0.7184960048095329, 0.9001212761580341, 0.9751866162629633, 0.9380964779800739, 0.983368945046916, 0.9589175565926653, 0.9105788172187746, 0.9520194268173906, 0.8829070400876555, 0.9859313072850376, 0.9803254674851684, 0.988518753458229, 0.9905367608042648, 0.8000115483958165, 0.8581359733452135, 0.9172228013163998, 0.852380801931706, 0.9672493589968426, 0.9408357362514979, 0.9648516934443244, 0.9653151593383423, 0.9756317679872282, 0.8495464248452981, 0.904058878496051, 0.8792712958842768, 0.9495723986660098, 0.9275792055114797, 0.9898284208462806, 0.723031371076272, 0.7807046186439417, 0.8977385318634112, 0.946927559158072, 0.8762822017148658, 0.9892700170868742, 0.7432669825036242, 0.8073388376018095, 0.9771582982680446, 0.9852240247099148, 0.9860852352935295, 0.9898284208462806, 0.9777617013921969, 0.9780030202182121, 0.9760977745310562, 0.9863891201670405, 0.9647417129951827, 0.9781385037654551, 0.8496634902473122, 0.9890190981510857, 0.9651060621704413, 0.9816211347438254, 0.9916981867062584, 0.8743215480103705, 0.9839350160461724, 0.9906783586449132, 0.9859285603564227, 0.9106620651916062, 0.9811683970403515, 0.3931005737180725, 0.6028538766700752, 0.985225449243786, 0.9872399515004331, 0.9909902955736799, 0.9906783586449132, 0.9906783586449132, 0.6477014809732442, 0.9859371035721364, 0.9780030202182121, 0.9898021130211015, 0.9915950441861421, 0.9906783586449132, 0.8560494792932211, 0.8772381897897064, 0.8286967013861088, 0.8875592990435435, 0.8339217448193247, 0.7969193646414399, 0.04856253796219503, 0.8960191207282606, 0.7480839173119744, 0.8446964084529917, 0.5051715193229878, 0.6996840572620271, 0.09477544791626154, 0.8840902010926901, 0.7446091067540835, 0.6216333193490771, 0.48399236142968377, 0.7003113504778659, 0.9733632937400059, 0.8258206167738528, 0.9557520677306012, 0.8312021286865026, 0.8040225721096808, 0.7620811627112695, 0.9753141303104077, 0.25810396906516897, 0.917353006896943, 0.9219193539956603, 0.8805595666330506, 0.849509713108787, 0.9088840109461175, 0.8566519581179711, 0.9829133860297873, 0.9436916837501313, 0.9909159753503273, 0.9047686136385985, 0.06857862617427998, 0.8511475539050158, 0.8781304623213203, 0.9420601205491527, 0.8947858241351522, 0.9903787745656744, 0.9889848409062988, 0.9588809529088024, 0.9739550668023079, 0.9892708979818762, 0.9653264168544626, 0.979676927757322, 0.9788950995867717, 0.929896578845017, 0.9878404745967422, 0.9551971580209211, 0.976699863566788, 0.8600406884661802, 0.8481958144756039, 0.7761879385174545, 0.9473475748700193, 0.9911251680045564, 0.9906783586449132, 0.9826555869484479, 0.9780030202182121, 0.9812949771106093, 0.9852240247099148, 0.9838322586852061, 0.983884856082274, 0.9832010569414666, 0.9905367608042648, 0.9898284208462806, 0.7871610194199102, 0.8950051114071667, 0.9891377002695819, 0.9806145638147984, 0.9715520040462152, 0.9914012184127513, 0.9917048409080655, 0.6971550799852052, 0.9898284208462806, 0.9860852352935295, 0.9770406624123178, 0.9877250173577345, 0.9751721104799573, 0.9896130396577619, 0.9248327097757519, 0.4585029081206548, 0.8998303594792026, 0.9789162765169507, 0.9562154307418771, 0.2819079973260701, 0.9834831687213894, 0.5587240862593487, 0.9906783586449132, 0.8057506713373854, 0.9898602715393892, 0.9629438750609322, 0.9362068882257549, 0.9321099823232263, 0.8442876776961933, 0.8814360440728483, 0.9813203241101566, 0.9228184776904, 0.9359981437968011, 0.8336120506828929, 0.8811566015010596, 0.9909902955736799, 0.9670159580957816, 0.5990112622881453, 0.9889208970835954, 0.8828164731807223, 0.933514454203056, 0.9914188978642877, 0.8698763997265023, 0.9305060413687979, 0.8949388286586273, 0.7800732638615585, 0.8259105995403392, 0.8740992407612723, 0.8711004074955262, 0.8149959274385536, 0.9819238893420925, 0.666648866808734, 0.8183778050070312, 0.6965599959168156, 0.7640583614081456, 0.9480453269494697, 0.9893579076030908, 0.9178875618643623, 0.8959922545446785, 