{"metrics": {"test": {"fp": [1], "f1_score": [0.9814814814814815], "risk": [0.027777777777777776], "recall": [0.9814814814814815], "sensitivity": [0.9814814814814815], "precision": [0.9814814814814815], "tp": [53], "tn": [17], "specificity": [0.9444444444444444], "fn": [1]}, "train": {"fp": [0], "f1_score": [1.0], "risk": [0.0], "recall": [1.0], "sensitivity": [1.0], "precision": [1.0], "tp": [234], "tn": [55], "specificity": [1.0], "fn": [0]}}, "model": {"n_features": 752}, "data": {"path": "/scratch/adrouin/patric_data/single_species_datasets/ertapenem___2202579077548954665/dataset.kover", "split": "train_0.800_seed_2_10_folds", "uuid": "392f4212-068a-11e8-a7b5-001b2193b764"}, "predictions": {"binary": [0, 0, 0, 0, 0, 0, 0, 0, 0, 0, 0, 0, 0, 0, 0, 0, 0, 0, 0, 0, 0, 0, 0, 0, 0, 0, 0, 0, 0, 0, 0, 0, 0, 1, 0, 0, 0, 0, 0, 0, 0, 0, 0, 0, 0, 0, 0, 0, 0, 0, 0, 0, 0, 0, 0, 0, 0, 0, 0, 0, 0, 0, 0, 0, 0, 0, 0, 0, 0, 0, 0, 0, 0, 1, 1, 1, 1, 1, 1, 1, 1, 1, 1, 1, 1, 1, 1, 1, 1, 1, 1, 1, 1, 1, 1, 1, 1, 1, 1, 1, 1, 1, 1, 1, 1, 1, 1, 1, 1, 1, 1, 1, 1, 1, 1, 1, 1, 1, 1, 1, 1, 1, 1, 1, 1, 1, 1, 1, 1, 1, 1, 1, 1, 1, 1, 1, 1, 1, 1, 1, 1, 1, 1, 1, 1, 1, 1, 1, 1, 1, 1, 1, 1, 1, 1, 1, 1, 1, 1, 1, 1, 1, 1, 1, 1, 1, 1, 1, 1, 1, 1, 1, 1, 1, 1, 1, 1, 1, 1, 1, 1, 1, 1, 1, 1, 1, 1, 1, 1, 1, 1, 1, 1, 1, 1, 0, 1, 1, 1, 1, 1, 1, 1, 1, 1, 1, 1, 1, 1, 1, 1, 1, 1, 1, 1, 1, 1, 1, 1, 1, 1, 1, 1, 1, 1, 1, 1, 1, 1, 1, 1, 1, 1, 1, 1, 1, 1, 1, 1, 1, 1, 1, 1, 1, 1, 1, 1, 1, 1, 1, 1, 1, 1, 1, 1, 1, 1, 1, 1, 1, 1, 1, 1, 1, 1, 1, 1, 1, 1, 1, 1, 1, 1, 1, 1, 1, 1, 1, 1, 1, 1, 1, 1, 1, 1, 1, 1, 1, 1, 1, 1, 1, 1, 1, 1, 1, 1, 1, 1, 1, 1, 1, 1, 1, 1, 1, 1, 1, 1, 1, 1, 1, 1, 1, 1, 1, 1, 1, 1, 1, 1, 1, 1, 1, 1, 1, 1, 1, 1, 1, 1, 1, 1, 1, 1, 1, 1, 1, 1, 1, 1, 1, 1, 1, 1, 1, 1, 1, 1, 1, 1, 1, 1, 1, 1, 1, 1, 1, 1, 1, 1, 0, 0, 0, 0, 0, 0, 0, 0, 0, 0, 0, 0, 0, 0, 0, 0, 0, 0, 0, 0, 0, 0, 0], "proba": [0.002731629610922877, 0.001202256564648648, 0.0002431495153487478, 0.004300398434590241, 0.0002431495153487478, 0.0007475189982866924, 0.011129718596630542, 0.0060108706058319295, 0.002975333964424235, 0.014289092770423393, 0.0012280997979544318, 0.0012280997979544318, 0.0012280997979544318, 0.003950754246437212, 0.0012280997979544318, 0.003887895353424651, 0.002731629610922877, 0.003950754246437212, 0.0012280997979544318, 0.3678593254038425, 0.007431023342015201, 0.004117560996091684, 0.001621327988938503, 0.013858071623816704, 0.00010655156853717222, 0.0005226142962032751, 0.007978174213316673, 0.00477826741010129, 0.010975986053108202, 0.005548172589113002, 0.006361880280665131, 0.0012280997979544318, 0.0012280997979544318, 0.6772568193469868, 0.25944729322086524, 0.00043770575322005917, 0.005124169646781065, 0.008993432841692909, 0.000967309093576594, 0.001220006854914575, 0.005299837651673142, 0.00429899472584697, 0.005556822802513437, 0.025693185607360083, 0.00030922180711321, 0.0020146628313337414, 0.004482363418450171, 0.30220664245742185, 0.0002700993856956747, 0.0002477393815190982, 0.13654604140462062, 0.07581675361306639, 0.0003302984159605281, 0.0014957296411132336, 0.00023024709127842342, 0.0018316201001200422, 0.009644306032953725, 0.005371148158273484, 0.007297260778514688, 0.004060599553237259, 0.001926806163377872, 0.014710367996929884, 0.002068484700690394, 0.013277004803845497, 0.00011448948556149705, 0.0019885219578257792, 0.004313572435520409, 0.002327984763813073, 0.00198088659166685, 0.07267680694190735, 0.0029807324429760116, 0.0033330456733499463, 0.03412478356986727, 0.9998939818114911, 0.9729796364834852, 0.9996330566468212, 0.9998963401160508, 0.996988280965605, 0.9999275252609785, 0.9998842744855817, 0.9999673139448031, 0.9999833116040291, 0.9999833116040291, 0.9997701749582769, 0.9999673139448031, 0.9999673139448031, 0.9999673139448031, 0.9999446382121513, 0.8990269395107601, 0.9994854531769177, 0.9998842744855817, 0.9948849982826249, 0.9693498029361611, 0.9996392958107844, 0.9494630762557578, 0.9494630762557578, 0.9494630762557578, 0.9984701146333069, 0.9856697387134348, 0.999640760600974, 0.9937603916235408, 0.9999928300555878, 0.9997946789383587, 0.9907745631324693, 0.9991244018278775, 0.9998842744855817, 0.9998842744855817, 0.9998963401160508, 0.9999673139448031, 0.9999673139448031, 0.9998963401160508, 0.9999673139448031, 0.9999184125291466, 0.9999673139448031, 0.9999673139448031, 0.9998126204598968, 0.9999673139448031, 0.9998963401160508, 0.9932658435888105, 0.9998963401160508, 0.9998963401160508, 0.9999673139448031, 0.9670182217825061, 0.9999833116040291, 0.9999833116040291, 0.9792934990984334, 0.9998963401160508, 0.9998842744855817, 0.9996330566468212, 0.9996458872434364, 0.9997588147780082, 0.9996222844619542, 0.9992156103726456, 0.9999470729252766, 0.9997496035888759, 0.9976857337716021, 0.9972472103572799, 0.9964418953603817, 0.9998963401160508, 0.9998963401160508, 0.9998963401160508, 0.9997496035888759, 0.9925759989838848, 0.999829622010307, 0.978303593526625, 0.9964115953204932, 0.9981449714722316, 0.9618353540727913, 0.9937059548528931, 0.9997496035888759, 0.999829622010307, 0.9993414956876416, 0.9997496035888759, 0.999829622010307, 0.9987371295646611, 0.9897404836295067, 0.9986889500072662, 0.999829622010307, 0.9984648166217143, 0.998180211856386, 0.9994661842694677, 0.9972157833798742, 0.9997496035888759, 0.9984648166217143, 0.9995208433857216, 0.9974125965783431, 0.9977053034417208, 0.858652436578839, 0.9983773230279879, 0.9983815830118274, 0.9872485179515224, 0.9988170928420997, 0.9992444504183818, 0.9995635670284976, 0.9988170928420997, 0.9996222844619542, 0.9937059548528931, 0.9938848559440653, 0.9907745631324693, 0.9999673139448031, 0.9992156103726456, 0.9979735739993987, 0.9991244018278775, 0.9782508393155828, 0.9819029038376575, 0.9991244018278775, 0.9991244018278775, 0.9752005081813154, 0.9979735739993987, 0.9907100110808544, 0.9696181402150634, 0.9566813548074683, 0.9997821744877754, 0.9840612966481126, 0.9752005081813154, 0.12747184646020546, 0.9991244018278775, 0.9926792597285716, 0.9884430850403447, 0.9997496035888759, 0.9981736490536159, 0.9998231145664846, 0.9897404836295067, 0.9981449714722316, 0.9964115953204932, 0.9537000784049461, 0.9744872413444465, 0.990701556342153, 0.9955642968815063, 0.9680035637934267, 0.9898910036098367, 0.9748640197579153, 0.9547613985989636, 0.9566813548074683, 0.990150698680004, 0.9999470729252766, 0.9926792597285716, 0.9999629961251032, 0.9979735739993987, 0.9979735739993987, 0.9979735739993987, 0.9996438902019968, 0.958819345773946, 0.9979735739993987, 0.9996954540870335, 0.9979348420785779, 0.9979735739993987, 0.9999235688063406, 0.9977600743466644, 0.9996633066148514, 0.9998386787821953, 0.9979735739993987, 0.9979735739993987, 0.9979735739993987, 0.9996954540870335, 0.9998476512345009, 0.9999275252609785, 0.9995831722717367, 0.9999275252609785, 0.9999275252609785, 0.9999519597553521, 0.9998476512345009, 0.9999235688063406, 0.9998445242947318, 0.9999519597553521, 0.9998476512345009, 0.9991244018278775, 0.9998476512345009, 0.958819345773946, 0.9991244018278775, 0.9998476512345009, 0.9998963401160508, 0.9979735739993987, 0.9948253526989896, 0.9996954540870335, 0.9979735739993987, 0.9996954540870335, 0.9996954540870335, 0.9996954540870335, 0.99921000906512, 0.9996954540870335, 0.9979735739993987, 0.9979735739993987, 0.9969153125160809, 0.9931462630352323, 0.9996954540870335, 0.9996954540870335, 0.9998685376068805, 0.9996954540870335, 0.9993733677665328, 0.9996954540870335, 0.9979735739993987, 0.9991244018278775, 0.9991244018278775, 0.9991244018278775, 0.9991244018278775, 0.9977600743466644, 0.9925009266517827, 0.9994036779567097, 0.9994661842694677, 0.9997483697534187, 0.9996954540870335, 0.9996954540870335, 0.9979735739993987, 0.9996954540870335, 0.9996954540870335, 0.9996954540870335, 0.9998963401160508, 0.9998476512345009, 0.9998476512345009, 0.9909116593740968, 0.9999673139448031, 0.9996330566468212, 0.9998963401160508, 0.9998963401160508, 0.9998963401160508, 0.9995846018644569, 0.9999470729252766, 