{"metrics": {"test": {"fp": [3], "f1_score": [0.5454545454545455], "risk": [0.14925373134328357], "recall": [0.46153846153846156], "sensitivity": [0.46153846153846156], "precision": [0.6666666666666666], "tp": [6], "tn": [51], "specificity": [0.9444444444444444], "fn": [7]}, "train": {"fp": [0], "f1_score": [1.0], "risk": [0.0], "recall": [1.0], "sensitivity": [1.0], "precision": [1.0], "tp": [59], "tn": [210], "specificity": [1.0], "fn": [0]}}, "model": {"n_features": 197176}, "data": {"path": "/scratch/adrouin/patric_data/single_species_datasets/cycloserine___260162261243005161/dataset.kover", "split": "train_0.800_seed_7_10_folds", "uuid": "5d40d132-074f-11e8-83ec-001b2193b764"}, "predictions": {"binary": [0, 0, 0, 0, 0, 0, 0, 0, 0, 0, 0, 0, 0, 0, 0, 0, 0, 0, 0, 0, 0, 0, 0, 0, 0, 0, 0, 0, 0, 0, 0, 0, 0, 0, 0, 0, 0, 0, 0, 0, 0, 0, 0, 0, 0, 0, 0, 0, 0, 0, 0, 0, 0, 0, 0, 0, 0, 0, 0, 0, 0, 0, 0, 0, 0, 0, 0, 0, 0, 0, 0, 0, 0, 0, 0, 0, 0, 0, 0, 0, 0, 0, 0, 1, 0, 0, 0, 0, 0, 0, 0, 0, 0, 0, 0, 0, 0, 0, 0, 0, 0, 0, 0, 0, 0, 0, 0, 0, 0, 0, 0, 0, 0, 0, 0, 0, 0, 0, 0, 0, 0, 0, 0, 0, 0, 0, 0, 0, 0, 0, 0, 0, 0, 0, 0, 0, 0, 0, 0, 0, 0, 0, 0, 0, 0, 0, 0, 0, 0, 0, 0, 0, 0, 0, 0, 0, 0, 0, 0, 0, 0, 0, 0, 0, 0, 0, 0, 0, 0, 0, 0, 0, 0, 0, 0, 0, 0, 0, 0, 0, 0, 0, 0, 0, 0, 0, 0, 0, 0, 0, 0, 0, 0, 0, 0, 0, 0, 0, 0, 0, 0, 0, 0, 0, 0, 0, 0, 0, 0, 0, 0, 0, 0, 0, 0, 0, 0, 0, 0, 1, 0, 0, 0, 0, 0, 0, 0, 0, 0, 0, 0, 0, 0, 0, 0, 0, 0, 0, 0, 0, 0, 0, 0, 0, 0, 0, 0, 0, 0, 0, 0, 0, 1, 0, 0, 0, 0, 0, 0, 0, 0, 0, 0, 0, 1, 1, 1, 1, 1, 1, 1, 1, 1, 1, 1, 0, 1, 1, 1, 1, 1, 1, 1, 1, 1, 1, 1, 0, 1, 1, 0, 0, 1, 1, 1, 1, 1, 1, 1, 0, 1, 1, 1, 1, 1, 1, 1, 1, 1, 1, 1, 1, 0, 1, 1, 1, 1, 1, 1, 1, 1, 1, 1, 1, 1, 1, 1, 1, 1, 1, 1, 1, 0, 1, 1, 1, 0, 0, 0, 0, 0, 0, 0, 0, 0, 0, 0, 0, 0, 0, 0, 0, 0, 0, 0, 0, 0, 0, 0, 0, 0, 0, 0, 0, 0, 0, 0, 0, 0, 0, 0, 0, 0, 0, 0, 0, 0, 0, 0, 0, 0, 0, 0, 0], "proba": [0.0036865233471324588, 5.1351545451864634e-06, 5.113439913367452e-06, 4.854165454596492e-06, 2.21831327184032e-06, 4.5389744267786395e-06, 0.0006052011366930971, 5.963651995708962e-06, 6.7735283780019285e-06, 6.941290739063846e-06, 6.634209293149091e-05, 3.943242614600542e-06, 0.0016961095519218937, 6.711251216220372e-06, 4.774529098876061e-06, 6.175323187693512e-06, 6.27583814677055e-06, 4.973352372670347e-06, 6.810764306071406e-06, 1.5656126516929783e-08, 5.965393333044842e-06, 0.005240782486539998, 5.829944068778415e-06, 2.6974533651112672e-06, 3.6113672845107767e-06, 6.959959086069969e-05, 5.3473813048854965e-06, 6.369665065166392e-06, 5.773977419066713e-06, 4.466074272765724e-06, 4.747990763313243e-06, 3.940645735960024e-06, 5.0790427519231115e-06, 0.006189601956914788, 7.99644929084387e-06, 4.2161383158640316e-06, 5.234499649300787e-06, 7.390189474441191e-06, 0.0012834644285144839, 6.0517761639152905e-06, 5.2970123582936015e-06, 5.619582349970788e-06, 6.458463449761997e-06, 4.446292957220826e-06, 0.05331008731452697, 6.112554867058875e-06, 7.657473669975526e-06, 4.137661793668652e-06, 4.843146617856761e-06, 5.523151884256948e-06, 3.644337008850525e-06, 4.891903233597906e-06, 4.249923152892614e-06, 6.066129317011896e-06, 5.0439658168739965e-06, 5.039065019964048e-06, 4.126963841089742e-06, 5.752260677536076e-06, 6.681019128331094e-06, 6.400083705342025e-06, 4.457494731688574e-06, 4.445738600453774e-06, 4.886158052709814e-06, 7.142698908891114e-06, 5.3244615015952825e-06, 4.964222427344276e-06, 4.472033834835148e-06, 3.863586727419781e-06, 7.793430888993929e-12, 6.324435366621924e-06, 5.523271917150487e-06, 5.344084918450551e-11, 0.0007589117758619812, 4.051734487178953e-06, 5.1047721639502555e-06, 7.935638393906009e-07, 5.457013433635082e-06, 5.757461037896901e-06, 7.1648492984004716e-06, 6.789998647891726e-06, 6.018048256503221e-06, 8.000888271301975e-06, 5.100105211285627e-06, 0.920978204590613, 4.043859106656108e-06, 5.849406437188784e-06, 4.890344018022814e-06, 8.221024086843053e-06, 4.199951389095166e-06, 8.263376599761657e-06, 4.49012167135398e-06, 5.8295308717444e-06, 0.00011599157200817116, 6.515664013645315e-06, 5.505754524406605e-06, 6.655876744892531e-06, 5.249853829412317e-06, 4.35143474717377e-06, 4.942405991737066e-06, 4.66561873215797e-06, 6.869944106821282e-06, 5.101050079627573e-06, 5.541827280029642e-06, 3.390967179367316e-05, 3.425153226513257e-06, 4.640330681540394e-06, 4.821548460595091e-06, 9.343976101537255e-08, 4.4527374554696465e-06, 5.180305613901293e-06, 5.435479596827203e-06, 4.590905920251273e-06, 1.2031934080368311e-05, 4.503635700393033e-06, 2.801438259490133e-06, 5.418160760193978e-06, 7.495578705473434e-06, 6.26678202644661e-06, 5.698170048739633e-06, 0.10826720047782429, 7.314027262010206e-06, 4.219299524223718e-06, 4.333193696757795e-06, 0.20935211810644452, 5.268742088756674e-06, 7.04932840914534e-06, 4.5542708846585245e-06, 6.504677219931271e-06, 4.939490880971332e-06, 5.3754398404944046e-06, 1.619215504188577e-05, 2.9633221914978125e-06, 3.844032568290708e-06, 4.62431619582804e-06, 6.598078516172774e-06, 8.046531890627566e-06, 2.608321237044265e-06, 0.09905667264431181, 3.761992114871364e-06, 4.43084894952508e-06, 7.425451359580663e-06, 3.95050685643321e-06, 3.3100532045688842e-06, 5.212935183940243e-06, 5.539278185402339e-06, 5.413050898534227e-06, 4.35313745651882e-06, 4.5137811617960835e-06, 5.765877493697972e-06, 0.0007163013056876976, 7.887517854661855e-06, 0.0007520279499967688, 0.0019074414200952734, 4.321746706576486e-06, 6.37460047999187e-06, 2.6286354957328654e-06, 4.763124369037586e-06, 6.675461964806943e-06, 3.867133186765443e-06, 2.9848861438643343e-06, 3.948121404273981e-06, 5.7233866138509045e-06, 5.619957683425629e-06, 4.047701564050033e-06, 4.773267785622189e-06, 4.710280092302482e-06, 1.1978960882856544e-05, 0.00030520540727592014, 6.541755277659546e-06, 4.974991864608859e-06, 5.790912693855885e-06, 7.841014515282346e-06, 5.845544395307127e-06, 4.690505018844895e-06, 4.6275457728254825e-06, 2.6655625811152386e-07, 5.041894982478869e-06, 4.48468326926792e-06, 6.254537981063569e-06, 5.304588187923009e-06, 3.984715307551915e-06, 6.0724253210662485e-06, 4.340507829677644e-06, 0.0004645074552199097, 1.1045418702668745e-05, 0.00020479400683301354, 1.5905905123148257e-05, 6.490878469014507e-06, 7.146155481466134e-06, 0.05865682337368065, 3.848494634009128e-06, 9.74361085817219e-07, 0.006852405235318316, 5.231100597695636e-06, 7.371626001193686e-06, 0.013873591278682427, 2.8040324625044062e-05, 1.1783555438046921e-05, 5.560787456306744e-06, 7.934928639335912e-06, 5.0700475091282374e-06, 0.366083981839369, 5.007068596714992e-06, 4.846009369029605e-07, 5.3995508144349985e-06, 5.983966254695026e-06, 7.004908795568445e-06, 7.811401496854196e-06, 6.1534336274568925e-06, 5.255558131545022e-06, 4.81735603478527e-06, 2.6454838898632175e-05, 4.95189385523485e-06, 5.39767026764936e-06, 5.9772201158217045e-06, 6.510797283288937e-06, 3.7432969322470686e-06, 6.896978418988125e-06, 2.336801945982054e-05, 0.7550178820371174, 9.19590728098945e-06, 6.704525480022754e-06, 6.595498415336108e-06, 3.7406023508929066e-06, 4.765140848118202e-09, 6.077670413266307e-06, 4.114481067442123e-06, 3.603105260213688e-06, 6.039733681091754e-06, 0.0002940146160874434, 4.456603268672476e-06, 6.757289885019206e-06, 5.823740222542701e-06, 1.1531126357178021e-07, 2.536973835300985e-06, 4.434942942868515e-06, 3.718627541525635e-06, 5.653872295451126e-06, 6.491702904444916e-06, 3.269532534823639e-06, 4.927167869438039e-06, 7.145971589062871e-06, 4.841894039877484e-06, 1.1030948424426046e-05, 4.489719131185673e-06, 6.512560706958467e-06, 4.687538811458628e-06, 0.00012846934258575805, 8.765425154769761e-06, 2.9131712036413007e-06, 0.0020447153628718987, 3.279474233909323e-08, 0.9934965341358973, 3.2661398064762525e-06, 4.48587402176098e-06, 5.628666921435091e-06, 4.952268939001879e-06, 2.944191823884468e-08, 9.900583585311122e-06, 4.146736329015217e-06, 4.721643326636671e-06, 6.315801050974974e-06, 7.657577859743791e-06, 4.3242845082385215e-06, 0.9999956730883656, 0.9999934413194279, 