{"metrics": {"test": {"fp": [4], "f1_score": [0.7532467532467532], "risk": [0.20652173913043478], "recall": [0.6590909090909091], "sensitivity": [0.6590909090909091], "precision": [0.8787878787878788], "tp": [29], "tn": [44], "specificity": [0.9166666666666666], "fn": [15]}, "train": {"fp": [13], "f1_score": [0.8104575163398693], "risk": [0.15718157181571815], "recall": [0.7337278106508875], "sensitivity": [0.7337278106508875], "precision": [0.9051094890510949], "tp": [124], "tn": [187], "specificity": [0.935], "fn": [45]}}, "model": {"n_features": 19753177}, "data": {"path": "/scratch/adrouin/patric_data/single_species_datasets/clarithromycin___-8916328542551230855/dataset.kover", "split": "train_0.800_seed_8_10_folds", "uuid": "187d642c-547d-11e8-8d70-f0921c053df8"}, "predictions": {"binary": [0, 0, 0, 0, 1, 0, 0, 0, 0, 0, 0, 0, 0, 0, 0, 0, 0, 0, 0, 0, 0, 0, 0, 0, 0, 0, 0, 0, 1, 0, 0, 0, 0, 0, 0, 0, 0, 0, 0, 0, 0, 0, 0, 0, 0, 0, 0, 0, 0, 0, 1, 0, 0, 0, 0, 0, 0, 0, 0, 0, 1, 0, 0, 0, 0, 0, 0, 0, 0, 0, 1, 0, 0, 0, 0, 0, 0, 0, 0, 0, 0, 0, 0, 0, 1, 0, 0, 0, 0, 0, 0, 0, 1, 0, 0, 0, 0, 0, 0, 0, 1, 0, 0, 0, 0, 0, 0, 0, 0, 0, 0, 1, 0, 0, 0, 0, 0, 0, 0, 0, 0, 0, 0, 0, 0, 0, 0, 1, 0, 0, 0, 0, 0, 0, 0, 0, 1, 0, 0, 0, 0, 0, 0, 0, 0, 0, 0, 0, 0, 0, 0, 0, 0, 0, 1, 0, 0, 0, 0, 0, 0, 0, 0, 0, 0, 0, 0, 0, 0, 0, 0, 1, 0, 1, 0, 0, 0, 0, 0, 0, 0, 0, 0, 0, 0, 0, 0, 0, 0, 0, 0, 0, 0, 0, 0, 0, 0, 0, 0, 0, 0, 0, 0, 0, 1, 0, 0, 0, 0, 0, 0, 0, 0, 0, 1, 0, 0, 0, 0, 0, 0, 0, 0, 0, 0, 0, 0, 0, 0, 0, 1, 0, 0, 0, 0, 0, 0, 0, 0, 0, 0, 0, 0, 0, 0, 0, 0, 0, 0, 1, 1, 1, 1, 0, 1, 1, 0, 1, 1, 1, 1, 1, 1, 1, 1, 1, 1, 1, 0, 0, 1, 1, 0, 1, 1, 1, 1, 0, 1, 1, 1, 0, 0, 0, 0, 0, 1, 1, 1, 1, 1, 1, 1, 1, 1, 1, 1, 1, 1, 1, 1, 1, 0, 1, 1, 1, 0, 0, 1, 1, 1, 0, 1, 1, 1, 1, 0, 1, 1, 0, 1, 1, 0, 1, 1, 1, 0, 1, 1, 0, 0, 1, 0, 1, 1, 1, 1, 1, 0, 0, 1, 1, 1, 1, 1, 1, 1, 1, 1, 1, 1, 0, 1, 1, 1, 1, 0, 0, 0, 1, 1, 1, 1, 0, 1, 0, 1, 1, 0, 0, 1, 1, 1, 1, 0, 0, 0, 0, 1, 1, 1, 1, 0, 1, 1, 1, 0, 1, 1, 1, 0, 1, 1, 1, 1, 1, 0, 1, 1, 1, 0, 1, 1, 1, 0, 0, 1, 1, 0, 1, 1, 1, 1, 1, 0, 1, 1, 0, 1, 1, 1, 1, 1, 1, 0, 1, 0, 1, 0, 1, 1, 1, 0, 0, 1, 1, 0, 1, 0, 0, 1, 0, 0, 0, 1, 1, 1, 1, 1, 0, 1, 1, 1, 1, 1, 1, 1, 1, 0, 1, 1], "proba": [0.6503880638675379, 0.6765349225498839, 0.6849612256512608, 0.6457637139116591, 0.2182785057453336, 0.6024504430804094, 0.5957027887348484, 0.6524522600038132, 0.6414033464516807, 0.6827577617528898, 0.6225907346428682, 0.6324252695620662, 0.5956015014826428, 0.6836742580195306, 0.6084532437450132, 0.6509713151680689, 0.6024595383682587, 0.6213173448175721, 0.6218901262687982, 0.6268292414453926, 0.5794132724876466, 0.5927020113174258, 0.683392319424587, 0.6592382828174096, 0.6725773009052713, 0.617417644558651, 0.6857456432514205, 0.5073159827048069, 0.45820279729273944, 0.6661831194958253, 0.682762081933502, 0.6613542368774316, 0.5603789666331664, 0.5607122156305984, 0.6873003086571629, 0.632441134411789, 0.64017046964665, 0.6025560532265702, 0.6165558574681014, 0.643775429644462, 0.6735411100979829, 0.6440497146860912, 0.616293116785395, 0.6453375149735877, 0.6764547495064906, 0.5753040040681787, 0.653854643868786, 0.6369704223383414, 0.6825040982547239, 0.6297870897598021, 0.25156491075282406, 0.6066393936738104, 0.6558642164607333, 0.5465819244791488, 0.5828857841941054, 0.632479387724137, 0.6558731513243813, 0.6006440037063235, 0.6141113310746059, 0.6553169125680408, 0.2141472479276966, 0.6469176899934629, 0.613014928359013, 0.6848167036427912]}}