{"metrics": {"test": {"fp": [0], "f1_score": [0.923076923076923], "risk": [0.045454545454545456], "recall": [0.8571428571428571], "sensitivity": [0.8571428571428571], "precision": [1.0], "tp": [6], "tn": [15], "specificity": [1.0], "fn": [1]}, "train": {"fp": [0], "f1_score": [1.0], "risk": [0.0], "recall": [1.0], "sensitivity": [1.0], "precision": [1.0], "tp": [25], "tn": [67], "specificity": [1.0], "fn": [0]}}, "model": {"n_features": 1509}, "data": {"path": "/scratch/adrouin/patric_data/single_species_datasets/meropenem___49420779660966717/dataset.kover", "split": "train_0.800_seed_7_10_folds", "uuid": "0badefa6-0873-11e8-80e1-001b2193b764"}, "predictions": {"binary": [0, 0, 0, 0, 0, 0, 0, 0, 0, 0, 0, 0, 0, 0, 0, 0, 0, 0, 0, 0, 0, 0, 0, 0, 0, 0, 0, 0, 0, 0, 0, 0, 0, 0, 0, 0, 0, 0, 0, 0, 0, 0, 0, 0, 0, 0, 0, 0, 0, 0, 0, 0, 0, 0, 0, 0, 0, 0, 0, 0, 0, 0, 0, 0, 0, 0, 0, 0, 0, 0, 0, 0, 0, 0, 0, 0, 0, 0, 0, 0, 0, 0, 1, 1, 1, 1, 1, 1, 1, 1, 1, 1, 0, 1, 1, 1, 1, 1, 1, 1, 1, 1, 1, 1, 1, 1, 1, 1, 1, 1, 1, 1, 1, 1, 0, 0, 0, 0, 0, 0, 0, 0, 0, 0, 0, 0, 0, 0], "proba": [1.193604544088551e-05, 0.000880883881194893, 0.0019077382396485492, 0.0008845995455969402, 4.9741513547734784e-05, 0.0030821733845372333, 0.0012725450046701017, 0.13524597415964332, 3.784418138514235e-05, 0.0004272520947924972, 2.3036620229767764e-05, 0.00018491874928012488, 0.00023742315738644896, 0.0001421427374738963, 5.277984628057214e-06, 0.0005466137396969954, 4.714352517873771e-06, 1.5425981690945147e-05, 0.0005428544607519376, 0.0002501902885198402, 0.0025248789374229257, 1.764686352564558e-05, 0.0001981100135919474, 2.869332008411804e-05, 9.473246758728795e-05, 6.06635776721185e-05, 3.537929200532044e-05, 0.0013480550465988853, 4.7609318230385997e-05, 0.0004529226001071003, 0.0005692152829932127, 0.00039661207439536125, 7.120458269002246e-05, 9.123273302224505e-05, 6.22304549865709e-06, 0.0023850724706050643, 5.859741029396885e-06, 1.0302469143712679e-05, 3.3546864066901098e-06, 0.05634737943897609, 2.381315607543144e-05, 6.17277280246881e-06, 1.7028281221630839e-06, 0.0001404762190800409, 1.6980127698997034e-05, 5.632958862385559e-05, 0.0003807986487543751, 0.00035096891946001903, 0.00024000359927260487, 4.1136495605971004e-05, 0.00019120537073481376, 8.73279633180784e-05, 0.0006497914526654443, 0.00010810116372181968, 0.0004159071354332907, 3.303596892837321e-05, 0.0011178199732540662, 8.560998825631654e-05, 6.701803238799325e-05, 4.785945577799579e-05, 9.032765649694484e-05, 0.0023741130532312217, 4.5268061060911414e-05, 0.0001625683173904307, 0.00025037707885190453, 0.0004621190319652308, 7.909290112565593e-06, 0.0001561750682165676, 0.001351989764174642, 0.00010619131416803517, 6.834269141835015e-06, 6.796522554231217e-06, 2.02338089207957e-06, 0.0024075762110058073, 0.0035412481987880276, 1.4078722786353609e-05, 0.0023922716274708874, 5.383597821681678e-06, 2.9378926521940186e-05, 1.0762515139037047e-05, 1.0368862296826206e-05, 0.00022259879544122993, 0.9994450365678555, 0.9999291900125172, 0.9992904735194684, 0.9997803100782665, 0.9991633280604725, 0.9995172007028151, 0.9996013249674901, 0.9579265787358577, 0.9998496967432999, 0.9993268447708233, 0.12754603394457434, 0.9998896947580568, 0.9997894736347458, 0.9999102534993506, 0.9997634498891954, 0.9997170899478776, 0.9997412458981225, 0.998837526631888, 0.9998867979841259, 0.9992147107159056, 0.9998473762908275, 0.7941194107329427, 0.9995033833338657, 0.9994003620287232, 0.9996877324902305, 0.9998172830513902, 0.994958848578525, 0.9998178448279585, 0.9991421697471204, 0.9997459422193479, 0.991771725073679, 0.9997668036124701, 0.5, 0.5, 0.5, 0.5, 0.5, 0.5, 0.5, 0.5, 0.5, 0.5, 0.5, 0.5, 0.5, 0.5]}}