{"classifications": {"train_errors": ["470.733", "470.1564", "470.1561", "470.703", "470.1557", "470.704", "470.687", "470.1565", "470.674", "470.626", "470.761", "470.708", "470.697", "1398969.3", "470.1554", "470.673", "470.1337"], "test_correct": ["470.1549", "470.1548", "470.655", "1398979.3", "1398977.3", "470.647", "470.683", "470.746", "470.715", "470.736", "470.636", "470.737", "470.742", "470.2847", "1398965.4", "1398947.3", "470.712", "470.681", "1398952.3", "1398985.3", "470.763", "470.613", "1398963.3", "1398964.3", "1398983.3"], "train_correct": ["470.635", "470.1550", "470.758", "470.1551", "470.625", "470.658", "470.631", "470.638", "470.1552", "1398962.3", "470.659", "470.1359", "1398950.3", "470.765", "470.767", "1398944.3", "1398980.3", "470.661", "470.768", "470.762", "1398972.3", "1398971.3", "470.644", "1398970.3", "470.645", "1398949.3", "470.1336", "470.675", "470.677", "470.678", "470.679", "470.682", "470.740", "470.722", "470.632", "470.721", "470.747", "470.720", "470.700", "470.696", "470.695", "470.634", "470.630", "470.651", "470.701", "470.718", "470.702", "470.620", "470.710", "470.739", "470.685", "470.618", "470.642", "470.735", "470.734", "470.633", "470.698", "470.730", "470.744", "470.752", "470.717", "470.713", "470.760", "470.750", "470.749", "470.612", "470.711", "470.732", "470.641", "1398990.4", "1398991.3", "470.2845", "470.2844", "470.1558", "1398957.3", "1398986.3", "470.709", "470.706", "470.705", "470.686", "470.657", "1398948.3", "470.662", "1398954.3", "1398953.3", "1398984.3", "1398956.3", "470.741", "470.759", "470.757", "470.756", "470.755", "470.754", "470.748", "470.680", "470.1333", "1398958.3", "1398959.3", "470.629", "1398967.3", "470.729", "470.1339", "1398973.3", "1398974.3", "1398975.3", "470.743", "470.1559"], "test_errors": ["470.649", "470.731", "470.1562", "470.663", "470.2846", "470.1553"]}, "metrics": {"test": {"fp": [3], "f1_score": [0.8636363636363636], "risk": [0.1935483870967742], "recall": [0.8636363636363636], "sensitivity": [0.8636363636363636], "precision": [0.8636363636363636], "tp": [19], "tn": [6], "specificity": [0.6666666666666666], "fn": [3]}, "train": {"fp": [8], "f1_score": [0.9039548022598869], "risk": [0.13709677419354838], "recall": [0.898876404494382], "sensitivity": [0.898876404494382], "precision": [0.9090909090909091], "tp": [80], "bound": 0.5261221619171579, "tn": [27], "specificity": [0.7714285714285715], "fn": [9]}}, "model": {"rules": ["Presence(ATTGCAGCTGCTGGTATTGCGATTCAGCAAA)"], "type": "conjunction", "n_rules": 1, "rule_importances": [1.0]}, "data": {"path": "/scratch/adrouin/data/patric/single_species_datasets/ampicillin_sulbactam___-3225223558739261696/dataset.kover", "uuid": "b4df14cc-0578-11e8-aea5-001b2193b764", "split": "train_0.800_seed_5_10_folds"}, "cv": {"candidate_hp": {"model_type": ["conjunction", "disjunction"], "p": [1.0, 1.778, 3.162, 5.623, 10.0], "max_rules": 20}, "best_hp": {"score": 0.5261221619171579, "values": {"model_type": "conjunction", "p": 1.0, "max_rules": 1}}, "strategy": "bound"}, "running_time": 72}