{"metrics": {"test": {"fp": [3], "f1_score": [0.47058823529411764], "risk": [0.18], "recall": [0.4], "sensitivity": [0.4], "precision": [0.5714285714285714], "tp": [4], "tn": [37], "specificity": [0.925], "fn": [6]}, "train": {"fp": [5], "f1_score": [0.8131868131868131], "risk": [0.085], "recall": [0.7551020408163265], "sensitivity": [0.7551020408163265], "precision": [0.8809523809523809], "tp": [37], "tn": [146], "specificity": [0.9668874172185431], "fn": [12]}}, "model": {"n_features": 29677326}, "data": {"path": "/scratch/adrouin/data/patric/single_species_datasets/cefalotin___7053822222416630118/dataset.kover", "split": "train_0.800_seed_4_10_folds", "uuid": "05673cc6-0588-11e8-9abe-001b2193b764"}, "predictions": {"binary": [0, 0, 0, 0, 0, 0, 0, 0, 0, 0, 0, 0, 0, 0, 0, 0, 0, 0, 0, 0, 0, 0, 0, 0, 0, 0, 0, 0, 0, 0, 0, 0, 0, 0, 0, 0, 0, 0, 0, 0, 0, 0, 0, 0, 0, 0, 0, 0, 0, 0, 0, 0, 0, 0, 0, 0, 0, 0, 1, 0, 0, 0, 0, 0, 0, 0, 0, 0, 0, 0, 0, 0, 0, 0, 0, 0, 0, 0, 0, 0, 0, 0, 0, 0, 0, 0, 0, 0, 0, 0, 0, 0, 0, 0, 1, 0, 0, 0, 0, 0, 0, 0, 0, 0, 0, 0, 0, 0, 1, 1, 0, 0, 1, 0, 1, 0, 0, 0, 0, 0, 0, 0, 0, 0, 1, 0, 0, 0, 1, 0, 0, 0, 0, 0, 0, 0, 0, 0, 0, 0, 0, 0, 0, 0, 0, 0, 0, 0, 0, 0, 0, 0, 0, 0, 0, 0, 0, 0, 0, 0, 0, 0, 0, 0, 0, 0, 0, 0, 0, 0, 0, 0, 0, 0, 0, 0, 0, 0, 0, 0, 0, 0, 0, 0, 0, 0, 0, 0, 0, 0, 0, 1, 1, 0, 0, 1, 1, 0, 0, 1, 1, 1, 0, 1, 1, 0, 1, 1, 1, 1, 1, 1, 1, 1, 1, 1, 1, 1, 0, 0, 1, 1, 0, 1, 1, 0, 0, 0, 0, 1, 1, 1, 1, 1, 1, 1, 1, 0, 1, 1, 1, 1, 1, 0, 0, 1, 0, 0, 1, 1], "proba": [0.08458544243358829, 0.07604776557433021, 0.29795869028059474, 0.13185220535127046, 0.0651523200031717, 0.09547829057832434, 0.08518048357641059, 0.09550649052186919, 0.09539060224077922, 0.09546283319053168, 0.09544094678294784, 0.09544222028641001, 0.09549492630935683, 0.09545428666594624, 0.09548701106576964, 0.09545250670087313, 0.09549569792327003, 0.09542682780663898, 0.09546240806209515, 0.09553525467507885, 0.09546245786941074, 0.12988363808758485, 0.09542201188756777, 0.09544256954623595, 0.06023510191815287, 0.09541931437376334, 0.09547401000174056, 0.09547148554833283, 0.08419644561357546, 0.08279881688843642, 0.09021084948141722, 0.09544718622224187, 0.09712115755633288, 0.05934113853296263, 0.09541499913938765, 0.07893449819773708, 0.07366173994578654, 0.09546283754049317, 0.08452465458371387, 0.07151797776613447, 0.08687670136071002, 0.0954711465413868, 0.09548385642270858, 0.055866608273024324, 0.06583726736938578, 0.09550619342976693, 0.09480192446321949, 0.09547133159451807, 0.08001219961502537, 0.10249577008883687, 0.08334758722943242, 0.07529631631574468, 0.16525876003571113, 0.06545677656563414, 0.07337788280043986, 0.07253737531898204, 0.18163067222861692, 0.09078387271816821, 0.7925241277271808, 0.0955009093057451, 0.09516859822028052, 0.09551694903526428, 0.09551645762491671, 0.06298477346895465, 0.0954215664767214, 0.09547305671767292, 0.10036869775401347, 0.06178173897191428, 0.0889025766018279, 0.0955006105679488, 0.06747497152437207, 0.09549112226804901, 0.09189272559531358, 0.09545534594285503, 0.09551716486133457, 0.09550537722277419, 0.09061561043347431, 0.09546754991624033, 0.09173448739367669, 0.09065347161821341, 0.0884439381863927, 0.09011927453224307, 0.09409890861955515, 0.0870891693806684, 0.09550332092848597, 0.07910501050043335, 0.09548522038921738, 0.09624743345254198, 0.0955261768671323, 0.09548967332719048, 0.08885976480637547, 0.09070759519175996, 0.09544413366109743, 0.09550767852390464, 0.7922507655117398, 0.06930420898970296, 0.09539041278018366, 0.08295832970554831, 0.09504524934841255, 0.09550732946513417, 0.0954815261545786, 0.09543592162038544, 0.09551298849481824, 0.10348983693075746, 0.08064981578723113, 0.07937686242047227, 0.09546638414788822, 0.09254198280018044, 0.8133473955076503, 0.8672860017976901, 0.09546031822992328, 0.095413960834095, 0.8519554246338495, 0.08965649304834761, 0.7853218341323944, 0.07913455344159151, 0.09000788302669456, 0.1048653617127497, 0.08254102569336896, 0.094443504531396, 0.09549687489410046, 0.07822415700715436, 0.07263889764538224, 0.08981545130230766, 0.4889606671334411, 0.09540401570417587, 0.08013481915237775, 0.09550135037710555, 0.5222195895638381, 0.0889734683571817, 0.09545035505550481, 0.10209819004443847, 0.09543783401640225, 0.09546585171023948, 0.09544384523991493, 0.09546283754048683, 0.11189887221964516, 0.10784611663429763, 0.09543772706836468, 0.07639773330263165, 0.08518079779041529, 0.09543599558852921, 0.09546472544519274, 0.09545358606437471, 0.08572408288907157, 0.09547319969253477, 0.0935651889695658, 0.09543498981042384, 0.09549407651531486, 0.0824946040755137, 0.09413602875594135, 0.08839307579753132, 0.09545750716885144, 0.09546692410171306, 0.09245177516885097, 0.09188581896701654, 0.09224325697921677, 0.0810080055995233, 0.09548338163243565, 0.0953935581420897, 0.09861085352570179, 0.09659533254221597, 0.09541653190568844, 0.09264720897771936, 0.09280403659183858, 0.09546644653930626, 0.07918942731625503, 0.0954045516779802, 0.09146496828058681, 0.09524559631078461, 0.10195533641017754, 0.09543932495111503, 0.09541812925753758, 0.09482595229963871, 0.10877121526599515, 0.09539500451948786, 0.09540658666788142, 0.09318178464025487, 0.09657127312127749, 0.09544142137465765, 0.09546073768313658, 0.09545981966772508, 0.09544790872126312, 0.11309997638840731, 0.09544439586393938, 0.09544813533756347, 0.090777336052601, 0.09545055342193869, 0.09496521213839113, 0.09546650524408351, 0.09545801510181035, 0.8529814710140884, 0.8531087705866024, 0.12759896848208194, 0.10388019727560233, 0.853085323766866, 0.8529614074492513, 0.08823877949227775, 0.17416841822665494, 0.8530146210153615, 0.8556712557339112, 0.8476961629302292, 0.2402990007931427, 0.8707974556967385, 0.8550920815975283, 0.14069010712270594, 0.8529938371639718, 0.8538091244305022, 0.8552269584598586, 0.8529696474810731, 0.8666923411474794, 0.852930138314243, 0.8609291537971182, 0.8731739507418687, 0.8160525237747468, 0.8530346137249701, 0.8529855362221976, 0.8529049600811891, 0.43141299732342003, 0.3691086028459668, 0.8530464309500012, 0.8529862767287116, 0.15915847155436627, 0.853001041634093, 0.5953367547381531, 0.15959835426924546, 0.0978151554757797, 0.13162297147276397, 0.15051729898273095, 0.8529891084791995, 0.8530628519594217, 0.8694574729512067, 0.8561122971222709, 0.854582421313945, 0.8730847395443152, 0.8529664592313647, 0.8662339734431391, 0.10813489058608149, 0.8530847650008472, 0.8530507669220615, 0.8530940383977021, 0.8531006009070231, 0.8529314398913266, 0.07076825892064408, 0.14161274286843456, 0.6873027785690312, 0.4036227220997184, 0.13057351568848577, 0.761770637452573, 0.8529619362486998]}, "cv": {"hps": {"normalize_kernel": false, "degree": 1.0, "regularizer": 1e-06}, "score": 0.11499999999999999}}