{"metrics": {"test": {"fp": [1], "f1_score": [0.9841269841269841], "risk": [0.029411764705882353], "recall": [0.9841269841269841], "sensitivity": [0.9841269841269841], "precision": [0.9841269841269841], "tp": [62], "tn": [4], "specificity": [0.8], "fn": [1]}, "train": {"fp": [0], "f1_score": [1.0], "risk": [0.0], "recall": [1.0], "sensitivity": [1.0], "precision": [1.0], "tp": [243], "tn": [30], "specificity": [1.0], "fn": [0]}}, "model": {"n_features": 76402}, "data": {"path": "/scratch/adrouin/patric_data/single_species_datasets/sulphonamides___-736338835843459561/dataset.kover", "split": "train_0.800_seed_4_10_folds", "uuid": "c2fd5f28-07f3-11e8-af79-001b2193b764"}, "predictions": {"binary": [1, 0, 0, 0, 0, 0, 0, 0, 0, 0, 0, 0, 0, 0, 0, 0, 0, 0, 0, 0, 0, 0, 0, 0, 0, 0, 0, 0, 0, 0, 0, 0, 0, 0, 0, 1, 1, 1, 1, 1, 1, 1, 1, 1, 1, 1, 1, 1, 1, 1, 1, 1, 1, 1, 1, 1, 1, 1, 1, 1, 1, 1, 1, 1, 1, 1, 1, 1, 1, 1, 1, 1, 1, 1, 1, 1, 1, 1, 1, 1, 1, 1, 1, 1, 1, 1, 1, 1, 1, 1, 1, 1, 1, 1, 1, 1, 1, 1, 1, 1, 1, 1, 1, 1, 1, 1, 1, 1, 1, 1, 1, 1, 1, 1, 1, 1, 1, 1, 1, 1, 1, 1, 1, 1, 1, 1, 1, 1, 1, 1, 1, 1, 1, 1, 1, 1, 1, 1, 1, 1, 1, 1, 1, 1, 1, 1, 1, 1, 1, 1, 1, 1, 1, 1, 1, 1, 1, 1, 1, 1, 1, 1, 1, 1, 0, 1, 1, 1, 1, 1, 1, 1, 1, 1, 1, 1, 1, 1, 1, 1, 1, 1, 1, 1, 1, 1, 1, 1, 1, 1, 1, 1, 1, 1, 1, 1, 1, 1, 1, 1, 1, 1, 1, 1, 1, 1, 1, 1, 1, 1, 1, 1, 1, 1, 1, 1, 1, 1, 1, 1, 1, 1, 1, 1, 1, 1, 1, 1, 1, 1, 1, 1, 1, 1, 1, 1, 1, 1, 1, 1, 1, 1, 1, 1, 1, 1, 1, 1, 1, 1, 1, 1, 1, 1, 1, 1, 1, 1, 1, 1, 1, 1, 1, 1, 1, 1, 1, 1, 1, 1, 1, 1, 1, 1, 1, 1, 1, 1, 1, 1, 1, 1, 1, 1, 1, 1, 1, 1, 1, 1, 1, 1, 1, 1, 1, 1, 1, 1, 1, 1, 1, 1, 1, 1, 1, 1, 1, 1, 1, 1, 1, 1, 1, 1, 1, 1, 1, 1, 1, 1, 1, 1, 1, 1, 1, 1, 1, 1, 1, 1, 1, 1, 1, 1, 1, 1, 1, 1, 1, 1, 1, 1, 1, 1, 1, 1, 1, 1, 1, 1, 1, 1, 1, 1, 1, 1, 1, 1, 1, 1, 1, 1, 1, 1, 1, 1, 1, 1, 1, 1, 1, 1, 1, 1, 1, 1, 1, 1, 1, 1, 1, 1, 1, 1], "proba": [0.9992217300260607, 5.074349645700948e-06, 5.101260445011559e-06, 9.790815482451883e-06, 4.995832842810225e-06, 4.644622803945855e-06, 5.049083455535459e-06, 5.027791725191712e-06, 5.183871529609792e-06, 5.272376396998448e-06, 5.093981316112063e-06, 5.14399686956176e-06, 4.955931386964591e-06, 5.563472421704059e-06, 5.4698476040635775e-06, 5.442798964096838e-06, 5.441760350097027e-06, 5.171559758389875e-06, 5.142821729858008e-06, 5.5627401334713644e-06, 5.6313829327105e-06, 0.00016886863073567855, 0.0005335991104918334, 5.164858843797645e-06, 5.201980989430526e-06, 4.9362627813276e-06, 5.025060804178737e-06, 4.910492398544745e-06, 4.9389113522611715e-06, 5.0243410054050426e-06, 3.7153453614810956e-06, 4.815046296170046e-06, 5.361241454723022e-06, 4.782987396491069e-06, 5.9240402051435894e-06, 0.999994933553991, 0.9999947029147712, 0.9999912373533665, 0.9999936298912478, 0.9999939462347815, 0.9999964791907715, 0.9999849553910338, 0.9999924709075371, 0.9999947955555013, 0.9999997116319964, 0.9999933962088275, 0.9999950968199026, 0.9999942192141822, 0.9999953809620057, 0.9822989070089152, 0.9999990238414888, 0.9999809852721802, 0.9999924394720088, 0.9999952659198941, 0.999651171071216, 0.999995127857245, 0.9999968843833567, 0.9999946821640299, 0.9999994425753508, 0.9999780378944464, 0.9999958551233943, 0.9999932077033206, 0.9999975131883224, 0.9999962546485115, 0.9999924153378086, 0.9999943310249472, 0.9999971508510691, 0.9999950020592094, 0.9999930897225391, 0.9999926760274628, 0.9999963608401344, 0.9999947426619428, 0.9999964252990546, 0.999908044293904, 0.9999960366282863, 0.9999932391249872, 0.9999952218753891, 0.9999937199379269, 0.9999938734164302, 0.9999951696155104, 0.9999950904364653, 0.9999948764042071, 0.9999954692001742, 0.9999958712577204, 0.9999952037980754, 0.9999999795265824, 0.9999962282219703, 0.9832912701014498, 0.9999947348752446, 0.9999953590823992, 0.9999956511840854, 0.9999949010043725, 0.9999932395931941, 0.9999956421527797, 0.9998018237106886, 0.9999629733133194, 0.9999965845157739, 0.999995044651066, 0.9993703941456236, 0.9999943491922525, 0.9999930542220569, 0.9999939794731689, 0.9999954610270423, 0.9999943791098452, 0.9999953104318573, 0.9999926490025025, 0.9999976616015167, 0.9999405803238389, 0.999994253145089, 0.9999967781176433, 0.9999948918099819, 0.9999939183843681, 0.9999942420208011, 0.9999951989882114, 0.9999958182799775, 0.9999953327360798, 0.9999952887748975, 0.9999945715743257, 0.9999924914541256, 0.9999956708435855, 0.9999962329198805, 0.9999901919384768, 0.9999747417542061, 0.9999969661607742, 0.999994688561555, 0.9999934152247736, 0.9999200510921185, 0.9999941625706096, 0.9999943831223111, 0.9999939618101914, 0.9999927714717354, 0.9999954306140796, 0.9999929664659971, 0.9999978747568316, 0.9999943549468769, 0.9999921039991583, 0.9999953159814913, 0.9999950136388489, 0.9999943218913832, 0.9999917144411576, 0.9999936624026413, 0.9999945911925817, 0.9999940628187712, 0.9999968852321106, 0.9999968243295493, 0.9999971621282135, 0.9999933304573168, 0.9999956565473543, 0.9999949247018685, 0.999941202233198, 0.9999945262361447, 0.9999998413366368, 0.9999941247572502, 0.9999944622645062, 0.9999965224555373, 0.9999964158655484, 0.9999935609924837, 0.9999924225208717, 0.999867288619537, 0.9999954323673323, 0.9999969772746988, 0.9999999490255628, 0.9999953484517107, 0.9999934142671159, 1.537816141404568e-06, 0.9999999999951787, 0.9999935576485528, 0.9999943387065479, 0.9999733347823836, 0.9999958044083448, 0.9999958959618374, 0.9999948836661585, 0.9999940864286997, 0.9999943981356171, 0.9996065403569474, 0.9999939311790467, 0.9999976913623231, 0.9999960642930461, 0.9999953772939291, 0.9999942115220567, 0.999996266768775, 0.9997910127362257, 0.9999956056145832, 0.9999994015342382, 0.9999953862829065, 0.9999957161530145, 0.9999963571480747, 0.9999887929345732, 0.999994436779427, 0.9999928046548828, 0.9996895110790992, 0.999993122705457, 0.9999927507307808, 0.9999943950388088, 0.9995861944436698, 0.9999966472595615, 0.9999956468928771, 0.9999996597761048, 0.9999981716267264, 0.9923598492799653, 0.9999958115454936, 0.9999999999479516, 0.9999951755332428, 0.9999951856928395, 0.9999959044518013, 0.9999941514254456, 0.999994218921326, 0.9998716549464798, 0.9999948855035596, 0.9999948536541403, 0.9999951535328502, 0.9999956232033267, 0.9999942899653255, 0.9999947649796679, 0.9999947474325631, 0.9999965830039504, 0.9999955578214502, 0.9997751422479091, 0.9999957376227, 0.9999962422075356, 0.9999948064638035, 0.9999952483038147, 0.9999971689388871, 0.9999943083168112, 0.9999957363675892, 0.9999952602948778, 0.9999946305772921, 0.9999956211598894, 0.999992765690794, 0.9999957777191226, 0.9999949821584312, 0.9999992201235492, 0.999995743291818, 0.9999944081100702, 0.9999939823354481, 0.9999961491162498, 0.9999955301417173, 0.999958169166911, 0.9999965976291164, 0.999992012870738, 0.9999879731014323, 0.9999949161671159, 0.9999953053279867, 0.999980577373176, 0.9999955499924011, 0.9999947244496225, 0.9999948588328784, 0.9999951963469308, 0.9999962565710453, 0.9999925571901674, 0.9999999795930234, 0.9999953953144864, 0.9999963577350602, 0.9999936452821184, 0.9999940028316167, 0.9999984806818638, 0.9999936472665076, 0.9999956487231243, 0.9999944451631073, 0.9999944263396086, 0.9999952247774233, 0.9999958872725833, 0.9999969972879914, 0.9999943643936745, 0.9999882083085363, 0.9999966489194657, 0.9999945669678947, 0.9999934096953425, 0.9999962365903357, 0.9999948196038021, 0.9999950140917415, 0.9999951437578706, 0.9999933291607583, 0.9999941413469172, 0.9999957974766968, 0.999796260323136, 0.9999946236211202, 0.9999961222134746, 0.9999950851452598, 0.8850571391434252, 0.9999936058317666, 0.9999947440559033, 0.9999940243117805, 0.9999943791142003, 0.9999961068667065, 0.9999932248231413, 0.9999951530326183, 0.9999953053107956, 0.999986617937073, 0.9999945718571024, 0.9999949484481576, 0.9999940694216319, 0.999999999999662, 0.9999956136142302, 0.9999986252829534, 0.9999932511136487, 0.999994407972403, 0.9999951251745108, 0.9999954210818685, 0.9999944186675626, 0.9999964327281122, 0.9999552364136295, 