{"metrics": {"test": {"fp": [3], "f1_score": [0.9253731343283583], "risk": [0.05434782608695652], "recall": [0.9393939393939394], "sensitivity": [0.9393939393939394], "precision": [0.9117647058823529], "tp": [31], "tn": [56], "specificity": [0.9491525423728814], "fn": [2]}, "train": {"fp": [1], "f1_score": [0.9837133550488599], "risk": [0.013513513513513514], "recall": [0.9741935483870968], "sensitivity": [0.9741935483870968], "precision": [0.993421052631579], "tp": [151], "tn": [214], "specificity": [0.9953488372093023], "fn": [4]}}, "model": {"n_features": 986858}, "data": {"path": "/scratch/adrouin/patric_data/single_species_datasets/moxifloxacin___-8916328542551230855/dataset.kover", "split": "train_0.800_seed_2_10_folds", "uuid": "188637c8-547d-11e8-9fd4-f0921c053df8"}, "predictions": {"binary": [0, 0, 0, 0, 0, 0, 0, 0, 0, 0, 0, 0, 0, 0, 0, 0, 0, 0, 0, 0, 0, 0, 0, 0, 0, 0, 0, 0, 0, 0, 0, 0, 0, 0, 0, 0, 0, 0, 0, 0, 0, 0, 0, 0, 1, 0, 0, 0, 0, 0, 0, 0, 0, 0, 0, 0, 0, 0, 0, 0, 0, 0, 0, 0, 0, 0, 0, 0, 0, 0, 0, 0, 0, 0, 0, 0, 0, 0, 0, 0, 1, 0, 0, 0, 0, 0, 0, 0, 0, 0, 0, 0, 0, 0, 0, 0, 0, 0, 0, 0, 0, 0, 0, 0, 0, 0, 0, 0, 0, 0, 0, 0, 0, 0, 0, 0, 0, 0, 0, 0, 0, 1, 0, 0, 0, 0, 0, 0, 0, 0, 0, 0, 0, 0, 0, 0, 0, 0, 1, 0, 0, 0, 0, 0, 0, 0, 0, 0, 0, 0, 0, 0, 0, 0, 0, 0, 0, 0, 0, 0, 0, 0, 0, 0, 0, 0, 0, 0, 0, 0, 0, 0, 0, 0, 0, 0, 0, 0, 0, 0, 0, 0, 0, 0, 0, 0, 0, 0, 0, 0, 0, 0, 0, 0, 0, 0, 0, 0, 0, 0, 0, 0, 0, 0, 0, 0, 0, 0, 0, 0, 0, 0, 0, 0, 0, 0, 0, 0, 0, 0, 0, 0, 0, 0, 0, 0, 0, 0, 0, 0, 0, 0, 0, 0, 0, 0, 0, 0, 0, 0, 0, 0, 0, 0, 0, 0, 0, 0, 0, 0, 0, 0, 0, 0, 0, 0, 0, 0, 0, 0, 0, 0, 0, 0, 0, 0, 0, 0, 0, 0, 0, 0, 0, 0, 1, 1, 1, 1, 1, 1, 1, 1, 1, 1, 1, 1, 1, 1, 1, 1, 1, 1, 1, 1, 0, 1, 1, 1, 1, 1, 1, 1, 1, 1, 1, 1, 1, 1, 1, 1, 1, 0, 1, 1, 1, 1, 1, 1, 1, 1, 1, 1, 1, 1, 0, 1, 0, 1, 1, 1, 1, 1, 1, 1, 0, 1, 1, 1, 1, 1, 1, 1, 1, 1, 1, 1, 1, 1, 1, 1, 1, 1, 1, 1, 1, 1, 1, 1, 1, 1, 1, 1, 1, 1, 1, 1, 1, 1, 1, 1, 1, 1, 1, 1, 1, 1, 1, 1, 1, 1, 1, 1, 1, 1, 1, 1, 1, 1, 1, 1, 1, 1, 1, 1, 1, 1, 1, 1, 1, 1, 1, 1, 1, 1, 1, 1, 1, 1, 1, 1, 1, 1, 1, 1, 1, 1, 1, 1, 1, 1, 1, 1, 1, 1, 1, 1, 1, 1, 1, 1, 1, 1, 1, 1, 1, 1, 1, 1, 1, 0, 1, 1, 1, 1, 1, 1, 1, 1, 1, 1, 1, 1, 1, 1, 1, 1, 1, 1, 1, 1, 1, 1, 0, 0, 0, 0, 0, 0, 0, 0, 0, 0, 0, 0, 0, 0, 0, 0, 0, 0, 0, 0, 0, 0, 0, 0, 0, 0, 0, 0, 0, 0, 0, 0, 0, 0, 0, 0, 0, 0, 0, 0, 0, 0, 0, 0, 0, 0, 0, 0, 0, 0], "proba": [0.2916029621030701, 0.009221171237593417, 5.054353689478001e-05, 9.858431197762557e-06, 3.1856960392063464e-05, 2.80330021708856e-05, 0.00010324185091313868, 9.420424275941087e-07, 3.172971987579841e-08, 2.8457081841240472e-05, 2.691874032724278e-07, 2.233639666508434e-06, 0.00026821763637253763, 1.8610618805271042e-05, 4.644830133342961e-09, 0.01410917953626123, 5.538259452650057e-07, 3.668475717838229e-08, 8.906799468084016e-05, 4.822390801815284e-05, 1.0931326417111106e-08, 3.087112748091654e-05, 5.603039731402661e-05, 2.061014156461904e-05, 7.059515494050613e-05, 3.781861359642796e-05, 0.0019421176829907713, 8.050999094480444e-07, 1.8408218992825617e-05, 1.3044802433458414e-08, 3.225144651702949e-05, 5.2431401053116715e-05, 0.001418540304238134, 5.622612092647881e-07, 1.8497139076302054e-06, 1.3565109992906826e-07, 5.919793803986651e-06, 3.4429531406755204e-08, 0.0008479335210559368, 0.0003118229514775308, 8.404006218794158e-06, 5.688490729225453e-09, 1.5422308130689887e-05, 1.2892531618439431e-05, 0.9843189782778762, 7.770500789959155e-06, 5.123494132920948e-09, 6.431740106652463e-11, 3.036437438181115e-05, 1.4238206261804832e-09, 1.6255323347600354e-07, 4.520134211490977e-09, 0.0011407578514351978, 2.918776280053508e-06, 1.620886348290327e-06, 0.0027492021828803776, 3.1208029306284803e-06, 2.522424492668413e-09, 0.006258514342427933, 3.314217139926515e-05, 9.56580310154462e-10, 4.9168144658830195e-06, 7.271725062115472e-06, 4.975033437984141e-05, 2.8964907150077488e-05, 1.530665058973264e-05, 5.511544923558194e-06, 0.007822540765091866, 1.1632350691416984e-06, 0.000106103118684458, 5.3246812703503575e-06, 1.0446138596206558e-05, 4.260134401073247e-06, 7.57933973465814e-07, 8.869756460446552e-05, 1.3679857351747055e-06, 0.01403239232883486, 8.247481253830811e-08, 9.027683457390504e-07, 0.006705261000343258, 0.7160509935907873, 0.009540999236889577, 7.649512687638971e-09, 0.0014764053956701803, 4.206749670726672e-06, 8.167510196607212e-05, 4.769938900832863e-10, 1.3131711776256967e-08, 0.0265828666150381, 0.0009212452041599307, 9.191788362425847e-07, 6.863333879850059e-06, 3.6487994007113557e-06, 1.022951911985672e-08, 1.242242540743398e-06, 4.7087235110727974e-08, 0.008483415473220532, 0.00213842081250215, 1.8602156334985895e-06, 5.6669739869131e-07, 2.138360936373046e-07, 6.645708801763288e-08, 5.3803217697920865e-08, 0.0023230775628925084, 5.617476359510256e-06, 8.97475677102784e-08, 0.000955613161771173, 0.007332587373873161, 6.527222807457824e-07, 7.257589506161946e-06, 4.53543292904504e-09, 2.822854136560719e-09, 3.0372586660606897e-05, 8.190680002305972e-05, 0.00017279029679435052, 1.2899708293435689e-05, 7.355226982158246e-07, 1.5093589450778535e-06, 1.4445983391886865e-05, 4.027957860835193e-06, 0.0005580495829284538, 0.6415802367518878, 4.325625100910481e-05, 2.997437371593402e-07, 1.0790607101774924e-08, 0.0003662993486950913, 0.0014383233812116504, 0.0004638821079432114, 5.292144889812687e-06, 0.0007688687676858261, 9.651972445556704e-07, 1.1846182234335284e-06, 0.000431346102733735, 6.288367486180242e-06, 8.939751615684578e-09, 1.1523975153881416e-06, 0.0033140317677059854, 3.875951196481445e-06, 0.9999947897381203, 3.477956572405481e-06, 4.03731746132925e-06, 2.931399206840241e-06, 5.372455710798432e-06, 6.352236232249813e-08, 0.0001449561015111157, 1.0385659892413713e-08, 1.4339706903197116e-08, 1.201502682316609e-06, 3.5817730173849557e-07, 0.00011868292434251011, 4.4758473098257346e-07, 1.9897229327988453e-07, 1.4304895148880429e-06, 8.655089103725845e-05, 1.4703635248201776e-07, 1.728675198884558e-05, 0.0008826808726881614, 6.599135242908642e-07, 9.409240892080151e-07, 9.028559042284682e-06, 3.77602851787507e-05, 9.661358982304698e-07, 1.5996550626602613e-07, 1.5753868000987357e-05, 6.11545667229208e-07, 8.557281991022317e-08, 4.084898309300365e-06, 0.012908809239191903, 0.004250983254802965, 6.663319858070441e-07, 1.3542513914046135e-08, 4.829063701075527e-06, 1.5811857630750188e-05, 2.2741680045284482e-07, 0.0011940932254464653, 2.679674559517182e-08, 0.0001899982777005654, 1.3732451222805367e-06, 2.9931485160876234e-06, 5.441696770898929e-09, 4.967593221175171e-05, 3.262545045189971e-08, 2.6292931107441235e-05, 3.512913798504791e-08, 3.0714270742140394e-10, 3.518276039496299e-07, 7.035701062107356e-05, 3.712341185946095e-09, 1.3524977664171207e-06, 6.363815435177969e-09, 2.7865255002989974e-07, 0.0007791341344411478, 2.689611165673813e-05, 1.7526483879558785e-05, 2.433480095390253e-05, 0.31558805610321244, 5.717552402213861e-06, 1.1443900009709091e-07, 6.103618115804335e-06, 9.379827655919039e-07, 1.0638044255477584e-07, 9.475805566112947e-08, 1.8113912745631743e-07, 0.0023651954035823703, 1.0034040759970133e-06, 6.776121284412823e-05, 0.005453307940344882, 1.714063915310311e-05, 4.515670488375726e-08, 4.2088581514351443e-05, 0.00017672509876447463, 0.00011386004463427122, 2.1112272042797123e-07, 3.3498687097459583e-07, 2.8963084458853773e-07, 3.6624401441851933e-07, 4.108858884983349e-05, 0.0010651722379828817, 2.242843465624462e-09, 9.89890538008316e-07, 8.094988342492748e-06, 0.00019228900169019565, 2.5588569336612457e-06, 0.0007153678355725542, 3.493940686925648e-08, 4.574311248317666e-11, 2.725596720997023e-05, 0.00014364929683812654, 1.060269771663242e-07, 0.0018971234479433056, 0.0001398160881473011, 0.0015365793539988634, 1.4251672959591292e-08, 7.899116552578566e-06, 8.145109563426649e-06, 0.0009475093960607454, 6.309977374198558e-08, 3.561369535608868e-05, 5.739986381941841e-06, 5.407378379247386e-08, 1.5491549671525745e-06, 5.636259116940173e-08, 0.027749572758287353, 2.37375350050963e-05, 