{"metrics": {"test": {"fp": [0], "f1_score": [0.9545454545454545], "risk": [0.058823529411764705], "recall": [0.9130434782608695], "sensitivity": [0.9130434782608695], "precision": [1.0], "tp": [21], "tn": [11], "specificity": [1.0], "fn": [2]}, "train": {"fp": [0], "f1_score": [1.0], "risk": [0.0], "recall": [1.0], "sensitivity": [1.0], "precision": [1.0], "tp": [83], "tn": [56], "specificity": [1.0], "fn": [0]}}, "model": {"n_features": 5460}, "data": {"path": "/scratch/adrouin/patric_data/single_species_datasets/ciprofloxacin___672792900560953954/dataset.kover", "split": "train_0.800_seed_5_10_folds", "uuid": "fe42f54a-0797-11e8-b63e-001b2193b764"}, "predictions": {"binary": [0, 0, 0, 0, 0, 0, 0, 0, 0, 0, 0, 0, 0, 0, 0, 0, 0, 0, 0, 0, 0, 0, 0, 0, 0, 0, 0, 0, 0, 0, 0, 0, 0, 0, 0, 0, 0, 0, 0, 0, 0, 0, 0, 0, 0, 0, 0, 0, 0, 0, 0, 0, 0, 0, 0, 0, 0, 0, 0, 0, 0, 0, 0, 0, 0, 0, 0, 1, 1, 1, 1, 1, 1, 1, 1, 1, 1, 1, 1, 1, 1, 1, 1, 1, 1, 1, 1, 1, 1, 1, 1, 1, 1, 1, 1, 1, 1, 1, 1, 1, 1, 1, 1, 1, 1, 1, 1, 1, 1, 1, 1, 1, 1, 1, 1, 1, 1, 1, 1, 1, 1, 1, 1, 1, 1, 1, 1, 1, 1, 1, 1, 1, 1, 1, 1, 1, 1, 1, 1, 1, 1, 1, 1, 1, 0, 1, 1, 1, 1, 1, 1, 1, 1, 1, 1, 1, 1, 1, 1, 1, 1, 1, 1, 1, 1, 1, 1, 1, 1, 1, 0, 1, 1, 0, 0, 0, 0, 0, 0, 0, 0, 0, 0, 0, 0, 0, 0, 0, 0, 0, 0, 0], "proba": [1.0244961521673978e-05, 1.1919484983878658e-05, 1.6952313978542425e-05, 1.7847105859188505e-05, 2.3289415161262217e-05, 6.898388662614815e-06, 2.1585473068120756e-05, 0.09444172609487873, 0.00022659029639916325, 1.2534782607364007e-05, 8.616867749088447e-06, 1.2757934728156356e-05, 1.8704091362094233e-05, 1.5944336623139826e-05, 2.037458113848653e-05, 1.7249093106341956e-05, 1.0826199956793972e-05, 1.916380355847812e-05, 1.4103839904358069e-05, 1.89289789748088e-05, 1.2806925973012521e-05, 1.7447438330775977e-05, 1.4215979286858204e-05, 1.5081767852276728e-05, 1.8381830076870374e-05, 1.6124471356412526e-05, 7.40520082237212e-06, 1.2019113534702201e-05, 1.6894500403014088e-05, 1.9217322079120094e-05, 2.7447934109718273e-05, 1.3984975096469647e-05, 1.5372291056104546e-05, 1.8889079262026987e-05, 9.149493024761494e-06, 1.897685466298079e-05, 1.700452489801997e-05, 2.1385323420934842e-05, 1.1022973746767815e-05, 1.3859406553311606e-05, 1.2999320595679446e-05, 3.173450800830377e-05, 8.98821334337133e-06, 1.4622292326162722e-05, 0.0021647108154977763, 1.3648687697350994e-05, 1.1105028543888813e-05, 1.401375324026649e-05, 1.3000927937431283e-05, 1.2423711409765949e-05, 1.0948879665178836e-05, 1.18352674369452e-05, 1.3743018967823045e-05, 1.9956332276931027e-05, 7.466466092411924e-05, 1.6901189886105025e-05, 1.9187638870592657e-05, 9.337088197061312e-06, 0.001126273552929878, 2.712903159500281e-05, 7.61222508494325e-06, 1.2428469371722291e-05, 1.6000519885969624e-05, 1.7465054079731205e-05, 1.7762034761356513e-05, 2.5030328674203443e-05, 1.731884926217942e-05, 0.9999817481360846, 0.9999843412584035, 0.9999905029197054, 0.9999904716760903, 0.9999903203794178, 0.9999652732920424, 0.9999906226473222, 0.9999856806082729, 0.9999885036904758, 0.9999889276602721, 0.9999942008316948, 0.9999875735347097, 0.9999813957776749, 0.9989209580032774, 0.9999840866009388, 0.9999891983775347, 0.9999863234910888, 0.9999691159744285, 0.9999778713972458, 0.9999935339589846, 0.999989375204893, 0.9999785223756145, 0.999989967516121, 0.9999911419376574, 0.9999882922496965, 0.9999871397468957, 0.9999890836474561, 0.9999894374423495, 0.9999859488900822, 0.9999898923363287, 0.9999874613183801, 0.9999892310905844, 0.999990965013344, 0.9999889126958039, 0.9999865568072157, 0.9999932239708125, 0.9999837493633245, 0.9999861552013873, 0.9999679966603517, 0.9999930736138622, 0.9999443067666529, 0.9999579917608497, 0.9999833204967149, 0.9999812515856134, 0.9999884311717537, 0.99998398066807, 0.9999853398269367, 0.9999811202113332, 0.9999865800134359, 0.9999812655754734, 0.999989463484719, 0.99998503026464, 0.9999848570883652, 0.9999725171175644, 0.9999872669527157, 0.9999781547011067, 0.9999865691751495, 0.9999854708397071, 0.9999424317035147, 0.9999800199822675, 0.9999876876933815, 0.999993057405914, 0.9999816676958276, 0.9999870856655049, 0.9999847903540372, 0.9999874377142569, 0.9999856782859263, 0.9999635838567409, 0.9999717208761153, 0.9999861305668721, 0.9999928150188383, 0.9999891891644157, 0.9999847954115406, 0.9999825093902582, 0.9999919730774451, 0.999992786349596, 0.9990036117845869, 0.08256244987458712, 0.999982929223873, 0.9999768042069378, 0.999976425903644, 0.9999888697968332, 0.999988514525866, 0.9999823592816299, 0.999994851809256, 0.9999898644418718, 0.9999650164017138, 0.9999873689123675, 0.9999874826472895, 0.9999829118039979, 0.9999746974879152, 0.9999903602505504, 0.9999877635444396, 0.9999868319531025, 0.9999804579421944, 0.9999892998713997, 0.9999825821457297, 0.9999862169517465, 0.999988160023889, 0.9999831149996613, 0.9999864297173716, 0.9999816606279928, 0.9999615022388084, 0.4897849152512284, 0.9999276374575762, 0.9999860649778423, 0.5, 0.5, 0.5, 0.5, 0.5, 0.5, 0.5, 0.5, 0.5, 0.5, 0.5, 0.5, 0.5, 0.5, 0.5, 0.5, 0.5, 0.5, 0.5]}}