{"metrics": {"test": {"fp": [1], "f1_score": [0.9557522123893805], "risk": [0.06944444444444445], "recall": [0.9310344827586207], "sensitivity": [0.9310344827586207], "precision": [0.9818181818181818], "tp": [54], "tn": [13], "specificity": [0.9285714285714286], "fn": [4]}, "train": {"fp": [0], "f1_score": [1.0], "risk": [0.0], "recall": [1.0], "sensitivity": [1.0], "precision": [1.0], "tp": [230], "tn": [59], "specificity": [1.0], "fn": [0]}}, "model": {"n_features": 999910}, "data": {"path": "/scratch/adrouin/data/patric/single_species_datasets/ertapenem___2202579077548954665/dataset.kover", "split": "train_0.800_seed_4_10_folds", "uuid": "392f4212-068a-11e8-a7b5-001b2193b764"}, "predictions": {"binary": [0, 0, 0, 0, 0, 0, 0, 0, 0, 0, 0, 0, 0, 0, 0, 0, 0, 0, 0, 0, 0, 0, 0, 0, 0, 0, 0, 0, 0, 0, 0, 0, 0, 0, 0, 0, 0, 0, 0, 0, 0, 0, 0, 0, 0, 0, 0, 0, 0, 0, 0, 1, 0, 0, 0, 0, 0, 0, 0, 0, 0, 0, 0, 0, 0, 0, 0, 0, 0, 0, 0, 0, 0, 1, 1, 1, 1, 1, 1, 1, 1, 1, 1, 1, 1, 1, 1, 1, 1, 1, 1, 1, 1, 1, 1, 1, 1, 1, 1, 1, 1, 1, 1, 1, 1, 1, 1, 1, 1, 1, 1, 1, 1, 1, 1, 1, 1, 1, 1, 1, 1, 1, 0, 1, 1, 1, 1, 1, 1, 1, 1, 1, 1, 1, 1, 1, 1, 1, 1, 1, 1, 1, 1, 1, 1, 1, 1, 1, 1, 1, 1, 1, 1, 1, 1, 1, 1, 1, 1, 1, 1, 1, 1, 1, 1, 1, 1, 1, 1, 1, 1, 1, 1, 1, 1, 1, 1, 1, 1, 1, 1, 1, 1, 1, 1, 1, 1, 0, 1, 1, 1, 1, 1, 1, 0, 1, 1, 1, 1, 1, 1, 1, 1, 1, 1, 1, 1, 1, 1, 1, 1, 1, 1, 1, 1, 1, 1, 1, 1, 1, 1, 1, 1, 1, 1, 1, 1, 1, 1, 1, 1, 1, 1, 1, 1, 1, 1, 1, 1, 1, 1, 1, 1, 1, 1, 1, 1, 1, 1, 1, 1, 1, 1, 1, 1, 1, 1, 1, 1, 1, 1, 1, 1, 1, 1, 1, 1, 1, 1, 1, 1, 1, 1, 1, 1, 1, 1, 1, 1, 1, 1, 1, 1, 1, 1, 1, 1, 1, 1, 1, 1, 1, 1, 1, 1, 1, 1, 1, 1, 1, 1, 1, 1, 1, 1, 1, 1, 1, 1, 1, 1, 1, 1, 1, 1, 1, 1, 1, 1, 1, 1, 1, 1, 1, 1, 1, 1, 1, 1, 1, 1, 1, 1, 1, 1, 1, 1, 1, 1, 0, 1, 1, 1, 1, 1, 1, 1, 1, 1, 1, 1, 1, 1, 1, 1, 1, 1, 1, 1, 1, 1, 1, 1, 1, 1, 1, 1, 1, 1, 1, 1, 1, 1, 1, 1, 1, 1, 1, 1, 1, 1, 1, 1, 1], "proba": [0.001457037506526233, 0.008837477580153855, 0.00013775785184543926, 0.0012425909894726826, 0.00013698949495810365, 4.481702186967878e-05, 0.004622416210184418, 0.0011679650733859143, 8.708389541053491e-05, 0.001558060113283001, 0.0003559399821291949, 0.00034050921627771895, 0.00036162453745185505, 0.005517238139336204, 0.0009089348627175746, 0.00019042622552158523, 0.0014630467759451434, 0.005512749535943696, 0.0003561286719853185, 0.0019782890963725196, 0.0028407266423766285, 0.0023466264197369116, 0.0026315717496562248, 0.011998824709200464, 0.001752216636927198, 4.496777149585521e-05, 0.0007588272239529396, 0.0010103418701451004, 0.0009621062405775301, 0.006836211001460821, 0.008084059969404084, 0.0003568759904737144, 0.0003561286719853185, 0.0032369084756527335, 0.018003062961808782, 0.0025223155067506196, 0.0026739742088789896, 0.00356819778337265, 0.003600471484980952, 0.002089313382762729, 0.0026585053219507306, 0.001086630675409347, 0.0057415827327000546, 4.1289482537169846e-05, 0.0030810647794503247, 0.007831282950465139, 0.002441733375059537, 0.015682889299909294, 0.0034044506564584022, 0.00449620270782767, 0.021389749664138927, 0.7345000661299542, 0.00014497479850293773, 0.000936564294521542, 0.004487050500520262, 4.0234040109110025e-05, 0.10691129220596984, 0.006393795708337519, 0.023766575318419754, 0.018983058560408498, 0.001717930573988533, 0.0015443677945167441, 0.0013872373242644787, 0.013747221716205968, 0.0009267312302699486, 0.004767651247305268, 0.000857578213659578, 0.003481154425512165, 0.0006354824893340461, 0.06812813608128518, 0.0014627356035826272, 0.0032466573856342784, 0.0009216031531472039, 0.9961705266088767, 0.9780069372854955, 0.9989300753649494, 0.9989638842012545, 0.9997467556765237, 0.9979300394157758, 0.9950384628691666, 0.9990535516769136, 0.9991006214363247, 0.9991712864467756, 0.9952919488000357, 0.9989891619775894, 0.9990031292597682, 0.9990034913772179, 0.9989345498149226, 0.9674919575912647, 0.999884245283081, 0.9990346616768995, 0.9919739949816244, 0.9804681429241012, 0.9994506861089011, 0.9715857553635844, 0.9715857553635844, 0.9715727480031934, 0.9930551471266074, 0.9992558275941454, 0.9996880151393395, 0.9989689638992779, 0.9999994679930265, 0.9997839316992148, 0.999470272880501, 0.9997649217165918, 0.9992049823855418, 0.9990350422103265, 0.9989409267807432, 0.9990364842542544, 0.9992234614127911, 0.998775793060483, 0.9990082393528879, 0.9978688857652948, 0.9990093647203483, 0.999024138919931, 0.9990202580648316, 0.9990104579288432, 0.99955807762078, 0.9943985255228787, 0.9976294204822056, 0.9989566618137377, 0.9989898804038606, 0.053435810047176395, 0.9990907686114749, 0.9990810093689477, 0.9521290545799599, 0.998990768174283, 0.9989113910754327, 0.998904579806668, 0.9991335768846411, 0.9997383972566133, 0.9995487096279697, 0.9992912726818564, 0.9990378232048266, 0.9997466047611422, 0.9995437553885825, 0.9986896407829755, 0.9995606761798702, 0.9989613482488948, 0.9989576175367831, 0.9987148202611572, 0.999775477949325, 0.9775616227857299, 0.9997804891483372, 0.967551938313609, 0.9959152181892219, 0.9991444153380444, 0.9698699228423882, 0.9990879684337999, 0.9997364533303921, 0.9997768442597669, 0.9995386265690108, 0.9997634927747374, 0.9997695546605753, 0.9990794936143942, 0.9990057033474258, 0.9990708402189156, 0.9997849573745277, 0.9997477562868783, 0.9995512690993258, 0.9997554469729576, 0.999030705995722, 0.9997610647409839, 0.9997449699425869, 0.9990865090029049, 0.999509495335879, 0.9991243229225502, 0.9990330130172825, 0.999148861152935, 0.9936075399847737, 0.9982870818966243, 0.999621320370881, 0.9997456476231095, 0.999760109860191, 0.99961312612544, 0.9996155963572337, 0.9990878631132201, 0.9991040508497631, 0.9995494238288729, 0.9990116482137305, 0.9997076336983607, 0.9996377441714284, 0.9999408195829392, 0.9810908657290272, 0.9986433099211112, 0.9997697929493268, 0.9987364206681372, 0.001444642451913968, 0.9996327321807473, 0.9733700913730907, 0.9933535570933779, 0.9938377715053404, 0.9964111596951196, 0.9867576450099355, 0.0016218174752193086, 0.9425036473360277, 0.9997734791201994, 0.9998368193330673, 0.9977794419998756, 0.999735658521215, 0.9991197502816973, 0.9997693018369155, 0.9989518662511236, 0.9990308389993704, 0.9959459510289446, 0.9813862494714659, 0.9705722470556016, 0.9923776499445394, 0.997539097020936, 0.957280283622195, 0.9808729012326209, 0.987859226873581, 0.9802775099551835, 0.9923634000534577, 0.9783050929616632, 0.9990949719995199, 0.9998369053390163, 0.9983817565806664, 0.9991425036288879, 0.9996005634836315, 0.9996277102736525, 0.9992530729968923, 0.9890446660666491, 0.9996333493934025, 0.9997094358052925, 0.9994407338466867, 0.9996297119459325, 0.9998445628662396, 0.9997632740070633, 0.9999235304784264, 0.9998225738164781, 0.9996332982343915, 0.9996330214687428, 0.9992559768200163, 0.9997965097045503, 0.9938230623447671, 0.9974841400849512, 0.9999229546859643, 0.9975749474271277, 0.9974866415260393, 0.9972879927710293, 0.9971673058454784, 0.9997959279840087, 0.9934568859807598, 0.9938549554153877, 0.9937402726683177, 0.9997698599889594, 0.9971638271710876, 0.9871908230103912, 0.9997666998969467, 0.9936646823276664, 0.9947393999701097, 0.9996339204161017, 0.9996256921438942, 0.9994436461759476, 0.9996342006797128, 0.9997993840867084, 0.999793049406189, 0.9998020348561771, 0.9989087560900142, 0.9997915874827643, 0.9996290013901623, 0.9996347790378842, 0.9843584224012495, 0.9617056128628888, 0.9997977372705155, 0.9997937855021926, 0.9999273558144586, 0.9996062965653412, 0.9994655987244905, 0.9997958344030595, 0.999638541632244, 0.999777899175012, 0.9997698847504299, 0.9997694221895839, 0.9997703753321593, 0.9997644988606313, 0.9987175306859127, 0.9997854337806746, 0.9997750988653308, 0.999963513902744, 0.9997897223234743, 0.9997970952871077, 0.9996338808490245, 0.9997976118424774, 0.999792508448779, 0.9997975336624354, 0.9947584038911391, 0.9937172203933704, 0.9936880319477643, 0.9958588769263741, 0.9990626452908479, 0.9995429260608815, 0.9976111893210553, 0.9989878568263878, 0.9987144927615443, 0.9954838100641589, 