{"metrics": {"test": {"fp": [9], "f1_score": [0.6181818181818182], "risk": [0.27631578947368424], "recall": [0.5862068965517241], "sensitivity": [0.5862068965517241], "precision": [0.6538461538461539], "tp": [17], "tn": [38], "specificity": [0.8085106382978723], "fn": [12]}, "train": {"fp": [21], "f1_score": [0.8212927756653993], "risk": [0.15460526315789475], "recall": [0.8059701492537313], "sensitivity": [0.8059701492537313], "precision": [0.8372093023255814], "tp": [108], "tn": [149], "specificity": [0.8764705882352941], "fn": [26]}}, "model": {"n_features": 225}, "data": {"path": "/scratch/adrouin/patric_data/single_species_datasets/meropenem___-9072632565547958275/dataset.kover", "split": "train_0.800_seed_4_10_folds", "uuid": "b1f77c1e-07ca-11e8-b57b-001b2193b764"}, "predictions": {"binary": [1, 1, 1, 1, 0, 0, 0, 0, 0, 0, 0, 0, 0, 0, 0, 1, 0, 1, 0, 0, 0, 0, 0, 0, 1, 0, 0, 0, 0, 0, 0, 0, 0, 0, 0, 0, 1, 0, 0, 0, 0, 0, 1, 0, 0, 0, 0, 0, 0, 0, 1, 0, 0, 0, 0, 0, 0, 0, 0, 0, 0, 0, 0, 0, 0, 0, 0, 0, 0, 0, 0, 0, 1, 1, 0, 0, 0, 0, 0, 0, 0, 0, 0, 0, 0, 1, 1, 0, 0, 0, 0, 0, 1, 0, 0, 0, 0, 0, 1, 0, 0, 0, 0, 0, 0, 0, 0, 1, 0, 0, 0, 0, 1, 0, 0, 0, 0, 0, 0, 0, 0, 0, 0, 0, 0, 0, 0, 0, 0, 0, 1, 1, 1, 0, 0, 0, 0, 0, 0, 0, 0, 1, 0, 0, 0, 0, 0, 0, 0, 0, 0, 0, 0, 0, 0, 0, 0, 0, 0, 0, 0, 0, 1, 0, 0, 0, 0, 0, 0, 0, 0, 0, 0, 0, 0, 0, 0, 0, 1, 1, 0, 0, 0, 1, 0, 0, 0, 1, 0, 0, 0, 0, 0, 0, 0, 1, 1, 0, 0, 0, 0, 0, 1, 0, 0, 0, 0, 0, 0, 0, 0, 0, 0, 0, 0, 0, 0, 1, 1, 1, 0, 1, 0, 1, 1, 1, 1, 1, 0, 1, 1, 0, 1, 1, 1, 1, 1, 1, 1, 1, 1, 1, 1, 1, 0, 1, 1, 1, 1, 1, 0, 1, 1, 1, 1, 0, 0, 0, 1, 1, 1, 1, 1, 1, 0, 1, 1, 1, 1, 0, 1, 1, 1, 1, 0, 1, 1, 1, 1, 0, 1, 0, 0, 0, 1, 1, 1, 1, 1, 1, 1, 1, 1, 1, 1, 1, 1, 1, 1, 1, 0, 1, 1, 1, 0, 0, 0, 0, 1, 1, 1, 0, 1, 1, 1, 1, 1, 0, 1, 0, 1, 1, 0, 1, 1, 0, 1, 1, 1, 1, 0, 1, 1, 0, 1, 1, 1, 1, 0, 1, 0, 1, 1, 0, 1, 1, 1, 1, 1, 1, 1, 1, 1, 1, 1, 1, 1, 1, 1, 1, 0, 1, 1, 0, 0, 1, 1, 1, 0, 0, 1, 1, 0, 1, 1, 0, 1, 1, 1, 1, 0, 0, 0, 0], "proba": [0.549554897726233, 0.775188202887579, 0.7700161547307903, 0.5868781784811038, 0.30716150812569176, 0.1375269358600197, 0.16091988097951998, 0.15238710415990242, 0.20452230608752867, 0.33800078742925804, 0.42338900024132436, 0.30039400914600123, 0.2707358032899517, 0.20168320081283747, 0.2832006649529358, 0.6945851465061991, 0.4619420981494451, 0.5705954025175869, 0.49888910618508764, 0.22529043844425795, 0.4408907534666368, 0.15225909277339086, 0.25923509759825625, 0.17285606013656335, 0.5980880762570255, 0.19377962389711217, 0.28424989338404655, 0.18058852949442947, 0.28182472136202463, 0.476208524518229, 0.21613452205135503, 0.2474896223085224, 0.2275606641516804, 0.24993365557863778, 0.19431363257360473, 0.2559113767664467, 0.6790055544648019, 0.1785007886697042, 0.19444122678779266, 0.345058529675632, 0.2558780705338969, 0.26459522120091833, 0.5812992440201938, 0.11412837492932906, 0.33602765173191995, 0.21749786581373914, 0.2759469139787229, 0.16394382176784233, 0.3874587828225061, 0.2723200717976723, 0.8569847482648737, 0.39461225432320934, 0.3333463062918928, 0.2798962986548112, 0.1252191284836158, 0.31415921357121807, 0.2598403631806809, 0.2110277460656426, 0.4362075349201984, 0.2307767638035522, 0.18470404802909432, 0.26681795462076346, 0.4779690114724749, 0.28882089605953437, 0.2767681841824498, 0.22127909036082083, 0.41813243698308883, 0.4844006921073212, 0.08421337660787734, 0.16238976095895646, 0.11809781326791034, 0.22947634978987355, 0.8342630695308942, 0.6872426540452375, 0.17005942145234662, 0.1928836375543093, 0.3065527391312366, 0.32218965329895605, 0.17864047318575826, 0.3203501839456073, 0.16019791317563215, 0.2825932188632665, 0.1365400659154317, 0.2664444398530605, 0.13540219407804488, 0.5030586852625556, 0.7807601619504695, 0.3545409772858434, 0.22088816126868818, 0.2972295638374803, 0.4467842980038607, 0.11708874473992496, 0.7772326528188527, 0.3079789719335199, 0.38565302946377883, 0.42354203633918325, 0.16083584620004482, 0.22999008708516022, 0.7808632318793063, 0.16452818593635743, 0.1229067684535945, 0.24386975468757005, 0.17871066361783391, 0.4826466603098722, 0.24163837719701764, 0.2156028173465208, 0.27286770395721976, 0.7443937960421986, 0.38111072597569373, 0.26861281100081835, 0.1390279701004448, 0.14394359533704854, 0.7561303741475403, 0.269307285066664, 0.4023223964590939, 0.16661329665856187, 0.31971184459265717, 0.14550269942395203, 0.13057475243915967, 0.43971153059718543, 0.21221375676408785, 0.2845181416884059, 0.2928739281064437, 0.17136065692847569, 0.20875986265435603, 0.25545883917857765, 0.14311737392118634, 0.1638594107570226, 0.21106915033547252, 0.43767588269324353, 0.5706659015775191, 0.8066351697107281, 0.8401962954540501, 0.11334098328546177, 0.23776750692886553, 0.2980565480738429, 0.2542267045784568, 0.2592945697601158, 0.2542237472833662, 0.18756240393752632, 0.25699449198997837, 0.5212347045536029, 0.21085870579163662, 0.2851103384211078, 0.31508296708755773, 0.2763815852717844, 0.2213564385194264, 0.2213564385194264, 0.3933122362850723, 0.35067781921589997, 0.14831621349862656, 0.1928145294785568, 0.16363836166138312, 0.21085870579163662, 0.25699449198997837, 0.3766648965855247, 0.3995657658922584, 0.16073357214079573, 0.19190614918105328, 0.17334181305712973, 0.24364249523325557, 0.30908589015870147, 0.6439909982687684, 0.203189919891252, 0.18670275485771926, 0.1826261460181804, 0.14504770654322025, 0.25022217817331915, 0.2058037327344555, 0.29332063817763476, 0.29277272448293745, 0.4022216077011356, 0.15187186551514983, 0.3318034780351361, 0.4496531922503171, 0.16382803760979844, 0.17861740279926738, 0.1390279701004448, 0.7313878789815136, 0.8016789206321683, 0.28015673338874, 0.4574049735875404, 0.49483879490774635, 0.6995238121744122, 0.42033097486802173, 0.22235154551930872, 0.1504748936875973, 0.8472567292425894, 0.2958372292856697, 0.3407874822947691, 0.33370203535029475, 0.14563610121304948, 0.3848207241465422, 0.35454775467982463, 0.22999008708516022, 0.5681644921015597, 0.5980880762570255, 0.38584825949740054, 0.291476239618677, 0.32166821314540434, 0.21396275897271178, 0.2959634845720568, 0.5659514584046009, 0.2729518246651974, 0.18411136616729518, 0.19130887072562208, 0.12908594982183733, 0.31030665241902, 0.3235297190282202, 0.2813240431905369, 0.3852934448838514, 0.16887138939673746, 0.3861354966528397, 0.4475725165879585, 0.17732224232328253, 0.16887138939673746, 0.44001326152354414, 0.6777051274278407, 0.9312143976070096, 0.7362536462974033, 0.42781186787749936, 0.872758215872487, 0.4383944460144603, 0.9237377269896327, 0.5980880762570255, 0.8357251031218816, 0.8901221914344963, 0.5370330261243991, 0.40845097372850975, 0.6963516911070701, 0.876747974032945, 0.468654217432558, 0.7221455689988734, 0.8731717181156374, 0.8298758824213941, 0.5374497516819267, 0.874472173687093, 0.913429696818827, 0.7680569491483434, 0.6950882147767992, 0.868426723798144, 0.703219201042092, 0.7252792561629267, 0.8959335120974536, 0.381731462700797, 0.7267463410569031, 0.7714708457087271, 0.7313878789815136, 0.7232199810109172, 0.8223589013372047, 0.47336570290228125, 0.8018273865151742, 0.8506639449341166, 0.8506639449341166, 0.665140366794676, 0.1724184486794752, 0.29155018716929565, 0.49517773138364746, 0.8203383315699045, 0.8792041318365232, 0.5212347045536029, 0.8815147707373886, 0.9396913497461431, 0.6907922094356881, 0.2694664091215802, 0.9269469054006095, 0.5160327214617714, 0.7026894221621821, 0.583633986021836, 0.39262109822941704, 0.5028384653457567, 0.9187080543140828, 0.9077560220539533, 0.733365650141284, 0.4362230012476115, 0.8788585072020357, 0.816722058558653, 0.8988555283660529, 0.6251193399811881, 0.2475500111169289, 0.6674913730715202, 0.3261700147361487, 0.22088816126868818, 0.37246992507438814, 0.8814487846867498, 0.5892339199485236, 0.7556050053157297, 0.9080228066955659, 0.7041916580784029, 0.7729392539649347, 0.80078060029894, 0.8487729113118024, 0.9065852684630864, 0.7842282635091627, 0.8909736730177374, 0.637801349487849, 