{"metrics": {"test": {"fp": [3], "f1_score": [0.8571428571428571], "risk": [0.03571428571428571], "recall": [1.0], "sensitivity": [1.0], "precision": [0.75], "tp": [9], "tn": [72], "specificity": [0.96], "fn": [0]}, "train": {"fp": [0], "f1_score": [1.0], "risk": [0.0], "recall": [1.0], "sensitivity": [1.0], "precision": [1.0], "tp": [41], "tn": [297], "specificity": [1.0], "fn": [0]}}, "model": {"n_features": 3831}, "data": {"path": "/scratch/adrouin/patric_data/single_species_datasets/tobramycin___7053822222416630118/dataset.kover", "split": "train_0.800_seed_4_10_folds", "uuid": "2ca1e864-05af-11e8-a59f-001b2193b764"}, "predictions": {"binary": [0, 0, 0, 0, 0, 0, 0, 0, 0, 0, 0, 0, 0, 0, 0, 0, 0, 0, 0, 0, 0, 0, 0, 0, 0, 0, 0, 0, 0, 0, 0, 0, 0, 0, 0, 0, 0, 0, 0, 0, 0, 0, 0, 0, 0, 0, 0, 0, 0, 0, 0, 0, 0, 0, 0, 0, 0, 0, 0, 1, 0, 0, 0, 0, 0, 0, 0, 0, 0, 0, 0, 0, 0, 0, 0, 0, 0, 0, 0, 0, 0, 0, 0, 0, 0, 0, 0, 0, 0, 0, 0, 0, 0, 0, 0, 0, 0, 0, 0, 0, 0, 0, 0, 0, 0, 0, 0, 0, 0, 0, 0, 0, 0, 0, 0, 0, 0, 0, 0, 0, 0, 0, 0, 0, 0, 0, 0, 0, 0, 0, 0, 0, 0, 0, 0, 0, 0, 0, 0, 0, 0, 0, 0, 0, 0, 1, 0, 0, 0, 0, 0, 0, 0, 0, 0, 0, 0, 0, 0, 0, 0, 0, 0, 0, 0, 0, 0, 0, 0, 0, 0, 0, 0, 0, 0, 0, 0, 0, 0, 0, 0, 0, 0, 0, 0, 0, 0, 0, 0, 0, 1, 0, 0, 0, 0, 0, 0, 0, 0, 0, 0, 0, 0, 0, 0, 0, 0, 0, 0, 0, 0, 0, 0, 0, 0, 0, 0, 0, 0, 0, 0, 0, 0, 0, 0, 0, 0, 0, 0, 0, 0, 0, 0, 0, 0, 0, 0, 0, 0, 0, 0, 0, 0, 0, 0, 0, 0, 0, 0, 0, 0, 0, 0, 0, 0, 0, 0, 0, 0, 0, 0, 0, 0, 0, 0, 0, 0, 0, 0, 0, 0, 0, 0, 0, 0, 0, 0, 0, 0, 0, 0, 0, 0, 0, 0, 0, 0, 0, 0, 0, 0, 0, 0, 0, 0, 0, 0, 0, 0, 0, 0, 0, 0, 0, 0, 0, 0, 0, 0, 0, 0, 0, 0, 0, 0, 0, 0, 0, 0, 0, 0, 0, 0, 0, 0, 0, 0, 0, 0, 0, 0, 0, 0, 0, 0, 0, 0, 0, 0, 0, 0, 0, 0, 0, 0, 0, 0, 0, 0, 0, 0, 0, 0, 0, 0, 0, 0, 0, 0, 0, 0, 0, 0, 0, 0, 0, 0, 0, 0, 0, 0, 0, 1, 1, 1, 1, 1, 1, 1, 1, 1, 1, 1, 1, 1, 1, 1, 1, 1, 1, 1, 1, 1, 1, 1, 1, 1, 1, 1, 1, 1, 1, 1, 1, 1, 1, 1, 1, 1, 1, 1, 1, 1, 1, 1, 1, 1, 1, 1, 1, 1, 1, 0, 0, 0, 0, 0, 0, 0, 0, 0, 0, 0, 0, 0, 0, 0, 0, 0, 0, 0, 0, 0, 0, 0, 0, 0, 0], "proba": [0.15337255277652978, 0.0008727762517058876, 5.256798096138026e-06, 0.0015080192758375104, 2.3469106977918747e-07, 1.0069851376885932e-05, 6.389021044634934e-08, 1.6350589694312477e-06, 4.290798574472665e-07, 5.9739767033534736e-05, 1.5598415220271467e-05, 8.069006556104713e-06, 0.00019189660722472633, 0.009188155113587984, 0.000281802628097451, 3.822638566413349e-06, 2.1604728040386463e-05, 4.811816639671426e-05, 0.0004985698739047235, 0.00010768584134113799, 3.32466954210263e-07, 5.7273304705935226e-05, 1.3328399655489478e-07, 8.695004784664854e-05, 6.863860876835203e-07, 0.0003777837750908273, 1.4775014175930336e-05, 0.001728790897024848, 0.0007498503533418051, 0.00011625618752283192, 0.0005271042333161862, 3.654486544861349e-05, 0.00023692256609077997, 6.233419188421315e-05, 1.9845349707948784e-05, 0.00012881715050468094, 2.5135550712100118e-05, 0.00012013756541439416, 5.945841995768345e-06, 8.976167751255234e-06, 0.000148371525772316, 9.24200264515056e-06, 0.000170380964415744, 2.1749051925601122e-05, 2.7353145327912502e-05, 9.565106051553003e-05, 0.00026478239166427504, 9.809554326549889e-05, 1.2409754579447775e-05, 1.0310526129739017e-08, 3.280596051058601e-05, 0.12873894297404356, 0.005844721055910407, 4.3739030755906125e-05, 5.1618731612269125e-05, 0.00022473250529764067, 0.05698698666891448, 2.711049857415015e-05, 0.0031144559547309617, 0.8742869485775451, 0.0017286141355493283, 5.0350205307274474e-05, 0.0051754156409864515, 8.043771465448436e-06, 0.0004799127792014053, 0.0004629112328495693, 1.967151773721315e-05, 0.00018803750246917066, 0.0002011978506090696, 9.999264501896856e-06, 5.9025639023375907e-05, 2.0836927044525114e-05, 7.06437116390391e-07, 1.597237606066365e-07, 0.0002526351921057372, 0.001631862266877346, 4.0232969912844434e-05, 3.0425565555234494e-06, 2.732595049024937e-06, 1.5637253269249865e-05, 0.0006334535512941341, 2.605847021086143e-05, 0.0003873701565013283, 4.4360255803724e-06, 0.0006177077496136095, 0.4267779160694551, 6.839564039144983e-05, 0.0036484857844627547, 5.881488005487514e-06, 9.701112108156826e-06, 8.390185220919014e-06, 0.00018245099425174343, 9.527016257268367e-05, 0.0010846959890957457, 3.812680353197483e-06, 0.00019995746688085116, 0.004057430079616274, 0.0002022331283054766, 0.00015614254820697077, 0.00022440413507698805, 0.00048522691231930854, 0.0002607120798531511, 0.00018301409057894534, 0.00014983844188858457, 9.691328976039633e-05, 0.00011617234043558312, 0.0001585107686184518, 3.4879623780291366e-05, 4.741867533356649e-05, 1.3883793820629698e-06, 7.936176542329143e-06, 7.724105359474904e-07, 1.3264948689188658e-05, 0.001201992572915165, 3.0068486467403758e-05, 0.00015017004962457326, 5.0119439499442095e-05, 9.79034346157154e-05, 0.0001228963851277151, 2.456289218118094e-05, 0.0007198978106717201, 0.0004124632765150449, 3.867146473080099e-06, 8.629320206418515e-05, 0.0005757024683551474, 0.0009177314747120643, 0.0019384667353856578, 2.177923506466949e-05, 1.340853419396052e-05, 1.604706117589632e-05, 4.945272872890194e-06, 1.3030426125357594e-05, 7.627475842638335e-05, 0.00036289711945416985, 2.7112325247297907e-06, 0.0002273247130166941, 1.2388290453671785e-06, 3.566205465773647e-07, 0.00016984744177251613, 0.0005459185054220435, 0.00016268886637676276, 5.3745453059713994e-05, 0.002132493192071071, 2.2370747187204243e-05, 2.5838620695769815e-05, 0.9744710491105333, 0.00011617234043558312, 0.002919725566909437, 0.00012872424527959623, 0.00011617234043558312, 0.00011548393554211145, 8.060298997282878e-06, 6.168427890199173e-06, 0.0002576605531864271, 9.01760263417374e-06, 3.078276839983008e-05, 0.0019481931562716826, 3.1614421924780906e-05, 5.910878539073279e-05, 0.00045238502353782027, 1.320538593226771e-05, 2.8084436276295344e-06, 8.912029565422476e-05, 1.9660466744220808e-06, 2.4028199989021956e-05, 4.282955826761257e-05, 0.00033310815660736465, 3.9118451779676114e-08, 1.4789890011453873e-07, 0.0026663742757703055, 5.940897490951883e-05, 0.0008187531898132774, 7.06330080638497e-05, 0.00023361346155561952, 0.0001251437059265844, 2.7851976080903744e-06, 0.06597747083407905, 3.7138245078420485e-05, 1.540490451003952e-06, 0.00012195786271703935, 0.0001690281339316761, 4.1549215036283245e-05, 9.541163664738048e-05, 5.897654098022531e-06, 2.6522075368583104e-05, 0.00013888501805308946, 2.0662643630005184e-06, 1.1178696680188305e-05, 0.00027580635914367207, 0.0001429428030726611, 0.9999922227025065, 5.105309371420518e-05, 5.228061693466691e-05, 0.004863091735415245, 0.014016467856954871, 0.0016547916814024935, 0.0001090793488200609, 0.0073447771268454, 0.00017956794181494995, 8.356997790522945e-05, 5.965794682769262e-06, 1.1014083244533701e-05, 0.0029153797215166204, 6.400161942588253e-05, 0.0011978515664338848, 0.0001393282308993705, 2.504430766261071e-05, 1.5900464063457082e-05, 0.000207583892566051, 0.000710424316552607, 0.00016835091198788205, 4.151588690043344e-06, 0.00020804455080831218, 0.00021538448453017485, 4.0555465974573785e-07, 7.260316021229613e-05, 5.029768371316109e-06, 1.3852410723022883e-06, 0.0016534387086779758, 0.00016193795339751961, 4.3866339564945806e-05, 0.0002444746318201153, 3.7845810364913554e-05, 0.0010879426768490756, 3.508451077175592e-07, 5.471657623738973e-06, 6.657934401711154e-05, 0.000558166790292531, 8.996350341369002e-06, 0.0002519587537533912, 0.0018354017899265, 1.3757939848069221e-06, 0.0004309424276348864, 0.0002899275694057761, 0.00039382783914997306, 4.985921081743402e-06, 7.60487699034905e-05, 4.0238758979194146e-05, 7.526664150045034e-05, 1.5453265333437722e-05, 5.99668911577987e-06, 1.8557796719957794e-05, 1.4059310845124596e-05, 2.990316466467325e-06, 6.091762461286825e-06, 0.0017252781888475873, 2.250099405620582e-06, 3.5550375678515187e-06, 3.306225127340702e-07, 0.0015535658786313888, 1.0493534098287086e-05, 0.001281534836256745, 1.150562681827223e-06, 6.735767886016161e-07, 4.0238758979194146e-05, 1.758830529182744e-05, 3.2763737509661236e-05, 0.0004742923957340965, 