{"metrics": {"test": {"fp": [3], "f1_score": [0.9484536082474228], "risk": [0.08620689655172414], "recall": [0.9583333333333334], "sensitivity": [0.9583333333333334], "precision": [0.9387755102040817], "tp": [46], "tn": [7], "specificity": [0.7], "fn": [2]}, "train": {"fp": [0], "f1_score": [1.0], "risk": [0.0], "recall": [1.0], "sensitivity": [1.0], "precision": [1.0], "tp": [185], "tn": [47], "specificity": [1.0], "fn": [0]}}, "model": {"n_features": 3861}, "data": {"path": "/scratch/adrouin/patric_data/single_species_datasets/spectinomycin___-736338835843459561/dataset.kover", "split": "train_0.800_seed_3_10_folds", "uuid": "e8e8b8ee-07ef-11e8-8609-001b2193b764"}, "predictions": {"binary": [0, 0, 0, 0, 0, 0, 0, 0, 0, 0, 0, 0, 0, 0, 0, 0, 0, 0, 0, 0, 1, 0, 0, 0, 0, 0, 0, 0, 1, 0, 0, 0, 0, 0, 0, 0, 0, 0, 0, 0, 0, 0, 0, 0, 0, 0, 0, 0, 0, 0, 0, 0, 0, 0, 1, 0, 0, 1, 1, 1, 1, 1, 1, 1, 1, 1, 1, 1, 1, 1, 1, 1, 1, 1, 1, 1, 1, 1, 1, 1, 1, 1, 1, 1, 1, 1, 1, 1, 1, 1, 1, 1, 1, 1, 1, 1, 1, 1, 1, 0, 1, 1, 1, 1, 1, 1, 1, 1, 1, 1, 1, 1, 1, 1, 1, 1, 1, 1, 1, 1, 1, 1, 1, 1, 1, 1, 1, 1, 1, 1, 1, 1, 1, 1, 1, 1, 1, 1, 1, 1, 1, 1, 1, 1, 1, 1, 1, 1, 1, 1, 1, 1, 1, 1, 1, 1, 1, 1, 1, 1, 1, 1, 1, 1, 1, 1, 1, 1, 1, 1, 1, 1, 1, 1, 1, 1, 1, 1, 1, 1, 1, 1, 1, 1, 0, 1, 1, 1, 1, 1, 1, 1, 1, 1, 1, 1, 1, 1, 1, 1, 1, 1, 1, 1, 1, 1, 1, 1, 1, 1, 1, 1, 1, 1, 1, 1, 1, 1, 1, 1, 1, 1, 1, 1, 1, 1, 1, 1, 1, 1, 1, 1, 1, 1, 1, 1, 1, 1, 1, 1, 1, 1, 1, 1, 1, 1, 1, 1, 1, 1, 1, 1, 1, 1, 1, 1, 1, 1, 1, 1, 1, 1, 1, 1, 1, 1, 1, 1, 1, 1, 1, 1, 1, 1, 1, 1, 1, 1, 1, 1, 1, 1, 1, 1, 1, 1, 1, 1, 1, 1, 0, 0, 0, 0, 0, 0, 0, 0, 0, 0, 0, 0, 0, 0, 0, 0, 0, 0, 0, 0, 0, 0, 0, 0, 0, 0, 0, 0, 0, 0], "proba": [1.384351711909895e-05, 2.378032558929312e-05, 5.851465989968868e-07, 8.052097533457994e-05, 6.22018950966283e-05, 1.6401073933386642e-05, 8.72122950230966e-05, 5.3292416916662615e-05, 0.00021516855278143847, 6.330627276428098e-05, 0.0006126868335974093, 0.0016479878861096354, 0.00017631269351890566, 0.0004187509674880844, 0.00011331113562484627, 0.0002825776071093593, 0.0005603656890443416, 0.0003475517501199745, 0.0011724076024585248, 0.0006843299974762404, 0.9999978551508059, 0.0005755420084461895, 0.0007882980622997235, 8.052160766561154e-05, 0.00047731853200291385, 0.000527616854374136, 0.055263656442964104, 0.0006342596880636613, 0.9825400968574914, 0.0005480229241375913, 0.00020188432793304717, 0.0005272565216274883, 0.00020662307171677243, 2.2421978031800505e-06, 0.00023139952133402591, 0.00014150518476483567, 5.508647371759559e-05, 4.849190326433224e-05, 0.0004246727817634189, 4.198963262511621e-05, 9.24614377322249e-06, 1.529559745032352e-05, 0.00018429605145916852, 0.00020816372197819238, 7.734559236385015e-06, 0.0004237971979745566, 0.0005178144839845662, 0.0007579667526787239, 0.0003147964663280806, 0.0014348197739248363, 0.00019900996568372097, 5.52899434414035e-06, 0.0008072313189751216, 0.0001013300747277263, 0.9904813673252576, 9.336202935161633e-05, 0.0006848776598750752, 0.9999332498572775, 0.9979295017070808, 0.9999340540092553, 0.9999323953636008, 0.9998380307722899, 0.9969253632166454, 0.9999472446243676, 0.9998053819427007, 0.9985016758611298, 0.9988077201128737, 0.9996527535004955, 0.9985623551300664, 0.9992302086377054, 0.9987404888432416, 0.9999375650374284, 0.9983286290777288, 0.9999758691210164, 0.9999038939286944, 0.9999756831067839, 0.9999969384043541, 0.9999127548033104, 0.9997222034981866, 0.9998435141322093, 0.9999963733288728, 0.9989258570143538, 0.9999643149874751, 0.9997485634670962, 0.9996689766038435, 0.9922351765408969, 0.9999998658842859, 0.9995587945820887, 0.9999906646574448, 0.9999903532540878, 0.9999344922093161, 0.9999929763515395, 0.9999317703047448, 0.9998783267004161, 0.9994572958397714, 0.9998042203671754, 0.9999942112195229, 0.9999864749534232, 0.9998463405338648, 0.008230509142354297, 0.9999412498990824, 0.9995555251944415, 0.9995466421049255, 0.9998861760012495, 0.999977585059731, 0.9999104586179086, 0.9999838178445578, 0.9999082911595543, 0.9999557914284153, 0.9999972657939399, 0.9902153792600707, 0.999480913399418, 0.9988191071363771, 0.6053222610766958, 0.9998229727689333, 0.9999599146978887, 0.9999995047122467, 0.9999812876561394, 0.9997174970619517, 0.9183533128134241, 0.9999493339529876, 0.9999442265708625, 0.9999887578787556, 0.9995525556651115, 0.9868509792774391, 0.9995486491338199, 0.9987145308871044, 0.999903886740807, 0.9992039944614289, 0.9999825782443595, 0.9997756668930369, 0.9995955915480127, 0.9994409594005749, 0.9997955620493028, 0.9999904254038265, 0.9999669763697275, 0.9999810654955646, 0.9999484165826312, 0.9909582725179186, 0.9992799013312779, 0.9997660130766813, 0.9999905848659902, 0.9995921513168381, 0.9999816461730255, 0.9996977851992624, 0.9993786500009051, 0.9999699910238893, 0.998242111449335, 0.9962053631739998, 0.9999998840548446, 0.9999625541795861, 0.9999843729306128, 0.9999597591176186, 0.9999843203515929, 0.9995739235542004, 0.9993511328377859, 0.9999988735433404, 0.999996786322888, 0.9991998041815647, 0.9999588415043905, 0.9999926496670438, 0.9999854774611473, 0.9999794390488377, 0.9999206034698147, 0.9998424587664417, 0.9995203882904745, 0.9999727550485048, 0.9998194836388193, 0.9995254807702999, 0.9999644098960941, 0.9993955631597397, 0.9999995162962473, 0.9990788270766385, 0.9999699192464725, 0.9998907674703896, 0.9999965194330299, 0.999673124647414, 0.9999968836447829, 0.999982993029711, 0.9999989952478355, 0.9999431406283683, 0.9999390742765402, 0.9996901064795524, 0.8546218751492584, 0.35941667729468374, 0.9983614717757947, 0.9999985227086653, 0.9999906498551712, 0.9999925009781455, 0.9999813073349317, 0.999960489550756, 0.9998502641150313, 0.9998859021860774, 0.999974193498235, 0.9999304213089352, 0.9999803111138423, 0.9999996391525449, 0.999921484687105, 0.9994702895545732, 0.9943505580490628, 0.9992829994601055, 0.9999782370848377, 0.999833985348192, 0.9998101481435133, 0.9994658760990742, 0.9999603234389957, 0.9995651673028254, 0.9999910222705756, 0.9999694293499534, 0.9996227767933531, 0.9999977574593236, 0.9999990068176227, 0.9988319812738545, 0.9999354074627104, 0.9991345123580078, 0.9998343965180935, 0.9998934745971596, 0.9999670805233877, 0.9999231346530904, 0.9999995969654839, 0.9996414698568721, 0.9992119673868194, 0.9996104199808015, 0.9996514806649003, 0.999742631720631, 0.9999876939995767, 0.9994684260294544, 0.9998846743443545, 0.9999884345613103, 0.999994236780284, 0.9999068710530701, 0.9999708294201515, 0.9994502215864101, 0.9994557218916467, 0.999120250475189, 0.9989224983621114, 0.9999148035918898, 0.9999863596514917, 0.9998833884168927, 0.9894570467368979, 0.9996858746030829, 0.9993476262518425, 0.9998872543870355, 0.9999147520848672, 0.9991381800541478, 0.9998552572819251, 0.9990824413909858, 0.998683134051581, 0.9991290810583259, 0.9999998108711441, 0.997939817327142, 0.9997298423292091, 0.9999943724400395, 0.9997641703486535, 0.9996948001724046, 0.9998478861874895, 0.9999763964149306, 0.9999891796421094, 0.9999475860637609, 0.9995915716692237, 0.996710779933962, 0.9998078904997636, 0.9999987899100687, 0.9996438673256506, 0.999954631990196, 0.9999813532371352, 0.9999916499536367, 0.9997797543181421, 0.9999771246683651, 0.9999769765969071, 0.9999781880119114, 0.9999225760646226, 0.9999901485875939, 0.9999782760074155, 0.999921872180452, 0.9999762240982297, 0.9999905506893267, 0.9975031161377562, 0.9985529299863991, 0.9999122978678779, 0.9992579765708822, 0.9999864281215269, 0.9997049942194359, 0.9996328452120247, 0.9996676891246064, 0.9992331744151939, 0.9990330144761456, 0.9997301622108601, 0.9999952648080132, 0.99976073196636, 0.5, 0.5, 0.5, 0.5, 0.5, 0.5, 0.5, 0.5, 0.5, 0.5, 0.5, 0.5, 0.5, 0.5, 0.5, 0.5, 0.5, 0.5, 0.5, 0.5, 0.5, 0.5, 0.5, 0.5, 0.5, 0.5, 0.5, 0.5, 0.5, 0.5]}}