{"metrics": {"test": {"fp": [2], "f1_score": [0.9724770642201834], "risk": [0.041666666666666664], "recall": [0.9814814814814815], "sensitivity": [0.9814814814814815], "precision": [0.9636363636363636], "tp": [53], "tn": [16], "specificity": [0.8888888888888888], "fn": [1]}, "train": {"fp": [0], "f1_score": [1.0], "risk": [0.0], "recall": [1.0], "sensitivity": [1.0], "precision": [1.0], "tp": [234], "tn": [55], "specificity": [1.0], "fn": [0]}}, "model": {"n_features": 31773653}, "data": {"path": "/scratch/adrouin/data/patric/single_species_datasets/ertapenem___2202579077548954665/dataset.kover", "split": "train_0.800_seed_2_10_folds", "uuid": "392f4212-068a-11e8-a7b5-001b2193b764"}, "predictions": {"binary": [0, 0, 0, 0, 0, 0, 0, 0, 0, 0, 0, 0, 0, 0, 0, 0, 0, 0, 0, 0, 0, 0, 0, 0, 0, 0, 0, 0, 0, 0, 0, 0, 0, 0, 1, 0, 0, 0, 0, 0, 0, 0, 0, 0, 0, 0, 0, 0, 0, 0, 0, 1, 0, 0, 0, 0, 0, 0, 0, 0, 0, 0, 0, 0, 0, 0, 0, 0, 0, 0, 0, 0, 0, 1, 1, 1, 1, 1, 1, 1, 1, 1, 1, 1, 1, 1, 1, 1, 1, 1, 1, 1, 1, 1, 1, 1, 1, 1, 1, 1, 1, 1, 1, 1, 1, 1, 1, 1, 1, 1, 1, 1, 1, 1, 1, 1, 1, 1, 1, 1, 1, 1, 1, 1, 1, 1, 1, 1, 1, 1, 1, 1, 1, 1, 1, 1, 1, 1, 1, 1, 1, 1, 1, 1, 1, 1, 1, 1, 1, 1, 1, 1, 1, 1, 1, 1, 1, 1, 1, 1, 1, 1, 1, 1, 1, 1, 1, 1, 1, 1, 1, 1, 1, 1, 1, 1, 1, 1, 1, 1, 1, 1, 1, 1, 1, 1, 1, 1, 1, 1, 1, 1, 1, 1, 1, 0, 1, 1, 1, 1, 1, 1, 1, 1, 1, 1, 1, 1, 1, 1, 1, 1, 1, 1, 1, 1, 1, 1, 1, 1, 1, 1, 1, 1, 1, 1, 1, 1, 1, 1, 1, 1, 1, 1, 1, 1, 1, 1, 1, 1, 1, 1, 1, 1, 1, 1, 1, 1, 1, 1, 1, 1, 1, 1, 1, 1, 1, 1, 1, 1, 1, 1, 1, 1, 1, 1, 1, 1, 1, 1, 1, 1, 1, 1, 1, 1, 1, 1, 1, 1, 1, 1, 1, 1, 1, 1, 1, 1, 1, 1, 1, 1, 1, 1, 1, 1, 1, 1, 1, 1, 1, 1, 1, 1, 1, 1, 1, 1, 1, 1, 1, 1, 1, 1, 1, 1, 1, 1, 1, 1, 1, 1, 1, 1, 1, 1, 1, 1, 1, 1, 1, 1, 1, 1, 1, 1, 1, 1, 1, 1, 1, 1, 1, 1, 1, 1, 1, 1, 1, 1, 1, 1, 1, 1, 1, 1, 1, 1, 1, 1, 1], "proba": [0.025139968831508326, 0.025155299348020497, 0.022231619968437442, 0.02512090308699179, 0.02186482186459779, 0.020252288987452332, 0.025166248900344378, 0.025161100568448922, 0.025151242854109933, 0.025171351284502836, 0.024773271764159836, 0.025037518128781095, 0.025092532317226787, 0.025140217449685996, 0.02518196295763354, 0.03062135075023586, 0.018886089242711793, 0.025086703730124973, 0.02518327007410319, 0.25253474679549104, 0.02516469039991967, 0.025141374292749995, 0.02685474270038374, 0.025172636180528216, 0.02516573622329202, 0.019815061757128823, 0.02447735736466427, 0.02515993837853751, 0.02518398460556712, 0.025151511216471738, 0.0251271226211186, 0.024944438846624055, 0.025186144849395412, 0.20248539395715542, 0.8538320470624625, 0.02239971600346862, 0.025142600225423396, 0.025153197230851507, 0.20446939406155823, 0.025146429173333856, 0.025142437712318857, 0.025142158354416983, 0.025124290933569108, 0.028529323246338643, 0.021603543680974228, 0.025052841881313737, 0.02517909421067824, 0.16909081746354948, 0.02515307660351681, 0.026579910182421163, 0.09758943277908173, 0.7182351490448213, 0.03698689815616775, 0.025138578189239265, 0.02514328379131575, 0.025168469241421524, 0.06747046774155022, 0.025158166470078267, 0.09127612472309535, 0.025157459765948315, 0.025147083627611044, 0.018658271772595776, 0.006983064896518184, 0.025126107968269557, 0.025174162096971688, 0.025160874750669793, 0.025148060582641192, 0.0251414019638079, 0.023822703657034004, 0.02518433763372141, 0.02513083118041111, 0.025121040584076368, 0.20207799954855674, 0.9937293132028512, 0.9710653692240124, 0.9905081197132982, 0.9910088477036365, 0.9710651746807034, 0.9841776755097116, 0.9789384058949487, 0.9818398079689937, 0.982447198056584, 0.9852526765321356, 0.981269515913421, 0.9847575041407287, 0.9913316080707356, 0.9853841985241537, 0.9913910768924263, 0.9012542019114925, 0.9941145458591234, 0.9853708285404915, 0.9710457223535889, 0.9710636423544006, 0.9710873610653987, 0.9710873010821025, 0.9710873010821025, 0.9707913632385383, 0.9710899428318852, 0.9710765280395531, 0.9912997871854033, 0.9710627691490878, 0.9967754123903424, 0.9999927563232623, 0.9890996919696133, 0.9881235977548509, 0.990193204033982, 0.9860372693028094, 0.9911231318089824, 0.992440502548719, 0.9897935257913729, 0.9909019607173024, 0.9856695669186795, 0.984367761838569, 0.9854399581371455, 0.9854436867458035, 0.9912186034903798, 0.9905715691505608, 0.9850231441547074, 0.9710645127289059, 0.9739537551549556, 0.991715035587534, 0.9849978915329852, 0.9710986253908626, 0.9837689316459575, 0.9834261742880536, 0.970245337735561, 0.9913255593906615, 0.9826189931510636, 0.9840272941736087, 0.985399566528974, 0.9925881589283884, 0.9732073794389693, 0.9939674380737843, 0.9841314541301962, 0.9879461051030529, 0.9716995242448225, 0.9672712901696605, 0.9722680163057913, 0.9921322082355355, 0.9915783841307261, 0.990856196373345, 0.9927207943472662, 0.9710428512502488, 0.9801781378204187, 0.971050957079898, 0.9710878873981359, 0.9781864727823919, 0.9710473277900353, 0.9763060677817894, 0.9879548939218649, 0.9917247834730332, 0.9865127970760079, 0.9874314249423638, 0.9917866393491764, 0.975385406995904, 0.9757262925069429, 0.9724559875344962, 0.9922937270721293, 0.99260199564238, 0.9924896139174042, 0.9918088461600797, 0.9821848584929609, 0.9894711871300661, 0.9882699310338618, 0.9782587301654735, 0.9795711046036898, 0.9710524945793941, 0.8518739223785499, 0.9768545681515007, 0.9785225914248337, 0.9710589218216129, 0.9711318781497617, 0.9895676873294158, 0.9895983300466378, 0.9710656369869735, 0.9728372397974556, 0.9723165006042701, 0.9795670711614077, 0.9867320086933951, 0.9908939134635029, 0.9934230828738992, 0.9859077038566495, 0.9880172121604526, 0.9710033431312264, 0.979142616678766, 0.9883421337466857, 0.9710935557199275, 0.9753916181965724, 0.9873226384733078, 0.9759861385610814, 0.9710393458933195, 0.9710658190455653, 0.9710985168300256, 0.9710163925992848, 0.9710474625799348, 0.1345411104119605, 0.9882306430673252, 0.9710676602543321, 0.97104076872258, 0.9865773360037553, 0.9764413809709518, 0.9918185310449307, 0.9774828229599449, 0.9754570410225956, 0.971087970084224, 0.9710114862712904, 0.9710539376478645, 0.9350856897916936, 0.9710435083078692, 0.9710736792548061, 0.9712102899329271, 0.9462860395998118, 0.9710524344273643, 0.9700762062654932, 0.9710570715597138, 0.9911064181066169, 0.9715638636119918, 0.9814009109349535, 0.963081444716936, 0.9831040111666278, 0.9863618951822157, 0.9769964566617567, 0.9710556891769317, 0.9858369432933943, 0.9869183567427101, 0.9848307532388136, 0.9873663829589642, 0.9856577511487461, 0.988273261868403, 0.9942393636618568, 0.9876037748506413, 0.9858663105233794, 0.9860468097539087, 0.9907167080752053, 0.9877340477437743, 0.9896925950168176, 0.9710641352808834, 0.9933296774899619, 0.9914696948633047, 0.9729209171521976, 0.9710436853533362, 0.9821297396197038, 0.9850344593307907, 0.9896701212466255, 0.9840449272021035, 0.9896946349255268, 0.9881752559227175, 0.9820892392784881, 0.9698799842177254, 0.9936128599005444, 0.9896790906427699, 0.9758442176982249, 0.986689574214041, 0.9853632968126528, 0.9707953442332623, 0.985942388676486, 0.9854989616815025, 0.9853977570091724, 0.9853474542734992, 0.9710326309672562, 0.9855477219321322, 0.9851147692847477, 0.9865665651752068, 0.8589083411920277, 0.9710683061725187, 0.9836656239169942, 0.9853653285704519, 0.993736761468913, 0.9756173583853776, 0.9812757634148374, 0.9853618052914447, 0.9860233687346751, 0.9882971912660785, 0.9883203112715002, 0.9883040783776502, 0.9884322919020898, 0.9883044625476275, 0.9710583742810521, 0.9853556239236013, 0.9965957565939431, 0.9798899806545635, 0.9854488518354467, 0.9871951589780541, 0.985865435742216, 0.9861373785400561, 0.9860150729272908, 0.9872142129201125, 0.9757752156926344, 0.9896947611285316, 0.9902872143353635, 0.972300757306902, 0.9907936620007594, 0.9845771321202104, 0.983446006571068, 0.9841914485696178, 0.9912569284393083, 0.9797843600778297, 0.984195124249244, 0.9710843218596777, 0.9896696296194822, 0.9880607252246328, 0.9885646780869903, 0.9881737598648985, 0.988382690180666, 0.9710433224275397, 