{"metrics": {"test": {"fp": [13], "f1_score": [0.5806451612903226], "risk": [0.24528301886792453], "recall": [1.0], "sensitivity": [1.0], "precision": [0.4090909090909091], "tp": [9], "tn": [31], "specificity": [0.7045454545454546], "fn": [0]}, "train": {"fp": [50], "f1_score": [0.5], "risk": [0.2358490566037736], "recall": [1.0], "sensitivity": [1.0], "precision": [0.3333333333333333], "tp": [25], "tn": [137], "specificity": [0.732620320855615], "fn": [0]}}, "model": {"n_features": 17807816}, "data": {"path": "/scratch/adrouin/patric_data/single_species_datasets/clindamycin___-8916328542551230855/dataset.kover", "split": "train_0.800_seed_1_10_folds", "uuid": "6c54415e-07b8-11e8-8a66-001b2193b764"}, "predictions": {"binary": [0, 0, 1, 0, 0, 1, 0, 1, 0, 0, 0, 0, 0, 0, 0, 1, 0, 1, 0, 0, 0, 1, 0, 0, 0, 1, 0, 0, 1, 0, 0, 0, 0, 0, 0, 0, 0, 0, 0, 0, 1, 0, 0, 1, 0, 1, 0, 0, 0, 1, 1, 1, 1, 0, 0, 1, 0, 0, 1, 0, 0, 1, 0, 0, 1, 1, 0, 0, 0, 0, 0, 0, 1, 0, 0, 1, 0, 1, 0, 1, 1, 1, 0, 0, 0, 0, 1, 1, 1, 0, 0, 1, 0, 0, 0, 1, 0, 0, 1, 0, 1, 1, 0, 0, 1, 0, 0, 1, 0, 1, 0, 0, 0, 0, 0, 0, 0, 0, 1, 0, 0, 0, 1, 0, 1, 0, 0, 0, 0, 0, 0, 0, 0, 1, 0, 1, 0, 0, 0, 1, 1, 0, 0, 0, 0, 0, 0, 1, 1, 0, 0, 0, 1, 0, 1, 0, 0, 1, 0, 0, 0, 1, 0, 1, 0, 0, 0, 0, 0, 0, 0, 0, 0, 0, 0, 0, 0, 0, 1, 0, 0, 0, 0, 0, 0, 1, 1, 1, 0, 1, 0, 0, 0, 0, 0, 0, 0, 0, 0, 0, 0, 0, 0, 0, 0, 1, 0, 0, 0, 0, 1, 1, 1, 0, 0, 0, 1, 0, 0, 0, 0, 0, 0, 0, 0, 0, 1, 0, 0, 1, 0, 1, 1, 1, 1, 1, 1, 1, 1, 1, 1, 1, 1, 1, 1, 1, 1, 1, 1, 1, 1, 1, 1, 1, 1, 1, 1, 1, 1, 1, 1, 1, 1, 1, 1], "proba": [0.78075263743835, 0.7789934410807474, 0.49116229580098336, 0.512910233747501, 0.623166424128646, 0.48515510874292467, 0.7782090149409223, 0.3892289731941846, 0.5092747725257584, 0.5337853106174456, 0.7768791035625373, 0.7812830376530912, 0.77609111261667, 0.7810208040746663, 0.7801942553649271, 0.4876342171211704, 0.7744119405197389, 0.4914156944733542, 0.542193349318158, 0.5467315000960488, 0.7799188732375091, 0.48619358480752173, 0.5358347037311894, 0.5035159013808277, 0.7808640870605413, 0.49577115427778756, 0.5435855963614035, 0.5378734533940647, 0.4962905529196102, 0.7811924189571967, 0.512808086644274, 0.5035660486708832, 0.7753288427827235, 0.7791819362038706, 0.7802077097672648, 0.7784557868312836, 0.780461948459503, 0.5458514147248339, 0.5379005907614487, 0.779315830319717, 0.46630845472059496, 0.5434461640029512, 0.7798864127974198, 0.4910030371479279, 0.7781045795689095, 0.46732230646097556, 0.5172243617299961, 0.777308221240663, 0.7812816018901545, 0.39846969135790566, 0.4628321886143512, 0.459597223683213, 0.48857002696828733, 0.7813963770429005, 0.7794021831482598, 0.4093847590655298, 0.7811354221579945, 0.538025754277287, 0.49126178040636703, 0.5343511619582589, 0.7786956868038186, 0.46158208773794196, 0.7802723696682156, 0.5415889928113432]}}