{"metrics": {"test": {"fp": [1], "f1_score": [0.75], "risk": [0.04819277108433735], "recall": [0.6666666666666666], "sensitivity": [0.6666666666666666], "precision": [0.8571428571428571], "tp": [6], "tn": [73], "specificity": [0.9864864864864865], "fn": [3]}, "train": {"fp": [0], "f1_score": [1.0], "risk": [0.0], "recall": [1.0], "sensitivity": [1.0], "precision": [1.0], "tp": [30], "tn": [306], "specificity": [1.0], "fn": [0]}}, "model": {"n_features": 4680}, "data": {"path": "/scratch/adrouin/patric_data/single_species_datasets/aztreonam___7053822222416630118/dataset.kover", "split": "train_0.800_seed_1_10_folds", "uuid": "99159066-095d-11e8-a809-001b2193b764"}, "predictions": {"binary": [0, 0, 0, 0, 0, 0, 0, 0, 0, 0, 0, 0, 0, 0, 0, 0, 0, 0, 0, 0, 0, 0, 0, 0, 0, 0, 0, 0, 0, 0, 0, 0, 0, 0, 0, 0, 0, 0, 0, 0, 0, 0, 0, 0, 0, 0, 0, 0, 0, 0, 0, 0, 0, 0, 0, 0, 0, 0, 0, 0, 0, 0, 0, 0, 1, 0, 0, 0, 0, 0, 0, 0, 0, 0, 0, 0, 0, 0, 0, 0, 0, 0, 0, 0, 0, 0, 0, 0, 0, 0, 0, 0, 0, 0, 0, 0, 0, 0, 0, 0, 0, 0, 0, 0, 0, 0, 0, 0, 0, 0, 0, 0, 0, 0, 0, 0, 0, 0, 0, 0, 0, 0, 0, 0, 0, 0, 0, 0, 0, 0, 0, 0, 0, 0, 0, 0, 0, 0, 0, 0, 0, 0, 0, 0, 0, 0, 0, 0, 0, 0, 0, 0, 0, 0, 0, 0, 0, 0, 0, 0, 0, 0, 0, 0, 0, 0, 0, 0, 0, 0, 0, 0, 0, 0, 0, 0, 0, 0, 0, 0, 0, 0, 0, 0, 0, 0, 0, 0, 0, 0, 0, 0, 0, 0, 0, 0, 0, 0, 0, 0, 0, 0, 0, 0, 0, 0, 0, 0, 0, 0, 0, 0, 0, 0, 0, 0, 0, 0, 0, 0, 0, 0, 0, 0, 0, 0, 0, 0, 0, 0, 0, 0, 0, 0, 0, 0, 0, 0, 0, 0, 0, 0, 0, 0, 0, 0, 0, 0, 0, 0, 0, 0, 0, 0, 0, 0, 0, 0, 0, 0, 0, 0, 0, 0, 0, 0, 0, 0, 0, 0, 0, 0, 0, 0, 0, 0, 0, 0, 0, 0, 0, 0, 0, 0, 0, 0, 0, 0, 0, 0, 0, 0, 0, 0, 0, 0, 0, 0, 0, 0, 0, 0, 0, 0, 0, 0, 0, 0, 0, 0, 0, 0, 0, 0, 0, 0, 0, 0, 0, 0, 0, 0, 0, 0, 0, 0, 0, 0, 0, 0, 0, 0, 0, 0, 0, 0, 0, 0, 0, 0, 0, 0, 0, 0, 0, 0, 0, 0, 0, 0, 0, 0, 0, 0, 0, 0, 0, 0, 0, 0, 0, 0, 0, 0, 0, 0, 0, 0, 0, 0, 0, 0, 0, 0, 0, 0, 0, 0, 0, 0, 1, 1, 1, 1, 1, 1, 0, 1, 1, 1, 1, 1, 1, 0, 1, 1, 1, 1, 1, 1, 1, 1, 1, 1, 1, 1, 1, 0, 1, 1, 1, 1, 1, 1, 1, 1, 1, 1, 1, 0, 0, 0, 0, 0, 0, 0, 0, 0, 0, 0, 0, 0, 0, 0, 0, 0, 0, 0, 0, 0, 0, 0, 0, 0, 0, 0, 0, 0], "proba": [0.0023605265395988157, 5.830604904951856e-05, 0.0005852274484901999, 0.00015092678224018225, 0.0007626924681295742, 0.0008968379700532348, 4.6374350289819544e-05, 2.4225315432173148e-05, 0.0008016358123097767, 2.65836688807216e-06, 0.0005496587596564562, 1.0713845987579724e-05, 0.0005880946231748776, 0.0011193356867193426, 9.323484534673586e-05, 0.011152396338681569, 9.751604069231819e-05, 7.858862706361936e-05, 1.3467199596563807e-05, 0.00013828631766099072, 0.0014975090661108767, 5.441920312017039e-05, 0.00023531954727056283, 3.8508583644557956e-07, 0.0011236435176955634, 3.894444852899241e-05, 9.560298427492438e-06, 0.0002789030109202323, 6.28647363030907e-06, 7.895309359990661e-05, 0.04866638188782992, 5.552105242554857e-06, 1.846266652338272e-05, 3.56600411730991e-05, 5.694906343455918e-05, 1.0118871825492747e-05, 0.000734388883713413, 2.775499573756192e-05, 0.0002476027055290612, 0.000211249788359402, 0.00010014960290740424, 0.0003228034079021997, 2.7328171990047235e-05, 0.026988400736807815, 0.00013568903524020432, 0.00012158153208708415, 3.1114800261197086e-05, 6.30376429183923e-06, 0.0001442492314334811, 0.0033762838721131216, 0.0020643774963180627, 0.000832314443928391, 4.7282243605717554e-05, 1.3589980265982981e-05, 7.4137470678196446e-06, 4.105068777084118e-06, 0.00012142877910236631, 4.186855185219406e-06, 0.00016233896993057945, 3.445827423937636e-05, 7.842603724719853e-05, 8.013033800554752e-05, 0.000799429715756856, 0.0034341426670462575, 0.9999788024357535, 3.273594036707363e-07, 0.001239755638788591, 0.00017104683453426532, 0.00014643675022942527, 6.23403912784268e-05, 1.441296664536184e-07, 8.893200888709601e-05, 0.005612914543118432, 0.0002808184647842082, 0.0006247069899958694, 7.80129580963637e-05, 0.000270473893412612, 0.002708314914887187, 3.991685202107727e-05, 4.2631118032325377e-07, 0.00011766782279232651, 2.976698970048053e-05, 0.0001372921622793491, 0.00017941178603410045, 0.00011408034138795663, 0.0016963415344998722, 4.4368718678107456e-05, 0.0002400416400924098, 0.0001968176207943787, 0.0002167804589059246, 0.00019908569425788314, 3.99721205623725e-05, 1.7528631830117084e-05, 1.1084554754941302e-05, 0.004188873099713198, 0.001724330464567335, 0.0003192432154883192, 0.0004710434523670526, 0.0001754462367357781, 8.90528181976324e-05, 0.0009418696850597636, 0.00016404039300542994, 0.00010369854430654802, 0.0008625547775521183, 0.00014766187330187577, 8.225212682996199e-05, 0.0005248769097514775, 6.69168541505699e-08, 5.711284168968948e-05, 0.12200540781457789, 0.0004639372476084826, 0.00016661506480708524, 3.170615637474341e-06, 0.00029121442670292585, 0.00016250577460053816, 0.00013577890405816348, 4.229507634621101e-05, 4.1992562274684014e-05, 5.1527708596941116e-05, 3.0247757505793118e-05, 2.0918583642544842e-05, 0.0002054019240186575, 0.0012063534235950562, 9.869556825635148e-05, 7.715069035731118e-05, 0.0003225995539510401, 1.697191474360394e-05, 3.9145090771450884e-06, 6.764961006283551e-05, 8.274462712659755e-05, 7.766139327910243e-05, 2.5527820452531073e-06, 8.074594729027326e-05, 0.00026772104772866624, 9.259226949155289e-05, 0.0005281956006324996, 9.850130211977939e-05, 9.854495259012203e-05, 6.455159034550237e-05, 0.0015675262111857393, 0.0002698961668796728, 0.00027076158915534393, 3.664188969315279e-05, 5.471060206739531e-05, 5.151612471573933e-06, 0.00011573369308550193, 2.0055927892674074e-06, 0.0008575829579793944, 0.00016415398500905658, 4.1807736409263384e-05, 0.001902738061102931, 4.402276868713549e-07, 1.6853009737181533e-05, 4.113390101607342e-05, 0.0010503702615908927, 4.044682884182569e-05, 4.651211825451986e-06, 3.5898768266967288e-06, 4.191989957382004e-06, 2.322320503424347e-06, 0.00016176327283968568, 5.857897831555317e-05, 2.4340746152275244e-05, 0.0001410392960034722, 0.00021652662135514662, 0.0008010155686526742, 9.764975702512272e-05, 0.0005553209118043208, 0.0011235367053721282, 0.0024198559225025187, 0.0013581690720309834, 0.00010629020853218063, 3.44399210221895e-05, 0.0004074848885507632, 0.0004675739975117832, 0.0006167783625960309, 0.0003108627561719555, 9.850130211977939e-05, 0.0011719510777399526, 0.000699419314446193, 0.00011165963178253296, 0.00020028299998972284, 1.8681017679533435e-05, 4.919218631832631e-05, 0.0002778726956272624, 0.0002113462561742702, 6.746842677624517e-05, 9.850130211977939e-05, 0.0026920408325200916, 8.971313751366548e-05, 7.646336837552222e-07, 0.0013600948238922056, 0.0014957646883203592, 0.00042804060401132975, 0.0010439788874602527, 5.880079721575386e-07, 0.0011015960174061625, 0.0005241353890325265, 3.940563059902698e-05, 4.6661362926287e-07, 5.996811430922361e-07, 0.0033909283734978204, 0.00015022511658448838, 3.024242987426352e-05, 4.3144611433694507e-05, 0.0010659155081528449, 0.0006383432540079449, 2.457108051985071e-05, 0.00012733654568245815, 2.668802978386882e-06, 0.0019745975478234258, 1.758198735680344e-05, 0.0015614420211031237, 0.00027494071181679506, 0.001486382175381539, 1.6262496814017915e-06, 0.00013408033637143094, 0.0013627967918717575, 5.951040106100482e-05, 9.005243128677466e-05, 0.0003027767092305004, 0.00032393809032481497, 0.000201765997792296, 8.927392027395726e-05, 0.0007446991499417974, 1.7640139630371597e-06, 0.0002578841858758453, 7.941795233071215e-05, 0.00014749356347921975, 0.0003917080521248681, 8.861073268483527e-05, 0.0007068812073041615, 3.72186481426558e-05, 3.467301126112002e-05, 0.0002496918716356686, 0.14547259834926082, 0.0005123573152611108, 4.8727005120448454e-05, 4.7544524940727196e-05, 0.00018904457334983503, 7.535826061343785e-05, 0.0006869466579307945, 8.34001943679496e-05, 1.777784863919896e-05, 0.00014520051648273828, 0.00011341546859865619, 7.612035658793211e-05, 9.335697874648127e-05, 0.00012818098817980682, 0.0004607696189628688, 7.654086407888194e-05, 9.244479225290701e-05, 0.00011556115171988027, 2.792487520186708e-05, 4.18615556915836e-05, 0.00011361555158318766, 8.926949031056063e-05,