{"metrics": {"test": {"fp": [1], "f1_score": [0.896551724137931], "risk": [0.13636363636363635], "recall": [0.8666666666666667], "sensitivity": [0.8666666666666667], "precision": [0.9285714285714286], "tp": [13], "tn": [6], "specificity": [0.8571428571428571], "fn": [2]}, "train": {"fp": [1], "f1_score": [0.9514563106796116], "risk": [0.054945054945054944], "recall": [0.9245283018867925], "sensitivity": [0.9245283018867925], "precision": [0.98], "tp": [49], "tn": [37], "specificity": [0.9736842105263158], "fn": [4]}}, "model": {"n_features": 5654370}, "data": {"path": "/scratch/adrouin/patric_data/single_species_datasets/cefuroxime___49420779660966717/dataset.kover", "split": "train_0.800_seed_6_10_folds", "uuid": "5cf5178c-086d-11e8-a038-001b2193b764"}, "predictions": {"binary": [0, 0, 0, 0, 0, 0, 0, 0, 0, 0, 1, 0, 0, 0, 0, 0, 0, 0, 0, 1, 0, 0, 0, 0, 0, 0, 0, 0, 0, 0, 0, 0, 0, 0, 0, 0, 0, 0, 0, 0, 0, 0, 0, 0, 0, 1, 1, 1, 1, 1, 1, 1, 1, 1, 1, 1, 0, 1, 1, 0, 1, 1, 1, 1, 0, 1, 1, 1, 1, 1, 1, 0, 1, 0, 1, 1, 1, 1, 1, 1, 1, 1, 1, 1, 1, 1, 1, 1, 1, 1, 1, 1, 1, 1, 1, 1, 1, 0, 1, 1, 1, 1, 1, 1, 1, 1, 1, 1, 1, 1, 1, 1, 1], "proba": [0.5674555943945069, 0.5323070291535464, 0.5445438183423512, 0.5440094921380828, 0.5245027480243889, 0.5420616508058785, 0.555033362324538, 0.5716527891823456, 0.5105315054216869, 0.5545570292766699, 0.4999582430882274, 0.5722986656139136, 0.5437743825460195, 0.567668739170327, 0.5560950772553638, 0.5707031422120499, 0.5510267433542367, 0.5360055141926507, 0.5736323954833206, 0.4146499309322138, 0.5606390358953092, 0.5736767800657157, 0.5383112547258173, 0.5388510618030652, 0.5383575294025498, 0.5692714010252365, 0.5360687789477698, 0.5547425840946503, 0.5468187707400679, 0.5519423162365997, 0.5733449174009044, 0.5301476416792685, 0.5283072824771986, 0.5586314671095645, 0.5549668363804081, 0.5564422538496948, 0.5704084263962613, 0.5364239478856793, 0.5333961288217012, 0.5275036197013111, 0.5712398137327824, 0.57161578052516, 0.5746583697530081, 0.5288653281669492, 0.5615010783522917, 0.48613471256452406, 0.4238623628574887, 0.44443045570559037, 0.3997680229893107, 0.39602651771327574, 0.48072457416602055, 0.47470089432493445, 0.425158501834088, 0.3945844320379926, 0.46369315898392355, 0.3875889827403538, 0.5355224464580579, 0.43129717662365025, 0.46369132510315453, 0.5380321301298324, 0.4796287754582672, 0.4281610567282656, 0.4027109892302881, 0.4421742054119026]}}