{"metrics": {"test": {"fp": [0], "f1_score": [0.6666666666666666], "risk": [0.04477611940298507], "recall": [0.5], "sensitivity": [0.5], "precision": [1.0], "tp": [3], "tn": [61], "specificity": [1.0], "fn": [3]}, "train": {"fp": [1], "f1_score": [0.983050847457627], "risk": [0.0037174721189591076], "recall": [1.0], "sensitivity": [1.0], "precision": [0.9666666666666667], "tp": [29], "tn": [239], "specificity": [0.9958333333333333], "fn": [0]}}, "model": {"n_features": 5060137}, "data": {"path": "/scratch/adrouin/data/patric/single_species_datasets/ciprofloxacin___260162261243005161/dataset.kover", "split": "train_0.800_seed_4_10_folds", "uuid": "0a3ff80a-074a-11e8-a975-001b2193b764"}, "predictions": {"binary": [0, 0, 0, 0, 0, 0, 0, 0, 0, 0, 0, 0, 0, 0, 0, 0, 0, 0, 0, 0, 0, 0, 0, 0, 0, 0, 0, 0, 0, 0, 0, 0, 0, 0, 0, 0, 0, 0, 0, 0, 0, 0, 0, 0, 0, 0, 0, 0, 0, 0, 0, 0, 0, 0, 0, 0, 0, 0, 0, 0, 0, 0, 0, 0, 0, 0, 0, 0, 0, 0, 0, 0, 0, 0, 0, 0, 0, 0, 0, 0, 0, 0, 0, 0, 0, 0, 0, 0, 0, 0, 0, 0, 0, 0, 0, 0, 0, 0, 0, 0, 0, 0, 0, 0, 0, 0, 0, 0, 0, 0, 0, 0, 0, 0, 0, 0, 0, 0, 0, 0, 0, 0, 0, 0, 0, 0, 0, 0, 0, 0, 0, 0, 0, 0, 0, 0, 0, 0, 0, 0, 0, 0, 0, 0, 0, 0, 0, 0, 0, 0, 0, 0, 0, 0, 0, 0, 0, 0, 0, 0, 0, 0, 0, 0, 0, 0, 0, 0, 0, 0, 0, 0, 0, 0, 0, 0, 0, 0, 0, 0, 0, 0, 0, 0, 0, 0, 0, 0, 0, 0, 0, 0, 0, 0, 0, 0, 0, 0, 0, 0, 0, 0, 0, 0, 0, 0, 0, 0, 0, 0, 0, 0, 0, 0, 0, 0, 0, 0, 0, 0, 0, 0, 0, 0, 0, 0, 0, 0, 0, 0, 0, 0, 0, 0, 0, 0, 0, 0, 0, 0, 0, 0, 0, 0, 0, 0, 0, 0, 0, 0, 0, 0, 0, 0, 0, 0, 0, 0, 0, 0, 0, 0, 0, 0, 0, 0, 0, 0, 0, 0, 0, 0, 0, 0, 0, 0, 0, 0, 0, 0, 0, 0, 0, 0, 0, 0, 0, 0, 0, 0, 0, 0, 0, 0, 0, 0, 0, 0, 0, 0, 1, 1, 1, 1, 1, 1, 0, 1, 1, 1, 1, 1, 1, 0, 0, 1, 1, 1, 1, 1, 1, 1, 1, 1, 1, 1, 1, 1, 1, 1, 1, 1, 1, 1, 1, 1], "proba": [0.023726987298611498, 0.054182850520384414, 0.05298900994943879, 0.08495994068510959, 0.05422732757082273, 0.05416894505499022, 0.05417216902027976, 0.054138510000063866, 0.054227352697604814, 0.054191138357857195, 0.05415322043141889, 0.01831423982494023, 0.013970944026021963, 0.006477513592220565, 0.05416219170844502, 0.05422075790119521, 0.044323365391969294, 0.01898869928130035, 0.03133320048725204, 0.054229717504288844, 0.05423295879036371, 0.2989777028046362, 0.058272947024509546, 0.0069927402073738905, 0.05417388313936254, 0.05414859505685542, 0.016027326618835352, 0.022217080816132787, 0.027015078208823668, 0.03592481491840683, 0.060595449244018815, 0.02169259980133047, 0.03442546681228052, 0.054169576772900206, 0.025499624340369075, 0.005825314367321961, 0.020402715210764998, 0.02396973835936066, 0.023261716626498414, 0.03026887097776226, 0.02216043600303606, 0.00532975517882097, 0.05423220624033558, 0.036330397588378666, 0.03760585631633781, 0.054209244503909064, 0.05419484050242309, 0.022442576685278843, 0.009511916768539474, 0.006607018928552971, 0.1990445749581218, 0.060828921179066284, 0.18522825331374915, 0.03413041609738994, 0.2150463153156543, 0.05200592473699127, 0.009154076013327914, 0.01606476415935722, 0.023004791847250294, 0.009401251179234673, 0.054232343737365435, 0.03657859663968204, 0.04581317804512963, 0.033594481716611, 0.015431990173988434, 0.03313160207606655, 0.011883991298298242, 0.054194695689251816, 0.05422563413337954, 0.011699275803897454, 0.015489327942607574, 0.029028336261592482, 0.05423333773713479, 0.06074726375608155, 0.05354343423012759, 0.025095375768880917, 0.009361226622751889, 0.05419897691036058, 0.030494387410135555, 0.0542046704739556, 0.04853059593130192, 0.05417957590009741, 0.04326757282419072, 0.008868994967250582, 0.04378182703036492, 0.04670591273512426, 0.018498726347891202, 0.020384788489453232, 0.05417413665212693, 0.05337682778304205, 0.0375222231380744, 0.022896815553518288, 0.04303179605312902, 0.054229399446612356, 0.23607308137990055, 0.040845347452358016, 0.027781014541641932, 0.05424261476463813, 0.05476095454018494, 0.01735408117774517, 0.0542349822395298, 0.05418707309800121, 0.020659168313453165, 0.00894371479376116, 0.054169498937006955, 0.05422264796060221, 0.027990051962970497, 0.044246380412324905, 0.029600271680289763, 0.007913445471245683, 0.017514892207110302, 0.009363102939554656, 0.054201861430874285, 0.033655847190095504, 0.009219706024880961, 0.018526716232972827, 0.05416921060736348, 0.010844691601524582, 0.05421484402134719, 0.04229270968041736, 0.02435588968317098, 0.03671012413546132, 0.0516798416273079, 0.05422290451939378, 0.012739431155980162, 0.05422029484534015, 0.04341808002166851, 0.013553576491245669, 0.05419062188870201, 0.049379807686797346, 0.013822716008147514, 0.04338226834033086, 0.018778200239532198, 0.008510967756378753, 0.023945798518794796, 0.021933247444552034, 0.010724554584328734, 0.05422000640706786, 0.05414528350271561, 0.03926497931970599, 0.011372211719280816, 0.023820499231789243, 0.03744323450895427, 0.022334698766741157, 0.016590848849173053, 0.02170805913185812, 0.026345854678576072, 0.04466304929988441, 0.054226512393385, 0.07968330629518044, 0.010160794147514326, 0.028152312879233223, 0.018656338137488883, 0.0313438415081187, 0.05412922119249187, 0.007022721307086189, 0.005280488779101289, 0.023511951150048, 0.017720628086585043, 0.05404903933832819, 0.015037224007429066, 0.006538758710598241, 0.00719941396005395, 0.05423715261445779, 0.0210836820426153, 0.01261033582052919, 0.05422704098391883, 0.007803246010833826, 0.17809744088642745, 0.005711964041239199, 0.054239730285821436, 0.012966085415292402, 0.0541716963541579, 0.013809149910999111, 0.010065582936953473, 0.012834584632017986, 0.00783741860887763, 0.012486248623229763, 0.004356595665642767, 0.010406858921329944, 0.05416351013017757, 0.013870446749845427, 0.0063443719648774, 0.058133286639974205, 0.03512883584498045, 0.024903919987817637, 0.05421881066564354, 0.0049035318003507735, 0.02468364485972201, 0.05421689344206755, 0.0416623133829298, 0.028388833253924037, 0.0044180445672833656, 0.010455529314293109, 0.1415867536200999, 0.05417841436116686, 0.012592484523993515, 0.24225401001408586, 0.029980601293148827, 0.24202791459483577, 0.054210066472624364, 0.021047803884089795, 0.007470106133519163, 0.007634119965356986, 0.04455785069763361, 0.0034344669902512284, 0.05419054969093993, 0.015408344659097538, 0.031272729847829084, 0.051935657623406954, 0.040117586687370636, 0.054190881180129595, 0.01017048049900664, 0.015577466310214129, 0.031474752969551434, 0.005619723086388473, 0.026470500653727653, 0.01012476071769041, 0.023702259431142226, 0.003106676784596901, 0.05421414145474101, 0.0235848977728763, 0.019052824627392217, 0.0542143481814526, 0.020127114588199168, 0.016359698415957007, 0.037365649746539185, 0.013947188108322862, 0.03658949716568882, 0.046480674414078035, 0.05415237496719553, 0.08055965789094913, 0.004961257678008025, 0.005591092849789847, 0.009250945815744439, 0.0542337514123351, 0.054142720005232965, 0.009966633571262581, 0.0038180912493561126, 0.02757919991012274, 0.006341017108423626, 0.009627304994499191, 0.009052250315075144, 0.03886058206090104, 0.031566753055179274, 0.054174974751592025, 0.018672783972639828, 0.054204938109549614, 0.054190349319369294, 0.05418965815005085, 0.04219193861538776, 0.05421817666293568, 0.07573748527272177, 0.017288908139701888, 0.014038637757050965, 0.017271854330432837, 0.014679524566325796, 0.054219168676399934, 0.004500227032564047, 0.054182127333306476, 0.054209859763304835, 0.007362798688807357, 0.054207779221373945, 0.0152554872013004, 0.014404125423080791, 0.05421280503722265, 0.02496847862131948, 0.012425799300428197, 0.05421975763539112, 0.05422087817978935, 0.04999088923607162, 0.054249923515716274, 0.054242744414290264, 0.046283815670608124, 0.0361992736420204, 0.051223460772799934, 0.051034662259744665, 0.04698900611065148, 0.02177278488672272, 0.05778988855920795, 0.027806684603037264, 0.054198398034568114, 0.03621141831484584, 0.03672294468846769, 0.04993485405049699, 0.05421945929858559, 0.05423141412303231, 0.021496681412316, 0.03254263801092627, 0.012871322385308978, 0.024667853785616586, 