{"metrics": {"test": {"fp": [9], "f1_score": [0.5901639344262295], "risk": [0.32894736842105265], "recall": [0.5294117647058824], "sensitivity": [0.5294117647058824], "precision": [0.6666666666666666], "tp": [18], "tn": [33], "specificity": [0.7857142857142857], "fn": [16]}, "train": {"fp": [28], "f1_score": [0.7078189300411523], "risk": [0.23355263157894737], "recall": [0.6666666666666666], "sensitivity": [0.6666666666666666], "precision": [0.7543859649122807], "tp": [86], "tn": [147], "specificity": [0.84], "fn": [43]}}, "model": {"n_features": 39041770}, "data": {"path": "/scratch/adrouin/patric_data/single_species_datasets/meropenem___-9072632565547958275/dataset.kover", "split": "train_0.800_seed_1_10_folds", "uuid": "b1f77c1e-07ca-11e8-b57b-001b2193b764"}, "predictions": {"binary": [0, 1, 1, 1, 0, 0, 0, 0, 0, 0, 0, 0, 0, 0, 0, 0, 0, 1, 1, 0, 0, 0, 0, 0, 0, 0, 0, 0, 0, 1, 0, 1, 0, 0, 0, 0, 1, 0, 0, 0, 0, 0, 1, 0, 0, 0, 0, 0, 0, 0, 1, 0, 0, 0, 0, 0, 0, 0, 0, 0, 0, 0, 0, 0, 0, 1, 0, 1, 0, 0, 0, 0, 1, 0, 0, 0, 0, 1, 0, 0, 0, 0, 0, 0, 0, 0, 1, 0, 0, 0, 1, 0, 1, 1, 0, 0, 0, 0, 1, 0, 0, 0, 0, 1, 0, 0, 0, 0, 0, 0, 0, 0, 1, 0, 0, 0, 0, 0, 0, 1, 0, 1, 0, 0, 0, 0, 0, 0, 0, 0, 0, 1, 1, 0, 0, 0, 0, 0, 0, 0, 0, 0, 0, 0, 0, 0, 0, 0, 0, 0, 0, 0, 0, 0, 0, 1, 0, 0, 0, 0, 0, 0, 1, 0, 0, 0, 0, 0, 0, 0, 0, 0, 0, 0, 0, 0, 0, 0, 1, 1, 0, 0, 1, 1, 0, 0, 0, 1, 0, 1, 1, 0, 0, 0, 0, 0, 0, 0, 0, 0, 0, 0, 1, 0, 0, 0, 0, 0, 1, 0, 0, 0, 0, 0, 0, 0, 1, 0, 1, 1, 0, 1, 0, 1, 1, 1, 1, 0, 0, 1, 1, 1, 1, 1, 1, 1, 1, 1, 1, 1, 1, 1, 1, 1, 0, 1, 0, 1, 1, 1, 0, 1, 1, 1, 1, 0, 0, 0, 1, 1, 0, 1, 1, 1, 0, 1, 1, 1, 1, 0, 0, 1, 1, 1, 0, 1, 0, 1, 1, 0, 0, 0, 0, 0, 1, 1, 1, 1, 0, 1, 1, 0, 1, 1, 1, 1, 0, 1, 0, 1, 1, 1, 1, 1, 0, 0, 1, 0, 1, 1, 1, 0, 0, 1, 0, 1, 0, 0, 1, 0, 0, 1, 0, 1, 1, 1, 1, 1, 1, 1, 0, 1, 1, 0, 0, 1, 1, 0, 0, 0, 0, 0, 0, 1, 0, 1, 1, 0, 1, 1, 1, 0, 1, 1, 1, 1, 1, 0, 1, 1, 0, 1, 0, 0, 0, 1, 0, 1, 0, 1, 1, 1, 0, 1, 1, 0, 1, 1, 1, 0], "proba": [0.5068578306406861, 0.46503841601764134, 0.4680005004294691, 0.49137234121292356, 0.5028812734357426, 0.5287701357018423, 0.5383264892560773, 0.5362115684489468, 0.5288272944962453, 0.5346450298031775, 0.5077854477928769, 0.5140019510679322, 0.5315042076050378, 0.5183165553018421, 0.5223348983447135, 0.5052173106764212, 0.530854876615723, 0.49318416256951725, 0.4967777346476104, 0.5228948126957831, 0.526066347989915, 0.5312841699009502, 0.5199366511316781, 0.5294620127271471, 0.5025792806004851, 0.5206203309705543, 0.518963501491317, 0.5249214735064989, 0.5398927164025721, 0.49295735573528693, 0.5051163686442283, 0.4990159418481335, 0.5183439272613064, 0.5045488702310105, 0.5090038003859476, 0.5348067970320143, 0.435676840800895, 0.5327662002461439, 0.5295452808752987, 0.5190198564183631, 0.5033751799611734, 0.5358938318877983, 0.49192923922877935, 0.5204001570521664, 0.5092809348242999, 0.5219600956673155, 0.5301078471375598, 0.5286340853629807, 0.5063883569470752, 0.5062532887677077, 0.43404972211128784, 0.5249223119545398, 0.5279083764771272, 0.5289366315933474, 0.5326242608820703, 0.5317675020493455, 0.5283186276164776, 0.5228294492674166, 0.5075141147027329, 0.533761101379659, 0.5321863098129941, 0.51669243533503, 0.5260318728551789, 0.5247830408601244]}}