{"metrics": {"test": {"fp": [0], "f1_score": [0.9032258064516129], "risk": [0.16363636363636364], "recall": [0.8235294117647058], "sensitivity": [0.8235294117647058], "precision": [1.0], "tp": [42], "tn": [4], "specificity": [1.0], "fn": [9]}, "train": {"fp": [0], "f1_score": [0.9383378016085792], "risk": [0.1036036036036036], "recall": [0.8838383838383839], "sensitivity": [0.8838383838383839], "precision": [1.0], "tp": [175], "tn": [24], "specificity": [1.0], "fn": [23]}}, "model": {"n_features": 14381774}, "data": {"path": "/scratch/adrouin/patric_data/single_species_datasets/ceftazidime___-3225223558739261696/dataset.kover", "split": "train_0.800_seed_4_10_folds", "uuid": "9991fcb4-095d-11e8-81b5-001b2193b764"}, "predictions": {"binary": [0, 0, 0, 0, 0, 0, 0, 0, 0, 0, 0, 0, 0, 0, 0, 0, 0, 0, 0, 0, 0, 0, 0, 0, 0, 0, 0, 0, 0, 1, 0, 0, 1, 1, 0, 1, 1, 1, 1, 1, 0, 1, 1, 1, 1, 1, 1, 0, 1, 1, 1, 1, 1, 1, 1, 0, 0, 1, 1, 1, 1, 1, 1, 1, 1, 1, 0, 1, 1, 1, 1, 1, 1, 1, 1, 1, 1, 1, 1, 1, 1, 0, 1, 1, 1, 1, 1, 1, 1, 1, 1, 1, 1, 1, 1, 1, 1, 1, 1, 1, 1, 1, 1, 1, 0, 0, 1, 1, 1, 0, 1, 0, 1, 1, 1, 1, 1, 1, 1, 1, 1, 1, 1, 1, 1, 1, 1, 1, 1, 1, 1, 1, 1, 1, 1, 1, 1, 1, 1, 1, 1, 1, 1, 1, 1, 1, 1, 1, 1, 1, 1, 1, 1, 1, 1, 1, 1, 1, 1, 1, 1, 1, 1, 1, 0, 1, 1, 0, 1, 1, 0, 1, 1, 0, 1, 1, 0, 0, 1, 1, 0, 1, 1, 1, 1, 1, 1, 1, 0, 0, 1, 0, 1, 1, 1, 1, 1, 1, 1, 1, 1, 1, 1, 1, 1, 1, 1, 1, 1, 1, 1, 1, 1, 1, 0, 0, 1, 1, 1, 1, 1, 1, 1, 1, 1, 1, 1, 1, 1, 1, 1, 1, 1, 1, 0, 1, 1, 1, 1, 0, 1, 1, 1, 1, 1, 1, 1, 0, 1, 1, 1, 1, 1, 1, 1, 1, 1, 0, 0, 1, 1, 1, 1, 1, 0, 1, 1, 1, 1, 1, 1, 1, 1, 1, 1, 1, 1], "proba": [0.556338941189396, 0.669295324808121, 0.7117916189975676, 0.7126939313459624, 0.7116430145583051, 0.7127420555251568, 0.7127526004865687, 0.7127066557838071, 0.7127407811827927, 0.6704844141765249, 0.5500894384146507, 0.6730528895938196, 0.6704592638663216, 0.6800844318785415, 0.712755993546504, 0.5455502929497991, 0.670482104991122, 0.661526535095532, 0.6689978224398988, 0.6728307589030926, 0.6703266980702939, 0.5647236315773091, 0.672112238519221, 0.6768195134237193, 0.6882343570990999, 0.6760450626586338, 0.5767343285932259, 0.5534318609400181, 0.5485647263799062, 0.20099891593223174, 0.5541997509018436, 0.5485530897735438, 0.22047082514837768, 0.2112541350408379, 0.5530633161709947, 0.22304530148343676, 0.2846730802743961, 0.46802460309612626, 0.20476029739528853, 0.1798411335074332, 0.5485823886927322, 0.23450546810949532, 0.48180957837238864, 0.19415732514475, 0.3439411978989546, 0.4629401436342216, 0.46460530699929387, 0.5352205158619181, 0.19640900275292603, 0.23722077516593462, 0.17342981394324844, 0.17348623217128886, 0.1734606673430581, 0.23439119393313376, 0.2094609370934494, 0.5358947866430792, 0.6447262043380932, 0.17240794873092916, 0.4708075735386032, 0.1952958827673445, 0.2405809768910316, 0.17947917029723537, 0.22354276937672582, 0.18773555402728045]}}