{"metrics": {"test": {"fp": [1], "f1_score": [0.9629629629629629], "risk": [0.03125], "recall": [0.9629629629629629], "sensitivity": [0.9629629629629629], "precision": [0.9629629629629629], "tp": [26], "tn": [36], "specificity": [0.972972972972973], "fn": [1]}, "train": {"fp": [0], "f1_score": [0.9732142857142857], "risk": [0.0234375], "recall": [0.9478260869565217], "sensitivity": [0.9478260869565217], "precision": [1.0], "tp": [109], "tn": [141], "specificity": [1.0], "fn": [6]}}, "model": {"n_features": 999994}, "data": {"path": "/scratch/adrouin/data/patric/single_species_datasets/trimethoprim_sulfamethoxazole___6654735289702248879/dataset.kover", "split": "train_0.800_seed_5_10_folds", "uuid": "aafc18c0-0856-11e8-a8cc-001b2193b764"}, "predictions": {"binary": [0, 0, 0, 0, 0, 0, 0, 0, 0, 0, 0, 0, 0, 0, 0, 0, 0, 0, 0, 0, 0, 0, 0, 0, 0, 0, 0, 0, 0, 0, 0, 0, 0, 0, 0, 0, 0, 0, 0, 0, 0, 0, 0, 0, 0, 0, 0, 0, 0, 0, 0, 0, 0, 0, 0, 0, 0, 0, 0, 0, 0, 0, 0, 0, 0, 0, 0, 0, 0, 0, 0, 0, 0, 0, 0, 0, 0, 0, 0, 0, 0, 0, 0, 0, 0, 0, 0, 0, 0, 0, 0, 0, 0, 0, 0, 0, 0, 0, 0, 0, 0, 0, 0, 0, 0, 0, 0, 0, 0, 0, 0, 0, 0, 1, 0, 0, 0, 0, 0, 0, 0, 0, 0, 0, 0, 0, 0, 0, 0, 0, 0, 0, 0, 0, 0, 0, 0, 0, 0, 0, 0, 0, 0, 0, 0, 0, 0, 0, 0, 0, 0, 0, 0, 0, 0, 0, 0, 0, 0, 0, 0, 0, 0, 0, 0, 0, 0, 0, 0, 0, 0, 0, 0, 0, 0, 0, 0, 0, 1, 1, 1, 1, 0, 1, 1, 1, 1, 1, 1, 1, 1, 1, 1, 1, 1, 1, 1, 1, 1, 1, 1, 1, 1, 1, 1, 1, 1, 1, 1, 0, 1, 1, 1, 1, 1, 1, 1, 1, 1, 1, 1, 1, 1, 1, 1, 1, 0, 1, 1, 1, 1, 1, 1, 1, 1, 1, 1, 0, 1, 1, 1, 1, 1, 1, 1, 1, 0, 1, 1, 1, 1, 1, 1, 1, 1, 1, 0, 1, 1, 1, 1, 1, 1, 1, 1, 1, 1, 1, 1, 1, 1, 1, 1, 1, 1, 1, 1, 1, 1, 1, 1, 1, 1, 1, 1, 1, 1, 1, 1, 1, 1, 1, 1, 1, 1, 1, 1, 1, 1, 1, 1, 1, 1, 1, 1, 1, 1, 1, 1, 1, 1, 1, 1, 1, 1, 1, 1, 1, 1, 0], "proba": [0.00034771959663499566, 9.033047193060027e-05, 3.052170441124809e-05, 0.00039768412667408684, 0.15584740285230286, 0.048096346484269976, 0.008424940139655331, 0.009710989643177665, 0.009643910075827185, 9.073851199905181e-05, 0.008511855837431848, 0.009873578070243022, 0.028925329754930645, 0.024371447280792456, 0.05439134083329388, 0.007505130038941471, 0.008538098916945463, 0.049936192896455504, 0.00815809164263967, 0.00011529017624084062, 0.0001813562121998263, 0.0007098647419890873, 0.0001296770704103933, 5.771981085426516e-05, 0.06327456110296038, 0.04716227255273251, 0.0015252609558685985, 2.7650648099916227e-05, 7.725980769403313e-05, 1.6169437422074e-05, 6.422103315807555e-05, 6.847804405673587e-05, 0.0004898230492885244, 8.661011230445196e-05, 2.6568235726949195e-05, 1.6965966897232917e-05, 6.34287760077475e-05, 3.828138306005498e-05, 0.00023634846487382872, 0.0001374544119830393, 0.0003136734163810736, 2.773381054382047e-05, 0.009058284065786555, 0.03820658425304294, 0.007330016963317618, 0.01259662599061806, 0.01562277739024861, 4.327683777763702e-05, 0.03406873863370935, 0.007561223377963617, 0.008209176600850642, 0.008769555494990438, 0.006132480675769114, 0.04342793373301252, 0.0030804059701946894, 0.04842050573449228, 0.007382489010743735, 0.030199037546854535, 0.007718620869163962, 0.008731357396300762, 0.007952547000954649, 0.07696773603019846, 0.04939391387357267, 0.04055284673187266, 0.0029783148786893835, 0.00779129413984775, 0.005986029193053592, 0.018284267183443295, 0.008800333162699374, 0.036075992350346434, 0.00702435757086083, 0.007082583069125514, 0.009036891759472757, 0.003069262660770272, 0.008568569463570153, 0.05444254300412566, 0.008081907531665334, 0.007893308963635715, 0.0037010360513917463, 0.008575097119986448, 0.018623712302276288, 0.030849730326905977, 0.032496346980307275, 0.008656504912633001, 0.008073055764249363, 0.009283257661155413, 0.0030943339423058626, 0.0544532548364026, 0.007219290396634404, 0.0024901399544181176, 4.178214363153693e-05, 0.004066207197501199, 2.098935516920905e-05, 0.0003643528549291981, 2.7896083084127128e-05, 0.0012273537068399126, 2.9963589332512662e-05, 0.00013391884000701513, 2.4452850673000248e-05, 2.602205675207446e-05, 0.00776583007797917, 0.08499745459943014, 0.10321947994190006, 0.00860585144018573, 0.002755101455052007, 0.04925983436288748, 0.006978500063613673, 0.003643650206902201, 0.04578673521928028, 0.008453405180640715, 0.00031701335060030627, 0.0005266446500859558, 0.02004760265628689, 0.9848735411810237, 0.0001424482100895192, 5.5022195897916726e-05, 0.0012007186740005669, 1.724616373514393e-05, 1.0438822650903411e-05, 3.748347682161263e-05, 0.0061173876276020426, 0.0011300517276192973, 9.52446680969618e-05, 0.00029756457663960016, 3.690584653906203e-05, 1.3143741795620343e-05, 0.00032087012223025127, 6.864691049512834e-05, 3.597292084694475e-05, 1.6743446924700938e-05, 2.6523667483095454e-05, 2.7881554993880622e-05, 0.020803859099916194, 3.6314495150288614e-05, 0.003931301861643413, 3.3676450444458216e-05, 0.019372316436690934, 0.01990293171743688, 0.024195904224854358, 0.02367541376325382, 0.021913983688935587, 0.020889738555571285, 0.022043820139399702, 0.02097057151490526, 0.0028624467570267194, 0.001240040929426605, 0.0037744366534202293, 0.0021417626825672776, 0.037838297932668366, 0.00025001590889690644, 2.977644685467334e-05, 2.9383616652372682e-05, 2.9416624607329448e-05, 1.797947665463179e-05, 0.0019216354299694967, 0.034769711660292274, 0.030842223557393546, 0.0036283187234842453, 0.026349661137568033, 3.732205066368113e-05, 0.00010724007421515722, 1.820960519574552e-05, 2.975175568074752e-05, 4.626952836310156e-05, 0.0001575019431239062, 0.49843197727944294, 0.0013462516370756589, 0.00014090703340708982, 3.704815634133654e-05, 2.785837956355457e-05, 2.3904760889083406e-05, 2.4044871356493502e-05, 0.001259498372457303, 0.0715043047922251, 3.006246219547235e-05, 0.0005158148798410727, 0.01033049841717811, 0.02179041508457706, 0.9990574029004263, 0.9996157492532125, 0.9996523022226581, 0.9981706778778415, 0.13853265743916118, 0.9994075928538984, 0.9996251463383231, 0.9990851880534336, 0.9994555903411457, 0.999618438702649, 0.9990617483432201, 0.999590861256998, 0.9995421294229446, 0.9989377291191532, 0.9994113785737379, 0.8216017391678695, 0.9991091076342565, 0.9996937407495496, 0.9873255598949426, 0.6924828076071179, 0.9994502970290784, 0.999430188976995, 0.9994439883067464, 0.9994605682046936, 0.9988598140923255, 0.9978312653271375, 0.9994319264763537, 0.9994125612906455, 0.9752163017239501, 0.9993532185450353, 0.9700890969987827, 0.1286606039063841, 0.9991183763928659, 0.9996021654055848, 0.9996076986148824, 0.9992512402658665, 0.9995872517595857, 0.9994372120514116, 0.9990781989197022, 0.9994745863722583, 0.9991367271189375, 0.9986455488165417, 0.9980836987576773, 0.9997957808310343, 0.9991572996510734, 0.9977157258157421, 0.9976303391610092, 0.9991730860713207, 0.19564751550699214, 0.9988444303666398, 0.9946687187453689, 0.9995846148226051, 0.999580846244792, 0.9994780177066028, 0.9994877828473151, 0.9994724459744204, 0.9995907247991681, 0.999381195886322, 0.9996020705553949, 0.013448571977454997, 0.9995429121491025, 0.9988695220081416, 0.999508505480617, 0.9994666895477191, 0.9991758080243454, 0.9993623790364087, 0.9994454329451794, 0.9994616717944891, 0.03140200517141296, 0.9995825965419776, 0.9993483950620953, 0.9993854095076817, 0.9994291875965132, 0.9978237278632243, 0.9994379391200764, 0.9997458278733438, 0.9996015201614978, 0.9992591752003288, 0.03239215841540662, 0.9995132485495849, 0.9992768162107292, 0.999037410233923, 0.9990430611675419, 0.9986057704671457, 0.9982118521363488, 0.9979986099131503, 0.995841507590618, 0.9996211109352968, 0.9994353673280995, 0.9994344081236729, 0.9981656461846461, 0.9993268298975879, 0.9992684672578742, 0.9994254833643809, 0.9994465810175354, 0.9993302783736251, 0.9993532960595153, 0.9996133981438503, 0.999426398850615, 0.9991370740589429, 0.9993576638475695, 0.9994667288510825, 0.9992763677881262, 0.9987663595814795, 0.9996128137553605, 0.9807239744823909, 0.9829542481221093, 0.9996158348375225, 0.9894492617778772, 0.9968922256035297, 0.9984615213862237, 0.9983592540692451, 0.9987842789284387, 