{"metrics": {"test": {"fp": [1], "f1_score": [0.75], "risk": [0.047619047619047616], "recall": [0.6666666666666666], "sensitivity": [0.6666666666666666], "precision": [0.8571428571428571], "tp": [6], "tn": [74], "specificity": [0.9866666666666667], "fn": [3]}, "train": {"fp": [2], "f1_score": [0.9761904761904763], "risk": [0.005917159763313609], "recall": [1.0], "sensitivity": [1.0], "precision": [0.9534883720930233], "tp": [41], "tn": [295], "specificity": [0.9932659932659933], "fn": [0]}}, "model": {"n_features": 145}, "data": {"path": "/scratch/adrouin/patric_data/single_species_datasets/tobramycin___7053822222416630118/dataset.kover", "split": "train_0.800_seed_5_10_folds", "uuid": "2ca1e864-05af-11e8-a59f-001b2193b764"}, "predictions": {"binary": [0, 0, 0, 0, 0, 0, 0, 0, 0, 0, 0, 0, 0, 0, 0, 0, 0, 0, 0, 0, 0, 0, 0, 0, 0, 0, 0, 0, 0, 0, 0, 0, 0, 0, 0, 0, 0, 0, 0, 0, 0, 0, 0, 0, 0, 0, 0, 0, 0, 0, 0, 0, 0, 0, 0, 0, 0, 0, 0, 0, 0, 0, 1, 0, 0, 0, 0, 0, 0, 0, 0, 0, 0, 0, 0, 0, 0, 0, 0, 0, 0, 0, 0, 0, 0, 0, 0, 0, 0, 0, 0, 0, 0, 0, 0, 0, 0, 0, 0, 0, 0, 0, 0, 0, 0, 0, 0, 0, 0, 0, 0, 0, 0, 0, 0, 0, 0, 0, 0, 0, 0, 0, 0, 0, 0, 0, 0, 0, 0, 0, 0, 0, 0, 0, 0, 0, 0, 0, 0, 0, 0, 0, 0, 0, 0, 0, 0, 0, 0, 0, 0, 0, 0, 0, 0, 0, 0, 0, 0, 0, 0, 0, 0, 0, 0, 0, 0, 0, 0, 1, 0, 0, 0, 0, 0, 0, 0, 0, 0, 0, 0, 0, 0, 0, 0, 0, 0, 0, 0, 0, 1, 0, 0, 0, 0, 0, 0, 0, 0, 0, 0, 0, 0, 0, 0, 0, 0, 0, 0, 0, 0, 0, 0, 0, 0, 0, 0, 0, 0, 0, 0, 0, 0, 0, 0, 0, 0, 0, 0, 0, 0, 0, 0, 0, 0, 0, 0, 0, 0, 0, 0, 0, 0, 0, 0, 0, 0, 0, 0, 0, 0, 0, 0, 0, 0, 0, 0, 0, 0, 0, 0, 0, 0, 0, 0, 0, 0, 0, 0, 0, 0, 0, 0, 0, 0, 0, 0, 0, 0, 0, 0, 0, 0, 0, 0, 0, 0, 0, 0, 0, 0, 0, 0, 0, 0, 0, 0, 0, 0, 0, 0, 0, 0, 0, 0, 0, 0, 0, 0, 0, 0, 0, 0, 0, 0, 0, 0, 0, 0, 0, 0, 0, 0, 0, 0, 0, 0, 0, 0, 0, 0, 0, 0, 0, 0, 0, 0, 0, 0, 0, 0, 0, 0, 0, 0, 0, 0, 0, 0, 0, 0, 0, 0, 0, 0, 0, 0, 0, 0, 0, 0, 0, 0, 0, 0, 0, 0, 0, 0, 0, 0, 0, 1, 1, 1, 1, 1, 1, 1, 1, 1, 1, 1, 1, 1, 1, 1, 1, 1, 1, 1, 1, 1, 1, 1, 1, 1, 1, 1, 1, 0, 1, 1, 0, 1, 1, 1, 1, 1, 1, 0, 1, 1, 1, 1, 1, 1, 1, 1, 1, 1, 1, 0, 0, 0, 0, 0, 0, 0, 0, 0, 0, 0, 0, 0, 0, 0, 0, 0, 0, 0, 0, 0, 0, 0, 0, 0, 0], "proba": [0.12864518343860817, 0.1276115490494503, 0.1276115490494503, 0.1276115490494503, 0.1276115490494503, 0.1276115490494503, 0.12864518343860817, 0.1276115490494503, 0.16734153225851062, 0.1276115490494503, 0.1276115490494503, 0.1276115490494503, 0.1276115490494503, 0.12864518343860817, 0.1276115490494503, 0.1276115490494503, 0.1276115490494503, 0.1276115490494503, 0.1276115490494503, 0.1276115490494503, 0.1276115490494503, 0.1276115490494503, 0.1276115490494503, 0.1276115490494503, 0.1276115490494503, 0.16734153225851062, 0.1276115490494503, 0.13183934834929034, 0.16734153225851062, 0.1276115490494503, 0.1276115490494503, 0.1276115490494503, 0.1276115490494503, 0.1276115490494503, 0.1276115490494503, 0.1276115490494503, 0.1276115490494503, 0.1276115490494503, 0.1276115490494503, 0.16734153225851062, 0.21653285278923012, 0.1276115490494503, 0.1276115490494503, 0.16734153225851062, 0.1276115490494503, 0.1276115490494503, 0.1276115490494503, 0.12864518343860817, 0.1276115490494503, 0.12864518343860817, 0.12864518343860817, 0.1276115490494503, 0.1276115490494503, 0.16734153225851062, 0.16734153225851062, 0.1276115490494503, 0.21653285278923012, 0.21653285278923012, 0.2181066661989885, 0.1276115490494503, 0.2181066661989885, 0.2181066661989885, 0.8776076327824953, 0.16734153225851062, 0.1276115490494503, 0.1276115490494503, 0.12864518343860817, 0.12864518343860817, 0.12864518343860817, 0.1276115490494503, 0.1276115490494503, 0.1276115490494503, 0.1276115490494503, 0.1276115490494503, 0.1276115490494503, 0.1276115490494503, 0.1276115490494503, 0.1276115490494503, 0.1276115490494503, 0.1276115490494503, 0.12864518343860817, 0.1276115490494503, 0.12864518343860817, 0.1276115490494503, 0.1276115490494503, 0.1276115490494503, 0.1276115490494503, 0.2181066661989885, 0.21653285278923012, 0.21653285278923012, 0.1276115490494503, 0.1276115490494503, 0.1276115490494503, 0.1276115490494503, 0.1276115490494503, 0.1276115490494503, 0.1276115490494503, 0.1276115490494503, 0.1276115490494503, 0.1276115490494503, 0.1276115490494503, 0.1276115490494503, 0.1276115490494503, 0.1276115490494503, 0.1276115490494503, 0.1276115490494503, 0.1276115490494503, 0.1276115490494503, 0.1276115490494503, 0.1276115490494503, 0.1276115490494503, 0.1276115490494503, 0.1276115490494503, 0.1276115490494503, 0.1276115490494503, 0.1276115490494503, 0.1276115490494503, 0.16734153225851062, 0.1276115490494503, 0.1276115490494503, 0.13183934834929034, 0.1276115490494503, 0.14537183962186706, 0.2181066661989885, 0.16876697081936362, 0.1276115490494503, 0.16734153225851062, 0.1276115490494503, 0.1276115490494503, 0.1276115490494503, 0.1276115490494503, 0.1276115490494503, 0.1276115490494503, 0.1276115490494503, 0.1276115490494503, 0.1276115490494503, 0.1276115490494503, 0.1276115490494503, 0.13183934834929034, 0.16734153225851062, 0.1276115490494503, 0.1276115490494503, 0.1276115490494503, 0.1276115490494503, 0.1276115490494503, 0.424660658155307, 0.1276115490494503, 0.1276115490494503, 0.1276115490494503, 0.1276115490494503, 0.1276115490494503, 0.1276115490494503, 0.1276115490494503, 0.12864518343860817, 0.1276115490494503, 0.1276115490494503, 0.1276115490494503, 0.14422605534669172, 0.1276115490494503, 0.1276115490494503, 0.1276115490494503, 0.1276115490494503, 0.1276115490494503, 0.1276115490494503, 0.1276115490494503, 0.1276115490494503, 0.1276115490494503, 0.1276115490494503, 0.1276115490494503, 0.7990637699517471, 0.2181066661989885, 0.21653285278923012, 0.2181066661989885, 0.1276115490494503, 0.2181066661989885, 0.16734153225851062, 0.1276115490494503, 0.16734153225851062, 0.16734153225851062, 0.1276115490494503, 0.1276115490494503, 0.1276115490494503, 0.1276115490494503, 0.1276115490494503, 0.21653285278923012, 0.1276115490494503, 0.16734153225851062, 0.1276115490494503, 0.21653285278923012, 0.2181066661989885, 0.9363515641382948, 0.16734153225851062, 0.2181066661989885, 0.21653285278923012, 0.21653285278923012, 0.21653285278923012, 0.2181066661989885, 0.16734153225851062, 0.21653285278923012, 0.21653285278923012, 0.16734153225851062, 0.2181066661989885, 0.12864518343860817, 0.21653285278923012, 0.1276115490494503, 0.16734153225851062, 0.1276115490494503, 0.1276115490494503, 0.1276115490494503, 0.21653285278923012, 0.1276115490494503, 0.16734153225851062, 0.21653285278923012, 0.1276115490494503, 0.16734153225851062, 0.21653285278923012, 0.16734153225851062, 0.21653285278923012, 0.14864559295335183, 0.21653285278923012, 0.1276115490494503, 0.21653285278923012, 0.2181066661989885, 0.16734153225851062, 0.21653285278923012, 0.16734153225851062, 0.2181066661989885, 0.1686347675061559, 0.1276115490494503, 0.16734153225851062, 0.21653285278923012, 0.16734153225851062, 0.21653285278923012, 0.1276115490494503, 0.1276115490494503, 0.1276115490494503, 0.1276115490494503, 0.1276115490494503, 0.1276115490494503, 0.1276115490494503, 0.1276115490494503, 0.1276115490494503, 0.1276115490494503, 0.1276115490494503, 0.1276115490494503, 0.1276115490494503, 0.1276115490494503, 0.1276115490494503, 0.1276115490494503, 0.1276115490494503, 0.1276115490494503, 0.1276115490494503, 0.1276115490494503, 0.1276115490494503, 0.1276115490494503, 0.1276115490494503, 0.1276115490494503, 0.1276115490494503, 0.1276115490494503, 0.1276115490494503, 0.1276115490494503, 0.1276115490494503, 0.1276115490494503, 0.1276115490494503, 0.1276115490494503, 0.1276115490494503, 0.1276115490494503, 0.1276115490494503, 0.1276115490494503, 0.1276115490494503, 0.1276115490494503, 0.1276115490494503, 0.16876697081936362, 0.1276115490494503, 0.1276115490494503, 0.1276115490494503, 0.1276115490494503, 0.1276115490494503, 0.1276115490494503, 0.2181066661989885, 0.1276115490494503, 0.21653285278923012, 0.1276115490494503, 0.1276115490494503, 0.1276115490494503, 0.1276115490494503, 0.16734153225851062, 0.1276115490494503, 0.1276115490494503, 0.13183934834929034, 