{"metrics": {"test": {"fp": [3], "f1_score": [0.9382716049382716], "risk": [0.10204081632653061], "recall": [0.95], "sensitivity": [0.95], "precision": [0.926829268292683], "tp": [38], "tn": [6], "specificity": [0.6666666666666666], "fn": [2]}, "train": {"fp": [2], "f1_score": [0.9846153846153846], "risk": [0.025], "recall": [0.9815950920245399], "sensitivity": [0.9815950920245399], "precision": [0.9876543209876543], "tp": [160], "tn": [35], "specificity": [0.9459459459459459], "fn": [3]}}, "model": {"n_features": 15168183}, "data": {"path": "/scratch/adrouin/data/patric/single_species_datasets/tobramycin___-3225223558739261696/dataset.kover", "split": "train_0.800_seed_2_10_folds", "uuid": "b4e09d2e-0578-11e8-b4cb-001b2193b764"}, "predictions": {"binary": [0, 0, 0, 0, 0, 0, 0, 0, 0, 0, 1, 0, 0, 0, 0, 0, 0, 0, 0, 0, 0, 0, 1, 0, 0, 0, 0, 0, 0, 0, 0, 1, 0, 1, 0, 1, 0, 0, 0, 0, 0, 0, 0, 0, 0, 0, 1, 1, 1, 1, 1, 1, 1, 1, 1, 1, 1, 1, 0, 1, 1, 1, 1, 1, 1, 1, 1, 1, 1, 0, 1, 1, 1, 1, 1, 1, 1, 1, 1, 1, 1, 1, 1, 1, 1, 1, 1, 1, 1, 1, 1, 1, 1, 1, 1, 1, 1, 1, 1, 0, 1, 1, 1, 1, 1, 1, 1, 1, 1, 1, 1, 1, 1, 1, 1, 1, 1, 1, 1, 1, 1, 1, 1, 1, 1, 1, 1, 1, 1, 1, 1, 1, 1, 1, 1, 1, 1, 1, 1, 1, 1, 1, 1, 1, 1, 1, 1, 1, 1, 1, 1, 1, 1, 1, 1, 1, 1, 1, 1, 1, 1, 1, 1, 1, 1, 1, 1, 1, 1, 1, 1, 1, 1, 1, 1, 1, 1, 1, 1, 1, 1, 1, 1, 1, 1, 1, 1, 1, 1, 1, 1, 1, 1, 1, 1, 1, 1, 1, 1, 1, 1, 1, 1, 1, 1, 1, 1, 1, 1, 1, 1, 1, 1, 1, 1, 1, 1, 1, 1, 1, 1, 1, 1, 1, 1, 1, 1, 1, 1, 1, 1, 1, 1, 1, 1, 1, 1, 1, 1, 0, 1, 1, 1, 1, 1, 0, 1, 1, 1], "proba": [0.30927326602760696, 0.3477095900256536, 0.3476600045402196, 0.3476198693157949, 0.45188333915556944, 0.6396728489474015, 0.43629587864154723, 0.4663150948688652, 0.34770283756830966, 0.3477552287689073, 0.7755522998207439, 0.34763681601220164, 0.3477065025985621, 0.3476558964590156, 0.3476130944297852, 0.378355368814967, 0.3477079459884624, 0.3476212172565305, 0.3475566447211027, 0.34771971014286873, 0.3476524249917235, 0.3449566938140369, 0.7767575177899937, 0.34767880118772004, 0.3476790282410478, 0.6328743044157985, 0.3308522546468917, 0.3476538179421516, 0.42828334951513863, 0.3477770651801329, 0.34775484977714927, 0.8784911540817165, 0.4717868199348236, 0.7325573086514238, 0.3476851616799415, 0.8611247937034033, 0.3476512066061911, 0.5426517315147737, 0.4944013007415767, 0.4392805978882559, 0.4467052948368899, 0.3704418845293472, 0.5369710123437599, 0.4907386651909304, 0.34768288648629203, 0.3476425434000468, 0.8921449563288592, 0.8909619323353202, 0.8827702658234818, 0.8878131661925932, 0.8378903938634202, 0.8896907801911648, 0.9330014980161458, 0.888312410672341, 0.8940078344185771, 0.8982741581687788, 0.8905561782828777, 0.8945082483334934, 0.4842305847622984, 0.9270198666069044, 0.9324981192750569, 0.8827834045669752, 0.943255960761523, 0.9402370625465538, 0.8881691762875827, 0.9413630570578986, 0.8827853736850527, 0.8952042593625974, 0.89644739368806, 0.3594273057548226, 0.8827859336173318, 0.9030276334633067, 0.9305631250777022, 0.9541782746060249, 0.9518183635529085, 0.9479806909986771, 0.8827846038483074, 0.9012276000305937, 0.8827622384827519, 0.9432439193656708, 0.93385806208877, 0.8827360593330629, 0.9410096352800346, 0.9394625824917177, 0.9293559408120238, 0.922830664634822, 0.9108715662612168, 0.8827626100640174, 0.9032371079914705, 0.8827801353884823, 0.8828025966771557, 0.8827769531112917, 0.8827729046549817, 0.8978995509838985, 0.9146374603080097, 0.8953663161937102, 0.9392260089915493, 0.9266003416530558, 0.9103580464576981, 0.5154693774141219, 0.9442380146351225, 0.9429383548657112, 0.9634881003045767, 0.9766767619616861, 0.888371689632939, 0.936564703686977, 0.8932352254205576, 0.9138372097772207, 0.9047784875294795, 0.8920390897312137, 0.8827445055561568, 0.9148197749220034, 0.9495128730782422, 0.9476290355780401, 0.887275096004778, 0.9003360027412197, 0.9052779182883604, 0.9104964434977778, 0.9252380356631263, 0.9288331412975647, 0.9445217349137373, 0.9399864647759311, 0.9441265627968263, 0.9421270561301608, 0.9258722212854642, 0.9311921870780122, 0.9600116356523649, 0.9474695437307742, 0.9260667190257706, 0.9278799309434951, 0.9115726246378374, 0.8828072283901733, 0.9406324111961526, 0.8904190445866826, 0.9379706030304432, 0.9407337777724202, 0.8827497297723881, 0.8854639501352766, 0.8827632975449009, 0.9054039699912979, 0.8949471023782588, 0.9439220345282928, 0.9120106842390604, 0.9031955491934408, 0.8827874269887972, 0.9100519546989562, 0.9064108907261711, 0.8827869723072495, 0.8949324998821507, 0.8827714314244868, 0.8827454310251506, 0.882760925151904, 0.8827601512065464, 0.8827576732203901, 0.9223298562074345, 0.8827473710310554, 0.8954946561321425, 0.9076783776192727, 0.9187712694502256, 0.9102102758283817, 0.9325136676175085, 0.8932186657138327, 0.9237583147479479, 0.882753561233295, 0.882754276140417, 0.8828120972745407, 0.8828047249205059, 0.8976251776902839, 0.9066326401896984, 0.9217228989218037, 0.8823467060601773, 0.9502353804679047, 0.9200063770794151, 0.966090195497563, 0.9398018983912747, 0.8943441227408802, 0.8859261628987797, 0.8625383981588113, 0.8828207354656763, 0.8827741683429353, 0.9038776660954408, 0.8827918404829125, 0.8827828901059689, 0.89844761046938, 0.874302721934573, 0.8827810913600683, 0.88269900789219, 0.9514446790590338, 0.882732413600763, 0.8827649446894082, 0.8838105718529559, 0.8994475735027281, 0.8827317447700644, 0.8828100603526183, 0.8542393444287, 0.9379906559448405, 0.921317386460426, 0.9131052040004431, 0.8824309848351559, 0.8827183367460891, 0.9030807975698423, 0.8827260815405426, 0.9319965684687361, 0.932084656343231, 0.8859048360244494, 0.8874085243254685, 0.8827866833484588, 0.8827919633094998, 0.941310491998642, 0.8827704947260223, 0.8769377678908377, 0.9382944665438268, 0.9423952141384937, 0.9063149307376965, 0.884070609874995, 0.8828190423948932, 0.7732865813658951, 0.8827678542188563, 0.8595809825041691, 0.8827873056613907, 0.8911867994326407, 0.9035649920702515, 0.9028235499046781, 0.8963618623665907, 0.8853079373614788, 0.8827476917630749, 0.8827556543916749, 0.9111850815270469, 0.8813486978582267, 0.8827675092464188, 0.8827827784430026, 0.9474379485758345, 0.8827949866031639, 0.8828031236016594, 0.882742801674428, 0.882774925033246, 0.8995603554179159, 0.9216374987933796, 0.9213826939779757, 0.4345798595492133, 0.8947593137381278, 0.8729717349033622, 0.9007477915310651, 0.9308152437300671, 0.9292936129705361, 0.35539713392361566, 0.8850054965156825, 0.9307648424604982, 0.8827313971490123]}, "cv": {"hps": {"normalize_kernel": false, "degree": 1.0, "regularizer": 1e-05}, "score": 0.11499999999999999}}