{"metrics": {"test": {"fp": [3], "f1_score": [0.8936170212765957], "risk": [0.10638297872340426], "recall": [0.9130434782608695], "sensitivity": [0.9130434782608695], "precision": [0.875], "tp": [21], "tn": [21], "specificity": [0.875], "fn": [2]}, "train": {"fp": [0], "f1_score": [1.0], "risk": [0.0], "recall": [1.0], "sensitivity": [1.0], "precision": [1.0], "tp": [97], "tn": [92], "specificity": [1.0], "fn": [0]}}, "model": {"n_features": 37176168}, "data": {"path": "/scratch/adrouin/data/patric/single_species_datasets/amoxicillin_clavulanic_acid___2202579077548954665/dataset.kover", "split": "train_0.800_seed_7_10_folds", "uuid": "b775749e-05da-11e8-8d40-001b2193b764"}, "predictions": {"binary": [0, 0, 0, 0, 0, 0, 1, 0, 0, 0, 0, 0, 0, 0, 0, 0, 0, 0, 0, 0, 0, 0, 0, 0, 0, 0, 0, 0, 0, 0, 0, 0, 0, 0, 0, 0, 0, 0, 0, 0, 0, 0, 0, 0, 0, 0, 0, 0, 0, 0, 0, 0, 0, 0, 0, 0, 0, 0, 0, 0, 0, 0, 0, 0, 0, 0, 0, 1, 0, 0, 0, 0, 0, 0, 0, 0, 0, 0, 0, 0, 0, 0, 0, 0, 0, 0, 0, 0, 0, 0, 0, 0, 1, 0, 0, 0, 0, 0, 0, 0, 0, 0, 0, 0, 0, 0, 0, 0, 0, 0, 0, 0, 0, 0, 0, 0, 1, 1, 1, 1, 1, 1, 1, 1, 1, 1, 1, 1, 1, 1, 1, 1, 1, 1, 1, 1, 1, 1, 1, 1, 1, 1, 1, 1, 1, 1, 1, 1, 1, 1, 1, 1, 1, 1, 1, 1, 1, 1, 1, 1, 1, 1, 1, 1, 1, 1, 1, 1, 1, 1, 1, 1, 1, 1, 1, 1, 1, 1, 1, 1, 1, 1, 1, 1, 1, 0, 1, 1, 1, 1, 1, 1, 1, 1, 1, 1, 1, 1, 1, 1, 1, 1, 1, 1, 1, 1, 1, 1, 1, 1, 1, 1, 1, 1, 1, 1, 1, 1, 1, 1, 1, 1, 1, 1, 0, 1, 1, 1, 1, 1, 1, 1, 1, 1, 1, 1], "proba": [0.020062338235820067, 0.07163636072391424, 0.07164566502282195, 0.07170814533393352, 0.41654488815993895, 0.07168246908907018, 0.7191634151067446, 0.0717064683622968, 0.07164276211614377, 0.07165497359081054, 0.07161199368979076, 0.07162847520587518, 0.03846803515409663, 0.03828546726349268, 0.04432075448446799, 0.07168762895879283, 0.07165625756877425, 0.07119265852202016, 0.07155958727104851, 0.05229371868838806, 0.0716616074453647, 0.04268748585301193, 0.0715643256970278, 0.05497783347893873, 0.07161334027452797, 0.08259257792858701, 0.04569828854636997, 0.07158755422489842, 0.06863862514397938, 0.07171409804360207, 0.033799362466935726, 0.07162985434966428, 0.060221854751502484, 0.07165139479542869, 0.07351316103277047, 0.07159014418792789, 0.07162712867908633, 0.05943030803154535, 0.14596467127386673, 0.04703334434147014, 0.07169387311616689, 0.07162299431572156, 0.166270878787706, 0.07158981571236106, 0.07871947341519117, 0.07159290207745783, 0.033605068318284526, 0.07164293166737803, 0.07166183469618474, 0.07158046492370826, 0.07123646530938078, 0.0716297483054745, 0.07157092828483705, 0.07165865821010937, 0.0673309203828939, 0.24758150987278835, 0.049544855139184496, 0.07164060872601011, 0.07163327625471959, 0.07163610416310782, 0.07166945864179322, 0.05856165446445644, 0.07167626493039983, 0.033762399939306124, 0.07167863118896044, 0.0572179722795545, 0.0717058187889224, 0.5139904039540805, 0.0439708049691304, 0.048160397993472326, 0.0711434867106687, 0.06997481286518153, 0.18363303786885232, 0.07168435360931373, 0.07167921282558729, 0.09275497035621275, 0.056535616673344245, 0.07162250616276201, 0.04903489183123744, 0.03449123733068739, 0.0716456650228255, 0.0717099534161949, 0.07169525917019524, 0.17850534984867253, 0.07158125048187641, 0.05750607955976059, 0.07166806411745313, 0.060471742763844684, 0.03518057296870249, 0.04706392824865633, 0.058249734740003035, 0.05064267861661396, 0.5172238281655097, 0.025027248143006803, 0.07162946913410194, 0.07171128853320188, 0.07167288263682284, 0.07168206101783267, 0.07165331093868402, 0.07165637942618308, 0.05737752440067118, 0.054448092430626815, 0.04579842798373538, 0.22263353436351302, 0.24938105431080518, 0.07166619081720586, 0.06695904342553385, 0.07082687124727559, 0.04208164323855825, 0.07165736153318447, 0.29546553824591865, 0.07157742604144712, 0.07219820245440087, 0.07171070401132612, 0.07165444566950777, 0.052407867319081286, 0.9308647521541754, 0.9688643775059076, 0.9308793768986221, 0.9309474438298395, 0.9308496472060851, 0.9308066568759323, 0.9889834833078608, 0.9308648522701243, 0.9307817465959549, 0.9839144390833613, 0.9308715965345358, 0.7183571901975285, 0.9589042046755626, 0.9657536670177567, 0.9308633315763738, 0.9938354046077051, 0.9939350964669404, 0.9819665525358788, 0.9308811631112626, 0.9611400761888306, 0.9878937123263662, 0.6218830444484829, 0.9939161935593849, 0.9939161935593849, 0.9938765556666359, 0.983517875269697, 0.9926270759887313, 0.9514401977615027, 0.9875972253915499, 0.9835144798211648, 0.9309043008710178, 0.9309105755518409, 0.9308958913143075, 0.9308887578808027, 0.9556995671045531, 0.9729400615190041, 0.9510211577915314, 0.987231591802328, 0.9309089259554657, 0.9566906793156349, 0.9786287128879938, 0.9747294682779639, 0.9308301748553525, 0.9388239214719947, 0.9836212237662025, 0.9836513108254786, 0.930850899234026, 0.9836843002477084, 0.9835654015686695, 0.9875881853205476, 0.9641844920083699, 0.9518359054147963, 0.958590289750848, 0.9308932327316093, 0.9842431932855367, 0.9843151159165978, 0.9842201722855185, 0.9840527442722474, 0.9948986484856517, 0.9044261504948145, 0.5542340958267093, 0.9625707597196898, 0.9939151756815598, 0.9565986765517449, 0.9309056241742908, 0.9529987666736998, 0.9308328710941489, 0.9394461189057939, 0.9308128610054037, 0.3620861541494007, 0.9904450576163913, 0.93086900618085, 0.7562881570968465, 0.8293297998965475, 0.9309142017232451, 0.995748405971776, 0.9348487969151461, 0.930893326277924, 0.9308856088669123, 0.9308842070694605, 0.9376368277360266, 0.9934838702227237, 0.9723889042262527, 0.93196023369243, 0.9648381689488538, 0.9309009777228507, 0.9308464226346251, 0.9872993467060289, 0.9319396146617882, 0.9308392675340723, 0.9308756347508786, 0.9907432060644373, 0.980681414621711, 0.9425234263217074, 0.9962864398225314, 0.9793631617641336, 0.9733004017211024, 0.9706013561581945, 0.9782643443952176, 0.930876599162072, 0.9308343466357311, 0.9308584090715943, 0.956653841640994, 0.953213560588951, 0.9574712470005927, 0.9309255424262775, 0.9308695175757056, 0.9308549803713726, 0.451861956889846, 0.9646569354490371, 0.9308763181684725, 0.9308490886531975, 0.956532709572239, 0.9532383545855517, 0.9523075150391204, 0.9308967897173421, 0.9966413705180418, 0.9308083202306433, 0.9920302601477328, 0.9308446323942466]}, "cv": {"hps": {"normalize_kernel": false, "degree": 1.0, "regularizer": 0.0001}, "score": 0.08479532163742692}}