{"metrics": {"test": {"fp": [3], "f1_score": [0.9729729729729729], "risk": [0.03225806451612903], "recall": [0.9863013698630136], "sensitivity": [0.9863013698630136], "precision": [0.96], "tp": [72], "tn": [48], "specificity": [0.9411764705882353], "fn": [1]}, "train": {"fp": [3], "f1_score": [0.9928057553956834], "risk": [0.008], "recall": [0.9963898916967509], "sensitivity": [0.9963898916967509], "precision": [0.989247311827957], "tp": [276], "tn": [220], "specificity": [0.9865470852017937], "fn": [1]}}, "model": {"n_features": 999989}, "data": {"path": "/scratch/adrouin/data/patric/single_species_datasets/clindamycin___6654735289702248879/dataset.kover", "split": "train_0.800_seed_1_10_folds", "uuid": "0de5b0d0-080d-11e8-831c-001b2193b764"}, "predictions": {"binary": [1, 0, 0, 0, 0, 0, 0, 0, 0, 0, 0, 0, 0, 0, 0, 0, 0, 0, 0, 0, 0, 0, 0, 0, 0, 0, 0, 0, 0, 0, 0, 0, 0, 0, 0, 0, 0, 0, 0, 0, 0, 0, 0, 1, 0, 0, 0, 0, 0, 0, 0, 0, 0, 0, 0, 0, 0, 0, 0, 0, 0, 0, 0, 0, 0, 0, 0, 0, 0, 0, 0, 1, 0, 0, 0, 0, 0, 0, 0, 0, 0, 0, 0, 0, 0, 0, 0, 0, 0, 0, 0, 0, 0, 0, 0, 0, 0, 0, 0, 0, 0, 1, 0, 0, 0, 0, 0, 0, 1, 0, 0, 0, 0, 0, 0, 0, 0, 0, 0, 0, 0, 0, 0, 0, 0, 0, 0, 0, 0, 0, 0, 0, 0, 0, 0, 0, 0, 0, 0, 0, 0, 0, 0, 0, 0, 0, 0, 0, 0, 0, 0, 0, 0, 0, 0, 0, 0, 0, 0, 0, 0, 0, 0, 0, 0, 0, 0, 0, 0, 0, 0, 0, 0, 0, 0, 0, 0, 0, 0, 0, 0, 0, 0, 0, 0, 0, 0, 0, 0, 0, 0, 0, 0, 0, 0, 0, 0, 0, 1, 0, 0, 0, 0, 0, 0, 0, 0, 0, 0, 0, 0, 0, 0, 0, 0, 0, 0, 0, 0, 0, 0, 0, 0, 0, 0, 0, 0, 0, 0, 0, 0, 0, 0, 0, 0, 0, 0, 0, 0, 0, 0, 0, 0, 0, 0, 0, 0, 0, 0, 0, 0, 0, 0, 0, 0, 0, 0, 0, 0, 0, 0, 0, 0, 0, 0, 0, 0, 0, 0, 0, 0, 0, 0, 0, 1, 1, 0, 1, 1, 1, 1, 1, 1, 1, 1, 1, 1, 1, 1, 1, 1, 1, 1, 1, 1, 1, 1, 1, 1, 1, 1, 1, 1, 1, 1, 1, 1, 1, 1, 1, 1, 1, 1, 1, 1, 1, 1, 1, 1, 1, 1, 1, 1, 1, 1, 1, 1, 1, 1, 1, 1, 1, 1, 1, 1, 1, 1, 1, 1, 1, 1, 1, 1, 1, 1, 1, 1, 1, 1, 1, 1, 1, 1, 1, 1, 1, 1, 1, 1, 1, 1, 1, 1, 1, 1, 1, 1, 1, 1, 1, 1, 1, 1, 1, 1, 1, 1, 1, 1, 1, 1, 1, 1, 1, 1, 1, 1, 1, 1, 1, 1, 1, 1, 1, 1, 1, 1, 1, 1, 1, 1, 1, 1, 1, 1, 1, 1, 1, 1, 1, 1, 1, 1, 1, 1, 1, 1, 1, 1, 1, 1, 1, 1, 1, 1, 1, 1, 1, 1, 1, 1, 1, 1, 1, 1, 1, 1, 1, 1, 1, 1, 1, 1, 1, 1, 1, 1, 1, 1, 1, 1, 1, 1, 1, 1, 1, 1, 1, 1, 1, 1, 1, 1, 1, 1, 1, 1, 1, 1, 1, 1, 1, 1, 1, 1, 1, 1, 1, 1, 1, 1, 1, 1, 1, 1, 1, 1, 1, 1, 1, 1, 1, 1, 1, 1, 1, 1, 1, 1, 1, 1, 1, 1, 1, 1, 1, 1, 1, 1, 1, 1, 1, 1, 1, 1, 1, 1, 1, 1, 1, 1, 1, 1, 1, 1, 1, 1, 1, 1, 1, 1, 1, 1, 1, 1, 1, 1, 1, 1, 1, 1, 1, 1, 1, 1, 1, 1, 1, 1, 1, 1, 0, 1, 1, 1, 1, 1, 1, 1, 1, 1, 1, 1, 1, 1, 1, 1, 1, 1, 1, 1, 1, 1, 1, 1, 1, 1, 1, 1, 1, 1, 1, 1, 1, 1, 1, 1, 1, 1, 1, 1, 1, 1, 1, 1, 1, 1, 1, 1, 1, 1, 1, 1, 1, 1, 1, 1, 1, 1, 1, 1, 1, 1, 1, 1, 1, 1, 1, 1, 1, 1, 1, 1, 1, 0, 0, 0, 0, 0, 0, 0, 0, 0, 0, 0, 0, 0, 0, 0, 0], "proba": [0.8819731317837634, 0.0007730322973543951, 7.3857434654573e-05, 7.330946639533637e-05, 3.354867334559224e-07, 2.2438522966953777e-05, 8.152229473922068e-05, 2.3145713213740021e-07, 2.1221962862732735e-07, 6.495079556153033e-05, 4.626005652351166e-08, 8.720703961843574e-08, 4.581908711278473e-08, 1.7672774063446617e-05, 0.00028711034621932673, 2.608857495540658e-07, 0.0003967888932342166, 0.0003360949745377481, 3.884931700592103e-06, 0.0005777910549756432, 2.292059613261322e-07, 5.006924115160658e-06, 4.1129354977557776e-07, 2.4335977461332947e-08, 4.356863580191883e-07, 5.792790514122836e-06, 3.2835796331229616e-06, 3.254657004608287e-05, 6.044343217131686e-06, 0.39180624084217747, 1.2624691491352149e-05, 0.00024835659788264967, 9.932618515335319e-06, 8.713105390351759e-06, 5.477150905281269e-05, 4.120447003562162e-05, 1.6409560398359727e-05, 8.412857535739692e-06, 0.014695999379926529, 0.0007074744451961445, 7.742974907152845e-06, 0.0006860691423958744, 0.0009122634639929307, 0.9969345274672279, 0.017855013766088133, 0.0011279629724374766, 2.3304168677215278e-05, 0.0005723373122065213, 1.4627578945106056e-05, 0.0006257313105151423, 9.654028272890801e-06, 1.8806524090131715e-05, 0.00020806351016486655, 4.593222241403262e-06, 0.00026865534954651486, 1.047524947639828e-05, 8.057254354423829e-07, 7.064748280663059e-05, 0.001930644247692502, 6.986611865230108e-05, 3.258063950273667e-05, 9.166106107515593e-06, 5.828192435164278e-05, 0.0011613520215172566, 4.6050759210058695e-06, 9.461636068349497e-08, 3.1420101277521756e-06, 0.00014435037943433265, 1.181906491779418e-05, 6.064135032492259e-06, 1.3415552402435572e-06, 0.9990160962795795, 0.11943701160723143, 0.008541179401591985, 0.08360869024280915, 0.41613094914341436, 0.04704166576084064, 0.06557994853358907, 0.0021971135500287895, 0.006849828726591694, 7.160543473750853e-05, 1.3278056474964932e-05, 0.0758716186036144, 2.8793447650884466e-07, 0.007584184196493726, 0.0001417737502901286, 6.516259291256947e-07, 0.0016838759997036177, 6.016826050019701e-07, 0.36083150717614343, 0.0003731472959361814, 2.3594276719166463e-06, 0.0001226708774989983, 1.6037668481448316e-06, 6.523469277973424e-06, 3.1020533115204036e-06, 0.001009352711677001, 5.311845444275428e-06, 1.588961031405235e-05, 0.0009771174089063116, 0.0030051862234638234, 0.9794019733019137, 0.012018780460921941, 0.001042141019862908, 4.181093492408341e-07, 0.0012569740415087592, 0.00074585316594238, 7.444915652165947e-06, 0.9962343227981989, 1.7457628527894355e-05, 3.614922193697968e-08, 4.7073305106663976e-08, 5.690409720663624e-05, 9.920473698477673e-05, 0.00552661859477046, 7.941732471371363e-10, 0.0010411535692540746, 0.0002872689068051165, 2.1576980444804106e-06, 1.8852658568833858e-05, 0.00036381501613461423, 0.05077072660629462, 3.14695945556946e-05, 1.3425298785818658e-05, 1.5928071149066884e-05, 1.650130690791402e-05, 4.613270173037158e-06, 0.00011700189325646718, 0.0017889265716653593, 0.0001316455707758828, 3.322261895870524e-05, 4.709822393997899e-05, 5.103854626398044e-05, 3.564927461153516e-06, 7.801558518208796e-05, 3.9217983438771556e-08, 0.0019615560370132225, 2.2527732247753275e-08, 8.62775297943492e-06, 1.2611780505140706e-05, 0.031696284771693284, 0.054840568933754885, 1.650010496899064e-07, 0.0322167856984783, 1.3474070325816204e-08, 6.637469558408855e-05, 5.236711114456354e-05, 0.004034349668841835, 5.1087191359167065e-05, 0.00014242742511910464, 1.2816202958272356e-06, 4.5870805283149855e-05, 0.35439030352499606, 2.650897266756173e-05, 4.413372046490634e-05, 0.03873057014500564, 1.4940067740265266e-08, 0.00039847491425958363, 0.00026358883584366765, 7.138723591478376e-06, 4.322919054515576e-06, 2.0111567314327497e-06, 8.200572980402538e-06, 2.3628277520915524e-05, 3.079171008789238e-05, 9.955343769057632e-08, 0.0005113580287640483, 3.3087343298364534e-07, 2.8220357197464275e-05, 1.8685885952651918e-07, 0.000890961144540554, 3.473721171453641e-08, 3.58101353776102e-05, 2.0173401259592984e-05, 3.6757981155089094e-05, 1.605494116897669e-07, 3.161991307536181e-06, 6.964552183411746e-06, 9.962187591298002e-05, 2.356552129975628e-06, 2.15387918641118e-06, 2.203688267639357e-06, 0.0018671352368374258, 1.362876373473423e-06, 0.00354253079354011, 5.124567387637975e-07, 7.535334055562898e-07, 3.607658977630777e-05, 2.9224646083728265e-05, 3.914340207721807e-05, 1.3367649343838539e-05, 1.2929341180870372e-08, 0.0003784568530018944, 0.03841656535565047, 8.372791013851227e-06, 8.75557823759687e-07, 2.2936558878372804e-07, 3.8645700603271686e-05, 0.9923874516638115, 0.00042708133777266753, 6.361360888049936e-08, 5.271302184385571e-08, 3.0918045562994707e-05, 6.7429126045980085e-06, 0.0002055746646850601, 4.734017957995076e-06, 0.004831460058246658, 5.119687500782289e-07, 0.0003775063260128621, 6.935947463590273e-06, 9.234616821953036e-08, 0.0035434202047599345, 0.000664351852207526, 1.8644535636294593e-06, 0.04041626983559486, 8.961135810123358e-06, 8.452582850138214e-06, 2.050130048343746e-05, 1.9171297580153132e-05, 0.00025753814502768677, 0.00027831999152402604, 0.0009142245742347071, 0.00024361214921540965, 0.00016454030976306903, 8.8394410703294e-05, 0.00040130885934351585, 4.335947513804789e-05, 0.0007714754163792355, 7.546259915128795e-06, 3.541672840172581e-05, 