{"metrics": {"test": {"fp": [1], "f1_score": [0.5454545454545454], "risk": [0.19230769230769232], "recall": [0.42857142857142855], "sensitivity": [0.42857142857142855], "precision": [0.75], "tp": [3], "tn": [18], "specificity": [0.9473684210526315], "fn": [4]}, "train": {"fp": [7], "f1_score": [0.711111111111111], "risk": [0.12264150943396226], "recall": [0.7272727272727273], "sensitivity": [0.7272727272727273], "precision": [0.6956521739130435], "tp": [16], "tn": [77], "specificity": [0.9166666666666666], "fn": [6]}}, "model": {"n_features": 22502045}, "data": {"path": "/scratch/adrouin/patric_data/single_species_datasets/ciprofloxacin___-9072632565547958275/dataset.kover", "split": "train_0.800_seed_6_10_folds", "uuid": "913e09f2-07c0-11e8-8cac-001b2193b764"}, "predictions": {"binary": [0, 0, 0, 0, 0, 0, 0, 0, 0, 0, 1, 1, 0, 0, 0, 0, 1, 0, 0, 0, 0, 0, 0, 0, 0, 0, 0, 0, 0, 0, 1, 0, 0, 1, 0, 0, 0, 0, 0, 0, 1, 0, 0, 0, 0, 0, 0, 0, 0, 0, 1, 0, 0, 0, 0, 0, 0, 0, 0, 0, 0, 0, 0, 0, 0, 0, 0, 0, 0, 0, 0, 0, 0, 0, 0, 0, 0, 0, 0, 0, 0, 0, 0, 0, 0, 0, 0, 0, 0, 0, 0, 0, 0, 0, 0, 0, 0, 0, 0, 0, 1, 0, 0, 1, 0, 1, 1, 1, 1, 0, 0, 1, 1, 0, 1, 0, 1, 0, 0, 1, 1, 1, 0, 1, 1, 1, 1, 1, 1, 1, 0, 0], "proba": [0.5092925901887081, 0.5367227196090653, 0.5318692219757087, 0.5476888208196921, 0.5493892856397417, 0.5408064210364935, 0.5580952958037261, 0.5079571030731788, 0.5475787258307593, 0.5271814757351362, 0.4558956215844371, 0.45955513028641776, 0.5104498125811171, 0.5416368014101791, 0.518958239213859, 0.5063874593512041, 0.46484875563975786, 0.5148793816133925, 0.5181922050926748, 0.51685735836595, 0.5559971760588356, 0.5061741403408959, 0.5381986788796659, 0.5273562219685318, 0.5496596044703181, 0.5431389170014277, 0.5384066484251825, 0.5457531497789082, 0.54909347149006, 0.5330522533656793, 0.49361964196136005, 0.5100917175943577, 0.5472555370076253, 0.45909036940963177, 0.56160548996275, 0.5478224560689653, 0.5637002794656277, 0.5431626796139182, 0.5494275919771443, 0.5092194553394003, 0.4683461812280119, 0.5666285072015517, 0.54713486425596, 0.545800632214033, 0.512332739351114, 0.5049666716614877, 0.5510677762924702, 0.5385726007188077, 0.5515726938213946, 0.5407803431410672, 0.4491570818156522, 0.5529625349833578, 0.5585556598996234, 0.5520569277767777, 0.5393591967215751, 0.5499208729789481, 0.5692048687335454, 0.5463098882982552, 0.5705484622426906, 0.5486907898256769, 0.5453972969057943, 0.5543299863695595, 0.548282420533602, 0.54229345022249]}}