{"metrics": {"test": {"fp": [2], "f1_score": [0.42857142857142855], "risk": [0.0963855421686747], "recall": [0.3333333333333333], "sensitivity": [0.3333333333333333], "precision": [0.6], "tp": [3], "tn": [72], "specificity": [0.972972972972973], "fn": [6]}, "train": {"fp": [0], "f1_score": [1.0], "risk": [0.0], "recall": [1.0], "sensitivity": [1.0], "precision": [1.0], "tp": [30], "tn": [306], "specificity": [1.0], "fn": [0]}}, "model": {"n_features": 999979}, "data": {"path": "/scratch/adrouin/data/patric/single_species_datasets/aztreonam___7053822222416630118/dataset.kover", "split": "train_0.800_seed_0_10_folds", "uuid": "99159066-095d-11e8-a809-001b2193b764"}, "predictions": {"binary": [0, 0, 0, 0, 0, 0, 0, 0, 0, 0, 0, 0, 0, 0, 0, 0, 0, 0, 0, 0, 0, 0, 0, 0, 0, 0, 0, 0, 0, 0, 0, 0, 0, 0, 0, 0, 0, 0, 0, 0, 0, 0, 0, 0, 0, 0, 0, 0, 0, 0, 0, 0, 0, 0, 0, 0, 0, 0, 0, 0, 0, 0, 0, 0, 0, 0, 0, 0, 0, 0, 0, 0, 0, 0, 0, 0, 0, 0, 0, 0, 0, 0, 0, 0, 0, 0, 0, 0, 0, 0, 0, 0, 0, 0, 0, 0, 0, 0, 0, 0, 0, 0, 0, 0, 0, 0, 0, 0, 0, 0, 0, 0, 0, 0, 0, 0, 0, 0, 0, 0, 0, 0, 0, 0, 0, 0, 0, 0, 0, 0, 0, 0, 0, 0, 0, 0, 0, 0, 0, 0, 0, 0, 0, 0, 0, 0, 0, 0, 0, 0, 0, 0, 0, 0, 0, 0, 0, 0, 0, 0, 0, 0, 0, 0, 0, 0, 0, 0, 0, 0, 0, 0, 0, 0, 0, 0, 0, 0, 0, 0, 0, 0, 0, 0, 0, 0, 0, 0, 0, 0, 0, 0, 0, 0, 0, 0, 0, 0, 0, 0, 0, 0, 0, 0, 0, 0, 0, 0, 0, 0, 0, 0, 0, 0, 0, 0, 0, 0, 0, 0, 0, 0, 0, 0, 0, 0, 0, 0, 0, 0, 0, 0, 0, 0, 0, 0, 0, 0, 0, 0, 0, 0, 0, 0, 0, 0, 0, 0, 0, 0, 0, 0, 0, 0, 0, 0, 0, 0, 0, 0, 0, 0, 0, 0, 0, 0, 0, 0, 0, 0, 0, 0, 0, 0, 0, 0, 0, 0, 0, 0, 0, 0, 0, 0, 0, 0, 0, 0, 0, 0, 0, 0, 0, 0, 0, 0, 0, 0, 0, 0, 0, 0, 0, 0, 0, 0, 0, 0, 0, 0, 0, 0, 0, 0, 0, 0, 0, 0, 0, 0, 0, 0, 0, 0, 0, 0, 0, 0, 0, 0, 0, 0, 0, 1, 0, 0, 0, 0, 0, 0, 0, 0, 0, 0, 0, 0, 0, 0, 0, 0, 0, 0, 0, 0, 0, 0, 0, 0, 0, 0, 0, 0, 0, 0, 0, 0, 0, 0, 0, 0, 0, 1, 0, 0, 0, 0, 0, 0, 0, 0, 1, 1, 1, 1, 1, 1, 0, 1, 0, 1, 0, 1, 1, 1, 1, 1, 0, 1, 1, 1, 1, 1, 1, 0, 1, 1, 1, 1, 1, 1, 1, 1, 1, 1, 1, 1, 1, 0, 1, 0, 0, 0, 0, 0, 0, 0, 0, 0, 0, 0, 0, 0, 0, 0, 0, 0, 0, 0, 0, 0, 0, 0, 0, 0, 0, 0, 0, 0], "proba": [6.901600950966914e-08, 4.956471523511402e-06, 3.914000505929776e-06, 1.8135606305622082e-07, 2.835175718014046e-07, 8.471250017609092e-07, 6.39515365204964e-08, 3.7337145055822484e-08, 8.52532916934581e-06, 2.7312426635523923e-10, 8.469753457649675e-06, 1.0281861863142173e-09, 1.3675347651725686e-07, 6.223860719527462e-07, 5.096379259354924e-07, 1.6885888284346898e-06, 2.6764699616527918e-08, 4.431979638418476e-09, 1.3360811316931574e-10, 3.92124477992425e-10, 3.721745636064187e-07, 7.36544581672143e-12, 2.889932134256538e-10, 4.892835173125005e-08, 1.5506755159069671e-06, 1.6002654666839686e-10, 1.4372803764233118e-11, 1.1119417459738323e-07, 1.3252830424894309e-11, 6.805394658930471e-12, 5.0821351678433875e-06, 6.219525288361622e-12, 7.34211424278132e-09, 6.389755546072022e-08, 2.4941758860708226e-08, 4.027086492519708e-09, 1.64374472403139e-06, 4.893075220519246e-08, 5.217713330014377e-07, 8.08644885261845e-07, 1.4998798109690625e-07, 2.8290849470456563e-07, 7.474923476391626e-13, 5.4859060469423415e-06, 5.422316780816101e-10, 1.1955738926656652e-06, 1.122541768862218e-08, 4.886245164796482e-11, 9.970160688521937e-07, 1.1034192809109047e-06, 3.5017613001017956e-07, 7.625142170458785e-10, 3.089537431971964e-10, 1.3327306924768378e-10, 2.413389866467547e-09, 9.223756109964238e-09, 1.852238762875238e-11, 2.0608943653098602e-10, 2.85199417503801e-09, 2.2084166066235748e-11, 1.0668797115794661e-09, 6.803871981689909e-09, 5.067082562538105e-10, 8.84768511397975e-06, 2.258856520065921e-05, 1.880954699182408e-14, 3.309362911162909e-07, 2.952223206104782e-07, 7.885608622955999e-09, 7.96684636904683e-12, 2.806973637044477e-13, 3.4348950445119424e-10, 0.0005393674533702183, 2.2850372666468236e-06, 3.6897606774538154e-10, 3.3242874102556413e-06, 2.809965032372981e-07, 8.575075499498716e-06, 1.49722469766319e-07, 1.2752626207631338e-08, 1.966972264482468e-08, 4.5833013326206466e-12, 1.2913127972813913e-09, 1.821372045084384e-10, 3.2920937671619045e-08, 3.084737738394984e-06, 2.753627803498332e-09, 3.2969467708081066e-07, 5.123648422043906e-08, 2.5208888178657086e-06, 1.708817718755109e-07, 2.3461740305361033e-07, 1.0467137490316072e-08, 1.7328848593388324e-11, 3.457068245781453e-05, 2.368569448777497e-06, 5.527303645667258e-07, 1.0911314175090285e-07, 4.555485126062618e-07, 6.233600926452338e-07, 3.5481355648265745e-07, 2.506899129787961e-07, 5.139790514509934e-07, 2.2246737828233455e-07, 4.760006566575148e-07, 8.149092028140946e-07, 2.3377812571003815e-07, 5.242259194215499e-17, 4.0509416378181617e-07, 5.8480967332733814e-06, 3.5718947133426306e-10, 1.3149014910704068e-08, 8.290701553335519e-14, 3.7837014267855435e-05, 1.3966519791806267e-06, 9.278573350245872e-07, 6.351081166764463e-08, 6.738649994239334e-12, 1.2611880356375153e-07, 9.410315974252712e-08, 1.942324404002498e-12, 1.433375355257626e-10, 5.7876703861133275e-06, 5.940807657373652e-07, 9.23851116496842e-10, 5.740598056001064e-08, 5.231348729103379e-09, 2.7556072261228905e-11, 2.9606868994013896e-12, 5.478458575496061e-07, 5.7585286236675344e-11, 1.5334388219851913e-12, 6.187558641187166e-07, 1.2823638917568266e-10, 4.1336776158169826e-10, 2.11514290993513e-06, 6.167359649312148e-07, 5.501537606636672e-07, 1.18161012435243e-07, 7.428631786407273e-07, 3.9196547699992895e-10, 5.553684693271902e-06, 4.649860860928259e-12, 6.610245360464349e-07, 8.88613814467434e-09, 4.183168730945818e-07, 6.440721873098974e-10, 6.28984697200424e-05, 1.4902156854372209e-07, 2.9609478212654067e-07, 2.951445182069712e-05, 1.4879034306353837e-08, 2.0981423195045022e-09, 3.6165534695872216e-07, 2.064845506664273e-06, 3.553821604780012e-08, 4.918313174498239e-11, 1.2625981870995372e-11, 6.149520865568357e-12, 9.827793209832635e-16, 1.319443996808554e-07, 1.666472892348046e-10, 1.7220784191087798e-10, 2.5342238725557957e-07, 3.930392575405968e-06, 2.455368339904518e-10, 5.777204987814393e-07, 7.708411892947273e-10, 2.0079911638078059e-07, 4.192772120296411e-06, 5.1202066240061784e-05, 2.4506156521745357e-12, 2.5537589928551715e-10, 7.486050913484528e-07, 0.0017359797160392866, 1.3379129912868472e-06, 3.3727204128970687e-13, 6.872306874524106e-07, 1.5522773456440535e-05, 2.58190020171972e-06, 7.778115741029561e-08, 6.252454840334405e-07, 5.508668137836936e-09, 1.8040210535641185e-09, 3.530406409564013e-10, 1.5949813638246046e-08, 5.203446344747257e-07, 5.881092811833227e-07, 4.248189748561849e-07, 4.429840560637394e-08, 3.274690024328399e-10, 4.955942485339245e-06, 3.88540133500624e-05, 7.421601472736013e-08, 3.604642409739917e-08, 5.987680761770583e-09, 3.3085230875264748e-09, 1.0587900954931552e-05, 5.556261161597285e-08, 1.6084265430425994e-14, 5.009410416696594e-09, 9.449838347053517e-05, 1.2404872050246735e-06, 7.903179468570681e-07, 1.7620409204902145e-09, 4.0680703013389225e-07, 2.5534206722891754e-08, 2.0129351731954906e-10, 1.5494311031744344e-06, 2.2188272646130118e-14, 1.84639875674817e-05, 6.313739432100438e-13, 4.3140397703446215e-10, 3.187844015075208e-07, 5.797452208244318e-08, 2.939359020956146e-07, 1.257288553900299e-07, 1.164083756288268e-05, 1.494045355819737e-07, 3.3998730248200836e-07, 4.7207952304642444e-07, 3.3578715748562265e-07, 3.087626456418647e-08, 4.045988536051992e-07, 8.333050625495569e-07, 1.558636550070469e-14, 5.420822504036734e-07, 2.9436157389227477e-10, 1.0179433439839978e-11, 1.4350128786959694e-12, 3.6187444958597055e-07, 8.096224997933942e-07, 1.250465538428186e-07, 3.330763960696177e-10, 4.24157328648011e-07, 8.606593324435571e-06, 4.42999946248406e-06, 7.362623954214512e-07, 2.938919803196185e-07, 1.0194411004860305e-09, 3.556204652443936e-13, 2.4992468971761487e-08, 3.371594860395046e-09, 6.054197997285108e-11, 2.2135943181057536e-11, 5.839410345961124e-07, 4.254538251716274e-07, 1.3510327044600053e-07, 1.0203281155023486e-06, 1.279232152088082e-08, 1.4315904009607464e-07, 2.3985857360337973e-07, 1.81256615504916e-06, 1.9544618086725735e-07, 1.0074790133757132e-06, 