{"metrics": {"test": {"fp": [2], "f1_score": [0.9500000000000001], "risk": [0.07142857142857142], "recall": [1.0], "sensitivity": [1.0], "precision": [0.9047619047619048], "tp": [19], "tn": [7], "specificity": [0.7777777777777778], "fn": [0]}, "train": {"fp": [3], "f1_score": [0.9836065573770492], "risk": [0.02631578947368421], "recall": [1.0], "sensitivity": [1.0], "precision": [0.967741935483871], "tp": [90], "tn": [21], "specificity": [0.875], "fn": [0]}}, "model": {"n_features": 2918765}, "data": {"path": "/scratch/adrouin/data/patric/single_species_datasets/tetracycline___672792900560953954/dataset.kover", "split": "train_0.800_seed_5_10_folds", "uuid": "16eacfd6-07a3-11e8-ba8f-001b2193b764"}, "predictions": {"binary": [0, 0, 0, 0, 0, 0, 0, 0, 0, 1, 1, 1, 0, 0, 0, 0, 1, 0, 0, 0, 0, 1, 0, 0, 0, 0, 0, 0, 0, 0, 0, 0, 0, 1, 1, 1, 1, 1, 1, 1, 1, 1, 1, 1, 1, 1, 1, 1, 1, 1, 1, 1, 1, 1, 1, 1, 1, 1, 1, 1, 1, 1, 1, 1, 1, 1, 1, 1, 1, 1, 1, 1, 1, 1, 1, 1, 1, 1, 1, 1, 1, 1, 1, 1, 1, 1, 1, 1, 1, 1, 1, 1, 1, 1, 1, 1, 1, 1, 1, 1, 1, 1, 1, 1, 1, 1, 1, 1, 1, 1, 1, 1, 1, 1, 1, 1, 1, 1, 1, 1, 1, 1, 1, 1, 1, 1, 1, 1, 1, 1, 1, 1, 1, 1, 1, 1, 1, 1, 1, 1, 1, 1], "proba": [0.05238523876526598, 0.35563803390303045, 0.05387889123082654, 0.05388126818882201, 0.05392840067556739, 0.34247748619276475, 0.39557486740710734, 0.10533463562022637, 0.060318587805171874, 0.8890093613118147, 0.5826612031520447, 0.9075390937965992, 0.17868906233778212, 0.05389644285972292, 0.061415160681641136, 0.053072113192813, 0.5499873588982014, 0.053851042285158565, 0.3069325781935125, 0.0538769178911059, 0.051249997843909476, 0.6553507243096596, 0.05282871044831661, 0.051740794556475955, 0.05279459767188092, 0.05383969146269541, 0.05389644285972777, 0.39967007476545513, 0.053847057999058805, 0.05385844799849698, 0.052247647092909105, 0.05143361502697216, 0.0510906520155925, 0.9521170489251435, 0.9420858552585615, 0.9420973156256195, 0.9421205874688418, 0.9454142581632905, 0.9419949866557911, 0.9430614830108932, 0.9516115602488067, 0.9472460760043123, 0.9454510197632162, 0.9455937270213122, 0.946933612427997, 0.946709415073969, 0.948369975252743, 0.9462932277631135, 0.9463640031500539, 0.9509025326045457, 0.9446966344470106, 0.942026201470621, 0.9512863989814657, 0.9502026330747483, 0.9520580054303647, 0.949610303612609, 0.9441149146080037, 0.9515597865683568, 0.9421153690702605, 0.9502066552535259, 0.9463859853556736, 0.9520466802646805, 0.9380628008483896, 0.9472218539599846, 0.9420046475054967, 0.9414600087998425, 0.9420603355258691, 0.9510314066221817, 0.9489951799318174, 0.9516240148575412, 0.9520139742580864, 0.9483727078684803, 0.9421152543342182, 0.9530118681260618, 0.9515308641617256, 0.9478228215492355, 0.9424920717803482, 0.949946908650258, 0.95208592973029, 0.9542286188637432, 0.9545646509699702, 0.9504480940037867, 0.9517627309787848, 0.9506992567740471, 0.9420413468317284, 0.9520528571770753, 0.9487147567704834, 0.9421339407896564, 0.9533566158389278, 0.9460138956947798, 0.9503391497694504, 0.942057210930475, 0.9503284086206143, 0.9511555728411076, 0.9503925578313173, 0.9484037483591042, 0.9502679712677167, 0.9478072725019852, 0.9516038312661178, 0.8972960669774411, 0.9481872345946132, 0.9550729287941859, 0.9561217599159142, 0.9498476500555422, 0.9490164275337395, 0.954926651512624, 0.9328135733210792, 0.9420722316292005, 0.9420955538247966, 0.9420638240436331, 0.9420871751903513, 0.9420844981349515, 0.9396997509766117, 0.9434243219455943, 0.9420222981125831, 0.942094462113931, 0.9511817735605833, 0.9420932592849881, 0.9427711656842463, 0.9421118688717365, 0.9510169354084826, 0.9421902892728169, 0.9420359771860934, 0.9534194937981104, 0.9420277676406706, 0.953306468805946, 0.940290438869687, 0.9420823535998759, 0.9454562193471103, 0.9497299115376053, 0.951079670052274, 0.9512640591657257, 0.9503373300647421, 0.9421050432029788, 0.9419916912304153, 0.9452527386722641, 0.9420747572254272, 0.9435866649078579, 0.9420664867841299, 0.9420553686505966, 0.9469133826317078, 0.9420836615132805]}, "cv": {"hps": {"normalize_kernel": false, "degree": 1.0, "regularizer": 1e-05}, "score": 0.06136363636363636}}