{"metrics": {"test": {"fp": [1], "f1_score": [0.8888888888888891], "risk": [0.09782608695652174], "recall": [0.8181818181818182], "sensitivity": [0.8181818181818182], "precision": [0.972972972972973], "tp": [36], "tn": [47], "specificity": [0.9791666666666666], "fn": [8]}, "train": {"fp": [3], "f1_score": [0.9792284866468843], "risk": [0.018970189701897018], "recall": [0.9763313609467456], "sensitivity": [0.9763313609467456], "precision": [0.9821428571428571], "tp": [165], "tn": [197], "specificity": [0.985], "fn": [4]}}, "model": {"n_features": 19753177}, "data": {"path": "/scratch/adrouin/patric_data/single_species_datasets/clarithromycin___-8916328542551230855/dataset.kover", "split": "train_0.800_seed_8_10_folds", "uuid": "187d642c-547d-11e8-8d70-f0921c053df8"}, "predictions": {"binary": [0, 0, 0, 0, 0, 0, 0, 0, 0, 0, 0, 0, 0, 0, 0, 0, 0, 0, 0, 0, 0, 0, 0, 0, 0, 0, 0, 0, 0, 0, 0, 0, 0, 0, 0, 0, 0, 0, 0, 0, 0, 0, 0, 0, 0, 0, 0, 0, 0, 0, 0, 0, 0, 0, 0, 0, 0, 0, 0, 0, 0, 0, 0, 0, 0, 0, 0, 0, 0, 0, 0, 0, 0, 0, 0, 0, 0, 0, 0, 0, 0, 0, 0, 0, 0, 0, 0, 0, 0, 0, 0, 0, 0, 0, 0, 0, 0, 0, 0, 0, 0, 0, 0, 0, 0, 0, 0, 0, 0, 0, 0, 0, 0, 0, 0, 0, 0, 0, 0, 1, 0, 0, 0, 0, 0, 0, 0, 0, 0, 0, 0, 0, 0, 0, 0, 0, 1, 0, 0, 0, 0, 0, 0, 0, 0, 0, 0, 0, 0, 1, 0, 0, 0, 0, 0, 0, 0, 0, 0, 0, 0, 0, 0, 0, 0, 0, 0, 0, 0, 0, 0, 0, 0, 0, 0, 0, 0, 0, 0, 0, 0, 0, 0, 0, 0, 0, 0, 0, 0, 0, 0, 0, 0, 0, 0, 0, 0, 0, 0, 0, 0, 0, 0, 0, 0, 0, 0, 0, 0, 0, 0, 0, 0, 0, 0, 0, 0, 0, 0, 0, 0, 0, 0, 0, 0, 0, 0, 0, 1, 0, 0, 0, 0, 0, 0, 0, 0, 0, 0, 0, 0, 0, 0, 0, 0, 0, 0, 0, 1, 1, 1, 1, 1, 1, 1, 1, 1, 1, 1, 1, 1, 1, 1, 1, 1, 1, 1, 1, 1, 1, 1, 1, 1, 1, 1, 1, 1, 1, 1, 1, 1, 1, 1, 1, 1, 1, 1, 1, 1, 1, 1, 1, 1, 1, 1, 1, 1, 1, 1, 1, 1, 1, 0, 1, 1, 1, 1, 1, 1, 1, 1, 1, 1, 1, 1, 1, 0, 1, 1, 0, 1, 1, 1, 1, 1, 1, 1, 1, 1, 0, 1, 1, 1, 1, 1, 1, 1, 1, 1, 0, 1, 1, 1, 1, 1, 1, 1, 1, 1, 1, 1, 1, 1, 1, 1, 1, 1, 1, 1, 1, 1, 1, 1, 1, 1, 0, 1, 1, 1, 1, 1, 1, 1, 1, 1, 1, 0, 1, 1, 1, 1, 1, 0, 1, 1, 1, 1, 1, 1, 1, 1, 1, 1, 1, 1, 1, 1, 1, 1, 1, 1, 1, 1, 1, 1, 1, 1, 1, 1, 1, 1, 1, 1, 1, 1, 1, 1, 1, 1, 1, 1, 1, 1, 1, 1, 1, 0, 1, 1, 1, 1, 1, 1, 1, 1, 1, 0, 1, 0, 1, 1, 1, 1, 1, 1, 1, 1, 1, 1, 1, 1, 1, 1, 1, 1, 1, 1, 1, 0, 1, 1], "proba": [0.021124834987106125, 0.02403566957399244, 0.018038729347436996, 0.02389018743518578, 0.02404081884534222, 0.024043937990203445, 0.01712836988768745, 0.010160158429788457, 0.023948479940388463, 0.017007672028728407, 0.01871004152837798, 0.023965898024595027, 0.024166079598474378, 0.020631009524243397, 0.08186554895610847, 0.015621168956702127, 0.14694353368842689, 0.0240557985697419, 0.02419285436355367, 0.01591663774941729, 0.025150824336627475, 0.03561510731206134, 0.017916186004721727, 0.014930439883839557, 0.013139297711426752, 0.02181164828593982, 0.024013258436948546, 0.02404081312429421, 0.019940254631501078, 0.02402047668061396, 0.015820580885632995, 0.01000309302647964, 0.033004287152259386, 0.024027826072302118, 0.012811638851441398, 0.02381883808703557, 0.030724514988929592, 0.024029351535223006, 0.02267810705905837, 0.022569183061420743, 0.009918441812445711, 0.02403403901728841, 0.02308520138520303, 0.022734653098454138, 0.010762463240770149, 0.024018695866118833, 0.04227534873108001, 0.018083825712653493, 0.034927885812279666, 0.02403174239184578, 0.02403635559902558, 0.01479169340546462, 0.010506452369956646, 0.26154160861858017, 0.024031218445494735, 0.023941764100135897, 0.01012980595710874, 0.02402246835051903, 0.02045889106385088, 0.01793465984028549, 0.02404904706759045, 0.020463533283029987, 0.024044442085495357, 0.015488199773394749, 0.012452306705037362, 0.024025125580968667, 0.01745385557014623, 0.009591626422549229, 0.02403155531057576, 0.020461542615211537, 0.17590017645695485, 0.02084394758926367, 0.024014196150526024, 0.009762020071132377, 0.024033045004065664, 0.024043404806780445, 0.023984015866223143, 0.024041349452756, 0.0240160745712597, 0.022268094254509044, 0.023999301212203335, 0.015625629691190874, 0.00852431534659226, 0.02405442331455731, 0.024033333686687315, 0.021072503734488747, 0.027718220379379634, 0.024036962396574893, 0.02405126434978709, 0.011257623162574925, 0.017093232742067366, 0.03502575434285555, 0.024044329425197377, 0.01365463468856869, 0.00938317755764299, 0.008306479189263943, 0.024022665176114615, 0.024007207953597225, 0.015537238453811613, 0.024035689372024813, 0.024040903970945996, 0.010022234926195965, 0.021942536025476755, 0.024033241212664206, 0.01057954816991313, 0.06058962292633776, 0.02402961424135565, 0.01357470732262202, 0.026305384059150217, 0.018965888490146233, 0.01493487032013446, 0.024035956198047097, 0.031358297727418966, 0.010307902820484311, 0.018316733778189844, 0.036589246910965816, 0.024029697024832448, 0.024033679490566475, 0.016201408551136817, 0.5789865799997197, 0.018231597853300186, 0.011811198644778918, 0.0218155818853354, 0.021362043153048613, 0.023845159528777325, 0.024027568421499015, 0.01655004149123557, 0.024057052818008413, 0.024027534248527004, 0.021750047038431645, 0.023872257668133078, 0.023433187860438163, 0.024039332490278724, 0.029390670214022387, 0.014094409198777845, 0.024035949386638927, 0.9780983356165828, 0.020834553844123364, 0.02402098262341391, 0.024029257116290104, 0.024038457161154325, 0.022375724692730314, 0.015297128400305044, 0.01503779200286133, 0.020895176381650178, 0.02303001699368666, 0.013967820547858176, 0.012285393786905211, 0.023019676569074304, 0.9386504886115246, 0.024037921139328622, 0.024057365991429318, 0.02402976176262085, 0.01583142460582797, 0.024025160407174857, 0.023894183374865922, 0.014308458185818133, 0.024022986056357307, 0.009127706142579857, 0.009728096630834368, 0.02341761411822815, 0.024021715343722, 0.024057410996808255, 0.019432355447122365, 0.024030211810857037, 0.015624050591762731, 0.022766303665842508, 0.014951120799225412, 0.03569445510808571, 0.024005082305231584, 0.013037602454871356, 0.024044769280805126, 0.02352505067818522, 0.021698412041842127, 0.014425476981397775, 0.024024605082007117, 0.014338466507282661, 0.02317814977920557, 0.014201751315866077, 0.02042054399076754, 0.024030686095996626, 0.013911760425807693, 0.02403593111230498, 0.02787300176815436, 0.023500255036477877, 0.024042781792241636, 0.023983424462136235, 0.02325949982994919, 0.024021688569322002, 0.024035282925102312, 0.024038098777326617, 0.02866750551167647, 0.02405437432731332, 0.022265580658880433, 0.024030116917415956, 0.014354787190450113, 0.02051932592954002, 0.023403201529319975, 0.02402323421756192, 0.01465003694931432, 0.025831739565719013, 0.017254643555258454, 0.02403325475318698, 0.009371186179743241, 0.024028687695118293, 0.01851741882495176, 0.013071113923538002, 0.02001321795529567, 0.023986663164401574, 0.02372825211080984, 0.009845745319525158, 0.024059755198185595, 0.02105538595223503, 0.01948013690646311, 0.02401762604462958, 0.024058915703512887, 0.02385421754784492, 0.0324711479947604, 0.024039764632815038, 0.018854529129089026, 0.020628116558576437, 0.024013568143821624, 0.014511527636473075, 0.033275858237011895, 0.024033978162060158, 0.024022444914151585, 0.024021668202257592, 0.01409813590543925, 0.5, 0.06123468111729545, 0.04991502604288138, 0.01678684318717743, 0.021224805877467102, 0.024020665195536802, 0.019357554875602378, 0.014206106786415052, 0.02262361989232045, 0.02398559947055136, 0.021668794038028048, 0.02403846437850397, 0.01016898801806722, 0.017335812009695372, 0.02401646855542492, 0.023658122128002255, 0.12274569414096569, 0.01935869561262707, 0.01818273420561745, 0.016008194611233963, 0.8032171413022465, 0.9771912035190136, 0.9757338601819455, 0.9777249630709278, 0.9783437923024719, 0.9760292990571992, 0.9762481665407636, 0.9771939864426155, 0.9842012159307769, 0.978541916498774, 0.9757342705189506, 0.9757354413937199, 0.976511000031545, 0.9763941565868742, 0.9786302733078143, 0.9758967398688969, 0.9781832354440371, 0.9771955650861281, 0.9774271793037865, 0.9769604950861185, 0.9756843458879413, 0.9716194215127902, 0.9766383187409428, 