{"metrics": {"test": {"fp": [1], "f1_score": [0.9354838709677419], "risk": [0.0851063829787234], "recall": [0.90625], "sensitivity": [0.90625], "precision": [0.9666666666666667], "tp": [29], "tn": [14], "specificity": [0.9333333333333333], "fn": [3]}, "train": {"fp": [0], "f1_score": [1.0], "risk": [0.0], "recall": [1.0], "sensitivity": [1.0], "precision": [1.0], "tp": [88], "tn": [101], "specificity": [1.0], "fn": [0]}}, "model": {"n_features": 2970}, "data": {"path": "/scratch/adrouin/patric_data/single_species_datasets/amoxicillin_clavulanic_acid___2202579077548954665/dataset.kover", "split": "train_0.800_seed_9_10_folds", "uuid": "b775749e-05da-11e8-8d40-001b2193b764"}, "predictions": {"binary": [0, 0, 0, 0, 0, 0, 0, 0, 0, 0, 0, 0, 0, 0, 0, 0, 0, 0, 0, 0, 0, 0, 0, 0, 0, 0, 0, 0, 0, 0, 0, 0, 0, 0, 0, 0, 0, 0, 0, 0, 0, 0, 0, 0, 0, 0, 0, 0, 0, 0, 0, 0, 0, 0, 0, 0, 0, 0, 0, 0, 0, 0, 0, 0, 0, 0, 0, 0, 0, 0, 0, 0, 0, 0, 0, 0, 0, 0, 0, 0, 0, 0, 0, 0, 0, 0, 0, 0, 0, 0, 0, 0, 0, 0, 0, 0, 0, 0, 0, 0, 0, 0, 0, 0, 1, 0, 0, 0, 0, 0, 0, 0, 0, 0, 0, 0, 1, 1, 1, 1, 0, 1, 1, 1, 0, 1, 1, 1, 1, 1, 1, 1, 1, 1, 1, 1, 1, 1, 1, 1, 1, 1, 1, 1, 1, 1, 1, 1, 1, 1, 1, 1, 1, 1, 1, 1, 1, 1, 1, 1, 1, 1, 1, 1, 1, 1, 1, 1, 1, 1, 1, 1, 1, 1, 1, 1, 1, 1, 1, 1, 1, 1, 1, 1, 1, 1, 1, 0, 1, 1, 1, 1, 1, 1, 1, 1, 1, 1, 1, 1, 1, 1, 1, 1, 1, 1, 1, 1, 1, 1, 1, 1, 1, 1, 1, 1, 1, 1, 1, 1, 1, 1, 1, 1, 1, 1, 1, 1, 1, 1, 1, 1, 1, 1, 1, 1, 0, 0, 0, 0, 0, 0, 0, 0, 0, 0, 0, 0, 0, 0, 0, 0, 0, 0, 0, 0], "proba": [9.289013376426606e-05, 0.00031249293263454597, 0.0008878543669431434, 0.001150059752066969, 0.0004478904133624031, 9.739679133631305e-05, 0.0008732715644820764, 0.00030991380873237505, 0.0024708709548396015, 0.00011360643651148913, 0.00024108933902942137, 0.000597428857217163, 3.266600042169864e-05, 3.3118134891681996e-05, 0.00012033555028152485, 0.002286659079319894, 0.00013365609725795734, 2.4671862822886162e-05, 0.012354049608679146, 6.96490026613201e-05, 0.00016370590447524957, 0.0001726694161375806, 0.0006566639572924591, 4.060059357081186e-06, 0.0001295032084837733, 8.728872306221214e-05, 4.17047208718478e-05, 0.001141670645602235, 0.00018973093326016957, 0.00026105809569438416, 4.796968009506599e-05, 0.0005829985262768687, 0.00014184153842184088, 0.000259692989345517, 3.681987412724691e-05, 8.25120374719054e-05, 7.788915854977414e-05, 0.000175716292312861, 0.0005837325113445269, 9.442130502570517e-05, 0.0007373913160946712, 0.00017860620055482198, 0.00022710942004488803, 0.0010446912542414963, 0.00013677345929798493, 0.00034540344381031704, 5.016244884071247e-05, 0.00041777241160997355, 8.554864922529978e-05, 0.4370910681233293, 1.9593164744110267e-05, 0.0004983502383528272, 0.0014862671938109511, 0.0006504080469409575, 0.00026105809569438416, 0.0004045851667597959, 0.0001607731254434305, 0.0006520719984135087, 0.03899453909049384, 0.11357519480553889, 0.00018035706937640533, 1.2676995106109763e-05, 0.003760747955908943, 5.067412949421525e-05, 9.047476414433279e-05, 3.643188462497401e-05, 0.00018042068048432173, 0.00013757421084584158, 1.5838716744626273e-05, 1.664295691816587e-05, 0.00020154440248883085, 0.00018068674752653354, 0.0001290987717051265, 0.0001954376054637798, 0.0003648661271099299, 1.4784408258579235e-05, 0.00010171540672669906, 0.0010775823906811928, 0.00010819699889234691, 4.796968009506599e-05, 0.0004084984591842702, 6.177229195208405e-05, 0.0002088333182457421, 0.0007127971747097574, 0.0003005432289372245, 0.00012457036825286655, 0.0006580591964501489, 4.0623093538128375e-05, 1.4284760484618469e-05, 1.7360116564129598e-05, 4.176998348160961e-05, 2.7677056378453033e-05, 0.0003498731058783346, 0.00010315010357243157, 0.0014753022070280756, 0.0016084429837251474, 0.00018995767943201695, 0.0014450646374710955, 0.00019366875241192172, 5.546631411832264e-05, 5.8051720628956034e-05, 9.37379189729317e-06, 1.9138385836469364e-05, 4.0306205101089734e-05, 0.9011575892856477, 0.00013794873277259807, 1.593670344519735e-05, 0.00012793828268053766, 4.747232346208128e-05, 6.508973594672006e-05, 0.00012568208257798742, 7.106877801294846e-05, 0.00016370590447524957, 0.0003748465016986801, 0.00021002099812538958, 1.384886346899135e-05, 0.9996376191117703, 0.9999661535062109, 0.9998868540021101, 0.999720240145636, 0.2468835526813027, 0.9997629853035951, 0.9999571102422815, 0.9999364145636706, 0.1418273499500528, 0.999847191878973, 0.9389660754729555, 0.9999328175387844, 0.9947157417729876, 0.9995621262359595, 0.9988996695622676, 0.9999825092554888, 0.9999884200019141, 0.9994800641951906, 0.998855274847265, 0.9999979167693118, 0.9999296177482311, 0.7553733693976464, 0.9999543756859774, 0.9999543756859774, 0.9999543756859774, 0.9997490723994898, 0.9998973363820449, 0.9996421776129919, 0.9999730300299502, 0.9999462357684418, 0.9998033174850112, 0.9997088776042716, 0.9997131364888442, 0.9995757946783311, 0.9999636265846281, 0.9999434528631402, 0.9997505082163333, 0.9999809229214706, 0.9997493603030962, 0.9999636265846281, 0.9999551368471467, 0.9997574535586974, 0.998953334674488, 0.9999552795521802, 0.9999471358822061, 0.9999539283321331, 0.9993729076772541, 0.9999510844919401, 0.999947133829284, 0.9999730289825728, 0.9999464724429187, 0.9998614201200704, 0.9999079890365546, 0.9995852832935203, 0.9998459855722897, 0.9998459855722897, 0.9998459855722897, 0.9999111458494097, 0.9998541198446256, 0.9995957269641771, 0.9997744544663751, 0.9998626167521663, 0.9998061772380403, 0.9997855168778244, 0.9869593344942686, 0.9997798162163083, 0.9999968449979313, 0.9997146282344164, 0.9943907446649517, 0.9995361541194039, 0.9996002447157807, 0.02334081654046895, 0.9996394978552716, 0.9999167141714399, 0.9998694845504702, 0.9940188341943929, 0.9996138706199948, 0.9986128410540621, 0.9993830281135562, 0.9998428086036363, 0.9998502140203464, 0.9997855776844975, 0.9999219681905939, 0.9998980766373825, 0.9998481186256739, 0.9988132240268764, 0.9997808312601318, 0.9999656202057772, 0.9999625152334328, 0.9995727700653078, 0.9978157943290952, 0.9999424525812705, 0.9992985175275534, 0.9997230767020361, 0.9999889197545643, 0.9997465939018418, 0.9999868540854158, 0.9999829515164556, 0.99998498767466, 0.9999166414048489, 0.9998725281550546, 0.9999364875889234, 0.9997800802240479, 0.9997655920391738, 0.9997716608872036, 0.9989209538408849, 0.9993065480943362, 0.9997803226542578, 0.9977455167969732, 0.999766992515858, 0.9999166414048489, 0.8062458452146501, 0.9997798162163083, 0.9998987706443141, 0.999632499817787, 0.9870303909335243, 0.998293089928788, 0.9992640584645399, 0.9999797720534854, 0.9996628991483977, 0.5, 0.5, 0.5, 0.5, 0.5, 0.5, 0.5, 0.5, 0.5, 0.5, 0.5, 0.5, 0.5, 0.5, 0.5, 0.5, 0.5, 0.5, 0.5, 0.5]}}