{"metrics": {"test": {"fp": [4], "f1_score": [0.9454545454545454], "risk": [0.08695652173913043], "recall": [0.9629629629629629], "sensitivity": [0.9629629629629629], "precision": [0.9285714285714286], "tp": [52], "tn": [11], "specificity": [0.7333333333333333], "fn": [2]}, "train": {"fp": [8], "f1_score": [0.975929978118162], "risk": [0.039568345323741004], "recall": [0.9867256637168141], "sensitivity": [0.9867256637168141], "precision": [0.9653679653679653], "tp": [223], "tn": [44], "specificity": [0.8461538461538461], "fn": [3]}}, "model": {"n_features": 6864155}, "data": {"path": "/scratch/adrouin/data/patric/single_species_datasets/tetracycline___-736338835843459561/dataset.kover", "split": "train_0.800_seed_6_10_folds", "uuid": "9aaa5c84-07f7-11e8-bc88-001b2193b764"}, "predictions": {"binary": [0, 0, 0, 0, 0, 0, 0, 0, 0, 0, 0, 0, 0, 0, 0, 1, 0, 0, 0, 0, 0, 0, 1, 0, 0, 0, 0, 0, 0, 1, 1, 0, 0, 1, 0, 1, 1, 0, 0, 0, 0, 0, 0, 0, 0, 0, 0, 0, 0, 0, 0, 0, 1, 0, 1, 0, 0, 0, 0, 0, 1, 0, 0, 1, 0, 0, 1, 1, 0, 1, 1, 1, 1, 1, 1, 1, 1, 1, 1, 1, 1, 1, 1, 1, 1, 1, 1, 1, 1, 1, 1, 1, 1, 1, 1, 1, 1, 1, 1, 1, 1, 1, 1, 1, 1, 1, 1, 1, 1, 1, 1, 1, 1, 1, 1, 1, 1, 1, 1, 1, 1, 1, 1, 1, 1, 1, 1, 1, 1, 1, 1, 1, 1, 1, 1, 1, 1, 1, 1, 1, 1, 1, 1, 1, 1, 1, 1, 1, 1, 1, 1, 1, 1, 1, 1, 1, 1, 1, 1, 1, 1, 1, 1, 1, 1, 1, 1, 1, 1, 1, 1, 1, 1, 1, 1, 1, 1, 1, 0, 1, 1, 1, 1, 1, 0, 1, 1, 1, 1, 1, 1, 1, 1, 1, 1, 1, 1, 0, 1, 1, 1, 1, 1, 1, 1, 1, 1, 1, 1, 1, 1, 1, 1, 1, 1, 1, 1, 1, 1, 1, 1, 1, 1, 1, 1, 1, 1, 1, 1, 1, 1, 1, 1, 1, 1, 1, 1, 1, 1, 1, 1, 1, 1, 1, 1, 1, 1, 1, 1, 1, 1, 1, 1, 1, 1, 1, 1, 1, 1, 1, 1, 1, 1, 1, 1, 1, 1, 1, 1, 1, 1, 1, 1, 1, 1, 1, 1, 1, 1, 1, 1, 1, 1, 1, 1, 1, 1, 1, 1, 1, 1, 1, 1, 1, 1, 1, 1, 1, 1, 1, 1, 1, 1, 1, 1, 1, 1, 1, 1, 1, 1, 1, 1, 1, 1, 1, 1, 1, 1, 1, 1, 1, 1, 1, 1, 1, 1, 1, 1, 1, 1, 1, 1, 1, 1, 1, 1, 1, 1, 1, 1, 0, 1, 1, 1, 1, 1], "proba": [0.1244402054723272, 0.023924115429374556, 0.17471627331441814, 0.12444945946543713, 0.12442395580249277, 0.11496269945557569, 0.12445171771046466, 0.12438525291611628, 0.12082901391159954, 0.11614538078567314, 0.1285094260218154, 0.13339388666139138, 0.12445077852298037, 0.12444423518286597, 0.12442695793298893, 0.7716151722260433, 0.1244234213794744, 0.12445458822627238, 0.12444450336318616, 0.12445130132224043, 0.07447751618982319, 0.5444870531377406, 0.8703307801535294, 0.12443348488374391, 0.139702034163248, 0.1244237587913773, 0.139663121323269, 0.12444857351495706, 0.1244492597673893, 0.8832834667977546, 0.6952621858493686, 0.22052145344182567, 0.12444589710772136, 0.8770234066875022, 0.12444938136921012, 0.8043437923330184, 0.8695105828764503, 0.014496915367216114, 0.15838652306952616, 0.016168169183655077, 0.22690795800224903, 0.26007863616863397, 0.21960000422037304, 0.22363726875563217, 0.12444164632049258, 0.18307064956707797, 0.029928972372573196, 0.10567457832415976, 0.12443302923559584, 0.01370897233289669, 0.12445611157808953, 0.12443442172936099, 0.8265130948805046, 0.5, 0.7785600306658141, 0.1404788687350155, 0.17091759950627874, 0.10469662368942718, 0.01696997113210659, 0.011785176871230187, 0.8838454145225325, 0.1244391349603217, 0.2682077744570165, 0.9386820624222462, 0.016617533887698793, 0.12443008773020992, 0.8367869293942798, 0.9944607273643009, 0.2728979266686529, 0.9146307647765332, 0.9947888600318009, 0.994663283392727, 0.9965229554349118, 0.9936028406443917, 0.9935807773160394, 0.9946436006968711, 0.9946332921058947, 0.8481833637851861, 0.9926713195133209, 0.9940094355134668, 0.9960683428598616, 0.9753422072850751, 0.9961370726611817, 0.995170767517827, 0.9014752110501238, 0.748802086375036, 0.9999848595223884, 0.9945439412554533, 0.9948279907656815, 0.9999944616851184, 0.9930651420333999, 0.9955711639005755, 0.9929904797772109, 0.9949275979044472, 0.9930827229130346, 0.8800120641479059, 0.9961401842867931, 0.9265764350485304, 0.9941703358666202, 0.9999918933396719, 0.9528578232902578, 0.9953836539016, 0.9843730450222655, 0.9530096181763856, 0.9931874733040821, 0.9999850294441904, 0.9659253988712909, 0.9440136284672233, 0.9495163935215183, 0.9630547650085718, 0.9916454596852496, 0.9953043779533187, 0.9941627767813496, 0.9957409476760134, 0.9951557162801498, 0.9146722963941356, 0.9146605244245596, 0.9146570677413972, 0.9146798871142695, 0.9948157597913011, 0.9945725188576563, 0.9945940696044978, 0.9930929395482765, 0.9956549914435805, 0.992825976717904, 0.9938231758320835, 0.9943740279434514, 0.9716464566846726, 0.9950662483435259, 0.9956364792419434, 0.949561146368389, 0.9641483263425727, 0.922760814498, 0.9953570191462645, 0.9146729519506555, 0.9939399608803003, 0.9177409130473352, 0.914660920634479, 0.9945897464362426, 0.9950034609342514, 0.9965513134102432, 0.9959422601410115, 0.993704805274913, 0.9939895598855377, 0.9946119688204935, 0.995030888663347, 0.9954132335024891, 0.9961044740162038, 0.9146735356702383, 0.994295109178633, 0.9934754655312971, 0.9939212855352582, 0.9950596399561836, 0.8726167324839768, 0.9939631561564161, 0.9957173425151069, 0.9940662252312664, 0.9146679525607296, 0.99542209039831, 0.8601032273429776, 0.9146504951234379, 0.9955926187950355, 0.9952073638421649, 0.9953245539382051, 0.9959133244456182, 0.9967117343494736, 0.9146588950692467, 0.9950093347417828, 0.9951217965113102, 0.9953172940034887, 0.9960457927924561, 0.9954702607159057, 0.99078627022977, 0.9369247863870235, 0.9146698767433056, 0.9309177915567023, 0.914661427552087, 0.9272599961636139, 0.2866948020018755, 0.9146679598605879, 0.914673006043995, 0.9146624343753414, 0.9146252065586753, 0.9146021103303192, 0.3781703442795381, 0.9232897818316956, 0.9146635440738473, 0.914687236981151, 0.9146580361603578, 0.9146656084021412, 0.9726054774257035, 0.9146725361428459, 0.9530288324148951, 0.9358126762148586, 0.9487622021999729, 0.928526165558368, 0.9146601234771928, 0.27693681488706606, 0.9460450811744419, 0.9435352474150727, 0.9294675080237342, 0.9414708863032832, 0.9146651540743063, 0.9146657095171455, 0.9951455447726886, 0.970352025004243, 0.9999983740475661, 0.9428887720495712, 0.8998973458383176, 0.9330769568091636, 0.9516420748211097, 0.9918955982014723, 0.9936950308711235, 0.9932294681643199, 0.9961622080569273, 0.9906412934415104, 0.9941887872054295, 0.9935292646159791, 0.9930999783068806, 0.9922442285993304, 0.9920298612778468, 0.9918018683139129, 0.9961510259675904, 0.9146750871332857, 0.9939706475506874, 0.9146582785280956, 0.9146692160130895, 0.9158277232183, 0.9366814111708445, 0.9957614421406127, 0.9955385319205574, 0.9951089005981731, 0.9951296840939599, 0.9964846785072692, 0.9948527573333215, 0.9951550875645087, 0.9951203715404864, 0.9999959551081526, 0.9950384782024959, 0.9953549775277104, 0.92587583301146, 0.9884657412085877, 0.994709781917507, 0.9935526979918792, 0.9942518630716847, 0.9941141462359074, 0.996114146603632, 0.9031494795306423, 0.9962023213377899, 0.9963637793199117, 0.9947310401394117, 0.994558702316344, 0.9942314385844431, 0.9954406159210134, 0.9146614266021087, 0.9537303977868543, 0.9146600931152092, 0.9950057224441831, 0.9929307231142717, 0.9510658502839299, 0.9927164690144622, 0.903537563923147, 0.9952968881858547, 0.9146573633064057, 0.9948244627764281, 0.993090855091695, 0.9922023542933113, 0.9250871113773277, 0.9146514654168445, 0.9146492862673445, 0.9930822672200696, 0.933915046366545, 0.929393515327094, 0.914666890168435, 0.9146505475690191, 0.9951901542372686, 0.9944776743866631, 0.9146719424165353, 0.9955429322709956, 0.9173649201072706, 0.914672055448732, 0.8489876614831526, 0.917686375165381, 0.9651626033301538, 0.920566377388973, 0.9146695906436582, 0.9146542538551525, 0.9146686378333144, 0.9146586109153934, 0.9146541130856594, 0.9146654545929441, 0.9146648522264037, 0.9433233946002001, 0.9146855727019294, 0.9758901850418902, 0.9615666228623758, 0.9639912871243129, 0.9710222482746719, 0.9396104498381792, 0.972765319756175, 0.9510465075509942, 0.9950241428732274, 0.9688104049279999, 0.8818703187978832, 0.914659135755011, 0.9347034847785888, 0.9301873890487236, 