{"metrics": {"test": {"fp": [4], "f1_score": [0.9397590361445783], "risk": [0.0641025641025641], "recall": [0.975], "sensitivity": [0.975], "precision": [0.9069767441860465], "tp": [39], "tn": [34], "specificity": [0.8947368421052632], "fn": [1]}, "train": {"fp": [0], "f1_score": [1.0], "risk": [0.0], "recall": [1.0], "sensitivity": [1.0], "precision": [1.0], "tp": [174], "tn": [140], "specificity": [1.0], "fn": [0]}}, "model": {"n_features": 1404}, "data": {"path": "/scratch/adrouin/patric_data/single_species_datasets/azithromycin___672792900560953954/dataset.kover", "split": "train_0.800_seed_8_10_folds", "uuid": "27963fe0-0790-11e8-8774-001b2193b764"}, "predictions": {"binary": [0, 0, 0, 0, 0, 0, 0, 0, 0, 0, 0, 0, 0, 0, 0, 0, 0, 0, 0, 0, 0, 0, 0, 0, 0, 0, 0, 0, 0, 0, 0, 0, 0, 0, 0, 0, 1, 0, 0, 0, 0, 0, 0, 0, 0, 0, 1, 0, 0, 0, 0, 0, 0, 0, 0, 0, 0, 0, 0, 0, 0, 0, 0, 0, 0, 0, 0, 0, 0, 0, 0, 0, 0, 0, 0, 0, 0, 0, 0, 0, 0, 0, 0, 0, 0, 0, 1, 0, 0, 0, 0, 0, 0, 0, 0, 0, 0, 0, 0, 0, 0, 0, 0, 0, 0, 0, 0, 0, 0, 0, 0, 0, 0, 0, 0, 1, 0, 0, 0, 0, 0, 0, 0, 0, 0, 0, 0, 0, 0, 0, 0, 0, 0, 0, 0, 0, 0, 0, 0, 0, 0, 0, 0, 0, 0, 0, 0, 0, 0, 0, 0, 0, 0, 0, 0, 0, 0, 0, 0, 0, 0, 0, 0, 0, 0, 0, 0, 0, 0, 0, 0, 0, 0, 0, 0, 0, 0, 0, 1, 1, 1, 1, 1, 1, 1, 1, 1, 1, 1, 1, 1, 1, 1, 1, 1, 1, 1, 1, 1, 1, 1, 1, 1, 1, 1, 1, 1, 1, 1, 1, 1, 1, 1, 1, 1, 1, 1, 1, 1, 1, 1, 1, 1, 1, 1, 1, 1, 1, 1, 1, 1, 1, 1, 1, 1, 1, 1, 1, 1, 1, 1, 1, 1, 1, 1, 1, 1, 1, 1, 1, 1, 1, 1, 1, 1, 1, 1, 1, 1, 1, 1, 1, 1, 1, 1, 1, 1, 1, 1, 1, 1, 1, 1, 1, 1, 1, 1, 1, 1, 1, 1, 1, 1, 1, 1, 1, 1, 1, 1, 1, 1, 1, 1, 1, 1, 1, 1, 1, 1, 1, 1, 1, 1, 1, 1, 1, 1, 1, 1, 1, 1, 1, 1, 1, 1, 1, 1, 1, 1, 1, 1, 1, 1, 1, 1, 1, 1, 1, 1, 1, 1, 1, 1, 1, 1, 1, 1, 1, 1, 1, 1, 1, 1, 1, 1, 1, 1, 1, 1, 1, 1, 1, 1, 1, 1, 1, 1, 1, 1, 1, 1, 1, 1, 1, 1, 1, 1, 1, 1, 1, 1, 1, 1, 1, 1, 1, 1, 1, 1, 1, 1, 1, 1, 1, 1, 1, 1, 1, 1, 1, 0, 1, 0, 0, 0, 0, 0, 0, 0, 0, 0, 0, 0, 0, 0, 0, 0, 0, 0, 0, 0, 0, 0, 0, 0, 0, 0, 0, 0, 0, 0, 0, 0, 0, 0, 0, 0, 0, 0, 0, 0, 0, 0, 0, 0, 0, 0, 0, 0, 0, 0, 0, 0, 0, 0, 0, 0, 0], "proba": [0.009119919728371197, 0.0013333846879343514, 0.046651939871164894, 0.0005084247388589908, 0.012588406490919725, 0.008886977853284664, 0.005409617913938298, 0.013811105856923236, 0.008077743344731454, 0.0006112830847973978, 0.0001473131478582725, 0.00027823640916166804, 0.00046796544731784654, 0.00042304498908737333, 0.007285721445653056, 0.007849425077710324, 0.004519983091456278, 0.0013888850652139816, 0.0011712535723283183, 0.17513526000301274, 0.0056832578023591, 0.26396654551839005, 0.0006363580098339889, 0.029734375235743096, 0.00042560114112281385, 0.0021841532586829144, 0.0012812439142372714, 0.002308270541324182, 0.02059137451269149, 0.00033405560916859896, 0.0013613705786209383, 0.0025219836651459754, 0.004698858834096989, 0.001645612661865637, 0.01628618682437109, 0.0073468833581250914, 0.8581684142074989, 0.0006241395979719453, 0.10612359320760512, 0.0007562401974854626, 0.0005531938865629384, 0.0008194753767264627, 6.671650106689207e-05, 0.03619020437843462, 0.01359467111433777, 0.0038716319347725224, 0.9140580220477962, 0.015453545632072175, 0.0033877921199661535, 0.00915822758808899, 0.003948188793168428, 0.0003209258308457213, 0.0007389374195808885, 0.0003527553498087561, 0.0008126324586606316, 0.05938530814547802, 0.0030239982781298923, 0.00014403189705294292, 0.0009558819444318043, 0.0001310933719594506, 0.010815008043882099, 0.0004961169471496417, 0.0007100153952403955, 0.0013092234440440947, 0.00038592371995718375, 0.0004445078985913977, 0.009211615737939353, 0.006831360440619787, 0.003065285151382978, 0.0006446938815509831, 0.0008904260238252957, 0.026778548966832853, 0.00028861438301975233, 0.021128467071184053, 0.0008391610175601492, 0.0006627068604696646, 0.0016901966964018686, 0.012605779959519682, 0.021373257654282433, 0.0016670547407899605, 0.0009146313797256865, 0.00026500488251163636, 0.001101053545717078, 0.000599022913993704, 0.0013071799171725535, 0.009013894827099158, 0.6025023587357544, 0.0011703604681675998, 0.0013885321668429635, 0.0004519159002498927, 0.007846922229358053, 0.0006156162299700716, 0.00021711912570093669, 8.148260930611506e-05, 0.0014340314264704287, 0.0009601629327889089, 0.005957887449494533, 0.00013151165205862875, 2.9419327551476798e-05, 0.00018155860960695445, 0.017143367125613013, 0.015320953870351225, 0.01877141653797876, 0.0046652873559720415, 0.05229979806315733, 0.004551921279180352, 0.025259622269637825, 0.0010911565831280856, 0.00034114749661081105, 0.025556654098789322, 0.0029329346012182795, 0.0014228212702424158, 0.010871798605115637, 0.005412707015132672, 0.010484579647619067, 0.803775199180469, 0.004234777388640919, 0.002880224681158232, 0.13855410342185331, 0.005656639580531487, 0.0014792825059873336, 0.006513367318791088, 0.00016618154870166887, 0.00033033869560920436, 0.0026281423200451076, 0.002722790031608962, 3.883332687415619e-05, 0.0004407506142004142, 0.00013096866697572804, 0.00262105483341496, 0.008321565690079793, 0.000860392913606437, 0.004748344049903395, 0.03378198884964242, 0.10464048324600142, 0.017924564885836665, 0.0010742518486726367, 0.020802417857151794, 0.014526227384045444, 0.005778848421510935, 0.0043161768870594855, 0.0068131919592044, 0.002916134037234391, 0.05409823692448512, 0.02889492253198707, 0.0016265849160321624, 0.0006007661156075232, 0.0004018888040655746, 0.026599291381990537, 0.0170304152847562, 0.003742562136846872, 0.004231008796448403, 0.003895660933018353, 0.0007871744524377542, 0.0030360967558378396, 0.005135754876593062, 0.0004676480399114158, 0.019841677285620557, 0.005666314837947707, 0.00011612198282639824, 0.0054809386745168515, 0.0035079978265848966, 0.0009271960770042539, 0.0026508538371456387, 0.008751960480207332, 0.0059243810384995875, 0.001089219492323964, 0.0009982436910583373, 0.00019126273586096522, 0.0034474598469193527, 0.006754873729219143, 0.0034904614914926246, 0.0663537928820138, 0.02232602325984129, 0.06509574212371669, 0.007679810954933639, 0.0015770489824786535, 0.024512470909727996, 0.9964097026131381, 0.9922226015896052, 0.9992735489829877, 0.9987952809434876, 0.9933155655086855, 0.9990017124574636, 0.9994162669782929, 0.9995809017314046, 0.9997519441640852, 0.9999722215361833, 0.9998812322302176, 0.9983703237395559, 0.9996979197168899, 0.9991702229907933, 0.999646860804045, 0.9870443284821618, 0.9858713831468604, 0.9998648364665175, 0.9992570578699643, 0.9658107934456098, 0.9999931248211644, 0.9989039678255738, 0.9952281313169311, 0.9999205075572525, 0.9987217105301631, 0.9997449232879899, 0.9999700515060368, 0.9714829263715412, 0.9999319122466785, 0.999827630135038, 0.9999892522875419, 0.9999049657523202, 0.9998374895283089, 0.9999273670139865, 0.9999509488006233, 0.9998701805615708, 0.9999936698050914, 0.9999763381435055, 0.9998546203786359, 0.9960669970723894, 0.9974363581129234, 0.9996553494825077, 0.9989690046276952, 0.9986950622199724, 0.9999837056600893, 0.9830153356126216, 0.9917273158211762, 0.9997766286506099, 0.9989623156357533, 0.9999806660690798, 0.9999893416450794, 0.9991561960825522, 0.9993301804260692, 0.9992826444731995, 0.9960001860974599, 0.9999160692376872, 0.9999697651376673, 0.9873762246961227, 0.9999796041172564, 0.9999890828851536, 0.9999522484418037, 0.9999723658895954, 0.9999353203597392, 0.9985368616464744, 0.9991192175543832, 0.9990621720988953, 0.9989260489961572, 0.997637078937531, 0.9993170674801443, 0.999947171280455, 0.9986076860597478, 0.9998145702337473, 0.9995897317177939, 0.9999437221937808, 0.9993733440946346, 0.9999964600788012, 0.996478877622371, 0.9976072444526468, 0.9985035325621477, 0.9996368574293913, 0.9999579598541468, 0.9999461673252685, 0.9998693261477387, 0.9999877121764497, 0.9985046107137717, 0.9999702144936379, 0.9856013353502848, 0.9999889775732487, 0.9999916014509866, 0.9324625358823742, 0.999859480430482, 0.9998978357368131, 0.9999366973272762, 0.9999762685308765, 0.978739694729232, 0.9745417773446208, 0.9925167316677062, 0.9916253759944098, 