{"metrics": {"test": {"fp": [8], "f1_score": [0.5185185185185186], "risk": [0.19402985074626866], "recall": [0.5833333333333334], "sensitivity": [0.5833333333333334], "precision": [0.4666666666666667], "tp": [7], "tn": [47], "specificity": [0.8545454545454545], "fn": [5]}, "train": {"fp": [0], "f1_score": [1.0], "risk": [0.0], "recall": [1.0], "sensitivity": [1.0], "precision": [1.0], "tp": [60], "tn": [209], "specificity": [1.0], "fn": [0]}}, "model": {"n_features": 4776616}, "data": {"path": "/scratch/adrouin/data/patric/single_species_datasets/cycloserine___260162261243005161/dataset.kover", "split": "train_0.800_seed_4_10_folds", "uuid": "5d40d132-074f-11e8-83ec-001b2193b764"}, "predictions": {"binary": [0, 0, 0, 0, 0, 0, 0, 0, 0, 0, 0, 0, 0, 0, 0, 0, 0, 0, 0, 0, 0, 0, 0, 0, 0, 0, 0, 0, 0, 0, 0, 0, 0, 0, 0, 0, 0, 0, 0, 0, 0, 0, 0, 0, 1, 0, 0, 0, 0, 0, 0, 0, 0, 0, 0, 0, 0, 0, 0, 1, 0, 0, 0, 0, 0, 0, 0, 0, 0, 0, 0, 0, 0, 0, 0, 0, 0, 0, 0, 0, 0, 0, 0, 0, 0, 1, 0, 0, 0, 0, 0, 0, 0, 0, 0, 0, 0, 0, 0, 0, 0, 0, 0, 0, 0, 0, 0, 0, 0, 0, 0, 0, 0, 0, 0, 0, 0, 0, 0, 0, 0, 0, 0, 0, 0, 0, 0, 0, 0, 0, 0, 0, 0, 0, 0, 0, 0, 0, 0, 0, 0, 0, 0, 0, 0, 0, 0, 0, 0, 0, 0, 0, 0, 0, 0, 0, 0, 0, 0, 0, 0, 0, 0, 0, 0, 0, 0, 0, 0, 0, 0, 0, 0, 0, 0, 0, 0, 0, 0, 0, 0, 0, 0, 0, 0, 0, 0, 0, 0, 0, 0, 0, 0, 0, 0, 0, 0, 1, 0, 0, 0, 0, 0, 0, 0, 0, 0, 0, 0, 0, 0, 0, 0, 0, 0, 0, 0, 1, 0, 0, 0, 0, 1, 0, 0, 0, 0, 0, 0, 0, 0, 0, 0, 0, 0, 0, 0, 0, 0, 0, 0, 0, 0, 1, 0, 0, 0, 0, 0, 0, 0, 0, 1, 0, 0, 0, 0, 0, 0, 0, 0, 0, 0, 0, 1, 1, 1, 1, 1, 1, 1, 1, 1, 1, 1, 1, 1, 1, 1, 0, 1, 1, 1, 1, 1, 1, 1, 1, 0, 1, 1, 1, 1, 1, 1, 1, 1, 1, 1, 1, 1, 1, 1, 1, 1, 1, 0, 1, 1, 1, 1, 1, 1, 0, 1, 1, 1, 1, 1, 1, 1, 0, 1, 1, 1, 1, 1, 1, 1, 1, 1, 1, 1, 1, 1, 1], "proba": [0.22107793241940626, 0.14614801191364699, 0.14619795597438826, 0.18363100918783504, 0.06775782296242128, 0.14612745696896304, 0.14621635144373632, 0.14607328383966217, 0.14616076324915353, 0.14616270819633612, 0.1461556831542433, 0.06618295002061257, 0.14621121433627193, 0.14620487612529892, 0.14619046046748188, 0.14618696132551942, 0.14615469535172787, 0.06953722919261483, 0.14616742823642903, 0.14323133640124977, 0.1461724463646497, 0.03987895805490904, 0.16309344084340238, 0.14431755797497503, 0.1461533104493421, 0.140603948309257, 0.14615112263772462, 0.06202416894474607, 0.1461880131718102, 0.14232274520078725, 0.04346999440562208, 0.056943279242564475, 0.1461878767026021, 0.14618620197070506, 0.10255431202241153, 0.11678894062584841, 0.14620392944014807, 0.1462016084470425, 0.14622358436156133, 0.06925104090590174, 0.1462285114787902, 0.11510579587619289, 0.04578417637187158, 0.14236712184065659, 0.4289730891787655, 0.14616673767008387, 0.14620195722266002, 0.06815885446302877, 0.10095745494661672, 0.16472351895263562, 0.10120128622971247, 0.1128518611593011, 0.0831607079330267, 0.11569986665851514, 0.141563917387034, 0.14618513971036984, 0.08165145888183718, 0.14611109772740158, 0.3484767920235998, 0.4846958291675708, 0.146144397508142, 0.054293465537616666, 0.14619814040703105, 0.1461452353125487, 0.14620240614586044, 0.08358535490025756, 0.14623687550652262, 0.14621561873609668, 0.03691497667408596, 0.146184247721527, 0.11750700872149539, 0.06182067500566094, 0.11539576471724677, 0.10203295611329138, 0.1059712766847652, 0.10334211519350583, 0.13151328370913098, 0.14617688875811344, 0.14628430403407272, 0.060357794296654485, 0.09521343420304663, 0.08106873906874394, 0.1461450218280772, 0.1461594466941583, 0.10011778468463166, 0.5371432860915765, 0.14610767996973323, 0.16869720614083858, 0.13249786870124572, 0.14617748193168928, 0.1461222707728547, 0.14616954666935622, 0.14505631447000644, 0.07378373145973056, 0.10789445390371472, 0.308093952208318, 0.12117724204849573, 0.06943939762446119, 0.08791248751275892, 0.10614504997115667, 0.14619236518148618, 0.14616231505092678, 0.14621930366930516, 0.14612497654317255, 0.1461878260640568, 0.0597345932532727, 0.07433774477286968, 0.2901968358904189, 0.1461849334939148, 0.1784438455259849, 0.13977322373247222, 0.14622830575392978, 0.1201016228276119, 0.06230236572154132, 0.12445650441451066, 0.06211786089703131, 0.14621959482604036, 0.10922345671686454, 0.14618299028588627, 0.14618268149046645, 0.14614367598189235, 0.10083597798547964, 0.202516126494267, 0.14621494044790406, 0.14616469356655545, 0.14620427362207714, 0.03107348634443567, 0.14624042072423746, 0.14615970587720842, 0.07979655487991666, 0.09766392782167146, 0.1280316163846701, 0.14620710698800177, 0.1373621739391385, 0.08335684328212367, 0.11737662909498166, 0.05125600830599945, 0.1462231109398456, 0.028029077779814813, 0.11321989784408625, 0.09543172404891791, 0.05948451504784187, 0.0645894845012305, 0.03562922679396485, 0.11725017944832374, 0.1853817785491812, 0.14613043816303745, 0.14615872402295774, 0.1461799523454399, 0.1851072484237352, 0.14613810502133676, 0.10066254978977822, 0.039850821609165456, 0.02022406107482674, 0.14618837695968045, 0.056048077942450154, 0.14624778632570293, 0.14612803459550144, 0.06629311549469186, 0.02973275922501773, 0.14620640303786211, 0.042177354440255006, 0.019228324907352084, 0.073408853266522, 0.1499684058213163, 0.12304324510525022, 0.14614372067345682, 0.11931971772072235, 0.09496252300918769, 0.09431619509380325, 0.14347860094627898, 0.04314094722694315, 0.14616659983660774, 0.03926884373700675, 0.12184774363093925, 0.05744774202103173, 0.043183878180272646, 0.14616633535258675, 0.13188931206325127, 0.14614528358764992, 0.12512094044126348, 0.3309232303913936, 0.0903292445092638, 0.12589786088435015, 0.14615294181350014, 0.1461250290752439, 0.14618209234268947, 0.3496120634074012, 0.14619737031798183, 0.07388669538679606, 0.05847916446702339, 0.027470220899889826, 0.14614628755288112, 0.013686851781593123, 0.18158210146988332, 0.14615366816879696, 0.12594734133311866, 0.3833694382991965, 0.0965256772525751, 0.18662385297656614, 0.1461135538938155, 0.13872622006150712, 0.021148464171816966, 0.1424052861016743, 0.14614713124043788, 0.14620066537880924, 0.1461473608685619, 0.23613636654594428, 0.14617748692509402, 0.1461683334786464, 0.07939865723784797, 0.14618347730145728, 0.1461866095396119, 0.028024826154331686, 0.06947970130994731, 0.14613448842732293, 0.01945550837856597, 0.3994491176608923, 0.14613598022474397, 0.14617840682073982, 0.14617044698585485, 0.1461559598907213, 0.5371676009290024, 0.14618074086301586, 0.07969221920804906, 0.14619314414985754, 0.06637103576664911, 0.13324509900406664, 0.14620096976498775, 0.14002799505543803, 0.14613677640744682, 0.22491625340257843, 0.14615444567507563, 0.1214014180219738, 0.14617329418842373, 0.12391968219093899, 0.14611664950007602, 0.2145757600762322, 0.05799407569916097, 0.14622521233373598, 0.11720365943796708, 0.14619346025018806, 0.1322551816792238, 0.5, 0.14616014920681258, 0.146155436243357, 0.14170554373284092, 0.10944417263985746, 0.14615189092868403, 0.05101948778491097, 0.12222505636700406, 0.12179153481638207, 0.4069995546503126, 0.08951046258105883, 0.10856568979082262, 0.17622422545330652, 0.0682872281805126, 0.043813417718404676, 0.14619944479632171, 0.1259947162845267, 0.1155834489424072, 0.1461705177761002, 0.14615545940184066, 0.12625512341702308, 0.7263103405724146, 0.6511894435962343, 0.651285033644997, 0.6513053001492591, 0.6512256216998522, 0.6705605553424725, 0.6513094299645135, 0.6512394718938289, 0.723945471322101, 0.7263915125469514, 0.6513228532740584, 0.6512548122887111, 0.6513446221247847, 0.6512471864175076, 0.651273320669898, 0.18032030693635204, 0.6514127947141459, 0.651255090311393, 0.6512555986088148, 0.6513913948142718, 0.6513265578797676, 0.7492100635848854, 0.6512364089197309, 0.7079137941264984, 0.09258760691225269, 0.6512071078347946, 0.6512527025054293, 0.6512257062603138, 0.6513944084293679, 0.6512689365482249, 0.7080669496976195, 0.6512071474333501, 0.5846899426233196, 0.6512775254615044, 0.6512254005912463, 0.6512857458965229, 0.6513131856091111, 0.6512312108528613, 0.7047334449876866, 