{"metrics": {"test": {"fp": [16], "f1_score": [0.7234042553191491], "risk": [0.23214285714285715], "recall": [0.7727272727272727], "sensitivity": [0.7727272727272727], "precision": [0.68], "tp": [34], "tn": [52], "specificity": [0.7647058823529411], "fn": [10]}, "train": {"fp": [40], "f1_score": [0.8092485549132947], "risk": [0.14601769911504425], "recall": [0.8433734939759037], "sensitivity": [0.8433734939759037], "precision": [0.7777777777777778], "tp": [140], "tn": [246], "specificity": [0.8601398601398601], "fn": [26]}}, "model": {"n_features": 336}, "data": {"path": "/scratch/adrouin/patric_data/single_species_datasets/ethionamide___260162261243005161/dataset.kover", "split": "train_0.800_seed_3_10_folds", "uuid": "a2cac942-0754-11e8-8bc4-001b2193b764"}, "predictions": {"binary": [0, 1, 0, 0, 0, 0, 0, 0, 0, 1, 0, 0, 1, 0, 0, 0, 0, 0, 0, 0, 0, 0, 0, 0, 0, 0, 0, 0, 0, 0, 0, 0, 1, 0, 0, 0, 0, 0, 0, 1, 0, 1, 0, 0, 0, 0, 0, 0, 0, 0, 1, 0, 0, 0, 0, 0, 0, 0, 1, 0, 0, 0, 0, 1, 0, 1, 0, 0, 0, 0, 0, 0, 0, 0, 1, 0, 0, 0, 0, 0, 1, 0, 1, 0, 0, 0, 0, 0, 0, 1, 1, 0, 1, 0, 0, 0, 0, 0, 0, 1, 1, 1, 0, 1, 1, 0, 1, 0, 0, 0, 0, 0, 1, 0, 0, 0, 0, 0, 0, 0, 0, 0, 0, 0, 0, 0, 1, 1, 0, 0, 1, 0, 1, 0, 0, 0, 0, 0, 0, 1, 0, 0, 0, 1, 1, 1, 0, 0, 0, 0, 0, 0, 1, 0, 1, 1, 0, 0, 0, 0, 0, 0, 1, 0, 0, 0, 0, 0, 0, 0, 0, 0, 0, 0, 0, 0, 0, 0, 1, 0, 0, 0, 1, 0, 0, 0, 0, 0, 0, 1, 0, 1, 0, 0, 0, 0, 0, 0, 0, 0, 0, 0, 0, 0, 0, 0, 0, 0, 0, 0, 0, 0, 1, 0, 0, 1, 0, 0, 1, 0, 0, 0, 0, 1, 0, 0, 0, 0, 0, 0, 0, 0, 0, 0, 0, 0, 0, 0, 0, 0, 0, 0, 1, 0, 0, 1, 0, 0, 0, 0, 0, 0, 0, 0, 0, 0, 1, 0, 0, 0, 0, 0, 0, 0, 0, 0, 1, 1, 1, 0, 0, 0, 0, 0, 0, 0, 0, 0, 1, 0, 0, 0, 0, 0, 0, 0, 0, 0, 0, 0, 0, 0, 0, 0, 0, 0, 0, 0, 0, 0, 0, 0, 0, 0, 0, 0, 1, 1, 1, 0, 0, 1, 0, 0, 0, 0, 0, 0, 0, 0, 0, 0, 0, 0, 0, 0, 0, 0, 0, 1, 1, 0, 0, 0, 0, 0, 0, 0, 0, 0, 0, 0, 0, 0, 0, 0, 0, 0, 0, 0, 0, 0, 0, 0, 1, 1, 1, 1, 1, 1, 1, 1, 1, 0, 0, 0, 1, 0, 0, 1, 0, 0, 1, 1, 1, 0, 1, 1, 1, 1, 0, 1, 1, 1, 1, 1, 1, 1, 1, 1, 1, 1, 1, 1, 0, 1, 0, 1, 0, 1, 1, 1, 1, 1, 0, 1, 0, 1, 1, 1, 1, 1, 1, 1, 1, 1, 1, 1, 1, 0, 1, 1, 1, 1, 1, 1, 1, 1, 1, 1, 1, 1, 1, 1, 1, 1, 1, 1, 1, 1, 1, 0, 1, 1, 1, 1, 1, 1, 1, 1, 1, 1, 1, 1, 1, 1, 0, 1, 1, 1, 1, 0, 1, 1, 1, 0, 1, 1, 0, 1, 0, 0, 1, 1, 1, 1, 1, 1, 1, 1, 1, 1, 1, 0, 1, 0, 1, 1, 1, 1, 0, 0, 0, 1, 1, 1, 1, 1, 1, 1, 1, 1, 1, 1, 0, 1, 1, 1, 1, 1, 0, 0, 1, 1, 0, 1, 1, 1, 1, 1, 1, 1, 1, 1, 0, 1, 1, 1, 1, 1, 1, 1, 1, 1, 1, 1, 1, 1, 1, 1, 1, 1, 1, 1, 1, 1, 1, 1, 0, 0, 1, 1, 0, 1, 1, 1, 1, 1, 1, 1, 1, 0, 1, 1, 0, 0, 0, 0, 0, 0, 0, 0, 0, 0, 0, 0], "proba": [0.16214529994499155, 0.6960667710874769, 0.12396267747097996, 0.13149963141285007, 0.4916409755302038, 0.11421741824546099, 0.24163670607183696, 0.2285473732233308, 0.3933332432447622, 0.8613052780008785, 0.2883610619015754, 0.1750165791166832, 0.7022804191481223, 0.20164283630205843, 0.1659139915759756, 0.3728081282166645, 0.28868616350053605, 0.15934108783299394, 0.3225103986087613, 0.27900111174862524, 0.35540449028904764, 0.11084580524812192, 0.13467020954662948, 0.19374891464139576, 0.35170052140582414, 0.315229079804323, 0.17775811898768115, 0.17143456901947277, 0.41921558177544305, 0.15343388927632406, 0.07355522596504376, 0.17153160652707208, 0.5035580040953354, 0.1363468099943976, 0.3558242750636133, 0.24549794170302577, 0.1855222573247257, 0.36304524564042895, 0.23644847793984086, 0.6850678970721803, 0.19858632544917887, 0.6274514006991342, 0.20996375489679392, 0.12673903821865512, 0.3377786519432493, 0.17616216455707956, 0.218779069727359, 0.33870223307865915, 0.1537950300846915, 0.33238968285965337, 0.5428074762487325, 0.18259779472997292, 0.4731627315025334, 0.44592650292082736, 0.13856811148490733, 0.23042101401967727, 0.2413376282406036, 0.22578056359383028, 0.659539945142103, 0.2675506228224835, 0.3866371822233682, 0.26270074969281826, 0.13500675503887727, 0.5506822835274933, 0.08486130884092474, 0.5152752323952592, 0.17132385206023312, 0.33663716317110315, 0.2966533088248651, 0.41100642184512903, 0.09693353946822791, 0.13583325472849303, 0.09913638530222656, 0.13856811148490733, 0.5851992187054079, 0.30162828356789423, 0.2878593729064657, 0.2359683048365353, 0.3751553852872582, 0.25975516612808597, 0.6885164101974139, 0.14618863902922324, 0.547769326004234, 0.2425910550583598, 0.3414062966380956, 0.4833029443985192, 0.3566318911750928, 0.19870400024003287, 0.13495012178291846, 0.5676352409943346, 0.6008734914407301, 0.4674013313133327, 0.833141163879227, 0.1661910597363787, 0.45306784945966616, 0.1262361524226381, 0.161038033448827, 0.14334926123559655, 0.19732182199915518, 0.7031088787783376, 0.5489733685937015, 0.6870944265652961, 0.21045805120805164, 0.5343997547997086, 0.5227166121349032, 0.40349528741308205, 0.600697716441358, 0.1985849817379537, 0.40347912156329, 0.16999728306883427, 0.37545891162725237, 0.11822325565287946, 0.6169123034558586, 0.25215119340878406, 0.14024003356848364, 0.27155507688595787, 0.15685532528674584, 0.4499619113748883, 0.1360872776348128, 0.1446182155692, 0.36572918438400054, 0.17373963305628826, 0.17413246292236606, 0.141694395071105, 0.20590318281294243, 0.11549128989157645, 0.7807571842249804, 0.5917363016955212, 0.31740388229592864, 0.36635040469662805, 0.5168880429806241, 0.17698363061129277, 0.9651444799093939, 0.48384669392017426, 0.38070724836159875, 0.2885675330695229, 0.23221422800934968, 0.2806329157544116, 0.43261497034603635, 0.5587566418320329, 0.13664128824564983, 0.40347912156329, 0.3807971204276924, 0.5316968235094273, 0.518520897761119, 0.5115511371369487, 0.4750233068893868, 0.40347912156329, 0.3988220556404829, 0.09281110461814501, 0.4245046871359009, 0.23393138642075625, 0.587097468363936, 0.10014725115021492, 0.6103882353828226, 0.7498429802882198, 0.06163087618794419, 0.19723351692388602, 0.3337559405381084, 0.153529661865121, 0.1700551321215942, 0.4120223017069038, 0.5913102808208649, 0.33238968285965337, 0.1588319784536134, 0.14472970205200617, 0.17201100611986253, 0.07121833932648203, 0.22132131948767259, 0.19258683013908548, 0.08208187599059807, 0.45289170611757273, 0.1425703914928007, 0.16117955902558143, 0.20609154595852655, 0.36243163287390945, 0.12221544897417749, 0.2545373757240728, 0.5809899028978899, 0.09119156590435666, 0.41047884089496334, 0.16633536681551053, 0.6083862242808656, 0.2822441211699784, 0.27021030053516004, 0.2782632912403398, 0.40348496879483187, 0.22837395728367088, 0.35801408415403485, 0.5596136084278489, 0.18159742531326067, 0.5372172037286758, 0.24434767684907582, 0.20106008851197302, 0.09487492018889832, 0.26174798117303366, 0.2105065926966399, 0.3187575534375765, 0.17076599002303866, 0.14451579786638988, 0.29085096708138364, 0.15046385856414993, 0.12920842654558962, 0.38578646772042274, 0.17132385206023312, 0.14327452738532334, 0.12497565904717954, 0.3523372853888067, 0.3044655877759555, 0.4943686939917852, 0.3399221876449207, 0.13318808314150624, 0.5496523286121762, 0.17741782431791286, 0.1344814465185673, 0.5656628135184593, 0.13391907353939053, 0.23392281938673865, 0.5533220009495565, 0.07801082126716849, 0.4740579171001589, 0.16583904152908166, 0.10757977524661141, 0.5196023056814636, 0.11736204027308007, 0.088488600333845, 0.2657060535978842, 0.23213825188226997, 0.4373663304884922, 0.24255176373762247, 0.2146982324948729, 0.11209052683142941, 0.11501221809509027, 0.13446658990842192, 0.19595378254127627, 0.15828241133002238, 0.07968038520605224, 0.1624531675776178, 0.13295783270041542, 0.2946584629336944, 0.20226279722169238, 0.18926903173220422, 0.8078389026823098, 0.2541789090461024, 0.24829353657843586, 0.5596136084278489, 0.0816092660860281, 0.3694967798184101, 0.21955132445179398, 0.24829353657843586, 0.16302241214558677, 0.4367512735439667, 0.37140440679012054, 0.49382159749332716, 0.12407726167709482, 0.37140440679012054, 0.5444053927618449, 0.16438216448101295, 0.17132385206023312, 0.2548757674904259, 0.21955132445179398, 0.24553857619307984, 0.24553857619307984, 0.20348114519399005, 0.16996740772007127, 0.15419287943111953, 