{"metrics": {"test": {"fp": [2], "f1_score": [0.6], "risk": [0.05755395683453238], "recall": [0.5], "sensitivity": [0.5], "precision": [0.75], "tp": [6], "tn": [125], "specificity": [0.984251968503937], "fn": [6]}, "train": {"fp": [0], "f1_score": [1.0], "risk": [0.0], "recall": [1.0], "sensitivity": [1.0], "precision": [1.0], "tp": [45], "tn": [515], "specificity": [1.0], "fn": [0]}}, "model": {"n_features": 13533}, "data": {"path": "/scratch/adrouin/patric_data/single_species_datasets/moxifloxacin___260162261243005161/dataset.kover", "split": "train_0.800_seed_5_10_folds", "uuid": "f1efab30-0765-11e8-ac0b-001b2193b764"}, "predictions": {"binary": [0, 0, 0, 0, 0, 0, 0, 0, 0, 0, 0, 0, 0, 0, 0, 0, 0, 0, 0, 0, 0, 0, 0, 0, 0, 0, 0, 0, 0, 0, 0, 0, 0, 0, 0, 0, 0, 0, 0, 0, 0, 0, 0, 0, 0, 0, 0, 0, 0, 0, 0, 0, 0, 0, 0, 0, 0, 0, 0, 0, 0, 0, 0, 0, 0, 0, 0, 0, 0, 0, 0, 0, 0, 0, 0, 0, 0, 0, 0, 0, 0, 0, 0, 0, 0, 0, 1, 0, 0, 0, 0, 0, 0, 0, 0, 0, 0, 0, 0, 0, 0, 0, 0, 0, 0, 0, 0, 0, 0, 0, 0, 0, 0, 0, 0, 0, 0, 0, 0, 0, 0, 0, 0, 0, 0, 0, 0, 0, 0, 0, 0, 0, 0, 0, 0, 0, 0, 0, 0, 0, 0, 0, 0, 0, 0, 0, 0, 0, 0, 0, 0, 0, 0, 0, 0, 0, 0, 0, 0, 0, 0, 0, 0, 0, 0, 0, 0, 0, 0, 0, 0, 0, 0, 0, 0, 0, 0, 0, 0, 0, 0, 0, 0, 0, 0, 0, 0, 0, 0, 0, 0, 0, 0, 0, 0, 0, 0, 0, 0, 0, 0, 0, 0, 0, 0, 0, 0, 0, 0, 0, 0, 0, 0, 0, 0, 0, 0, 0, 0, 0, 0, 0, 0, 0, 0, 0, 0, 0, 0, 0, 0, 0, 0, 0, 0, 0, 0, 0, 0, 0, 0, 0, 0, 0, 0, 0, 0, 0, 0, 0, 0, 0, 0, 0, 0, 0, 0, 0, 0, 0, 0, 0, 0, 0, 0, 0, 0, 0, 0, 0, 0, 1, 0, 0, 0, 0, 0, 0, 0, 0, 0, 0, 0, 0, 0, 0, 0, 0, 0, 0, 0, 0, 0, 0, 0, 0, 0, 0, 0, 0, 0, 0, 0, 0, 0, 0, 0, 0, 0, 0, 0, 0, 0, 0, 0, 0, 0, 0, 0, 0, 0, 0, 0, 0, 0, 0, 0, 0, 0, 0, 0, 0, 0, 0, 0, 0, 0, 0, 0, 0, 0, 0, 0, 0, 0, 0, 0, 0, 0, 0, 0, 0, 0, 0, 0, 0, 0, 0, 0, 0, 0, 0, 0, 0, 0, 0, 0, 0, 0, 0, 0, 0, 0, 0, 0, 0, 0, 0, 0, 0, 0, 0, 0, 0, 0, 0, 0, 0, 0, 0, 0, 0, 0, 0, 0, 0, 0, 0, 0, 0, 0, 0, 0, 0, 0, 0, 0, 0, 0, 0, 0, 0, 0, 0, 0, 0, 0, 0, 0, 0, 0, 0, 0, 0, 0, 0, 0, 0, 0, 0, 0, 0, 0, 0, 0, 0, 0, 0, 0, 0, 0, 0, 0, 0, 0, 0, 0, 0, 0, 0, 0, 0, 0, 0, 0, 0, 0, 0, 0, 0, 0, 0, 0, 0, 0, 0, 0, 0, 0, 0, 0, 0, 0, 0, 0, 0, 0, 0, 0, 0, 0, 0, 0, 0, 0, 0, 0, 0, 0, 0, 0, 0, 0, 0, 0, 0, 0, 0, 0, 0, 0, 0, 0, 0, 0, 0, 0, 0, 0, 0, 0, 0, 0, 0, 0, 0, 0, 0, 0, 0, 0, 0, 0, 0, 0, 0, 0, 0, 0, 0, 0, 0, 0, 0, 0, 0, 0, 0, 0, 0, 0, 0, 0, 0, 0, 0, 0, 0, 0, 0, 0, 0, 0, 0, 0, 0, 0, 0, 0, 0, 0, 0, 0, 0, 0, 0, 0, 0, 0, 0, 0, 0, 0, 0, 0, 0, 0, 0, 0, 0, 0, 0, 0, 0, 0, 0, 0, 0, 0, 0, 0, 0, 0, 0, 0, 0, 0, 0, 0, 0, 0, 0, 0, 0, 0, 0, 0, 0, 0, 0, 0, 0, 0, 0, 0, 0, 0, 0, 0, 0, 0, 0, 0, 0, 0, 0, 0, 0, 0, 0, 0, 0, 0, 0, 0, 0, 0, 0, 0, 0, 0, 0, 1, 0, 1, 0, 0, 1, 1, 1, 1, 1, 1, 1, 1, 1, 1, 1, 1, 1, 1, 1, 1, 1, 1, 1, 0, 1, 1, 1, 0, 1, 1, 1, 1, 1, 1, 0, 1, 1, 1, 1, 1, 1, 1, 1, 1, 1, 1, 1, 1, 1, 1, 1, 1, 1, 1, 1, 1, 0, 0, 0, 0, 0], "proba": [8.075948517636603e-06, 1.2447682321546846e-06, 2.6318203323193196e-06, 2.422073555445723e-06, 6.99876350193457e-07, 0.00013731645042044366, 4.122317210264758e-05, 9.108899544495066e-05, 1.9243763581780588e-06, 1.2371744368620068e-06, 2.474111000537734e-06, 4.6385249391024506e-07, 6.695028404807965e-05, 0.1615944419947559, 1.5944545140125868e-07, 5.974259896006755e-06, 3.930538173332401e-09, 2.9792159374599796e-05, 1.7355813386691225e-05, 6.191323170573408e-06, 9.888037871367791e-07, 1.91668808065386e-05, 0.00013784231306132727, 2.193926865356975e-06, 5.642353827865165e-06, 5.878720438513091e-05, 9.722464098490771e-07, 3.607203872980634e-07, 4.763023636008256e-06, 2.9528654156780394e-06, 3.235881437093887e-05, 2.631647747318731e-05, 1.534549643585205e-07, 1.1147717930716e-05, 9.66600863607993e-07, 2.9514861991526914e-07, 1.17716172501198e-07, 1.177215407396152e-05, 6.1015593562189475e-06, 7.375475406802594e-05, 4.844699094725994e-05, 0.002017501541358224, 7.812994819213842e-05, 4.7443916206487376e-07, 0.0020980553978767677, 1.0260081703804097e-06, 1.626560649475139e-07, 5.750602830511646e-09, 4.7309147357583964e-05, 3.545418201219657e-09, 2.216545674942985e-06, 5.917089401767566e-07, 1.8413299662295826e-05, 3.079518449531659e-05, 5.109225826884466e-06, 9.828174285105987e-06, 4.847910468463903e-06, 2.280309223221211e-06, 7.850521688749282e-06, 2.179163771842888e-05, 9.060180381336268e-05, 8.203032564144376e-08, 2.341275134883147e-05, 0.0003509841705644646, 4.2123637200313824e-05, 8.345465317096669e-08, 4.252295345900495e-05, 1.8689304215564628e-08, 5.300382282303257e-05, 5.982348482747999e-06, 0.015519133726834585, 4.771515583105831e-06, 4.8960581325902115e-06, 3.6383087211684055e-05, 1.7782389853602712e-08, 7.204180555355364e-07, 2.8906163059597546e-05, 0.007193926665377033, 5.471539491438378e-06, 5.785550542446973e-07, 5.722900007050098e-07, 7.163391442763189e-06, 1.2807391005254065e-06, 5.955307762891017e-06, 8.174178640092526e-06, 2.121674819225774e-05, 0.999840481089171, 6.741957408792749e-05, 1.6558718460471624e-06, 4.0827184029382215e-05, 5.848700701151727e-05, 1.3253885327675476e-05, 6.422413449174597e-07, 4.670039894400974e-06, 1.9927464378520332e-07, 5.9337515434582674e-08, 2.9992253925788796e-05, 8.995027402395247e-05, 1.6797413068868019e-06, 8.191582191792526e-07, 6.093895316437569e-08, 6.5565657459834745e-06, 1.5414228865364406e-06, 3.649941989232606e-06, 7.123693949124538e-08, 1.0593956001749302e-09, 9.188264768539852e-09, 6.4267579262665495e-06, 3.6485732657399887e-06, 2.0007377632520182e-08, 3.885459250112149e-06, 2.59900185484596e-07, 1.1800364053219601e-06, 5.138607819278602e-05, 4.786909566955588e-06, 6.62257418427749e-06, 3.88293492395087e-08, 2.0075225020575126e-06, 3.5930283634916134e-07, 8.910703728680233e-05, 8.378096052129866e-05, 4.303806287343112e-07, 2.4823243525640026e-06, 8.374011316342431e-07, 3.64676939660536e-09, 4.808333364021158e-06, 3.563271126888557e-07, 1.2212383633826222e-05, 1.1204822051241585e-07, 4.560162362237998e-06, 6.279436343467741e-07, 6.273833183127725e-06, 6.005636949326574e-07, 7.849841654116641e-06, 4.080255216849519e-06, 0.00012459561772640014, 4.1100747927125934e-06, 2.451068370479494e-07, 1.8257254657853692e-07, 1.8533399863457477e-06, 6.033839866366492e-08, 1.4032607200812124e-05, 1.945875386310482e-07, 7.746970604305406e-09, 2.505906307570339e-06, 3.8529055048952825e-07, 1.2114407023899798e-05, 0.00018210357608055089, 3.148000706349456e-07, 1.6177184040101116e-05, 4.8840199980795886e-05, 7.053585129464297e-05, 2.3395706352567695e-06, 9.837474136097089e-06, 7.105572792239762e-06, 3.2345558514434126e-05, 7.19965135486742e-08, 6.959823804114405e-06, 2.470418618246232e-06, 4.027834127173888e-06, 7.401263982757461e-10, 3.270435696115717e-07, 4.1288209710508265e-05, 6.938698291434856e-06, 1.5361563438367486e-05, 1.4498494057203493e-06, 8.27621483190933e-08, 0.0003453173572486859, 1.6457525994644418e-06, 4.1761437857765144e-05, 1.14120976361433e-06, 2.764446987059652e-05, 0.0017463387229244957, 1.214828320996862e-06, 2.3327970604397895e-06, 7.784575266184252e-06, 5.742754475498138e-06, 5.796303761831054e-05, 5.33734169239929e-06, 3.52251488990068e-06, 4.419313572992495e-07, 8.85912395738827e-06, 6.041593736213205e-06, 6.041446308438592e-07, 2.407032418770465e-06, 3.7469422706483773e-06, 3.2933198538628638e-06, 1.3138738976950368e-06, 3.787219066053051e-07, 3.8061523220678187e-06, 1.2067932981113254e-06, 8.422133443656814e-06, 2.62562954987729e-07, 1.234706576969183e-06, 4.5488203844666885e-08, 5.2103562955332714e-08, 1.0537438263908982e-07, 1.5731943333280812e-05, 2.1963344398610674e-07, 1.7107405098272434e-06, 0.0008533069476278481, 1.3255364956283828e-05, 1.2251701029463926e-09, 3.7871267229208623e-06, 1.2386733257851784e-06, 2.0906280254661942e-07, 7.159147249782304e-07, 4.0175874942884534e-08, 8.913344949836496e-08, 1.2809392510599363e-06, 6.284236315783915e-07, 5.381278955618223e-06, 6.088603941666004e-06, 5.3447534989673825e-08, 7.006197641466652e-06, 8.919307776840278e-07, 5.13726651532981e-06, 2.2294696698366326e-06, 8.953361630711301e-06, 2.2141187120816783e-07, 1.1590097616478983e-07, 5.455626264333207e-06, 5.2630605487998623e-08, 1.0984287344123666e-07, 