{"metrics": {"test": {"fp": [2], "f1_score": [0.8695652173913043], "risk": [0.09375], "recall": [0.8333333333333334], "sensitivity": [0.8333333333333334], "precision": [0.9090909090909091], "tp": [20], "tn": [38], "specificity": [0.95], "fn": [4]}, "train": {"fp": [0], "f1_score": [1.0], "risk": [0.0], "recall": [1.0], "sensitivity": [1.0], "precision": [1.0], "tp": [118], "tn": [138], "specificity": [1.0], "fn": [0]}}, "model": {"n_features": 6880057}, "data": {"path": "/scratch/adrouin/data/patric/single_species_datasets/trimethoprim_sulfamethoxazole___6654735289702248879/dataset.kover", "split": "train_0.800_seed_2_10_folds", "uuid": "aafc18c0-0856-11e8-a8cc-001b2193b764"}, "predictions": {"binary": [0, 0, 0, 0, 0, 0, 0, 0, 0, 0, 0, 0, 0, 0, 0, 0, 0, 0, 0, 0, 0, 0, 0, 0, 0, 0, 0, 0, 0, 0, 0, 0, 0, 0, 0, 0, 0, 0, 0, 0, 0, 0, 0, 0, 0, 0, 0, 0, 0, 0, 0, 0, 0, 0, 0, 0, 0, 0, 0, 0, 0, 1, 0, 0, 0, 0, 0, 0, 0, 0, 0, 0, 0, 0, 0, 0, 0, 0, 0, 0, 0, 0, 0, 0, 0, 0, 0, 0, 0, 0, 0, 0, 0, 0, 0, 0, 0, 0, 0, 0, 0, 0, 1, 0, 0, 0, 0, 0, 0, 0, 0, 0, 0, 0, 0, 0, 0, 0, 0, 0, 0, 0, 0, 0, 0, 0, 0, 0, 0, 0, 0, 0, 0, 0, 0, 0, 0, 0, 0, 0, 0, 0, 0, 0, 0, 0, 0, 0, 0, 0, 0, 0, 0, 0, 0, 0, 0, 0, 0, 0, 0, 0, 0, 0, 0, 0, 0, 0, 0, 0, 0, 0, 0, 0, 0, 0, 0, 0, 1, 1, 1, 1, 1, 1, 1, 1, 1, 1, 1, 1, 1, 1, 1, 1, 1, 1, 0, 1, 1, 1, 1, 1, 1, 1, 1, 1, 1, 1, 1, 1, 1, 1, 1, 1, 1, 1, 1, 1, 1, 1, 1, 1, 1, 1, 1, 1, 1, 1, 1, 1, 1, 1, 1, 1, 1, 1, 1, 1, 1, 1, 1, 1, 1, 1, 1, 1, 0, 1, 1, 1, 1, 1, 1, 1, 1, 1, 1, 1, 1, 1, 1, 1, 1, 1, 1, 1, 1, 1, 1, 1, 1, 1, 1, 1, 1, 1, 1, 1, 1, 1, 1, 1, 1, 1, 1, 1, 1, 1, 1, 1, 1, 1, 1, 1, 1, 1, 1, 1, 1, 1, 1, 1, 1, 1, 1, 1, 0, 1, 1, 1, 1, 1, 1, 1, 1, 1, 1, 1, 1, 0], "proba": [0.0027795965735032315, 0.00821914812488218, 0.007408630988279021, 0.009491931678229799, 0.050257657942381566, 0.007733932182839078, 0.05025222310403025, 0.05024068758360918, 0.049274618880325964, 0.008255634419674647, 0.05024868483490458, 0.050238482826501736, 0.050272937863204914, 0.038557663663727794, 0.05024358137557536, 0.047907716339760306, 0.05023393623453007, 0.007408565925858132, 0.02949818534300877, 0.016276599349913688, 0.00145625040347762, 0.005741913018815358, 0.005004080089249093, 0.004556835418072019, 0.050259217965050354, 0.033988238553587916, 0.04104480525183874, 0.007404144847038643, 0.0024976127585122033, 0.0036608744432120896, 0.0033479747987343674, 0.003447627695391868, 0.011169121630351131, 0.002747438008813279, 0.00568801795619443, 0.004633551281944435, 0.0035160008825044398, 0.0014038078555497116, 0.0015426779728556655, 0.0036025271765928782, 0.0030124726529222687, 0.006826042890051324, 0.0358889698001492, 0.0522060797053914, 0.023222133328288007, 0.006347055839275997, 0.047878672909346956, 0.06840941365655148, 0.05027110427342586, 0.031519635337560706, 0.027194127844981063, 0.016083919229334845, 0.016041900464835352, 0.029267456015861136, 0.0013439395324069414, 0.050251913078454426, 0.02608493823655116, 0.008056464862349282, 0.0315502676303847, 0.050248406777773175, 0.032157984912662585, 0.5727270962501053, 0.05025225189505107, 0.03039152442454504, 0.015996474398054763, 0.0502457854594813, 0.026494264377044083, 0.05024823617660854, 0.05024366108515596, 0.04189122502970838, 0.01264306126516642, 0.05023548321231685, 0.20466333776837872, 0.003192940801805402, 0.0502472824316454, 0.014227861742930439, 0.05604108887886586, 0.05025223244130869, 0.018031613391530428, 0.04119029729517345, 0.03776049518980598, 0.05712757129940659, 0.035830001332377674, 0.10323946995741028, 0.021444561646301836, 0.0502352900026772, 0.009242262756726781, 0.020487588912649842, 0.023788385746410953, 0.00440091112162867, 0.004711947150835557, 0.03393610390215075, 0.006346637009576981, 0.0078891305212398, 0.006719273443110187, 0.010794687206501459, 0.007075135407322532, 0.00899727256931317, 0.005585212365052162, 0.006660964931941783, 0.05025037260045784, 0.050260603356120634, 0.7208254716280109, 0.05025170344915391, 0.0013150616213269183, 0.05024367746585394, 0.011662682189368175, 0.006684741327698946, 0.05025353437070638, 0.05025604100579304, 0.0015517748136294326, 0.001235992316015822, 0.03844746441828134, 0.05034934987685446, 0.0014108426935243673, 0.0010954680069219212, 0.02129800819621697, 0.003213352090136254, 0.012375816521886407, 0.008128978802112247, 0.034018205016079, 0.013733653037362379, 0.0048772375854844625, 0.009667483216900995, 0.005983185070745254, 0.002451162869342654, 0.0015917310171268439, 0.002491476268525674, 0.007917967579433643, 0.0012966149561696497, 0.004325495171461681, 0.004416100212508601, 0.009480816844205382, 0.005799466930949229, 0.020651881877371416, 0.005386137195178702, 0.1388848244265156, 0.056410484163574186, 0.2872402328463422, 0.044518847714500015, 0.03679091000357013, 0.05036064453151307, 0.05034578222316107, 0.05034923965993457, 0.03491888329581018, 0.017308774832862993, 0.03495026054095293, 0.025394843840151244, 0.050355084386084444, 0.0015830968049140308, 0.006212324301665303, 0.00488086948888357, 0.00929742754217847, 0.006211784314356035, 0.050229361898618395, 0.05035817763382699, 0.05029062239090564, 0.005688369797789048, 0.05033590050965718, 0.004927185358299572, 0.0022441207366759386, 0.002949536091976846, 0.004399428301629552, 0.0054237286015132455, 0.0014560082510777688, 0.004116408712782771, 0.014089024489404758, 0.0018599688992191863, 0.0014305382752101744, 0.00484390669487152, 0.0057827705987210975, 0.0045536602577428975, 0.013342067621757627, 0.0502514730122437, 0.007164495753050225, 0.006524221574997596, 0.05026205201071525, 0.013608856047568821, 0.9834730992004402, 0.9942041048866775, 0.9959292017959641, 0.971821243993482, 0.9411987880570902, 0.9783669588762648, 0.9926114363350453, 0.9778996691960667, 0.9936784089480465, 0.9950131185014711, 0.982760869077695, 0.9954812249066389, 0.9882743003104705, 0.9711699758568423, 0.9859444015730732, 0.9411814103617073, 0.9842648026507559, 0.9999922362026041, 0.006814652048375116, 0.9411724504245121, 0.9919828345562313, 0.9942512598816537, 0.9843035646348456, 0.9940945065144976, 0.982461138457629, 0.9821927953552481, 0.9921609127031095, 0.9770153038070957, 0.9412859272734473, 0.9835884558794444, 0.9413097172878003, 0.9411905652712955, 0.9835232876187294, 0.9906322102868185, 0.9933829977720701, 0.9826406125948318, 0.9937888358110216, 0.9938557678995085, 0.9780199832348223, 0.9882981967737386, 0.9659514507243637, 0.98548997493371, 0.9730725553308093, 0.9999880300148495, 0.9999866021259252, 0.9477018362320787, 0.9412677509645696, 0.9826880499825105, 0.9411917565333257, 0.9918646480467711, 0.961371962505968, 0.9950409121148167, 0.9966185068398686, 0.9828628340970711, 0.992044693983796, 0.988435039961991, 0.9948969562968532, 0.9934264269868168, 0.992436211730834, 0.9411870566838202, 0.9934076777082385, 0.9748939685176046, 0.9762739093220416, 0.9872958107832208, 0.9723247273792351, 0.9883078813305739, 0.9877154542850862, 0.9931774131621991, 0.005608783163002588, 0.9896340654850755, 0.9852435533372021, 0.9614371959725612, 0.9903461094205224, 0.9450089204714999, 0.9939570837872851, 0.9973870338090809, 0.9889098186695479, 0.9849553796339715, 0.941176419502247, 0.9854369149964972, 0.9748417364175999, 0.9854924113786022, 0.9719926702234061, 0.9509290001889997, 0.9719097357787148, 0.9686264810472053, 0.9450173291741948, 0.9999881736895282, 0.9918824601250023, 0.9729861941735353, 0.9692000361772699, 0.9882479415518968, 0.9885280185184782, 0.9925234305341046, 0.9838514918683603, 0.9752669291836306, 0.983352589923556, 0.9971372721177911, 0.9881440720565268, 0.9788559031055725, 0.9942839286682705, 0.9882711261561832, 0.9853690797797459, 0.9412343256997993, 0.9924299950784711, 0.9412751537161387, 0.9412637746957009, 0.9999900067813015, 0.9413032948730529, 0.9607166164990185, 0.9679997904632083, 0.9683214975220252, 0.9726108793686826, 0.974608490380865, 0.9843628565842584, 0.9350818856878333, 0.9858079580109806, 0.9818834200455958, 0.9412825041196659, 0.9902597820912213, 0.9775739527117505, 0.9874567958961751, 0.9907099974951555, 