{"metrics": {"test": {"fp": [0], "f1_score": [0.9072164948453608], "risk": [0.16363636363636364], "recall": [0.8301886792452831], "sensitivity": [0.8301886792452831], "precision": [1.0], "tp": [44], "tn": [2], "specificity": [1.0], "fn": [9]}, "train": {"fp": [0], "f1_score": [0.9376693766937669], "risk": [0.1036036036036036], "recall": [0.8826530612244898], "sensitivity": [0.8826530612244898], "precision": [1.0], "tp": [173], "tn": [26], "specificity": [1.0], "fn": [23]}}, "model": {"n_features": 14381774}, "data": {"path": "/scratch/adrouin/patric_data/single_species_datasets/ceftazidime___-3225223558739261696/dataset.kover", "split": "train_0.800_seed_0_10_folds", "uuid": "9991fcb4-095d-11e8-81b5-001b2193b764"}, "predictions": {"binary": [0, 0, 0, 0, 0, 0, 0, 0, 0, 0, 0, 0, 0, 0, 0, 0, 0, 0, 0, 0, 0, 0, 0, 0, 0, 0, 0, 0, 0, 1, 0, 0, 1, 1, 0, 1, 1, 1, 1, 1, 0, 1, 1, 1, 1, 1, 1, 0, 1, 1, 1, 1, 1, 1, 1, 0, 0, 1, 1, 1, 1, 1, 1, 1, 1, 1, 0, 1, 1, 1, 1, 1, 1, 1, 1, 1, 1, 1, 1, 1, 1, 0, 1, 1, 1, 1, 1, 1, 1, 1, 1, 1, 1, 1, 1, 1, 1, 1, 1, 1, 1, 1, 1, 1, 0, 0, 1, 1, 1, 0, 1, 0, 1, 1, 1, 1, 1, 1, 1, 1, 1, 1, 1, 1, 1, 1, 1, 1, 1, 1, 1, 1, 1, 1, 1, 1, 1, 1, 1, 1, 1, 1, 1, 1, 1, 1, 1, 1, 1, 1, 1, 1, 1, 1, 1, 1, 1, 1, 1, 1, 1, 1, 1, 1, 0, 1, 1, 0, 1, 1, 0, 1, 1, 0, 1, 1, 0, 0, 1, 1, 0, 1, 1, 1, 1, 1, 1, 1, 0, 0, 1, 0, 1, 1, 1, 1, 1, 1, 1, 1, 1, 1, 1, 1, 1, 1, 1, 1, 1, 1, 1, 1, 1, 1, 0, 0, 1, 1, 1, 1, 1, 1, 1, 1, 1, 1, 1, 1, 1, 1, 1, 1, 1, 1, 0, 1, 1, 1, 1, 0, 1, 1, 1, 1, 1, 1, 1, 0, 1, 1, 1, 1, 1, 1, 1, 1, 1, 0, 0, 1, 1, 1, 1, 1, 0, 1, 1, 1, 1, 1, 1, 1, 1, 1, 1, 1, 1], "proba": [0.5768155367901543, 0.6701773714375782, 0.714784948196722, 0.7160717164592891, 0.7146014236565363, 0.7161008936899327, 0.7161062781841525, 0.7160499679165576, 0.7160963893799615, 0.6436741015789613, 0.5550139294096457, 0.6496535207162139, 0.6434011434777572, 0.6546154246034841, 0.7161024357758736, 0.5470993724160748, 0.6436971883184526, 0.6468241143567667, 0.6483579281653863, 0.6556910597902375, 0.6540630984430226, 0.5825449417715477, 0.6489772451420927, 0.6523205266604578, 0.689753840037326, 0.6499655632954379, 0.5758100964226002, 0.5501514001167745, 0.5535846835126037, 0.21092581651959358, 0.5586743263020489, 0.5535444399741576, 0.22837235543159537, 0.2204131393566223, 0.5510441001934824, 0.2313172021353573, 0.28769971982651105, 0.45879461811930006, 0.2143257914689169, 0.1915846303996718, 0.5534401627135139, 0.24689611518276092, 0.4731070345351898, 0.2036761098668037, 0.34008894682979257, 0.4535386268902934, 0.4557894670874659, 0.5377467087853521, 0.2067092665022544, 0.2435163489163893, 0.1837103020273453, 0.1838037136444872, 0.18376486359752972, 0.2467967401417284, 0.21840117118048308, 0.5355703051584949, 0.642149972288765, 0.1828190873163255, 0.45999262222698106, 0.20487423600347393, 0.2530073807722707, 0.19113913804222177, 0.23605364732765216, 0.19680471006370542]}}