{"metrics": {"test": {"fp": [6], "f1_score": [0.6428571428571429], "risk": [0.3125], "recall": [0.6923076923076923], "sensitivity": [0.6923076923076923], "precision": [0.6], "tp": [9], "tn": [13], "specificity": [0.6842105263157895], "fn": [4]}, "train": {"fp": [0], "f1_score": [1.0], "risk": [0.0], "recall": [1.0], "sensitivity": [1.0], "precision": [1.0], "tp": [59], "tn": [70], "specificity": [1.0], "fn": [0]}}, "model": {"n_features": 4672403}, "data": {"path": "/scratch/adrouin/data/patric/single_species_datasets/rifabutin___260162261243005161/dataset.kover", "split": "train_0.800_seed_2_10_folds", "uuid": "0c0af0ac-077e-11e8-81c0-001b2193b764"}, "predictions": {"binary": [0, 0, 0, 0, 0, 0, 0, 1, 0, 0, 0, 0, 0, 0, 0, 1, 0, 0, 0, 0, 0, 0, 0, 0, 0, 0, 0, 0, 0, 0, 0, 0, 0, 1, 0, 0, 0, 1, 0, 0, 0, 0, 0, 0, 0, 0, 0, 0, 0, 0, 0, 0, 0, 0, 0, 0, 0, 0, 1, 0, 0, 0, 0, 0, 0, 0, 0, 0, 0, 0, 0, 0, 1, 0, 0, 0, 0, 0, 0, 0, 0, 0, 0, 0, 0, 0, 0, 0, 0, 1, 1, 1, 1, 1, 1, 1, 1, 1, 1, 1, 1, 1, 1, 0, 0, 1, 1, 0, 1, 1, 1, 1, 1, 1, 1, 1, 1, 1, 1, 1, 1, 1, 1, 1, 1, 1, 1, 1, 1, 1, 1, 1, 1, 1, 1, 1, 1, 1, 1, 1, 1, 1, 1, 1, 1, 1, 1, 1, 1, 1, 1, 1, 1, 1, 1, 1, 0, 1, 1, 1, 1], "proba": [0.3001826101561437, 0.3001739450283338, 0.3002097080476011, 0.30020872693495015, 0.36028847088270655, 0.3001724400180463, 0.30018788903434857, 0.6358284217586276, 0.3001864057314277, 0.3001755722024058, 0.3001923036381196, 0.2563630849307312, 0.30023640163691184, 0.3001598082806303, 0.3002487647544829, 0.5113805798606261, 0.30025250108019225, 0.3001333422950098, 0.3001846606048058, 0.3001748915640091, 0.30018321969324796, 0.3001825602291903, 0.33255340086444574, 0.3002159914604156, 0.30025421535297725, 0.300220218651527, 0.30019044918774485, 0.30020065543916347, 0.30018123634640936, 0.30020351502829495, 0.30017572707817874, 0.3210338800605585, 0.30015354636641334, 0.541523122060316, 0.22501313783093027, 0.3001198263947111, 0.30018681299698824, 0.5362996683775707, 0.3163289783543479, 0.3002020322325046, 0.4423702167291894, 0.3002077325732472, 0.30019719172787296, 0.34416988795019504, 0.3002092885820745, 0.30022817261123547, 0.35860995769595144, 0.26042088896285603, 0.30017722395432966, 0.31705414181797065, 0.30017635217263106, 0.30028844152069917, 0.3002033645467952, 0.3002316308665265, 0.29579369132792577, 0.26879735022890583, 0.300225963707005, 0.300242466960868, 0.48075979541702435, 0.30022751725285907, 0.30022287566495726, 0.3001970465669688, 0.2949644122900551, 0.4448222369145872, 0.3002125923440637, 0.30024490008157945, 0.30019835407937207, 0.44238584995678265, 0.30016789481428163, 0.3276845496382859, 0.2813658228850972, 0.26051713255919245, 0.5206901542603338, 0.3001201370477931, 0.30021327923660873, 0.2731779847838164, 0.3002022636525904, 0.30019688134539013, 0.30018852186286926, 0.2962905288402775, 0.30014369618929443, 0.332071369065069, 0.3645821697011264, 0.3002199670628402, 0.2935995302829452, 0.30019407745548893, 0.3001851915238672, 0.2618025650653322, 0.3798949719956359, 0.6483285844147584, 0.6482382093690279, 0.6482747040668138, 0.648300656537637, 0.6616510409082496, 0.6078549175339096, 0.4814798599610384, 0.6962860890539699, 0.648240498881597, 0.6777195082657976, 0.7036210350607192, 0.6482612599073577, 0.6481733653234807, 0.48503975900270546, 0.28309091417350374, 0.42403859733631677, 0.6482665149769464, 0.6481645240698752, 0.295552593585944, 0.648178588741915, 0.64824930547653, 0.6482413087967688, 0.6482320103700328, 0.6482344704217199, 0.6482771322066471, 0.6482114234130965, 0.6482881882396475, 0.4937523227949092, 0.6988615203601967, 0.6482288086248974, 0.6482218186587814, 0.648256094379329, 0.5242794337109392, 0.6146993842758783, 0.6482922076274459, 0.5282892219104494, 0.6779791415091553, 0.6483046765561467, 0.648303622042135, 0.6482531571660405, 0.6482295860587831, 0.6482585140159742, 0.6482565876265634, 0.6482760512023581, 0.6483074069122117, 0.5300206595798299, 0.6481884571214699, 0.6565401224248582, 0.6482631358150429, 0.6482091696856598, 0.6482160359348421, 0.6482350328986362, 0.6482135376037688, 0.648293732967797, 0.6482649505317514, 0.6849464918302538, 0.7447360596764657, 0.5584937558592488, 0.47130361833824086, 0.477990522649382, 0.5411199847799315, 0.6482204338625637, 0.6482839004699272, 0.7550566735398712, 0.7177938227472219, 0.648265866500641, 0.6482577136987626, 0.4388713916124658, 0.6483089972223034, 0.5848546736220677, 0.6482749769336709, 0.6483235248397416]}, "cv": {"hps": {"normalize_kernel": true, "degree": 1.0, "regularizer": 1000.0}, "score": 0.32628205128205123}}