{"metrics": {"test": {"fp": [7], "f1_score": [0.6428571428571428], "risk": [0.24390243902439024], "recall": [0.5806451612903226], "sensitivity": [0.5806451612903226], "precision": [0.72], "tp": [18], "tn": [44], "specificity": [0.8627450980392157], "fn": [13]}, "train": {"fp": [0], "f1_score": [0.9956709956709957], "risk": [0.00303951367781155], "recall": [0.9913793103448276], "sensitivity": [0.9913793103448276], "precision": [1.0], "tp": [115], "tn": [213], "specificity": [1.0], "fn": [1]}}, "model": {"n_features": 34866345}, "data": {"path": "/scratch/adrouin/data/patric/single_species_datasets/trimethoprim___7053822222416630118/dataset.kover", "split": "train_0.800_seed_8_10_folds", "uuid": "deaf402a-05d1-11e8-8bfc-001b2193b764"}, "predictions": {"binary": [0, 0, 0, 0, 0, 0, 0, 0, 0, 0, 0, 0, 0, 0, 0, 0, 1, 0, 1, 1, 0, 0, 0, 0, 0, 0, 0, 0, 0, 0, 0, 0, 0, 0, 0, 0, 0, 0, 0, 0, 0, 0, 0, 0, 0, 0, 0, 0, 0, 0, 0, 0, 0, 0, 0, 0, 0, 0, 0, 0, 0, 1, 0, 0, 0, 0, 0, 0, 0, 0, 0, 0, 0, 0, 0, 0, 0, 0, 0, 0, 0, 0, 0, 0, 0, 0, 0, 0, 0, 0, 0, 0, 0, 0, 0, 0, 0, 0, 0, 0, 0, 0, 0, 0, 0, 0, 0, 0, 0, 0, 0, 0, 0, 0, 0, 0, 0, 0, 0, 0, 0, 0, 0, 0, 0, 0, 0, 0, 0, 0, 0, 0, 0, 0, 1, 0, 0, 0, 0, 0, 0, 0, 0, 0, 0, 0, 0, 0, 0, 0, 0, 0, 0, 0, 0, 0, 0, 0, 0, 0, 0, 0, 0, 0, 0, 0, 0, 0, 0, 0, 0, 0, 0, 0, 0, 0, 0, 0, 0, 0, 0, 0, 0, 0, 0, 0, 0, 0, 0, 0, 0, 0, 0, 0, 0, 0, 0, 0, 0, 0, 0, 0, 0, 0, 0, 0, 0, 0, 0, 0, 0, 0, 0, 0, 0, 0, 0, 1, 0, 0, 0, 0, 0, 0, 0, 0, 0, 0, 0, 0, 0, 0, 0, 0, 0, 0, 0, 0, 0, 0, 0, 0, 0, 0, 0, 0, 0, 0, 0, 1, 0, 0, 0, 0, 0, 0, 0, 0, 0, 0, 0, 0, 0, 0, 1, 1, 1, 1, 1, 1, 0, 0, 1, 1, 1, 0, 0, 1, 1, 1, 1, 1, 1, 1, 1, 1, 1, 1, 1, 1, 1, 1, 1, 0, 1, 1, 1, 1, 1, 1, 1, 1, 1, 1, 1, 1, 1, 1, 1, 1, 0, 1, 1, 1, 1, 1, 0, 1, 1, 1, 1, 1, 0, 1, 1, 1, 1, 1, 1, 1, 1, 1, 1, 1, 1, 1, 1, 1, 1, 1, 1, 1, 1, 1, 1, 1, 1, 1, 1, 1, 1, 1, 1, 1, 1, 1, 1, 1, 1, 1, 0, 1, 1, 0, 1, 1, 1, 1, 1, 1, 1, 1, 1, 1, 1, 1, 1, 1, 1, 1, 1, 1, 1, 1, 1, 1, 1, 0, 1, 1, 0, 1, 0, 1, 1, 1, 1, 1, 1, 1, 1, 1, 1, 1, 1, 1, 1, 1, 1, 0, 1], "proba": [0.06840630162145699, 0.021239614753820756, 0.11326995768258573, 0.0684258402328844, 0.0257774111269464, 0.06843822867459026, 0.011414872825847508, 0.053331535002857755, 0.04047905322186915, 0.15210141755192141, 0.06845126818509437, 0.015430816601425465, 0.0684076942207246, 0.06838855403245103, 0.06840332821168166, 0.06842107219321028, 0.5359974541586398, 0.06395858879724191, 0.8224354158687278, 0.5373785555724111, 0.08671240586459607, 0.017023555287763715, 0.022496274759271094, 0.0684642316836608, 0.017005805206861686, 0.06842327159358046, 0.06221430924663849, 0.06842647241715943, 0.07712235273595401, 0.06839945848321925, 0.06846229814732131, 0.2823671427590448, 0.0684597275760151, 0.06844857427243858, 0.03224631763031977, 0.06847274132661187, 0.026760928518742247, 0.020676684288485913, 0.07694650233716241, 0.068466331642588, 0.027137939814603457, 0.06842134620504295, 0.02915913740383395, 0.022877272556611213, 0.032052940415855755, 0.04869601682061106, 0.0433279971274879, 0.018915932383644914, 0.07343441231335845, 0.03834508689121293, 0.036205230101981505, 0.014229885562097176, 0.02862495493308116, 0.06841326544446141, 0.06843626980853319, 0.043354106728857436, 0.0684414914096235, 0.06842692584533626, 0.06845368363676872, 0.0683872606772011, 0.06839527209167168, 0.5606935488837288, 0.06839154709384801, 0.3636374640968569, 0.06844131007142736, 0.02158744036298935, 0.038603951563540885, 0.06844965995486454, 0.0349592834304429, 0.06844509832391671, 0.06848065138816008, 0.05769789551762127, 0.06847882884042057, 0.06843655562688232, 0.02422603977514255, 0.06839307500465594, 0.0551111107138535, 0.10884042023112774, 0.06844704267577009, 0.06842993632305484, 0.06845531304856117, 0.19924273448873983, 0.0684271265990397, 0.0684197443032178, 0.06849017707543444, 0.058292725731805585, 0.41799746401721466, 0.06842162486532993, 0.02777983547261218, 0.032594050940842265, 0.06840545964886767, 0.061879054754343, 0.06837174136452868, 0.045545770695647816, 0.06845440567312538, 0.06837921665274248, 0.020339188939780907, 0.021231963461426178, 0.06526789070214462, 0.03225727428886122, 0.06838286008042226, 0.0662523091947784, 0.235161372850163, 0.06838673192956077, 0.0684313722920682, 0.20935118975398295, 0.061762675880645636, 0.05588953555750639, 0.036068024830018516, 0.0684183818358214, 0.06674527701764149, 0.06846746267393783, 0.012500695019063774, 0.06843157088461287, 0.05961852256182163, 0.22353638504399173, 0.06484353237405374, 0.05575801116203241, 0.03130200332120676, 0.06846016602270255, 0.040538107228101354, 0.059849185845299246, 0.3109199360275689, 0.0784791418364359, 0.0684582953563604, 0.06180790764866844, 0.02346782740821307, 0.027441074957831473, 0.06844691131099567, 0.033564673381447724, 0.06840986762213694, 0.06844320954325102, 0.06844977202562978, 0.06036136553733867, 0.5786172629349703, 0.06846543248900033, 0.02250011300039719, 0.021897586489495923, 0.026517776889115774, 0.015906264729565224, 0.062172261441835255, 0.020670848865101232, 0.05189926983034021, 0.03835068473361963, 0.0684314984168224, 0.0660277737131786, 0.04979385869060035, 0.048798702839882364, 0.06846265682507034, 0.06845682178132785, 0.0684567577545589, 0.06845549950458928, 0.06843399438498103, 0.029626556262656555, 0.04775409655758269, 0.019058306971936518, 0.024927941719274968, 0.053156676349429, 0.06846030130882197, 0.027538165082917197, 0.0906933992933618, 0.048416399192215194, 0.06779521661599273, 0.06087264604238325, 0.05558314720231389, 0.022595600321626393, 0.07735782122770142, 0.06844556909856239, 0.05216871654553415, 0.06845472860739323, 0.11347147345275582, 0.06114518976146781, 0.029884021063325134, 0.06961142973812372, 0.05957781224900874, 0.06843638581932017, 0.06845382769175903, 0.06844544746269274, 0.10099162156196347, 0.06843227682964079, 0.06848306420841804, 0.06067234238453215, 0.05662410909826229, 0.08826264579828356, 0.4521595177379117, 0.060168148262140696, 0.04643453334281713, 0.41187185366871326, 0.06846781303388974, 0.06843343500113423, 0.0684208540220096, 0.07027004397662752, 0.029160188721209925, 0.023457974726427876, 0.0684702508363486, 0.06844689454181198, 0.06346862578315453, 0.033835884927727655, 0.05446673236522211, 0.029696709172226474, 0.06007238267591503, 0.06843668588522397, 0.017138592302989197, 0.024009071781230833, 0.03792184691768817, 0.03888470016876552, 0.017137168749719378, 0.05152818635705186, 0.061922489205227194, 0.053727459051591285, 0.16333092561428156, 0.06111690425392374, 0.06842473215250128, 0.06846820270083379, 0.06844718680469174, 0.06841979039239689, 0.0684077459957792, 0.5050076408943202, 0.06842299480479722, 0.06843396108685204, 0.028237096601824014, 0.054593404091355824, 0.05503118971595489, 0.04556492019034406, 0.020516752270961062, 0.06839088064366519, 0.06845101306997173, 0.06772120622020299, 0.06845558938168861, 0.04013532793875112, 0.38333444104130154, 0.013531924568713988, 0.06845581406482161, 0.06844071992751168, 0.06840722913809348, 0.10271585867455862, 0.03260416685685268, 0.04580516094428559, 0.06841031858707457, 0.40161525855573393, 0.06848085625765117, 0.06845348257877698, 0.06846434029483864, 0.05549627031155735, 0.059300177888948855, 0.037413362046833404, 0.05681076213039155, 0.06847326102563744, 0.06155233610266037, 0.6153921826627067, 0.01944313734167191, 0.06845099018257919, 0.01407986578137594, 0.06843594432352552, 0.06104505472164705, 0.060142770004300364, 0.06842483661267856, 0.06842537056902011, 0.06842860686833331, 0.06745630986148787, 0.06838910324605921, 0.01342571509703809, 0.06844903399205418, 0.06839422566753238, 0.9185383846299507, 0.5856829468233126, 0.9092775660945586, 0.9093213381690541, 0.9093208747752641, 0.8309745158183938, 0.39928302101943025, 0.2476439848686147, 0.9093089897685248, 0.9261516176145247, 0.9092739540204455, 0.3485533536292036, 0.1440559255120969, 0.953142784810534, 0.9092901226291477, 0.9092840829250233, 0.9854598105142026, 0.9093028160837718, 0.9093283692150059, 0.9093103572764133, 0.9093205414851057, 