{"metrics": {"test": {"fp": [0], "f1_score": [0.958904109589041], "risk": [0.03260869565217391], "recall": [0.9210526315789473], "sensitivity": [0.9210526315789473], "precision": [1.0], "tp": [35], "tn": [54], "specificity": [1.0], "fn": [3]}, "train": {"fp": [1], "f1_score": [0.9727891156462586], "risk": [0.021621621621621623], "recall": [0.9533333333333334], "sensitivity": [0.9533333333333334], "precision": [0.9930555555555556], "tp": [143], "tn": [219], "specificity": [0.9954545454545455], "fn": [7]}}, "model": {"n_features": 124}, "data": {"path": "/scratch/adrouin/patric_data/single_species_datasets/moxifloxacin___-8916328542551230855/dataset.kover", "split": "train_0.800_seed_0_10_folds", "uuid": "188637c8-547d-11e8-9fd4-f0921c053df8"}, "predictions": {"binary": [0, 0, 0, 0, 0, 0, 0, 0, 0, 0, 0, 0, 0, 0, 0, 0, 0, 0, 0, 0, 0, 0, 0, 0, 0, 0, 0, 0, 0, 0, 0, 0, 0, 0, 0, 0, 0, 0, 0, 0, 0, 0, 0, 0, 0, 0, 0, 0, 0, 0, 0, 0, 0, 0, 0, 0, 0, 0, 0, 0, 0, 0, 0, 0, 0, 0, 0, 0, 0, 0, 0, 0, 0, 0, 0, 0, 0, 0, 0, 0, 0, 0, 0, 0, 0, 0, 0, 0, 0, 0, 0, 0, 0, 0, 0, 0, 0, 0, 0, 0, 0, 0, 0, 0, 0, 0, 0, 0, 0, 0, 0, 0, 0, 0, 0, 0, 0, 0, 0, 0, 0, 0, 0, 0, 0, 0, 0, 0, 0, 0, 0, 0, 0, 0, 0, 0, 0, 0, 1, 0, 0, 0, 0, 0, 0, 0, 0, 0, 0, 0, 0, 0, 0, 0, 0, 0, 0, 0, 0, 0, 0, 0, 0, 0, 0, 0, 0, 0, 0, 0, 0, 0, 0, 0, 0, 0, 0, 0, 0, 0, 0, 0, 0, 0, 0, 0, 0, 0, 0, 0, 0, 0, 0, 0, 0, 0, 0, 0, 0, 0, 0, 0, 0, 0, 0, 0, 0, 0, 0, 0, 0, 0, 0, 0, 0, 0, 0, 0, 0, 0, 0, 0, 0, 0, 0, 0, 0, 0, 0, 0, 0, 0, 0, 0, 0, 0, 0, 0, 0, 0, 0, 0, 0, 0, 0, 0, 0, 0, 0, 0, 0, 0, 0, 0, 0, 0, 0, 0, 0, 0, 0, 0, 0, 0, 0, 0, 0, 0, 0, 0, 0, 0, 0, 0, 1, 1, 1, 1, 1, 1, 1, 1, 1, 1, 1, 1, 1, 1, 1, 1, 1, 1, 1, 1, 0, 1, 1, 1, 1, 1, 1, 1, 1, 1, 1, 1, 1, 1, 1, 1, 1, 1, 1, 1, 1, 1, 1, 0, 1, 1, 1, 1, 1, 1, 0, 1, 1, 1, 1, 1, 1, 1, 1, 1, 1, 1, 1, 1, 1, 1, 0, 1, 1, 1, 1, 1, 1, 0, 1, 1, 1, 1, 1, 1, 1, 1, 1, 1, 1, 1, 1, 1, 1, 1, 1, 1, 1, 1, 1, 1, 1, 1, 1, 1, 1, 1, 1, 1, 1, 1, 1, 1, 1, 1, 1, 1, 1, 1, 1, 1, 1, 1, 1, 1, 1, 1, 1, 1, 1, 0, 1, 1, 1, 1, 1, 1, 1, 1, 1, 1, 1, 1, 0, 1, 1, 1, 1, 1, 1, 1, 1, 1, 1, 1, 1, 1, 1, 1, 1, 1, 1, 1, 1, 1, 1, 1, 1, 1, 1, 0, 1, 1, 1, 1, 1, 1, 1, 1, 0, 1, 1, 1, 1, 1, 0, 1, 1, 1, 1, 1, 1, 1, 0, 0, 0, 0, 0, 0, 0, 0, 0, 0, 0, 0, 0, 0, 0, 0, 0, 0, 0, 0, 0, 0, 0, 0, 0, 0, 0, 0, 0, 0, 0, 0, 0, 0, 0, 0, 0, 0, 0, 0, 0, 0, 0, 0, 0, 0, 0, 0, 0, 0], "proba": [0.11516391734814191, 0.10226812938888198, 0.0639417084781113, 0.1805936047520819, 0.05334859071613928, 0.04911218764011704, 0.044345552523289984, 0.03973851568770321, 0.03704196513182279, 0.07433052042830497, 0.05108697607344579, 0.03973851568770321, 0.36694303812052215, 0.07541652776566775, 0.04082875764418542, 0.06134542017062011, 0.05100634094295058, 0.035825061719630916, 0.06418730151847082, 0.3168126938018542, 0.03514053918314984, 0.09780240373483685, 0.0639417084781113, 0.0639417084781113, 0.04332651795030653, 0.20209949396591076, 0.07541652776566775, 0.1060144712111311, 0.0674030265257614, 0.04251439078504619, 0.044163201104670306, 0.07885544132489829, 0.32681435567374423, 0.09508538290088236, 0.062342716799190935, 0.03743125383869784, 0.1730024982164999, 0.04152264698391705, 0.05094477712642577, 0.06156032750770487, 0.07433052042830497, 0.041778326486821525, 0.06607631361533861, 0.07541652776566775, 0.3794609473989601, 0.04582844813692582, 0.034669651404664666, 0.03538288235989732, 0.07044714681639407, 0.0403432752015338, 0.044345552523289984, 0.041306645796920505, 0.05543276373450972, 0.04152264698391705, 0.0639417084781113, 0.10226812938888198, 0.07923125294715337, 0.0403432752015338, 0.053555824634928376, 0.05301047976084215, 0.04324295556318055, 0.07923125294715337, 0.09825819955163759, 0.1749977791752023, 0.04420968357734407, 0.0639417084781113, 0.07923125294715337, 0.09542781484675426, 0.04152264698391705, 0.04524892848791043, 0.0558455808540947, 0.10413216630760003, 0.04582844813692582, 0.03864223229151654, 0.37031740450126377, 0.1621533918914161, 0.18061434788170688, 0.04935229092657041, 0.1461242913962012, 0.053555824634928376, 0.059918602728848, 0.1767204169177613, 0.03586309744514232, 0.3794609473989601, 0.07923125294715337, 0.0639417084781113, 0.05379412499352833, 0.04082875764418542, 0.10226812938888198, 0.10197373002775556, 0.044922101596266126, 0.14899040929080523, 0.0547994384537377, 0.03586309744514232, 0.05133030927156943, 0.04935229092657041, 0.043459796092394795, 0.0639417084781113, 0.0639417084781113, 0.07541652776566775, 0.04172812032166492, 0.04420968357734407, 0.05334859071613928, 0.09006345100581031, 0.04701555794241584, 0.05471117637478212, 0.09006345100581031, 0.18109000098631273, 0.041395052409711405, 0.04152264698391705, 0.034669651404664666, 0.0403432752015338, 0.05369258138164551, 0.26361028364693995, 0.043459796092394795, 0.05748938432968066, 0.049185601953752205, 0.039924781601993545, 0.07630504391785693, 0.05318667283074924, 0.06508088831097299, 0.053555824634928376, 0.09422323278037313, 0.04152264698391705, 0.039953897855371505, 0.37132329153628063, 0.10226812938888198, 0.5, 0.0691137995784589, 0.0639417084781113, 0.041395052409711405, 0.04152264698391705, 0.1344079152939851, 0.039981358416047004, 0.03586309744514232, 0.0559453800788846, 0.06622199850761437, 0.03977217020226403, 0.9621194102442899, 0.039981358416047004, 0.14692939784789696, 0.07923125294715337, 0.06319950531698243, 0.03793817595674768, 0.043459796092394795, 0.05392390713428422, 0.041306645796920505, 0.044922101596266126, 0.05242808407725282, 0.20166535158993779, 0.04935229092657041, 0.05327158180464601, 0.07920397228033894, 0.05334859071613928, 0.041778326486821525, 0.07541652776566775, 0.5, 0.05334859071613928, 0.037802088655545046, 0.17565606637717815, 0.0639417084781113, 0.0559453800788846, 0.03743125383869784, 0.1780653568429275, 0.04935229092657041, 0.041778326486821525, 0.0578273355160745, 0.051304479041994755, 0.08997329580391339, 0.04152264698391705, 0.03538288235989732, 0.044922101596266126, 0.0547994384537377, 0.04420968357734407, 0.5, 0.041778326486821525, 0.06604139536776668, 0.10100550649212192, 0.1142652839718632, 0.04395974174442064, 0.07541652776566775, 0.048370118607520295, 0.05543276373450972, 0.041306645796920505, 0.048370118607520295, 0.04152264698391705, 0.04420968357734407, 0.0403432752015338, 0.04152264698391705, 0.048222541131951534, 0.044345552523289984, 0.3733428197188102, 0.20506755617328032, 0.03921341360172178, 0.256562175738762, 0.3794609473989601, 0.0547994384537377, 0.04152264698391705, 0.0559453800788846, 0.04152264698391705, 0.041778326486821525, 0.039788698551058155, 0.044345552523289984, 0.08025640196138582, 0.04152264698391705, 0.06596104129611031, 0.06418730151847082, 0.04086329214936209, 0.05085115013110367, 0.0745517388205697, 0.07541652776566775, 0.05765265208873674, 0.04116654789512361, 0.04429893381772826, 0.04152264698391705, 0.045011077507125054, 0.20900634368954926, 0.1767204169177613, 0.03743125383869784, 0.07923125294715337, 0.0639417084781113, 0.06307051808372902, 0.04420968357734407, 0.06651539729657376, 0.03508117171859044, 0.05728762829708016, 0.19126866359091843, 0.2705928941029262, 0.04429893381772826, 0.10197373002775556, 0.04429893381772826, 0.0639417084781113, 0.03586309744514232, 0.17593150292978993, 0.06932065492915622, 0.053555824634928376, 0.044345552523289984, 0.06607382722947212, 0.034669651404664666, 0.03586309744514232, 0.07923125294715337, 0.041649980378319656, 0.11529791292548798, 0.06932065492915622, 0.07453002717490352, 0.07923125294715337, 0.05334859071613928, 0.03586309744514232, 0.03586309744514232, 0.044345552523289984, 0.23237789843282364, 0.04520686198880219, 0.05507441415533699, 0.04549254671938087, 0.06596104129611031, 0.041778326486821525, 0.04152264698391705, 0.03538288235989732, 0.06284710308110798, 0.05346296507591502, 0.3794609473989601, 0.06227797585121442, 0.045697926037466925, 0.034669651404664666, 0.07541652776566775, 0.05100634094295058, 0.07897607182871123, 0.04479511048341465, 0.03586309744514232, 0.044345552523289984, 0.21664485339563885, 0.0639417084781113, 