{"metrics": {"test": {"fp": [3], "f1_score": [0.6363636363636365], "risk": [0.11940298507462686], "recall": [0.5833333333333334], "sensitivity": [0.5833333333333334], "precision": [0.7], "tp": [7], "tn": [52], "specificity": [0.9454545454545454], "fn": [5]}, "train": {"fp": [6], "f1_score": [0.9090909090909091], "risk": [0.040892193308550186], "recall": [0.9166666666666666], "sensitivity": [0.9166666666666666], "precision": [0.9016393442622951], "tp": [55], "tn": [203], "specificity": [0.9712918660287081], "fn": [5]}}, "model": {"n_features": 4776616}, "data": {"path": "/scratch/adrouin/data/patric/single_species_datasets/cycloserine___260162261243005161/dataset.kover", "split": "train_0.800_seed_3_10_folds", "uuid": "5d40d132-074f-11e8-83ec-001b2193b764"}, "predictions": {"binary": [0, 0, 0, 0, 0, 0, 0, 0, 0, 0, 0, 0, 0, 0, 0, 0, 0, 0, 0, 0, 0, 0, 0, 0, 0, 0, 0, 0, 0, 0, 0, 0, 0, 0, 0, 0, 0, 0, 0, 0, 0, 0, 0, 0, 0, 0, 0, 0, 0, 0, 0, 0, 0, 0, 0, 0, 0, 0, 0, 0, 0, 0, 0, 0, 0, 0, 0, 0, 0, 0, 0, 0, 0, 0, 0, 0, 0, 0, 0, 0, 0, 0, 0, 0, 0, 0, 0, 0, 0, 0, 0, 0, 0, 0, 0, 0, 0, 0, 0, 0, 0, 0, 0, 0, 0, 0, 0, 0, 0, 0, 0, 0, 0, 0, 0, 0, 0, 0, 0, 0, 0, 0, 0, 0, 0, 0, 0, 0, 0, 0, 0, 0, 0, 0, 0, 0, 0, 0, 0, 0, 0, 0, 0, 0, 0, 0, 0, 0, 0, 0, 0, 0, 0, 0, 0, 0, 0, 0, 0, 0, 0, 0, 0, 0, 0, 0, 1, 0, 0, 0, 0, 0, 1, 0, 0, 0, 0, 0, 0, 0, 0, 0, 0, 0, 1, 0, 1, 0, 0, 0, 0, 0, 0, 0, 0, 0, 0, 1, 0, 0, 0, 0, 0, 0, 0, 0, 0, 0, 0, 0, 0, 0, 0, 0, 0, 0, 0, 0, 0, 0, 1, 0, 1, 0, 0, 0, 0, 0, 0, 0, 0, 0, 0, 0, 0, 0, 0, 0, 0, 0, 0, 0, 0, 1, 0, 0, 0, 0, 0, 0, 0, 0, 0, 0, 0, 0, 0, 0, 1, 0, 0, 0, 0, 0, 1, 1, 1, 1, 1, 1, 1, 1, 1, 1, 1, 1, 0, 0, 0, 1, 1, 1, 1, 1, 1, 1, 1, 1, 0, 1, 1, 1, 1, 1, 1, 0, 1, 1, 1, 1, 1, 1, 1, 1, 0, 1, 0, 1, 1, 1, 0, 1, 0, 1, 1, 1, 1, 1, 1, 1, 1, 1, 1, 1, 1, 1, 1, 1, 1, 1, 1, 1, 1, 1, 1, 0], "proba": [0.19830370893558358, 0.25493628965520837, 0.1172525399633987, 0.12573582856850593, 0.03488974036719868, 0.12210819867327569, 0.1258234877721835, 0.14338556137976727, 0.12576870691277753, 0.2133944237388838, 0.1258369507434932, 0.037786889701019635, 0.12584481979765397, 0.1257541695482879, 0.06792997264262451, 0.12582773431526842, 0.12580382841706517, 0.0668989205899379, 0.125832638804168, 0.07045695875776942, 0.2133242305223983, 0.075696069986586, 0.1257860314294947, 0.12581198216126305, 0.1257885506333044, 0.12577206181115874, 0.15455582184329625, 0.1251528775668587, 0.17562724114672712, 0.1258633327661729, 0.1257678948507794, 0.060708069938647094, 0.12581083893884443, 0.1342869502828932, 0.12579321316844638, 0.20179966615030392, 0.11906498053625526, 0.12581172053755887, 0.12582180489130285, 0.07013628333919204, 0.12577880676520242, 0.1258178369968288, 0.04947553797379655, 0.09571805847572157, 0.12575436466323928, 0.12576252270290225, 0.12580245733296105, 0.05873095891377898, 0.12272967402254006, 0.11270183625139557, 0.05802135596497205, 0.1257535936802854, 0.12584568499317303, 0.1258018418477459, 0.091713810857791, 0.12578536011749925, 0.1257659755766429, 0.1257373165824258, 0.12576470007737933, 0.12580989650220897, 0.11472159872794484, 0.06824507703920459, 0.12578949075279036, 0.10211108451555047, 0.12585178340505035, 0.0973419549671145, 0.1130155012972689, 0.11330994203231165, 0.057375395594765774, 0.08774306611234793, 0.06881763204332, 0.062366878069973944, 0.08475544937029945, 0.030346492393410394, 0.07566243562448118, 0.0749279383594037, 0.0642210774191898, 0.12578238560174826, 0.12578290359034275, 0.08196129161964932, 0.05716210514186835, 0.0840901466821469, 0.12579042148033054, 0.12578977158481217, 0.125764284625067, 0.12580649826578963, 0.09065590997124034, 0.08270109685849321, 0.11758418615163019, 0.12573506137776008, 0.1257653854660883, 0.11088304160588902, 0.12580774965812716, 0.05012477939674068, 0.10256742344902202, 0.12577171346360028, 0.06968381415900907, 0.06861978402657533, 0.0672567145942347, 0.0779760661858235, 0.1258114367331335, 0.12582766023991157, 0.24069281542967919, 0.07997936707559877, 0.15892740239271388, 0.12514722261428757, 0.05949066728173779, 0.10011792519829173, 0.1257773335643643, 0.1257281714512539, 0.09521563671208876, 0.12576609268073025, 0.12242919232691445, 0.10748366703250231, 0.1245541499383044, 0.06092588548981421, 0.11337338021133349, 0.08066071767074008, 0.12582207096614736, 0.189004028658519, 0.11778358844761222, 0.12577355479950436, 0.09350974870591644, 0.12576026618675448, 0.10915148433028847, 0.1258221891985108, 0.03221466286585002, 0.12581615901858126, 0.12573181447805132, 0.04979597186429317, 0.08486820208088493, 0.14217468151068985, 0.1258063000008081, 0.125815218485623, 0.09135711126828476, 0.06139177233954435, 0.049031147152532886, 0.12576743920747144, 0.021184551484408662, 0.12576146561402132, 0.07987976876323635, 0.07307009642229526, 0.061632586478468115, 0.06331816899770092, 0.10634372860951816, 0.06541019744373747, 0.06762861923540918, 0.10135714328284592, 0.09270273654942283, 0.12575818656974946, 0.14750073266007396, 0.12577183964623906, 0.05075582286401638, 0.02214311282939861, 0.1258102202938639, 0.09260568970952353, 0.15726918549494984, 0.12585087797173589, 0.12585001304431412, 0.042346997102562754, 0.22074384033539585, 0.038235862074198, 0.024558579503765606, 0.11013060462015055, 0.12578644109149223, 0.12903727498849402, 0.5975295048056861, 0.09863476863329237, 0.11749031598423215, 0.10091307468370231, 0.12582084872863267, 0.20308847124816692, 0.4072089677820906, 0.04417899211458498, 0.13340653303674094, 0.0689447967316945, 0.06097005629128243, 0.12582115376636804, 0.12576871537840123, 0.12576057665798834, 0.08186075453563212, 0.1258264755556129, 0.07527123273419788, 0.14893224943435654, 0.3971835961515499, 0.20491877210559217, 0.6531000502669668, 0.3451805605601246, 0.12581803211882597, 0.12579884994791252, 0.06017970715070946, 0.030788633903133203, 0.18464577380324979, 0.0377367445025481, 0.12806773199637755, 0.12573360148720353, 0.1258310015799118, 0.41341479977401446, 0.11149750301847947, 0.1258246787936658, 0.1257523249606061, 0.125043587938763, 0.035706572730113455, 0.1267720882941292, 0.12582162789556933, 0.1257794236401954, 0.358383223862577, 0.12581371574026734, 0.1258242154262696, 0.18429238108375717, 0.08858437216877625, 0.12580658207333675, 0.1258249483220976, 0.04677784900182873, 0.07155978387065229, 0.16727776258074264, 0.024684078111305432, 0.3562818698126658, 0.12579427107800512, 0.34783461344133254, 0.379222634465189, 0.12579327176675356, 0.3677101482555487, 0.1639745076724103, 0.07566087313052015, 0.1962670634673226, 0.0789520015162574, 0.11244648126637115, 0.12579158777254448, 0.12581172158653636, 0.1258131673948924, 0.20143092588600284, 0.3460618287518842, 0.12580504150247954, 0.12575445924348214, 0.13311147790182792, 0.10325922842026357, 0.14458948842375124, 0.05008530880236361, 0.2577278283417262, 0.12583999515531036, 0.12583849357874768, 0.11649819142424882, 0.43543704103778275, 0.1257787560671302, 0.11453035196470121, 0.0966802442659609, 0.12581581524916163, 0.1323612291400397, 0.08807107548195195, 0.12578831019652872, 0.11176907486831918, 0.1960734265572268, 0.10536341920667404, 0.1258114582477969, 0.1258055486666488, 0.09018115777972072, 0.1010908729348207, 0.42452981722061306, 0.12577741039045717, 0.12565137867417442, 0.12578860062170427, 0.12584141394003984, 0.12577540252847635, 0.6235249822426574, 0.6687518279796776, 0.5795479151140092, 0.4683948229117052, 0.48346782472454547, 0.6183384576182726, 0.6839609831415336, 0.5142253846468325, 0.5743233095356509, 0.6840540159748528, 0.5, 0.6820856515865485, 0.0906682639655826, 0.33694625853193094, 0.20434458123195876, 0.6839630671673745, 0.5453976782543096, 0.6839295643825519, 0.6761533598896046, 0.683886245660907, 0.6839311805090602, 0.6886757300019444, 0.6840369236907448, 0.6709261748877019, 0.12782500622638146, 0.6840071943377379, 0.6840103966154909, 0.6757942976628157, 0.5495992009993816, 0.7562726904571024, 0.37316856787924374, 0.27007247381114313, 0.684099443406026, 0.6840641006510279, 0.5339461643218534, 0.5388545668590331, 