{"metrics": {"test": {"fp": [2], "f1_score": [0.9662921348314608], "risk": [0.03260869565217391], "recall": [0.9772727272727273], "sensitivity": [0.9772727272727273], "precision": [0.9555555555555556], "tp": [43], "tn": [46], "specificity": [0.9583333333333334], "fn": [1]}, "train": {"fp": [0], "f1_score": [1.0], "risk": [0.0], "recall": [1.0], "sensitivity": [1.0], "precision": [1.0], "tp": [169], "tn": [200], "specificity": [1.0], "fn": [0]}}, "model": {"n_features": 19753177}, "data": {"path": "/scratch/adrouin/patric_data/single_species_datasets/azithromycin___-8916328542551230855/dataset.kover", "split": "train_0.800_seed_0_10_folds", "uuid": "1873357e-547d-11e8-9998-f0921c053df8"}, "predictions": {"binary": [0, 0, 0, 0, 0, 0, 0, 0, 0, 0, 0, 0, 0, 0, 0, 0, 0, 0, 0, 0, 0, 0, 0, 0, 0, 0, 0, 0, 0, 0, 0, 0, 0, 0, 0, 0, 0, 0, 1, 0, 0, 0, 0, 0, 0, 0, 0, 0, 0, 0, 0, 0, 0, 0, 0, 0, 0, 0, 0, 0, 0, 0, 0, 0, 0, 0, 0, 0, 0, 0, 0, 0, 0, 0, 0, 0, 0, 0, 0, 0, 0, 0, 0, 0, 0, 0, 0, 0, 0, 0, 0, 0, 0, 0, 0, 0, 0, 0, 0, 1, 0, 0, 0, 0, 0, 0, 0, 0, 0, 0, 0, 0, 0, 0, 0, 0, 0, 0, 0, 0, 0, 0, 0, 0, 0, 0, 0, 0, 0, 0, 0, 0, 0, 0, 0, 0, 0, 0, 0, 0, 0, 0, 0, 0, 0, 0, 0, 0, 0, 0, 0, 0, 0, 0, 0, 0, 0, 0, 0, 0, 0, 0, 0, 0, 0, 0, 0, 0, 0, 0, 0, 0, 0, 0, 0, 0, 0, 0, 0, 0, 0, 0, 0, 0, 0, 0, 0, 0, 0, 0, 0, 0, 0, 0, 0, 0, 0, 0, 0, 0, 0, 0, 0, 0, 0, 0, 0, 0, 0, 0, 0, 0, 0, 0, 0, 0, 0, 0, 0, 0, 0, 0, 0, 0, 0, 0, 0, 0, 0, 0, 0, 0, 0, 0, 0, 0, 0, 0, 0, 0, 0, 0, 0, 0, 0, 0, 0, 0, 1, 1, 1, 1, 1, 1, 1, 1, 1, 1, 1, 1, 1, 1, 1, 1, 1, 1, 1, 1, 1, 1, 1, 1, 1, 1, 1, 1, 1, 1, 1, 1, 1, 1, 1, 1, 1, 1, 1, 1, 1, 1, 1, 1, 1, 1, 1, 1, 1, 1, 1, 1, 1, 1, 1, 1, 1, 1, 1, 1, 1, 1, 1, 1, 1, 1, 0, 1, 1, 1, 1, 1, 1, 1, 1, 1, 1, 1, 1, 1, 1, 1, 1, 1, 1, 1, 1, 1, 1, 1, 1, 1, 1, 1, 1, 1, 1, 1, 1, 1, 1, 1, 1, 1, 1, 1, 1, 1, 1, 1, 1, 1, 1, 1, 1, 1, 1, 1, 1, 1, 1, 1, 1, 1, 1, 1, 1, 1, 1, 1, 1, 1, 1, 1, 1, 1, 1, 1, 1, 1, 1, 1, 1, 1, 1, 1, 1, 1, 1, 1, 1, 1, 1, 1, 1, 1, 1, 1, 1, 1, 1, 1, 1, 1, 1, 1, 1, 1, 1, 1, 1, 1, 1, 1, 1, 1, 1, 1, 1, 1, 1, 1, 1, 1, 1, 1, 1, 1, 1, 1, 1, 1, 1, 1, 1, 1, 1, 1, 1, 1, 1, 1, 1, 1, 1, 1, 1, 1, 1, 1, 1, 1, 1], "proba": [0.01440488303086319, 0.016483970789863932, 0.0404044506036625, 0.02355286899586468, 0.04402906688742791, 0.044013761266056134, 0.044075354408233215, 0.043999148838206936, 0.04398675282639398, 0.03408098225149492, 0.02342832437637528, 0.028145326839289095, 0.04368211712447115, 0.044025351888197686, 0.01453841482723677, 0.04403824789807419, 0.04401452387869863, 0.044054210013633875, 0.044041549845124685, 0.04404625108485078, 0.022962526167184364, 0.04404478434344524, 0.04402016663530337, 0.020943736344410577, 0.04387996493402977, 0.015762549650187196, 0.03752050736320938, 0.044068337282944806, 0.06955322589367348, 0.03977125560844207, 0.03083015280897168, 0.013130109891830243, 0.02397373153472115, 0.04402250613579241, 0.04409479778787006, 0.015397526710269477, 0.04327706602368222, 0.04399216908069024, 0.9359411448385582, 0.01894257878454222, 0.030654867381676176, 0.0234215364714577, 0.085944094682294, 0.044084537375297383, 0.04402978164243305, 0.01962599525050963, 0.04401404531576297, 0.025141269291754788, 0.044031372513538766, 0.0440607310118124, 0.028626326890309174, 0.04402857100122114, 0.03327916514984622, 0.04324141042670825, 0.044023161680631716, 0.043980844213538886, 0.041592308914370796, 0.025856213956638566, 0.04400332574781331, 0.042082095092152105, 0.020936494740514122, 0.0437469200401143, 0.0440373056482815, 0.04404335071122872, 0.020012602996642526, 0.0339801625970949, 0.04406594031375816, 0.04397437863153819, 0.030273169463805014, 0.04408976865093869, 0.051220175013664014, 0.044070171868485615, 0.016344535402269367, 0.019037421328508605, 0.041566636691921496, 0.044062895396334345, 0.044044316795222874, 0.0440701933284377, 0.04403786040248962, 0.04406933544036436, 0.02702449588427328, 0.012933718430434544, 0.048404884725246254, 0.04408804924222151, 0.07000840905708697, 0.04405453033780748, 0.044034640860148924, 0.07608144007769903, 0.14289454946546098, 0.024326116181666694, 0.03695592296459551, 0.026750269695870976, 0.04407838237108718, 0.035173237812716335, 0.01281827688286955, 0.017006648200196643, 0.04402776709601249, 0.012010983080364263, 0.021076746732594985, 0.9260397835169518, 0.03054461068334692, 0.03650817053631283, 0.04401983665663813, 0.04409691374949997, 0.023021911231157325, 0.11041253874619472, 0.03010708377735208, 0.02552256597556523, 0.02925145550934592, 0.01774309946704726, 0.026188653187018216, 0.04399123262182992, 0.042905608253240114, 0.016147966654050574, 0.02674378334777125, 0.02436534201206665, 0.03568968334539583, 0.07643101039483212, 0.04403004330713491, 0.03536184925078223, 0.04409723816592319, 0.029692781686868557, 0.021020589439193195, 0.044088358134434506, 0.04407503349096085, 0.023135771704397463, 0.039152810008903256, 0.03303717764680327, 0.04274382707053545, 0.04407122768882082, 0.04334955103156552, 0.04282279423545721, 0.044093055988507164, 0.044048652401903955, 0.02619463528686155, 0.02459648174657404, 0.044048762114340806, 0.03933528908775492, 0.0347228931008499, 0.044093977440747466, 0.04401671887713352, 0.041919015981307574, 0.043985429599384625, 0.02391995142212463, 0.030844031550619672, 0.044086080452419574, 0.028905060084135917, 0.018403929412529902, 0.022250053854071805, 0.044065173695434987, 0.024218644185491637, 0.09899019924321838, 0.034240905365150294, 0.02568005619009741, 0.026279153587113316, 0.02405737771206371, 0.023184661416611598, 0.04409334749889555, 0.021047632493445458, 0.02265739460358376, 0.026450741240520395, 0.03049088905940418, 0.03529308561810698, 0.02857389758213254, 0.044059321320540745, 0.04316479414689057, 0.014303765504194014, 0.03300277482352974, 0.04407472562522323, 0.013170718327148716, 0.0440779761107959, 0.023285476445217845, 0.026021082130560088, 0.027196768682106007, 0.07228832879837022, 0.026036738024717523, 0.02427207406894582, 0.032881538393035925, 0.04402278511639358, 0.03396693795613794, 0.09443641991266594, 0.029208275010309013, 0.044056941896504956, 0.03379309248236633, 0.037112565196789994, 0.03984935953774716, 0.022078513433585717, 0.04402623070934683, 0.04405286404356961, 0.044057691187686376, 0.04401367965408736, 0.026664281710503765, 0.04417452439835781, 0.0969717576038863, 0.0436607207361472, 0.02190496120942783, 0.027587407658009648, 0.13343880119033524, 0.0250238615074222, 0.02176278261056297, 0.03175348432820355, 0.04406172069429499, 0.06096694362924385, 0.03513887662319555, 0.03827044645576386, 0.044054760479092854, 0.044063040976872345, 0.04406001578906463, 0.04011912769777182, 0.02345379835838756, 0.034491065827942084, 0.023174065450949955, 0.021740926403942054, 0.04403985965573205, 0.01982274684153802, 0.019058002736848687, 0.044039436508614, 0.039861575639064395, 0.01489020895349284, 0.040101767638822255, 0.04403760296976932, 0.04401796095791635, 0.044076245472986476, 0.044022887616752465, 0.04407632706404139, 0.028838262455303423, 0.04406271572597031, 0.044023389484588435, 0.044056703523936105, 0.04409586581131553, 0.02239570303616003, 0.026087210259549392, 0.03619883775480971, 0.04406156696476859, 0.04403178351018333, 0.01774422954444143, 0.04098507252624222, 0.04406831695072637, 0.0440628042378725, 0.015941195049681684, 0.0424028167334023, 0.03542130849285105, 0.04402223503885226, 0.02554781250264393, 0.01927002726984582, 0.03517216045921417, 0.044072666602712904, 0.041020893812882785, 0.959892396521485, 0.9611586070844264, 0.9686940431810632, 0.9599761547240284, 0.9599169768821622, 0.9599142993839554, 0.9656854174749274, 0.959921964542718, 0.9711948861991401, 0.9458593976553653, 0.9757294378628802, 0.96597058675055, 0.9694461310441532, 0.9735303019640372, 0.9518006607960927, 0.959819334642949, 0.9599192490990118, 0.9748047388400236, 0.9599080599223125, 0.9532372374666529, 0.9675685370591361, 0.9660317900512362, 0.9728365318742566, 0.9741190644061123, 0.9599264043922875, 0.9594496824682672, 0.9606831204011571, 0.9867633510503909, 0.9598858228182156, 