{"classifications": {"train_errors": ["760785.3"], "test_correct": ["760787.3", "760754.3", "760773.3", "760775.3", "760747.3", "760833.3", "760860.3", "760839.3", "1105117.3", "1105119.3", "1313.7007", "1313.7011", "1131630.3", "760844.3", "760820.3", "1069624.3", "760878.3"], "train_correct": ["760877.3", "760781.3", "760782.3", "760812.3", "760767.3", "760790.3", "760764.3", "760760.3", "760756.3", "760755.3", "760794.3", "1313.7022", "760819.3", "1313.7009", "1313.6939", "760772.3", "1313.6942", "760779.3", "760881.3", "760745.3", "760810.3", "760879.3", "760750.3", "760809.3", "760808.3", "760806.3", "1069627.3", "760803.3", "760800.3", "760748.3", "760798.3", "760746.3", "760774.3", "760793.3", "1313.6941", "760784.3", "1313.6947", "760832.3", "760835.3", "760840.3", "760841.3", "760842.3", "760846.3", "760848.3", "760861.3", "760850.3", "1313.6944", "760858.3", "1105115.3", "1131628.3", "760829.3", "760828.3", "760852.3", "1131627.3", "1313.7002", "1313.7010", "1313.7021", "1313.7012", "1313.7013", "1313.7006", "1313.7016", "1313.7017", "1313.7018", "1313.7019", "1313.7020", "1131629.3", "1313.7015", "760799.3", "760838.3", "760797.3", "760792.3", "760847.3", "760854.3", "760855.3", "1105116.3", "760831.3", "1105118.3", "760845.3", "760825.3", "760813.3", "760823.3", "760822.3", "760815.3", "760856.3", "760880.3", "760749.3", "760769.3", "1069623.3", "760777.3", "760824.3", "760827.3"], "test_errors": ["1313.7001", "760837.3", "760786.3", "760818.3", "1105121.3"]}, "metrics": {"test": {"fp": [1], "f1_score": [0.6153846153846154], "risk": [0.22727272727272727], "recall": [0.5], "sensitivity": [0.5], "precision": [0.8], "tp": [4], "tn": [13], "specificity": [0.9285714285714286], "fn": [4]}, "train": {"fp": [1], "f1_score": [0.9795918367346939], "risk": [0.010869565217391304], "recall": [1.0], "sensitivity": [1.0], "precision": [0.96], "tp": [24], "tn": [67], "specificity": [0.9852941176470589], "fn": [0]}}, "model": {"rules": ["Presence(AATGGCTGTATGGACAGGCTATTCTAACCGT)", "Presence(TTATCACTGGGATTTTTATGCCCTTTTGGGC)", "Presence(AACTTCCACAATGACGATAAAGGCTAAGAAA)"], "depth": 3, "rule_identifiers": ["0", "2", "4"], "n_rules": 3, "rule_importances": [0.7706589006188569, 0.12079293113148226, 0.10854816824966078]}, "data": {"path": "/scratch/adrouin/patric_data/single_species_datasets/meropenem___49420779660966717/dataset.kover", "uuid": "0badefa6-0873-11e8-80e1-001b2193b764", "split": "train_0.800_seed_0_10_folds"}, "cv": {"candidate_hp": {"criterion": ["gini"], "max_depth": [20]}, "best_hp": {"score": 0.11111111111111109, "values": {"min_samples_split": 2, "max_depth": 20, "criterion": "gini", "class_importance": {"0": 0.25, "1": 0.75}, "pruning_alpha": 0.014285714285714264}}, "strategy": "cv"}, "running_time": 752}