{"metrics": {"test": {"fp": [7], "f1_score": [0.6376811594202898], "risk": [0.32051282051282054], "recall": [0.55], "sensitivity": [0.55], "precision": [0.7586206896551724], "tp": [22], "tn": [31], "specificity": [0.8157894736842105], "fn": [18]}, "train": {"fp": [9], "f1_score": [0.7112676056338028], "risk": [0.2611464968152866], "recall": [0.5804597701149425], "sensitivity": [0.5804597701149425], "precision": [0.9181818181818182], "tp": [101], "tn": [131], "specificity": [0.9357142857142857], "fn": [73]}}, "model": {"n_features": 4766702}, "data": {"path": "/scratch/adrouin/patric_data/single_species_datasets/azithromycin___672792900560953954/dataset.kover", "split": "train_0.800_seed_8_10_folds", "uuid": "27963fe0-0790-11e8-8774-001b2193b764"}, "predictions": {"binary": [1, 0, 1, 0, 0, 0, 0, 0, 0, 0, 0, 0, 0, 0, 0, 0, 1, 0, 0, 0, 1, 0, 0, 0, 0, 1, 0, 0, 0, 0, 0, 1, 0, 0, 0, 1, 0, 0, 0, 0, 0, 0, 0, 0, 0, 0, 0, 1, 0, 0, 0, 0, 0, 0, 0, 0, 0, 0, 0, 0, 0, 0, 0, 0, 0, 0, 0, 0, 0, 0, 0, 1, 0, 0, 0, 0, 0, 0, 0, 0, 0, 0, 0, 0, 0, 0, 0, 0, 0, 0, 0, 0, 0, 0, 0, 0, 0, 0, 0, 0, 1, 0, 0, 0, 1, 0, 0, 0, 0, 0, 1, 0, 0, 0, 0, 1, 0, 0, 1, 0, 0, 0, 0, 0, 0, 0, 0, 0, 0, 0, 0, 0, 0, 0, 0, 0, 0, 0, 0, 0, 0, 0, 0, 0, 0, 0, 0, 0, 0, 0, 0, 0, 0, 0, 0, 0, 0, 0, 0, 0, 0, 0, 0, 0, 0, 0, 0, 0, 0, 1, 0, 0, 0, 0, 1, 0, 0, 0, 0, 0, 1, 0, 1, 0, 0, 0, 1, 1, 1, 0, 1, 1, 1, 1, 0, 0, 0, 0, 1, 0, 1, 1, 1, 1, 1, 1, 1, 1, 1, 1, 1, 1, 1, 1, 1, 1, 0, 1, 1, 0, 0, 0, 1, 1, 1, 0, 0, 1, 1, 1, 0, 1, 1, 1, 1, 1, 1, 1, 1, 1, 1, 0, 0, 0, 0, 0, 0, 1, 0, 0, 0, 1, 0, 1, 1, 1, 1, 1, 1, 1, 1, 1, 0, 1, 0, 1, 1, 0, 1, 1, 1, 0, 0, 0, 0, 0, 0, 0, 0, 1, 1, 1, 0, 0, 0, 1, 1, 0, 0, 0, 0, 1, 1, 1, 0, 1, 1, 0, 0, 1, 1, 0, 0, 0, 0, 1, 1, 0, 0, 0, 0, 0, 0, 0, 1, 1, 1, 1, 1, 1, 1, 1, 1, 0, 1, 1, 0, 1, 1, 0, 1, 1, 1, 1, 1, 0, 0, 1, 0, 1, 1, 1, 1, 1, 1, 1, 0, 1, 1, 1, 1, 1, 1, 0, 0, 1, 1, 0, 0, 1, 1, 1, 0, 1, 0, 0, 1, 0, 0, 0, 0, 0, 0, 0, 0, 0, 0, 0, 0, 0, 0, 0, 1, 1, 1, 1, 1, 1, 1, 1, 0, 1], "proba": [0.4148573901000112, 0.5470415155542107, 0.48911370784143204, 0.5506596977728144, 0.502937976824135, 0.5082994400618817, 0.5574811745588157, 0.5501928929719405, 0.5547920882405908, 0.5013326042974107, 0.5771634610123231, 0.6002358790457231, 0.5821607428581379, 0.5465163816985101, 0.5120343233009567, 0.5129503846398366, 0.39001662461821596, 0.523715940147195, 0.5512242010341206, 0.5238926506912256, 0.497215880101465, 0.5111514542406214, 0.6015146787062409, 0.5218360155724608, 0.5542444822175853, 0.49990621606910424, 0.5494449524106405, 0.556835764551517, 0.5005197570898459, 0.5549036922063055, 0.5474641180858624, 0.49888019921832705, 0.5131259564418009, 0.5124431641546965, 0.5533402012170852, 0.49516536368572084, 0.54889140939004, 0.5512217385069973, 0.5653156920354542, 0.5806303613585808, 0.6015382557865072, 0.6006536889245377, 0.555390475016831, 0.5524141174557902, 0.5267824702398496, 0.5813359076010175, 0.5135304111808148, 0.3903352225264685, 0.5274677522019172, 0.5520706226883829, 0.5484980278675816, 0.5795480360437393, 0.5704949075322202, 0.5494057398581763, 0.5783476406610133, 0.5512332504786259, 0.5484658407440117, 0.5646342995853482, 0.547294628317943, 0.5541481636576187, 0.5562187626630268, 0.5437629825038223, 0.5483209985030271, 0.5643256074156859]}}