{"metrics": {"test": {"fp": [2], "f1_score": [0.7999999999999999], "risk": [0.15], "recall": [0.8571428571428571], "sensitivity": [0.8571428571428571], "precision": [0.75], "tp": [6], "tn": [11], "specificity": [0.8461538461538461], "fn": [1]}, "train": {"fp": [6], "f1_score": [0.8387096774193549], "risk": [0.125], "recall": [0.8666666666666667], "sensitivity": [0.8666666666666667], "precision": [0.8125], "tp": [26], "tn": [44], "specificity": [0.88], "fn": [4]}}, "model": {"n_features": 5087064}, "data": {"path": "/scratch/adrouin/patric_data/single_species_datasets/tetracycline___946434054234721145/dataset.kover", "split": "train_0.800_seed_9_10_folds", "uuid": "5d974b6a-086d-11e8-aaed-001b2193b764"}, "predictions": {"binary": [0, 0, 0, 0, 0, 0, 0, 0, 0, 1, 0, 0, 0, 0, 0, 0, 0, 0, 0, 0, 0, 0, 0, 0, 0, 0, 0, 0, 0, 0, 0, 0, 0, 0, 1, 1, 0, 0, 0, 0, 1, 0, 0, 1, 0, 0, 0, 1, 0, 0, 0, 0, 0, 0, 0, 0, 1, 0, 0, 0, 0, 1, 0, 1, 1, 0, 1, 1, 1, 1, 1, 1, 1, 0, 1, 0, 1, 1, 1, 0, 1, 1, 1, 1, 1, 1, 1, 1, 1, 1, 1, 1, 1, 0, 1, 1, 1, 1, 1, 1], "proba": [0.6093275670684561, 0.5348529394267317, 0.5144572124481039, 0.5454425779344652, 0.5134154293309943, 0.5235746510546895, 0.5754489441061584, 0.5928972457534518, 0.607907369249713, 0.41079023392574004, 0.588917820182214, 0.5993861794482978, 0.6081456643340233, 0.5703626095378234, 0.5005223094964768, 0.6071402950598795, 0.6111210948597481, 0.6117812083596519, 0.6135629281444012, 0.6114333760031874, 0.6132335181831569, 0.5142041204142898, 0.5992009977466244, 0.5705020075816356, 0.606105893771551, 0.5931923645515373, 0.5595447212875219, 0.5996174444073793, 0.5737576881236379, 0.6122707095352592, 0.500344269938734, 0.6122667223242143, 0.6030876521922214, 0.5053205917288757, 0.4774628110386117, 0.47849129273230623, 0.6023082394513453, 0.6027667388795567, 0.5922985172167914, 0.5965936261037299, 0.4638773318515137, 0.6100624221902069, 0.520272172907129, 0.49050315059446603, 0.5221705052604316, 0.5165746708901466, 0.518419610448895, 0.4850680724508463, 0.5203952670929125, 0.5380231169078614, 0.6072165823491285, 0.5253901418304409, 0.6011456184906193, 0.6042329934404707, 0.5940516256510445, 0.6044851470252859, 0.4776596707859886, 0.505882702103952, 0.6042241976158791, 0.6003399988434325, 0.5002445855591705, 0.46916966191354437, 0.5986680900767477, 0.4027431942175864]}}