{"metrics": {"test": {"fp": [1], "f1_score": [0.9523809523809523], "risk": [0.0425531914893617], "recall": [0.9523809523809523], "sensitivity": [0.9523809523809523], "precision": [0.9523809523809523], "tp": [20], "tn": [25], "specificity": [0.9615384615384616], "fn": [1]}, "train": {"fp": [0], "f1_score": [1.0], "risk": [0.0], "recall": [1.0], "sensitivity": [1.0], "precision": [1.0], "tp": [99], "tn": [90], "specificity": [1.0], "fn": [0]}}, "model": {"n_features": 2468}, "data": {"path": "/scratch/adrouin/patric_data/single_species_datasets/amoxicillin_clavulanic_acid___2202579077548954665/dataset.kover", "split": "train_0.800_seed_8_10_folds", "uuid": "b775749e-05da-11e8-8d40-001b2193b764"}, "predictions": {"binary": [0, 0, 0, 0, 0, 0, 0, 0, 0, 0, 0, 0, 0, 0, 0, 1, 0, 0, 0, 0, 0, 0, 0, 0, 0, 0, 0, 0, 0, 0, 0, 0, 0, 0, 0, 0, 0, 0, 0, 0, 0, 0, 0, 0, 0, 0, 0, 0, 0, 0, 0, 0, 0, 0, 0, 0, 0, 0, 0, 0, 0, 0, 0, 0, 0, 0, 0, 0, 0, 0, 0, 0, 0, 0, 0, 0, 0, 0, 0, 0, 0, 0, 0, 0, 0, 0, 0, 0, 0, 0, 0, 0, 0, 0, 0, 0, 0, 0, 0, 0, 0, 0, 0, 0, 0, 0, 0, 0, 0, 0, 0, 0, 0, 0, 0, 0, 1, 1, 1, 1, 1, 1, 1, 1, 1, 1, 1, 1, 1, 1, 1, 1, 1, 1, 1, 1, 1, 1, 1, 1, 1, 1, 1, 1, 1, 1, 1, 1, 1, 1, 1, 1, 1, 1, 1, 1, 1, 1, 1, 1, 1, 1, 1, 1, 1, 1, 1, 1, 1, 1, 1, 1, 1, 1, 1, 1, 1, 1, 1, 1, 1, 1, 1, 1, 1, 1, 1, 1, 1, 1, 1, 1, 1, 1, 1, 1, 1, 1, 1, 1, 1, 1, 1, 1, 1, 0, 1, 1, 1, 1, 1, 1, 1, 1, 1, 1, 1, 1, 1, 1, 1, 1, 1, 1, 1, 1, 1, 1, 1, 1, 1, 1, 1, 1, 1, 1, 0, 0, 0, 0, 0, 0, 0, 0, 0, 0, 0, 0, 0, 0, 0, 0, 0, 0, 0, 0], "proba": [8.975518919949591e-05, 0.0003363919898760251, 0.0004081522417835722, 0.000615386835373669, 0.0011648326637408609, 0.00021636880852384492, 0.0006424029071049721, 0.00020869152478350143, 0.0022061248733328954, 0.0024453122372818264, 0.00020146799033950516, 0.0006456821647869877, 0.00019602600864327847, 2.9814963748600433e-06, 4.914972733620788e-05, 0.9999407946787672, 0.0004217630549061249, 0.00016976821380670427, 0.013718643637460871, 0.00032226607275462414, 0.00010219069631087424, 5.6617280002194516e-05, 9.042664554503566e-05, 0.0001959582756847772, 1.5542143162384448e-05, 3.571862796745641e-05, 0.00032163235318980734, 0.0018781496870234624, 0.0007509775827007806, 0.0002655499008673819, 3.1542427618713406e-05, 0.000997557490132235, 1.2118417597150102e-05, 0.00098683935494679, 5.7783094106775665e-06, 0.0002504466860776201, 0.00022925879816463612, 3.807462282801811e-05, 0.0008922867473346367, 0.00018572601359388558, 2.6345743481366078e-05, 8.708478319795893e-05, 0.00020366747692537478, 0.0006747701251414996, 9.352876252512954e-05, 1.543758907176993e-05, 2.9802321150384877e-05, 0.000487078648925214, 0.00037645066050345067, 0.0004954147484470666, 4.004923527198539e-05, 0.29108040590611584, 0.0011743717639201875, 0.14656420506094897, 0.0002655499008673819, 0.000467121972707755, 2.8255600293783723e-05, 0.00031360139482178556, 0.0004994202507310914, 0.019382939781994814, 0.0011060859287695696, 2.5870863875216703e-06, 0.00026174453553339634, 3.145753994514379e-05, 0.00016075267272070264, 6.942039534334989e-05, 0.0027374962028847466, 0.001136123938689743, 0.0002117623460390931, 2.335747685469089e-05, 2.6288540430251124e-05, 0.00044426431570559636, 2.40634011468858e-05, 6.11419791188088e-05, 0.0002825397190045208, 2.5700795101760827e-05, 6.639874358692245e-05, 0.0008797339632086216, 2.683586424691366e-05, 3.145753994514379e-05, 0.00045908542703853103, 0.00016712714868909976, 0.00028831258783611365, 0.00755656625982381, 1.864275086237349e-05, 8.665065937160092e-05, 0.00044992835565977875, 0.0006252197351366211, 5.287286745235208e-05, 4.747605207805986e-05, 2.8519463107378896e-06, 4.3692711770209965e-05, 0.0002513930710444276, 0.00045726049565332537, 0.0016935342672287506, 0.0014778485978387587, 0.00015666924241315039, 0.0018080264901630576, 2.7373295860225842e-05, 5.664113624983654e-05, 3.286734948020701e-06, 2.7371600203514974e-05, 4.0934936712572225e-05, 6.484675519233396e-05, 0.32678167442719475, 0.00020187485431796161, 0.00016301931116046136, 0.0023762235749110903, 0.000945729879446067, 0.00013112985355209474, 0.0006504516042881233, 0.00012829156567731504, 0.00010219069631087424, 0.0004450249978670588, 0.00017594406877786536, 4.423174705689482e-05, 0.9999986090967597, 0.9999711645512295, 0.9996927080622058, 0.999591906428239, 0.9986451399057082, 0.9998532585446595, 0.9999745214705078, 0.9999828065225641, 0.9978004658885462, 0.9999998709073556, 0.9999974028382885, 0.9999969328963485, 0.9995712004577844, 0.9999933225411943, 0.9981791734101507, 0.9999898483455243, 0.9999926353944572, 0.9999670211494736, 0.9989533988129153, 0.9999998474976942, 0.9998964603902106, 0.9996491658797739, 0.999983441874615, 0.999983441874615, 0.999983441874615, 0.9995674467038799, 0.9999649920738749, 0.9995313352156064, 0.9999847935435701, 0.999922061514733, 0.9998113062728986, 0.9999336926404199, 0.9999336926404199, 0.9995119661024218, 0.9998200149958548, 0.9999978383599193, 0.9995680856863045, 0.999985793027335, 0.9999431159523636, 0.9998200149958548, 0.9999857475413929, 0.999988371261266, 0.9987334018365607, 0.9999828065225641, 0.999922061514733, 0.999922061514733, 0.9997684157393478, 0.999922061514733, 0.999922061514733, 0.9999847935435701, 0.9999662862937182, 0.9998659142439086, 0.9998463803931084, 0.9991063473220005, 0.9998925023423163, 0.9998925023423163, 0.9998925023423163, 0.9998962111864041, 0.9998729379327405, 0.9998327087041043, 0.9996590051840938, 0.9998741619535314, 0.999994620262586, 0.9996988572913398, 0.9995840545623467, 0.9996698107114647, 0.9999981294473819, 0.9986520482546926, 0.9978648245021068, 0.999755428827656, 0.99998832494211, 0.998848737446771, 0.9998035909088491, 0.9999849123385747, 0.9997987325223755, 0.9991095219493706, 0.9997994289390454, 0.9990313553975159, 0.9987866969713982, 0.9999889034996865, 0.9996475284464834, 0.9999412616503838, 0.9998036741584644, 0.9998380311865185, 0.9998712428217507, 0.9981909842224823, 0.9986071341934435, 0.9997713608739094, 0.9999905544695855, 0.023924944624697023, 0.9973950788425217, 0.9995785257090565, 0.9996791231666259, 0.999591906428239, 0.9999999117742457, 0.9999734071063312, 0.9999954707529758, 0.9999994353773746, 0.9999985240371536, 0.9999652195687257, 0.9998859653579436, 0.999896793820766, 0.9996698107114647, 0.9996188082523414, 0.9996523399316553, 0.999866251941879, 0.9980691459136857, 0.9997962907938323, 0.9988888788575399, 0.999643625601644, 0.9999660002529943, 0.9991709046301545, 0.9996698107114647, 0.9999793144455555, 0.9995604188276541, 0.9992751221353267, 0.9992272901874659, 0.9828515972430244, 0.9999720099594632, 0.9996951083433895, 0.495432635174301, 0.495432635174301, 0.495432635174301, 0.495432635174301, 0.495432635174301, 0.495432635174301, 0.495432635174301, 0.495432635174301, 0.495432635174301, 0.495432635174301, 0.495432635174301, 0.495432635174301, 0.495432635174301, 0.495432635174301, 0.495432635174301, 0.495432635174301, 0.495432635174301, 0.495432635174301, 0.495432635174301, 0.495432635174301]}}