{"metrics": {"test": {"fp": [1], "f1_score": [0.9454545454545454], "risk": [0.06521739130434782], "recall": [0.9285714285714286], "sensitivity": [0.9285714285714286], "precision": [0.9629629629629629], "tp": [26], "tn": [17], "specificity": [0.9444444444444444], "fn": [2]}, "train": {"fp": [4], "f1_score": [0.962962962962963], "risk": [0.03763440860215054], "recall": [0.9680851063829787], "sensitivity": [0.9680851063829787], "precision": [0.9578947368421052], "tp": [91], "tn": [88], "specificity": [0.9565217391304348], "fn": [3]}}, "model": {"n_features": 35542666}, "data": {"path": "/scratch/adrouin/data/patric/single_species_datasets/carbapenem___-3225223558739261696/dataset.kover", "split": "train_0.800_seed_5_10_folds", "uuid": "b4e2fc5e-0578-11e8-bd5a-001b2193b764"}, "predictions": {"binary": [0, 0, 0, 0, 0, 0, 0, 0, 1, 0, 1, 0, 0, 0, 0, 0, 0, 0, 0, 1, 0, 0, 0, 0, 0, 0, 1, 0, 1, 0, 0, 0, 0, 0, 0, 0, 0, 0, 0, 0, 0, 0, 0, 0, 0, 0, 0, 0, 0, 0, 0, 0, 0, 0, 0, 0, 0, 0, 0, 0, 0, 0, 0, 0, 0, 0, 0, 0, 0, 0, 0, 0, 0, 0, 0, 0, 0, 0, 0, 0, 0, 0, 0, 0, 0, 0, 0, 0, 0, 0, 0, 0, 0, 0, 0, 0, 0, 0, 0, 0, 0, 0, 0, 0, 0, 0, 0, 0, 0, 0, 0, 1, 1, 1, 1, 1, 1, 1, 1, 1, 1, 1, 1, 1, 1, 1, 1, 1, 1, 1, 1, 1, 1, 1, 1, 0, 1, 1, 1, 1, 1, 1, 1, 1, 1, 1, 1, 1, 1, 1, 1, 1, 1, 1, 1, 1, 1, 1, 1, 1, 1, 1, 1, 1, 1, 1, 1, 1, 1, 1, 1, 1, 1, 1, 1, 1, 1, 1, 1, 1, 1, 0, 1, 1, 1, 1, 1, 1, 1, 1, 1, 1, 1, 1, 0, 1, 1, 1, 1, 1, 1, 1, 1, 1, 1, 1, 1, 1, 1, 1, 1, 1, 1, 1, 1, 1, 1, 1, 1, 1, 1, 0, 1, 1, 1, 1, 1, 1, 1, 1, 1, 1], "proba": [0.04975074808474542, 0.048559227034615016, 0.04856548736614082, 0.04855582591240906, 0.0789098354170056, 0.03590416312469491, 0.048574022525939, 0.03404605805738134, 0.9547496532876939, 0.04578530559146964, 0.9299446682634149, 0.04855654055469768, 0.04859195698845878, 0.04859411705699806, 0.0290296330148931, 0.048543772423329204, 0.030129335674902065, 0.04846695709794498, 0.030366004645386926, 0.953376386752115, 0.04856522260714484, 0.0485796557344905, 0.04853731476558141, 0.04261591916149874, 0.031034734818991102, 0.045531383492474285, 0.9516060886323664, 0.04933587600705483, 0.93844769009025, 0.04857976510746118, 0.03691946071637008, 0.03486473181510206, 0.04858128611130573, 0.04167084926607751, 0.04858850019386071, 0.04863218852231438, 0.03626713703537199, 0.03750426289227822, 0.02951359519479872, 0.048610270015940815, 0.04857859147832106, 0.03499771748382145, 0.048578424577519826, 0.04856870014709915, 0.12419379624783979, 0.04286135427283955, 0.04657923621693842, 0.22740933778438005, 0.04664150497553499, 0.04390631213496261, 0.04856228422201994, 0.04856590747029653, 0.04856302793126389, 0.11831227894690452, 0.04859993720719323, 0.029490195062840577, 0.04856774444593828, 0.0444923797257299, 0.08501397724298612, 0.0324816170354384, 0.04857687436097334, 0.048550431889412625, 0.04862518760717251, 0.048572010569406715, 0.029326502844667826, 0.09292239532562219, 0.048630062886666645, 0.03006080189699406, 0.03003592862657901, 0.0356379000310262, 0.048583602820195936, 0.0510615589692375, 0.04501549146326471, 0.03358273643603894, 0.037133772075119, 0.04860992842195549, 0.048538539176083, 0.048565244897554594, 0.03498911528696215, 0.03975208297383944, 0.03045302807512845, 0.04859793460409312, 0.03996661761430633, 0.04858763943737223, 0.04855837676978132, 0.04578259126182244, 0.12075480368586584, 0.04270755916114145, 0.04623491977158798, 0.04854245090717148, 0.03835507725021192, 0.048547637563281065, 0.04737398111996575, 0.04853166808045818, 0.07984330176425362, 0.0440937372660672, 0.0459968617841002, 0.0448423521339991, 0.04857943730667302, 0.05053205170367335, 0.04853192051432435, 0.029298482347651082, 0.04858066714311378, 0.0307698456394381, 0.051130370977902115, 0.05479000876866665, 0.048821682689103946, 0.04861722054578728, 0.053173009983306416, 0.048583442823199506, 0.0892077723993201, 0.9447069787725842, 0.9470279779988894, 0.9430322448717908, 0.955740899105911, 0.9579972054264421, 0.9649071585420005, 0.9637112571438204, 0.9601574458900312, 0.9591861885323093, 0.9410757352604072, 0.9569865183420336, 0.9472656746418371, 0.8776900705715335, 0.9409789791429828, 0.9492933891257924, 0.9417581514675953, 0.9651303062365497, 0.9422707278017199, 0.9400986165310053, 0.9440500982307666, 0.9652996532435755, 0.9393139810193996, 0.9410689112554226, 0.9410495713516309, 0.12310631721642595, 0.9471423456870994, 0.9452195746154187, 0.9410764119285739, 0.9410279231713213, 0.9416316354133729, 0.9631440413884157, 0.9566827880306624, 0.9461975729762061, 0.9589910546553366, 0.9580963852622384, 0.9430242867231803, 0.9410389434348592, 0.9618655050839108, 0.9639672612265904, 0.9437335022343263, 0.9332782026159413, 0.9157655276182907, 0.8345979762563692, 0.960028726614433, 0.9224500188906835, 0.9410660888813647, 0.9438061232002865, 0.9626987452109903, 0.9481631448058525, 0.9410534802751019, 0.9415798173088803, 0.943958332875662, 0.96674457215439, 0.9407970626553578, 0.9568084996291302, 0.9459176542583047, 0.9409713338128043, 0.9553743937371946, 0.9595507427123522, 0.947176409606417, 0.9409503931989436, 0.9619195623738348, 0.941020234139119, 0.9415787504147428, 0.9414921506869938, 0.9652798071873087, 0.9410620691810201, 0.9410290755256877, 0.9432797741319647, 0.9430583114448258, 0.1213252997121959, 0.9425677521172194, 0.9488754855301998, 0.9626212399952941, 0.9612768008478761, 0.941180511987089, 0.9588704004038298, 0.9505905881454386, 0.9457259267445233, 0.9435402779145785, 0.9553743509194249, 0.9410667542556894, 0.9541811166727647, 0.19996771895148263, 0.9410340825208399, 0.9409897678036945, 0.9447408663094962, 0.9450672728994312, 0.9559595414670373, 0.9641501551274669, 0.9439999157760055, 0.9643579032531672, 0.9416434847804677, 0.9586102429126799, 0.9438304309247473, 0.9651102827547265, 0.9410876247965574, 0.9631961028010548, 0.95897001508623, 0.9410647314976938, 0.9410447635250512, 0.9389480763040587, 0.9502118674595673, 0.9410155441080265, 0.9437837376625152, 0.9648425261333136, 0.9650951446197683, 0.9433610231168505, 0.8890871747836468, 0.962995460691915, 0.048327555088379534, 0.9410528319869145, 0.9419920231753338, 0.9637861828220329, 0.9645116438877503, 0.948012703315243, 0.946311361076961, 0.941031769589453, 0.9645496417632452, 0.9435928232339438, 0.9642908291582497]}, "cv": {"hps": {"normalize_kernel": false, "degree": 1.0, "regularizer": 1e-06}, "score": 0.04853801169590647}}