{"metrics": {"test": {"fp": [5], "f1_score": [0.9514563106796117], "risk": [0.07246376811594203], "recall": [1.0], "sensitivity": [1.0], "precision": [0.9074074074074074], "tp": [49], "tn": [15], "specificity": [0.75], "fn": [0]}, "train": {"fp": [10], "f1_score": [0.970873786407767], "risk": [0.04316546762589928], "recall": [0.9900990099009901], "sensitivity": [0.9900990099009901], "precision": [0.9523809523809523], "tp": [200], "tn": [66], "specificity": [0.868421052631579], "fn": [2]}}, "model": {"n_features": 6864155}, "data": {"path": "/scratch/adrouin/data/patric/single_species_datasets/chloramphenicol___-736338835843459561/dataset.kover", "split": "train_0.800_seed_1_10_folds", "uuid": "8798bc00-07d2-11e8-9853-001b2193b764"}, "predictions": {"binary": [0, 1, 0, 0, 0, 0, 0, 0, 0, 0, 1, 0, 0, 0, 0, 1, 0, 1, 0, 0, 0, 1, 0, 0, 0, 0, 0, 0, 0, 1, 0, 0, 0, 0, 0, 0, 0, 0, 0, 0, 0, 0, 0, 1, 0, 0, 0, 0, 0, 0, 0, 1, 0, 0, 0, 0, 0, 0, 0, 0, 0, 0, 0, 1, 0, 0, 0, 0, 0, 0, 0, 0, 0, 0, 0, 0, 1, 0, 0, 0, 0, 0, 1, 1, 0, 0, 0, 0, 1, 1, 1, 0, 0, 0, 0, 0, 1, 1, 1, 1, 1, 1, 1, 1, 1, 1, 1, 1, 1, 1, 1, 1, 1, 1, 1, 1, 1, 1, 1, 1, 1, 1, 1, 1, 1, 1, 1, 1, 1, 1, 1, 1, 1, 1, 1, 1, 1, 1, 1, 1, 1, 1, 1, 1, 1, 1, 1, 1, 1, 1, 1, 1, 1, 1, 1, 1, 1, 1, 1, 1, 1, 1, 1, 1, 1, 1, 1, 1, 1, 1, 1, 1, 1, 1, 1, 1, 1, 1, 1, 1, 1, 1, 1, 1, 1, 1, 1, 1, 1, 1, 0, 1, 1, 1, 1, 1, 1, 1, 1, 1, 1, 1, 1, 1, 1, 1, 1, 1, 1, 1, 1, 1, 0, 1, 1, 1, 1, 1, 1, 1, 1, 1, 1, 1, 1, 1, 1, 1, 1, 1, 1, 1, 1, 1, 1, 1, 1, 1, 1, 1, 1, 1, 1, 1, 1, 1, 1, 1, 1, 1, 1, 1, 1, 1, 1, 1, 1, 1, 1, 1, 1, 1, 1, 1, 1, 1, 1, 1, 1, 1, 1, 1, 1, 1, 1, 1, 1, 1, 1, 1, 1, 1, 1, 1, 1, 1, 1, 1, 1, 1, 1, 1, 1, 1, 1, 1, 1, 1, 1, 1, 1, 1, 1, 1, 1, 1, 1, 1, 1, 1, 1, 1, 1, 1, 1, 1, 1, 1, 1, 1, 1, 1, 1, 1, 1, 1, 1, 1, 1, 1, 1, 1, 1, 1, 1, 1, 1, 1, 1, 1, 1, 1, 1, 1, 1, 1, 1], "proba": [0.08166365920814353, 0.5646576702708919, 0.08173351518277643, 0.08774857188690678, 0.08175836233969065, 0.08174230366530902, 0.012491222731748986, 0.14402633655667246, 0.08169223663929491, 0.08174400485274837, 0.9350583160370443, 0.08174918791352173, 0.10384607603360438, 0.018645063163024053, 0.014886605086298675, 0.8737776829603515, 0.08174754338510208, 0.7980493682013889, 0.08174197388066379, 0.10819859396829279, 0.10926395839696332, 0.6462140731662253, 0.08202618696928456, 0.07447061239911244, 0.05601789169011916, 0.07879159956420606, 0.18777814924481614, 0.08625999547310571, 0.081760825054452, 0.9757986309587043, 0.0042791585019956255, 0.08170539811708401, 0.07226814486671351, 0.08166619801244533, 0.07732767215245295, 0.01620166720178542, 0.04705240652302418, 0.1792095261061783, 0.08175159460493472, 0.11303858225231674, 0.016146775342225545, 0.07387383225129755, 0.08172009855633884, 0.9739361625940458, 0.040870217395253594, 0.16122485044019544, 0.0412518702627705, 0.09285316396874947, 0.0817383666129619, 0.18733874644683657, 0.035342331631269326, 0.6459900139881103, 0.0018927653595130866, 0.014450887142160845, 0.035592816055834677, 0.05556332887142127, 0.030820408873348852, 0.08169641017854017, 0.12964362999317045, 0.03134366068519363, 0.07757373079552597, 0.030169950221044135, 0.020291231433580227, 0.8914218940273887, 0.02879755770853357, 0.03411365752205463, 0.08088153783685513, 0.014205150409268208, 0.01843059977706809, 0.08173878666843135, 0.03002382642904082, 0.1194333311304443, 0.010673939628520892, 0.08172612947280432, 0.122688155161784, 0.40061704138933624, 0.8756887361377212, 0.08171961153641186, 0.10865478236465262, 0.08174782235309475, 0.08173586927200967, 0.11012532922936873, 0.5287852641775473, 0.9216039338966265, 0.0013703132463951306, 0.08173291834207379, 0.15121498050981236, 0.14415029771330873, 0.8304451406363601, 0.9834139543497071, 0.5318579503099761, 0.044351368460663884, 0.43736002865569357, 0.07369266817902535, 0.09067359533718565, 0.08172078238170387, 0.9699985426222137, 0.988336445415412, 0.9779501393741097, 0.9857395679236371, 0.9879103311355203, 0.9729305105895492, 0.9724173825203071, 0.9697187178696262, 0.9601320089599372, 0.9656504179370559, 0.9887937762817455, 0.968718079643077, 0.7364170185713848, 0.9861650810819917, 0.9041266013037672, 0.9961453509327571, 0.9761296632711578, 0.9865669563129937, 0.9915977301329097, 0.9807065101354696, 0.6294153453886439, 0.9904533531086417, 0.910051952037735, 0.9041255604926716, 0.9131749988184633, 0.9611224341835872, 0.9395745778649767, 0.9848155430288341, 0.9367221753053458, 0.9102896622677323, 0.9707660735656977, 0.904124636527729, 0.9370998980579082, 0.9321101155725015, 0.8843999934418678, 0.9849707565228821, 0.9887442630470037, 0.8948957706364616, 0.9041393518010551, 0.90413121302832, 0.9035101562996469, 0.9873520341141909, 0.9883289657602253, 0.970189566611356, 0.9741863810929619, 0.9874655644227854, 0.9805728108121292, 0.984248626993855, 0.9451615270111338, 0.9846705214345955, 0.9632767906441533, 0.9720902587057023, 0.9040875912600757, 0.9743832007749942, 0.9441096982569812, 0.9595331847473828, 0.9649849317069794, 0.9954890899509408, 0.9647046777441253, 0.9703278419140893, 0.9206241179379786, 0.9876314395638507, 0.9041475739320729, 0.9850530594341699, 0.988908444247479, 0.9903748357829817, 0.9853603857292919, 0.9851901206433369, 0.9041464131453449, 0.8160487678754195, 0.9852655824176978, 0.9897379320233101, 0.9860103615759711, 0.9858615748931553, 0.987411458037131, 0.9872164899865441, 0.9105255956794219, 0.8661984325014931, 0.990550921424131, 0.9878481818506394, 0.9868861008607596, 0.9890371666934656, 0.9877749410465942, 0.9870422153863986, 0.5152281838155403, 0.9874693421847881, 0.9041322486994589, 0.9852200400847494, 0.9878240197251426, 0.9846358148564981, 0.9832815743460869, 0.9858883002180602, 0.9883018702581434, 0.9886236997871346, 0.3644989003307772, 0.9041372988450623, 0.8795170554685959, 0.9132236376612141, 0.9047340270556941, 0.9268866762475941, 0.9287833882849409, 0.9598806681640107, 0.9049261606774835, 0.9217807468749454, 0.9041165876283905, 0.9040889677303307, 0.9041355793716255, 0.8826077939821187, 0.904144481434519, 0.9041161034249121, 0.9864649192883701, 0.9041064033125594, 0.9041418205175806, 0.6985698127944642, 0.9041335925538524, 0.9876022974183352, 0.45053660026945214, 0.9217167089023044, 0.9041305166103821, 0.856664531497379, 0.9845432446035376, 0.9041453473124295, 0.9041448174819209, 0.9440518099132633, 0.9041179662919453, 0.9603806451236294, 0.7747394511695009, 0.7651185716519536, 0.9846985683623715, 0.9854897003030894, 0.9883517813522386, 0.9709481244168012, 0.9354691517250361, 0.9723218311066956, 0.9744564691404635, 0.9863370341175351, 0.9889798115637893, 0.9851461461114054, 0.9879245910846751, 0.9290249163528014, 0.9869702708186631, 0.920976143643468, 0.9129624604226692, 0.9171086064656796, 0.9189118378977373, 0.9153695061692568, 0.9041275549015658, 0.9885379888257053, 0.9879782361795522, 0.9884825017537097, 0.9078632335093281, 0.9040909326313481, 0.9902286467927518, 0.9892696913701995, 0.9882709165605507, 0.9517583717112857, 0.9896532787874514, 0.989249594825128, 0.9624858341048265, 0.963264786080639, 0.9895467403803389, 0.9880619026544984, 0.7718401469376002, 0.9915893768814855, 0.9851402468555195, 0.9543365247296842, 0.9744436470562707, 0.9878529702195396, 0.9882044645834501, 0.9676964860777177, 0.989830063116922, 0.9840487037486593, 0.9667560959152321, 0.9872797502884272, 0.9860505245714546, 0.9077325915219647, 0.9639040168065761, 0.9041310657184508, 0.7548165083294682, 0.9886646670194101, 0.7430438876558727, 0.9889079568344541, 0.9041104859369895, 0.990602575924077, 0.8998826280533578, 0.9786566113385554, 0.9864313192169514, 0.9876549259770665, 0.9889611780969626, 0.9860065011087166, 0.9360460456472585, 0.9040965002789199, 0.919983097521856, 0.9041223050839337, 0.9041312910469628, 0.9041270948700997, 0.9041298758259657, 0.9041457290978162, 0.9041399633683672, 0.9070734222304245, 0.9893126176688548, 0.9873724411675717, 0.8198363968577826, 0.9040949309975354, 0.9245742895374657, 0.9041431981485627, 0.9041537477455606, 0.9041374687640398, 0.9485201523245549, 