{"metrics": {"test": {"fp": [1], "f1_score": [0.9833333333333333], "risk": [0.02564102564102564], "recall": [0.9833333333333333], "sensitivity": [0.9833333333333333], "precision": [0.9833333333333333], "tp": [59], "tn": [17], "specificity": [0.9444444444444444], "fn": [1]}, "train": {"fp": [11], "f1_score": [0.967032967032967], "risk": [0.047619047619047616], "recall": [0.9821428571428571], "sensitivity": [0.9821428571428571], "precision": [0.9523809523809523], "tp": [220], "tn": [80], "specificity": [0.8791208791208791], "fn": [4]}}, "model": {"n_features": 999826}, "data": {"path": "/scratch/adrouin/data/patric/single_species_datasets/tetracycline___49420779660966717/dataset.kover", "split": "train_0.800_seed_3_10_folds", "uuid": "34f51754-0878-11e8-b9fc-001b2193b764"}, "predictions": {"binary": [0, 0, 0, 1, 0, 0, 0, 0, 0, 0, 0, 0, 0, 0, 0, 0, 0, 0, 1, 0, 0, 0, 0, 0, 0, 0, 0, 0, 0, 0, 0, 0, 0, 0, 0, 0, 0, 0, 0, 0, 0, 0, 0, 0, 0, 1, 0, 0, 0, 0, 0, 0, 0, 0, 0, 1, 0, 0, 0, 0, 0, 1, 0, 0, 0, 0, 0, 1, 0, 0, 0, 1, 0, 0, 0, 0, 0, 0, 0, 0, 0, 0, 0, 0, 0, 1, 0, 0, 0, 0, 0, 0, 0, 0, 0, 0, 0, 0, 0, 0, 0, 0, 0, 1, 1, 1, 1, 0, 0, 1, 1, 1, 1, 1, 1, 1, 1, 1, 0, 1, 1, 1, 1, 1, 1, 1, 1, 0, 1, 1, 1, 1, 1, 1, 1, 0, 1, 1, 1, 1, 1, 1, 1, 1, 1, 1, 1, 1, 1, 1, 1, 1, 1, 1, 1, 1, 1, 1, 1, 1, 1, 1, 1, 1, 1, 1, 0, 1, 1, 1, 1, 1, 1, 1, 1, 1, 1, 1, 1, 1, 1, 1, 1, 1, 1, 1, 1, 1, 1, 1, 1, 1, 1, 1, 1, 1, 1, 1, 1, 1, 1, 1, 1, 1, 1, 1, 1, 1, 1, 1, 1, 1, 1, 1, 1, 1, 1, 1, 1, 1, 1, 1, 1, 1, 1, 1, 1, 1, 1, 1, 1, 1, 1, 1, 1, 1, 1, 1, 1, 1, 1, 1, 1, 1, 1, 1, 1, 1, 1, 0, 1, 1, 1, 1, 1, 1, 1, 1, 1, 1, 1, 1, 1, 1, 1, 1, 1, 1, 1, 1, 1, 1, 1, 1, 1, 1, 1, 1, 1, 1, 1, 1, 1, 1, 1, 1, 1, 1, 1, 1, 1, 1, 1, 1, 1, 1, 1, 1, 1, 1, 1, 1, 1, 1, 1, 1, 1, 1, 1, 1, 1, 1, 1, 1, 1, 1, 1, 1, 1, 1, 1, 1, 1, 1, 1, 1, 1, 1, 1, 1, 1, 1, 1, 1, 1, 1, 1, 1, 1, 1, 1, 1, 1, 1, 1, 1, 1, 1, 1, 1, 1, 1, 1, 1, 1, 1, 1, 1, 1, 1, 1, 1, 1, 1, 1, 1, 1, 1, 1, 1, 1, 1, 1, 1, 1, 1, 1, 1, 1, 1, 1, 1, 1, 1, 1, 1, 1, 1, 1, 1, 1, 1, 1, 0, 0, 0, 0, 0, 0, 0, 0, 0, 0, 0, 0, 0, 0, 0, 0, 0, 0, 0, 0, 0, 0, 0, 0, 0, 0, 0, 0, 0, 0, 0, 0, 0, 0, 0, 0, 0, 0, 0, 0, 0, 0, 0, 0, 0, 0, 0, 0, 0, 0, 0, 0, 0, 0, 0], "proba": [0.05972940776799581, 0.004983856561532853, 0.005966874500604072, 0.5994556667419421, 0.024593542141719365, 0.07122342713490035, 0.023680203851285612, 0.2517603421844407, 0.16312454190054143, 0.026846223412682144, 0.24796780549891756, 0.015590150090663758, 0.01733504299017798, 0.02353205016423137, 0.05471758958069534, 0.02698413811192151, 0.02130774650988003, 0.011144542420311968, 0.6496476278232537, 0.019911978842578955, 0.027177859297554747, 0.017730261852304793, 0.0424358809424996, 0.002641368770936714, 0.07285775285187354, 0.008599693021944558, 0.20831211123821128, 0.01621184030105779, 0.03445211084938352, 0.025565415854213534, 0.004283425468594001, 0.03085547854377705, 0.025071400478947507, 0.09293269081026743, 0.14818515854455389, 0.009033472741308085, 0.02153543672092109, 0.017446312270672337, 0.02143203670463471, 0.023133050319832885, 0.13932498167225077, 0.02652421077735007, 0.003669453620818966, 0.1512297730430068, 0.021820318997999157, 0.7467640717914065, 0.02889173837845007, 0.026161633573620016, 0.02491841546315464, 0.021258760993944102, 0.1344490522836574, 0.010813949882449289, 0.0054924143983139115, 0.02651715925931519, 0.026883753302236673, 0.8743869476045903, 0.012243231459707713, 0.0249465631978033, 0.02850070737307885, 0.019559742889273174, 0.022438119916444423, 0.7408941346254853, 0.010516587351420711, 0.0026585447613361097, 0.00515429282938408, 0.0037741112102654883, 0.002663091386216607, 0.7515521877927701, 0.012533694176557275, 0.09938897244275038, 0.02452436998344311, 0.6963026536867365, 0.003042752458095415, 0.003392516532189953, 0.036665586473514714, 0.012041422081517207, 0.016433353369801233, 0.024865488781914902, 0.015550514842919944, 0.008842152340185436, 0.003377995878373184, 0.0034708041167178455, 0.01862429121611855, 0.016170588968812728, 0.002910680309258409, 0.7045455464948924, 0.0145078349917353, 0.028568624943718007, 0.01122213688000157, 0.02529621746525025, 0.00424007470081108, 0.037943779079455155, 0.015155290095795073, 0.048110639419511214, 0.20450648083285902, 0.07043102536422491, 0.011195382959151451, 0.03971370113686117, 0.026113617065887912, 0.005676563327031981, 0.014082223673591654, 0.033026482922024064, 0.15591578740384032, 0.7351434302839818, 0.9060269806997375, 0.8202098490459829, 0.9209734711362898, 0.013592140585465354, 0.03915313178276691, 0.8195505529960302, 0.8995696427093808, 0.785390654182817, 0.8986855235391733, 0.7773224607437791, 0.9570677257787243, 0.9571746403045445, 0.9240423196838865, 0.9455711723647316, 0.26283181682520385, 0.8601211307090411, 0.9304234332513915, 0.8422322849844728, 0.9206607767325072, 0.9231154357468159, 0.8636375380403198, 0.90790002295532, 0.8919802468015435, 0.25252153102868347, 0.8595830675640745, 0.7832437007959374, 0.8139674896796432, 0.8389548733051619, 0.9503795989132247, 0.7405736788659023, 0.7533104395980942, 0.2824579613639955, 0.9230833354673698, 0.8234104270670122, 0.8460689994064275, 0.9104083619363149, 0.858128050993333, 0.8469597115105911, 0.9473817411782219, 0.9200694576356827, 0.8511087455600558, 0.8654472195641439, 0.8595913737627423, 0.8243858316233033, 0.8584128876184519, 0.585828345084089, 0.8148575954399973, 0.8614776660079666, 0.9165084331999064, 0.9210730030149422, 0.8336136390640474, 0.9241233822845891, 0.8583307832286415, 0.8578266117978016, 0.9495523106314887, 0.894328662605541, 0.8951633296537737, 0.8621434954905719, 0.922041539019984, 0.8550286375753194, 0.913347356861095, 0.7628226586357467, 0.22869956418823364, 0.8576675335444529, 0.7847858926203389, 0.8531485311415498, 0.8906471783716745, 0.8553801251525023, 0.7666320616324223, 0.8561718943826724, 0.7805106279228814, 0.8625088735744094, 0.8396725997524436, 0.9663583396850208, 0.9658160112584601, 0.9678227811236385, 0.9675513058573191, 0.851487368703812, 0.8579884570613882, 0.86019430015913, 0.7743327354332109, 0.892699075978612, 0.8835785846016152, 0.8875271821606665, 0.8589036847341377, 0.85923932058643, 0.856712208175585, 0.8599669978424249, 0.8499495079953658, 0.9671985106749105, 0.8498906383421525, 0.9719962283544135, 0.9675822153640308, 0.9310459917377074, 0.9648566887891076, 0.9354224967580996, 0.9663867756093141, 0.9376037188269317, 0.9298563880575557, 0.934436732639677, 0.9516741346230189, 0.8253804674062919, 0.9654389337097411, 0.961648031331344, 0.9332205001047543, 0.9684936696001832, 0.9454087962516025, 0.9461848130039868, 0.971451344110227, 0.9467404556026483, 0.9666348787985675, 0.8896510420649563, 0.9665913005805287, 0.9345217946137778, 0.9728360808239919, 0.9617499300035277, 0.9491303285958493, 0.9688014049233822, 0.9683208861882867, 0.9464668362641834, 0.9677588545132232, 0.95851093661706, 0.9332169601692477, 0.933826087042818, 0.8891034334610397, 0.9742694170528392, 0.9454332479630081, 0.9359060244142868, 0.9634986725786329, 0.9494529183871432, 0.9633456305663676, 0.9297596486588965, 0.8543165943445744, 0.971900341284976, 0.9639891769186077, 0.9348610112830776, 0.9421909991916101, 0.9684650810840925, 0.9680465353282973, 0.9650401712630884, 0.9704539809309194, 0.9477459614617856, 0.9460408018386108, 0.9615379162131793, 0.9681245596051016, 0.1977046745036554, 0.817902617973831, 0.9294396058555167, 0.9592284078473468, 0.9573373125602447, 0.9428602950503446, 0.9460549724830504, 0.9477051557578464, 0.9246801467812878, 0.962450975879435, 0.9329721399084836, 0.9283213469701298, 0.9713077286571049, 0.9265089505212274, 0.9307747231125084, 0.9661840473284479, 0.9225106801867936, 0.9201186555660326, 0.9563449369530609, 0.9707222336876097, 0.8924983950379403, 0.8632612986854051, 0.9595388399213453, 0.9196739399303069, 0.8623618157421125, 0.9182861525163081, 0.9682386985708321, 0.9219777020571128, 0.9639060657580738, 0.9464462504120011, 0.9152435259336269, 0.9169187142910478, 0.9202464886894423, 0.935132808073372, 0.9192292965457206, 0.9686119474300381, 