{"metrics": {"test": {"fp": [1], "f1_score": [0.9315068493150684], "risk": [0.05434782608695652], "recall": [0.8947368421052632], "sensitivity": [0.8947368421052632], "precision": [0.9714285714285714], "tp": [34], "tn": [53], "specificity": [0.9814814814814815], "fn": [4]}, "train": {"fp": [16], "f1_score": [0.8350877192982458], "risk": [0.12702702702702703], "recall": [0.7933333333333333], "sensitivity": [0.7933333333333333], "precision": [0.8814814814814815], "tp": [119], "tn": [204], "specificity": [0.9272727272727272], "fn": [31]}}, "model": {"n_features": 19753432}, "data": {"path": "/scratch/adrouin/patric_data/single_species_datasets/moxifloxacin___-8916328542551230855/dataset.kover", "split": "train_0.800_seed_0_10_folds", "uuid": "188637c8-547d-11e8-9fd4-f0921c053df8"}, "predictions": {"binary": [0, 0, 0, 0, 0, 0, 0, 0, 0, 0, 0, 0, 1, 0, 0, 0, 0, 0, 0, 0, 0, 0, 0, 0, 0, 0, 0, 0, 0, 0, 0, 0, 0, 0, 0, 0, 1, 0, 0, 0, 0, 0, 0, 0, 1, 0, 0, 0, 0, 0, 0, 0, 0, 0, 0, 0, 0, 0, 0, 0, 0, 0, 0, 0, 0, 0, 0, 0, 0, 0, 0, 0, 0, 0, 1, 1, 0, 0, 0, 0, 0, 0, 0, 1, 0, 0, 0, 0, 0, 0, 0, 0, 0, 0, 0, 0, 0, 0, 0, 0, 0, 0, 0, 0, 0, 0, 0, 0, 0, 0, 0, 0, 0, 0, 0, 0, 0, 0, 0, 0, 0, 0, 0, 0, 0, 1, 0, 0, 0, 0, 0, 0, 0, 0, 0, 0, 0, 0, 1, 0, 1, 0, 0, 0, 0, 0, 0, 0, 0, 1, 0, 0, 0, 0, 0, 0, 0, 0, 0, 1, 0, 0, 0, 0, 0, 0, 0, 0, 0, 0, 0, 0, 0, 0, 0, 0, 0, 0, 0, 0, 0, 0, 0, 0, 0, 0, 0, 0, 0, 0, 0, 1, 0, 0, 0, 1, 0, 0, 0, 0, 0, 0, 0, 0, 0, 0, 0, 0, 0, 0, 0, 0, 0, 0, 0, 0, 1, 0, 0, 0, 0, 0, 0, 0, 0, 0, 1, 0, 0, 0, 0, 0, 0, 0, 0, 0, 0, 0, 0, 0, 0, 0, 0, 0, 0, 0, 0, 0, 0, 0, 1, 0, 0, 0, 0, 0, 0, 0, 0, 0, 1, 0, 0, 0, 0, 0, 0, 0, 0, 0, 0, 0, 0, 0, 0, 1, 0, 1, 0, 1, 1, 1, 1, 1, 1, 1, 1, 1, 1, 1, 1, 1, 1, 1, 0, 1, 1, 1, 1, 1, 1, 1, 1, 1, 1, 1, 1, 1, 1, 1, 1, 0, 1, 1, 1, 1, 1, 0, 1, 1, 1, 1, 1, 1, 0, 1, 0, 1, 0, 1, 0, 1, 1, 1, 0, 1, 1, 1, 1, 1, 0, 0, 1, 0, 1, 1, 1, 0, 0, 1, 1, 1, 1, 1, 1, 1, 1, 1, 1, 1, 1, 1, 0, 1, 1, 1, 1, 1, 1, 1, 1, 1, 1, 1, 1, 1, 1, 1, 0, 0, 1, 0, 1, 1, 1, 1, 0, 1, 1, 1, 1, 1, 1, 1, 0, 0, 1, 1, 1, 0, 1, 1, 1, 1, 1, 1, 0, 0, 1, 1, 1, 1, 0, 1, 1, 1, 1, 1, 1, 1, 1, 1, 1, 1, 1, 0, 1, 1, 1, 1, 1, 1, 1, 1, 1, 1, 1, 0, 1, 0, 1, 0, 1, 1, 0, 1, 1, 1, 0, 1, 0, 1, 1, 1, 0, 1, 1, 1, 1, 1, 1, 1], "proba": [0.6555605090039727, 0.6201872381871416, 0.7092680077216101, 0.5069284016875986, 0.7068902178013419, 0.664273697103315, 0.6672178543095505, 0.6835524846763994, 0.6738722772965817, 0.696184635007192, 0.7092851964446425, 0.6820696404857471, 0.20408064367793066, 0.706267882531809, 0.6463749984119874, 0.6076346907987624, 0.6927076409546639, 0.6765206062211014, 0.7061472907504361, 0.5691314828773867, 0.6830586270264961, 0.6356612379501566, 0.7115581856987264, 0.7114620597104719, 0.6706812099181828, 0.6111168024535603, 0.7119304605690047, 0.571487701289229, 0.7116507676639098, 0.6418603342029897, 0.6673540602256314, 0.5312503451709587, 0.5623952030410719, 0.596760665044959, 0.6329885991928534, 0.6626028620332342, 0.44560735090191994, 0.6795712461563164, 0.6713470781226691, 0.704005550026733, 0.7091555008724022, 0.673414786562308, 0.6322046116455796, 0.7122674530727822, 0.1739363217445972, 0.637659070373593, 0.6754380001234974, 0.6723310677336177, 0.6884952451317131, 0.6499822342207563, 0.6714265796924025, 0.6745967846765248, 0.6970424469687936, 0.6803550629575591, 0.7106831264129471, 0.6190450190553798, 0.6051188299899187, 0.6534031909090691, 0.7031952009480282, 0.6851502982810008, 0.6416680359701316, 0.605057040315955, 0.6407032703792931, 0.6349681166675393]}}