{"metrics": {"test": {"fp": [0], "f1_score": [0.9714285714285714], "risk": [0.041666666666666664], "recall": [0.9444444444444444], "sensitivity": [0.9444444444444444], "precision": [1.0], "tp": [17], "tn": [6], "specificity": [1.0], "fn": [1]}, "train": {"fp": [3], "f1_score": [0.9074074074074073], "risk": [0.10416666666666667], "recall": [0.875], "sensitivity": [0.875], "precision": [0.9423076923076923], "tp": [49], "tn": [37], "specificity": [0.925], "fn": [7]}}, "model": {"n_features": 5341646}, "data": {"path": "/scratch/adrouin/patric_data/single_species_datasets/ciprofloxacin___946434054234721145/dataset.kover", "split": "train_0.800_seed_9_10_folds", "uuid": "8b1fb550-0867-11e8-b4d8-001b2193b764"}, "predictions": {"binary": [0, 0, 0, 0, 0, 0, 0, 0, 1, 0, 0, 1, 0, 0, 1, 0, 0, 0, 0, 0, 0, 0, 0, 0, 0, 0, 0, 0, 0, 0, 0, 0, 0, 0, 0, 0, 0, 0, 0, 0, 0, 0, 0, 0, 0, 0, 0, 1, 1, 1, 1, 0, 1, 1, 1, 1, 1, 0, 1, 1, 1, 1, 1, 1, 1, 1, 1, 1, 1, 1, 1, 1, 1, 1, 0, 0, 1, 1, 0, 1, 1, 1, 1, 1, 1, 1, 1, 1, 1, 1, 1, 1, 1, 1, 1, 1, 1, 1, 1, 1, 1, 1, 1, 1, 1, 1, 1, 1, 1, 1, 1, 1, 0, 1, 0, 1, 1, 1, 1, 1], "proba": [0.5995908666052089, 0.5616659998259613, 0.5602139577305559, 0.5396064222502688, 0.5139508642325844, 0.5054745597999872, 0.5170215697494436, 0.5162579882966006, 0.48794125464040033, 0.6064035671667347, 0.5140730988704982, 0.421302137238965, 0.5459508042673474, 0.6061933776125656, 0.40903831066914204, 0.6041527332586137, 0.6084454978759645, 0.5959720747137476, 0.5967627699001962, 0.5681341392219914, 0.6082492430361451, 0.607370422892268, 0.5122677801561186, 0.6086359526524713, 0.5340943220166605, 0.5380377908065472, 0.5169682080576196, 0.5266928086393895, 0.5267908037670594, 0.5433108775091519, 0.5405637532046679, 0.5379943722249423, 0.5457799559520273, 0.5068804399869066, 0.5161517813816147, 0.5178048593131409, 0.6001939238624583, 0.5970564508733154, 0.5662440119955876, 0.5525182874936242, 0.5311652943594698, 0.541865175273607, 0.5151934562628697, 0.5427580709317672, 0.5534686021517092, 0.5662271954043201, 0.5254527285343881, 0.4617915334225135, 0.4917085479111877, 0.36296980809056806, 0.41129890082394077, 0.5151711041924506, 0.43545026461248615, 0.39149584440787577, 0.4440427870795716, 0.4940978236299474, 0.4397909251461412, 0.5060805573699344, 0.4625926677107287, 0.39003816875870495, 0.39358783009361625, 0.37795472616366643, 0.362349439656368, 0.49107273439405696]}}