{"metrics": {"test": {"fp": [4], "f1_score": [0.7058823529411764], "risk": [0.25], "recall": [0.8571428571428571], "sensitivity": [0.8571428571428571], "precision": [0.6], "tp": [6], "tn": [9], "specificity": [0.6923076923076923], "fn": [1]}, "train": {"fp": [0], "f1_score": [1.0], "risk": [0.0], "recall": [1.0], "sensitivity": [1.0], "precision": [1.0], "tp": [30], "tn": [50], "specificity": [1.0], "fn": [0]}}, "model": {"n_features": 5087064}, "data": {"path": "/scratch/adrouin/data/patric/single_species_datasets/tetracycline___946434054234721145/dataset.kover", "split": "train_0.800_seed_8_10_folds", "uuid": "5d974b6a-086d-11e8-aaed-001b2193b764"}, "predictions": {"binary": [0, 0, 0, 0, 0, 0, 0, 0, 0, 1, 0, 0, 0, 0, 0, 0, 0, 0, 0, 0, 0, 0, 0, 0, 0, 0, 0, 0, 0, 0, 0, 0, 0, 0, 0, 0, 0, 0, 0, 0, 0, 0, 0, 0, 0, 0, 0, 0, 1, 1, 0, 0, 0, 0, 0, 0, 0, 0, 0, 0, 0, 1, 0, 1, 1, 1, 1, 1, 1, 1, 1, 1, 1, 1, 1, 1, 1, 1, 1, 1, 1, 1, 1, 1, 1, 0, 1, 1, 1, 1, 1, 1, 1, 1, 1, 1, 1, 1, 1, 1], "proba": [0.06311769845835631, 0.18180816311154327, 0.18197183424863383, 0.13349538402460273, 0.17684386441980443, 0.3811079961959406, 0.1818702078679944, 0.14444008600230474, 0.131394573796683, 0.8145808413267349, 0.18190044715971962, 0.16747416172578686, 0.11302272202150715, 0.48301016101498173, 0.34657945387556444, 0.18612967435425654, 0.05243600374157207, 0.06891838715145739, 0.0659781860295159, 0.07873428101939842, 0.058423452826239335, 0.18181702362675164, 0.16054077991717183, 0.18191081788689042, 0.1814110766366677, 0.18190144037849162, 0.18190684672357174, 0.21648688131602786, 0.1818639115014102, 0.07045538119619281, 0.18183197183380434, 0.06130128970043494, 0.10609793126926835, 0.1818770941378224, 0.18194969319019177, 0.18196846335444547, 0.18193531443695396, 0.16764896246596284, 0.1331715576301467, 0.15967108461773957, 0.18196154590309793, 0.05810488277122897, 0.18196210000546853, 0.18191206327055431, 0.18189226383376336, 0.18196393082583415, 0.1818922638337819, 0.18190710930165183, 0.5695120286163722, 0.67804274742467, 0.0523948985968233, 0.10417898872143551, 0.1818805799938513, 0.0949656197312758, 0.18191893518234503, 0.1420905801516485, 0.18184169564763406, 0.18191470602627569, 0.18191048350780728, 0.1045913747635294, 0.36332163960851044, 0.6879967433215469, 0.10442364516906547, 0.8437872468519748, 0.8060192502725826, 0.805941271230835, 0.8060181977997354, 0.7699280983451046, 0.8059366267481692, 0.8058710291703454, 0.8060884058126859, 0.8059376455786804, 0.8413724658107176, 0.8060146487262835, 0.6446424239193241, 0.8059572971365098, 0.8059633307555867, 0.8059613225140234, 0.8060895845236843, 0.805897236886202, 0.8060070900017172, 0.8058838040960168, 0.8060368644910689, 0.9439840093228872, 0.8494477165032477, 0.34615604406471084, 0.9185302950416802, 0.8059270079610885, 0.8309137977847059, 0.8133126153229464, 0.8055760472017982, 0.8463846127925101, 0.805986723812417, 0.8059765608792792, 0.8060149684278355, 0.8059793861405264, 0.8059585609272829, 0.8355830067802085, 0.8059887389294768, 0.8060401858809182]}, "cv": {"hps": {"normalize_kernel": false, "degree": 1.0, "regularizer": 0.0001}, "score": 0.175}}