{"metrics": {"test": {"fp": [7], "f1_score": [0.6896551724137931], "risk": [0.24107142857142858], "recall": [0.6], "sensitivity": [0.6], "precision": [0.8108108108108109], "tp": [30], "tn": [55], "specificity": [0.8870967741935484], "fn": [20]}, "train": {"fp": [7], "f1_score": [0.882943143812709], "risk": [0.07743362831858407], "recall": [0.825], "sensitivity": [0.825], "precision": [0.9496402877697842], "tp": [132], "tn": [285], "specificity": [0.976027397260274], "fn": [28]}}, "model": {"n_features": 4968150}, "data": {"path": "/scratch/adrouin/data/patric/single_species_datasets/ethionamide___260162261243005161/dataset.kover", "split": "train_0.800_seed_9_10_folds", "uuid": "a2cac942-0754-11e8-8bc4-001b2193b764"}, "predictions": {"binary": [0, 1, 0, 0, 0, 0, 0, 0, 0, 1, 0, 0, 1, 0, 0, 0, 0, 0, 0, 0, 0, 0, 0, 0, 0, 0, 0, 0, 0, 0, 0, 0, 0, 0, 0, 0, 0, 0, 0, 0, 0, 0, 0, 0, 0, 0, 0, 0, 0, 0, 0, 0, 0, 0, 0, 0, 0, 0, 0, 0, 0, 0, 0, 0, 0, 0, 0, 0, 0, 0, 0, 0, 0, 0, 0, 0, 0, 0, 0, 0, 0, 0, 0, 0, 0, 0, 0, 0, 0, 0, 0, 0, 0, 0, 0, 0, 0, 0, 0, 0, 0, 0, 0, 0, 0, 0, 0, 0, 0, 0, 0, 0, 1, 0, 0, 0, 0, 0, 0, 0, 0, 0, 0, 0, 0, 0, 0, 0, 0, 0, 0, 0, 1, 1, 0, 0, 0, 0, 0, 0, 0, 0, 0, 0, 0, 0, 0, 0, 0, 0, 0, 0, 0, 0, 0, 0, 0, 0, 0, 0, 0, 1, 0, 0, 0, 0, 0, 0, 0, 0, 0, 0, 0, 0, 0, 0, 0, 0, 0, 0, 0, 0, 1, 0, 0, 0, 0, 0, 0, 0, 0, 1, 0, 0, 0, 0, 0, 0, 0, 0, 0, 0, 0, 1, 0, 0, 0, 0, 0, 0, 0, 0, 0, 0, 0, 0, 0, 0, 0, 0, 0, 0, 0, 0, 0, 0, 0, 0, 0, 0, 0, 0, 0, 0, 0, 0, 0, 0, 0, 0, 0, 0, 1, 0, 0, 0, 0, 0, 0, 0, 0, 0, 0, 0, 0, 0, 1, 0, 0, 0, 0, 0, 0, 0, 0, 0, 0, 0, 0, 0, 0, 0, 0, 0, 0, 0, 0, 0, 0, 0, 0, 0, 0, 0, 0, 0, 0, 0, 0, 0, 0, 0, 0, 0, 0, 0, 0, 0, 0, 0, 0, 0, 0, 0, 0, 0, 0, 0, 0, 0, 0, 0, 0, 0, 0, 0, 0, 0, 0, 0, 0, 0, 0, 0, 0, 0, 0, 0, 0, 0, 1, 0, 0, 0, 0, 0, 0, 0, 0, 0, 0, 1, 0, 0, 0, 0, 0, 0, 0, 0, 0, 0, 0, 0, 1, 1, 1, 1, 1, 1, 1, 1, 1, 1, 0, 0, 1, 1, 1, 1, 1, 0, 1, 1, 0, 0, 1, 1, 1, 1, 1, 1, 0, 1, 1, 1, 1, 1, 1, 1, 1, 1, 1, 1, 1, 1, 1, 1, 1, 1, 1, 1, 1, 0, 1, 1, 0, 1, 1, 1, 1, 0, 1, 1, 1, 1, 1, 1, 0, 1, 1, 1, 1, 1, 1, 1, 1, 1, 1, 1, 0, 1, 1, 1, 1, 1, 0, 1, 1, 1, 1, 0, 1, 1, 1, 1, 1, 1, 1, 1, 1, 0, 1, 1, 1, 0, 1, 1, 0, 1, 0, 1, 1, 1, 0, 1, 1, 0, 0, 1, 0, 1, 1, 1, 1, 1, 1, 1, 1, 1, 1, 1, 1, 0, 0, 1, 1, 0, 0, 1, 0, 0, 1, 0, 0, 0, 1, 0, 1, 0, 0, 0, 1, 0, 1, 0, 1, 0, 0, 1, 1, 1, 1, 1, 1, 1, 0, 1, 1, 1, 1, 1, 1, 0, 0, 1, 1, 1, 1, 1, 1, 1, 1, 1, 0, 1, 1, 0, 1, 1, 1, 1, 1, 0, 1, 1, 1, 1, 1, 1, 1, 1, 1, 1, 1, 0, 0, 1, 0, 1, 0, 1, 1, 1], "proba": [0.13014682851941586, 0.7676272984038744, 0.17130361901659363, 0.09468373610787573, 0.1713309287936516, 0.14145639867140736, 0.17125023098411352, 0.18098034207473948, 0.17126871856657216, 0.7517661075690258, 0.1387306992144341, 0.17132204364058734, 0.618953882058162, 0.1350031599546324, 0.1655100914594152, 0.171334507978272, 0.17126203838542267, 0.17122808340232237, 0.17130163203441912, 0.17133973787721202, 0.17125384037826716, 0.14582127151130284, 0.1462747339116125, 0.171369030972269, 0.1713095618066633, 0.17127564033601853, 0.1713198503416427, 0.171281801397049, 0.24037406167686115, 0.17124914555634954, 0.15327441627242558, 0.10843964427417567, 0.17136897263705442, 0.13575758217258932, 0.1713301307309372, 0.17122702221380642, 0.11600769554694061, 0.17133460637103082, 0.17131397946379634, 0.17134876373150532, 0.09305680989149225, 0.17136170145462226, 0.14253241804475913, 0.11834403649669321, 0.1712799177513722, 0.16427731734773338, 0.15283327225100155, 0.14904774317683134, 0.1474667133986791, 0.16571126150845508, 0.17126516066038078, 0.11649288680171, 0.21832478054788973, 0.17135322502805686, 0.16158802814578932, 0.17136496156813394, 0.23358351306665026, 0.1713402701157704, 0.23466861812820344, 0.17129115537016093, 0.15175483721829744, 0.22492121021582884, 0.17127747569928536, 0.17137429870516477, 0.15525751432305876, 0.1931794269005437, 0.14362006902136232, 0.17129713547914802, 0.16124755633228702, 0.15658364392472562, 0.17130497280311313, 0.12608627593361624, 0.12310192499526593, 0.1712306672228771, 0.17129430149587857, 0.17127060452469958, 0.17133646008140405, 0.17133016779800483, 0.17127827985834332, 0.17129586293890237, 0.17123686610446912, 0.1712877295933627, 0.17128706091832044, 0.1712877715220005, 0.17133725392821142, 0.1712487667171368, 0.17132019525243597, 0.29278406729874196, 0.17125349632332362, 0.17125865649612243, 0.17124909364841717, 0.17129703658284734, 0.17130230742891378, 0.17132196615466944, 0.22827100307374318, 0.0758573873535169, 0.1712839674160536, 0.1389203352462664, 0.17125090687115152, 0.1713095359288263, 0.17127692835738037, 0.1712822623208239, 0.3207122420177112, 0.17123439146404948, 0.17124779106302562, 0.17128621256029355, 0.1712598994305574, 0.16970893566671874, 0.14881440802395413, 0.17131264235077415, 0.17127550086134036, 0.0725605371228352, 0.5152730860662169, 0.17131519432233588, 0.4478561354256628, 0.10198387130999878, 0.09673660422397302, 0.1712981487497815, 0.15243027228836722, 0.17124525447016975, 0.16605241842395563, 0.1712685087017359, 0.15369070993168168, 0.15379826486492773, 0.17129009626957087, 0.20080218075198036, 0.17136017105150617, 0.17125548992028447, 0.17124170442849504, 0.3377664349500448, 0.17137664049308043, 0.09857466526187572, 0.7998415498091489, 0.5553126778088643, 0.09858488175736803, 0.1712969123725544, 0.13450872387944476, 0.2231693531188808, 0.1712760532292508, 0.17124990709028406, 0.17124021137319992, 0.17129792271166483, 0.10705345601811944, 0.3756195894694723, 0.22865766307790877, 0.19985246016216981, 0.15576359994954717, 0.15198464427392877, 0.15840946230402989, 0.17136120915786193, 0.17128868092299473, 0.14465578118237862, 0.17136432869241594, 0.09627131569096121, 0.17125656669935166, 0.17133096405221238, 0.09763843537347419, 0.12101074636669237, 0.16294576052063475, 0.13645684010738396, 0.1713296567061828, 0.6494825966231731, 0.171312243949358, 0.17056941054221794, 0.060108640994108814, 0.08960191696652246, 0.17125321158074808, 0.17126533898469798, 0.17133556124254998, 0.13339821689571174, 0.04462031596144911, 0.07092974628888074, 0.17128148684358316, 0.1712925980081297, 0.06418451464431471, 0.1713655218679155, 0.07551026926807419, 0.16722945474036335, 0.17135116380812712, 0.17127765195267955, 0.17125225097037852, 0.17134828804200392, 0.7372612845136156, 0.17123689001002765, 0.1574796928337568, 0.17134612398486523, 0.21683064187647885, 0.2924907191340891, 0.21458935877837826, 0.20737507075397946, 0.14239446238080256, 0.5325790401555855, 0.3754697250244425, 0.16001912770807508, 0.11400203042493863, 0.11716894417524008, 0.17136615538561148, 0.17134790935340466, 0.16006693500469465, 0.18510474049630782, 0.171307442017726, 0.17126980908899045, 0.13448188190888066, 0.9668410598385133, 0.14193250241364117, 0.2507736420760024, 0.10236034476055486, 0.17129103369165186, 0.1876618421899381, 0.22697079318800292, 0.26335675338186043, 0.1713677938818345, 0.17134261278462326, 0.1611697537113804, 0.19876449293609982, 0.277511761642933, 0.1712200596100563, 0.17138139957848308, 0.17130391477011261, 0.18336627172499315, 0.20467328172351984, 0.17128246852020745, 0.1712603791273096, 0.17937625717182878, 0.30928639028500127, 0.12072949595234332, 0.17122690242980335, 0.16326149189748002, 0.06579496324188314, 0.2403057688483048, 0.12388787466137693, 0.08097747593347003, 0.17127861021330237, 0.1713556394541652, 0.16975288475540154, 0.17131044179956825, 0.17129926102531795, 0.171372515754567, 0.11973613862280469, 0.18546066803685746, 0.08617923330027598, 0.33431030839423753, 0.6476594607306883, 0.17127938848321325, 0.1622896642857107, 0.20614547247983364, 0.17135822818711294, 0.25010500448903766, 0.17123210448486825, 0.17128054576219867, 0.17129245901496432, 0.17124193649422825, 0.16235813995807785, 0.30093697358596766, 0.1584299224054561, 0.1712378721770795, 0.5429272343621527, 0.1401605644670131, 0.13534336473188563, 0.17127750788322896, 0.15337162454063336, 0.18073793629447052, 0.17123342571043854, 0.11541320917344669, 0.17131878917736268, 0.10056233215878015, 0.17138090160903802, 