{"metrics": {"test": {"fp": [0], "f1_score": [0.4444444444444445], "risk": [0.07246376811594203], "recall": [0.2857142857142857], "sensitivity": [0.2857142857142857], "precision": [1.0], "tp": [2], "tn": [62], "specificity": [1.0], "fn": [5]}, "train": {"fp": [0], "f1_score": [1.0], "risk": [0.0], "recall": [1.0], "sensitivity": [1.0], "precision": [1.0], "tp": [28], "tn": [250], "specificity": [1.0], "fn": [0]}}, "model": {"n_features": 6864155}, "data": {"path": "/scratch/adrouin/data/patric/single_species_datasets/nalidixic_acid___-736338835843459561/dataset.kover", "split": "train_0.800_seed_3_10_folds", "uuid": "35bbe4c6-07ea-11e8-ab65-001b2193b764"}, "predictions": {"binary": [0, 0, 0, 0, 0, 0, 0, 0, 0, 0, 0, 0, 0, 0, 0, 0, 0, 0, 0, 0, 0, 0, 0, 0, 0, 0, 0, 0, 0, 0, 0, 0, 0, 0, 0, 0, 0, 0, 0, 0, 0, 0, 0, 0, 0, 0, 0, 0, 0, 0, 0, 0, 0, 0, 0, 0, 0, 0, 0, 0, 0, 0, 0, 0, 0, 0, 0, 0, 0, 0, 0, 0, 0, 0, 0, 0, 0, 0, 0, 0, 0, 0, 0, 0, 0, 0, 0, 0, 0, 0, 0, 0, 0, 0, 0, 0, 0, 0, 0, 0, 0, 0, 0, 0, 0, 0, 0, 0, 0, 0, 0, 0, 0, 0, 0, 0, 0, 0, 0, 0, 0, 0, 0, 0, 0, 0, 0, 0, 0, 0, 0, 0, 0, 0, 0, 0, 0, 0, 0, 0, 0, 0, 0, 0, 0, 0, 0, 0, 0, 0, 0, 0, 0, 0, 0, 0, 0, 0, 0, 0, 0, 0, 0, 0, 0, 0, 0, 0, 0, 0, 0, 0, 0, 0, 0, 0, 0, 0, 0, 0, 0, 0, 0, 0, 0, 0, 0, 0, 0, 0, 0, 0, 0, 0, 0, 0, 0, 0, 0, 0, 0, 0, 0, 0, 0, 0, 0, 0, 0, 0, 0, 0, 0, 0, 0, 0, 0, 0, 0, 0, 0, 0, 0, 0, 0, 0, 0, 0, 0, 0, 0, 0, 0, 0, 0, 0, 0, 0, 0, 0, 0, 0, 0, 0, 0, 0, 0, 0, 0, 0, 0, 0, 0, 0, 0, 0, 0, 0, 0, 0, 0, 0, 0, 0, 0, 0, 0, 0, 0, 0, 0, 0, 0, 0, 0, 0, 0, 0, 0, 0, 0, 0, 0, 0, 0, 0, 0, 0, 0, 0, 0, 0, 0, 0, 0, 0, 0, 0, 0, 0, 0, 0, 0, 0, 0, 0, 0, 0, 0, 0, 0, 0, 1, 1, 1, 1, 1, 1, 1, 0, 0, 1, 0, 1, 1, 1, 1, 1, 1, 1, 1, 1, 1, 1, 1, 1, 1, 1, 1, 1, 1, 1, 0, 1, 1, 1, 0], "proba": [0.05194267822090088, 0.0011673468843388833, 0.0031856493403070786, 0.0006547927766626815, 0.009076191541766586, 0.01988106907515181, 0.02241623002345648, 0.0036188770104003403, 0.003320188069488598, 0.00628309150526573, 0.02047360677563906, 0.006476078170378475, 0.003272683797822406, 0.006198880564164793, 0.027928676547331475, 0.03510856819223823, 0.017525725051360255, 0.008605300561734369, 0.0032131416595835593, 0.009471900439691585, 0.002809151062785226, 0.03512240046372631, 0.029889392238775972, 0.016535735340502414, 0.0020230721051694776, 0.025729386066159234, 0.13553556447516216, 0.014182871224011196, 0.014506116751321126, 0.02017425352836982, 0.001495308229791481, 0.0044813288862267, 0.03507439938311833, 0.021413304005054933, 0.026019317518558724, 0.0268889515410694, 0.020558357876420904, 0.0008190344931479105, 0.0351488739258455, 0.03512272587966613, 0.010857265735044511, 0.027199819021372466, 0.01485986687079751, 0.029352204563530986, 0.009830849228338564, 0.019716114409639995, 0.001685473335855399, 0.004916415767950184, 0.14403352625956642, 0.023393049054786154, 0.0030784492487435844, 0.03087320912751383, 0.03506613311895758, 0.0022749717835934924, 0.012156027014185906, 0.016565018682710913, 0.009989312083627194, 0.019094841237464334, 0.015653528295115595, 0.035154150643673436, 0.03513088459846676, 0.007541665621997455, 0.019196905221349654, 0.030700453859554534, 0.03513746139947106, 0.0032480833035313217, 0.03513731432402859, 0.03516204796858196, 0.009282764215541243, 0.039398559479622106, 0.007722520323147901, 0.03511429759573743, 0.035128706874138584, 0.0351567755937026, 0.02343644339338904, 0.03515428090495072, 0.035148136067516635, 0.002751641643277157, 0.010712298779639215, 0.0225788538848942, 0.03510900638908943, 0.03512907691006133, 0.012284887876351153, 0.008607892490033818, 0.00923583208407019, 0.03511996572479978, 0.006775207010161269, 0.034582428662477314, 0.00838764313989579, 0.03515067237472853, 0.01763228571226266, 0.039018673907357096, 0.007683185546497586, 0.004714918174131969, 0.02147029270656696, 0.017397014638632295, 0.012066546248632057, 0.015306127256977395, 0.01734082686060594, 0.0077006932105147, 0.03515384726968137, 0.0351906016298009, 0.030716154702101046, 0.035149206563498285, 0.013199954956811902, 0.0351266164795634, 0.009086534688558068, 0.03514390202551976, 0.02121352766579831, 0.03514652322267814, 0.02834833930873107, 0.03515918087172896, 0.01344842970872296, 0.0372841464230152, 0.03513507171768901, 0.03510622262952086, 0.03510192082518554, 0.06956213713577673, 0.0351677513980429, 0.05114085979584749, 0.03515152717353521, 0.035151879326770705, 0.025660355351010466, 0.0351135653145402, 0.03514529042570965, 0.026156909523999416, 0.028658878011309275, 0.020067252616225197, 0.005774644020075972, 0.004149970640432195, 0.0351511500605539, 0.028856674694035484, 0.02913642748436323, 0.003355693840583588, 0.0351133624753775, 0.021844143928006838, 0.021327700227246366, 0.035161241331610034, 0.032907500389830535, 0.03513916537349802, 0.016994621093935403, 0.1898631667166912, 0.01836816962205914, 0.03514084687472837, 0.035152532302152456, 0.013465337385164271, 0.03514442352916521, 0.010806993059222881, 0.005737024007352637, 0.030685121462883578, 0.08080473600413848, 0.035171708006401056, 0.03196504602179998, 0.02628498143608471, 0.0027194904303251915, 0.035172935922374714, 0.008946662762148633, 0.03516560669005463, 0.005476805446693296, 0.03516037631375166, 0.023777080019053345, 0.035131541247068694, 0.03511457823697762, 0.004831345373437605, 0.009115744283989863, 0.03178196369035699, 0.035168254217225595, 0.0351518499597713, 0.03514424020634907, 0.2526408396363104, 0.035159034846527534, 0.26823197541332994, 0.04163263961762268, 0.03511424716309664, 0.03666055673793851, 0.002397547399880944, 0.11055872070403133, 0.028635567882880335, 0.035154292623421894, 0.0350939828574403, 0.03513828413115392, 0.03513926896660438, 0.03208430927462016, 0.007618255753327921, 0.041881461729447025, 0.03515562586626372, 0.03508206062421303, 0.03514396879022841, 0.019198636030478534, 0.03512977378001291, 0.035156736912167294, 0.035140955953054095, 0.016495666237041764, 0.03511328590788458, 0.032069164912542136, 0.01718579426639347, 0.018129301489731013, 0.0026991152941983655, 0.019342945373761525, 0.022414061564485246, 0.017644001260953224, 0.01964969009976522, 0.04626424356538754, 0.03513388430041934, 0.035129144978527434, 0.03513900198181793, 0.08598407082903355, 0.03511119216187281, 0.0189265888231266, 0.015986738170886996, 0.0351602672096366, 0.035149414369337134, 0.03513321661539876, 0.03514842818893806, 0.035156085911794796, 0.035151198398744324, 0.0031844255609135745, 0.035105849989245846, 0.010765322045082517, 0.020033515770834637, 0.0351523288981584, 0.03509094755697252, 0.0351613705487648, 0.052558220901003865, 0.006774231800249086, 0.03514629170400911, 0.024568445263504067, 0.011550903595879606, 0.019649950792493417, 0.007386907893278633, 0.014172800370758026, 0.011360212939807782, 0.018495666549539908, 0.011724909753152726, 0.010810598922252964, 0.0042028319479540865, 0.020451697625418194, 0.010207502380284388, 0.004292756188921172, 0.03513435098577786, 0.027392129164444955, 0.029757597225959106, 0.2531883523961447, 0.0351469844003803, 0.035151599635603534, 0.03515299411297535, 0.001984531896295411, 0.003275582868826998, 0.035157075012418625, 0.053973143114834594, 0.0028108944501973577, 0.035113892432660866, 0.03302440448326044, 0.0077345322993732785, 0.0173774974561427, 0.03511363133686657, 0.09764868704481604, 0.03516195337239482, 0.12721137058351634, 0.0034852467095261267, 0.0351222870411033, 0.035183248247902366, 0.03516580771110215, 0.03514279208006729, 0.03516231384892105, 0.004669667894148213, 0.035144363818743966, 0.03515693394148747, 0.035106505995620846, 0.03515614834753427, 0.03512967937725276, 0.03515093021131349, 0.035055161319871096, 0.03513009490253317, 0.002758047913390719, 0.019908976507762504, 0.0351597439758975, 0.06078625937185835, 0.03517325246463665, 0.03516488745803805, 0.03515280676956761, 0.017701935418312872, 0.021966401631991143, 0.017507259976491534, 0.02739250632065932, 0.010580608647575915, 0.03482646877094549, 0.01923492436962837, 0.01726551817330376, 0.014271306424997073, 