{"metrics": {"test": {"fp": [12], "f1_score": [0.7083333333333334], "risk": [0.3218390804597701], "recall": [0.68], "sensitivity": [0.68], "precision": [0.7391304347826086], "tp": [34], "tn": [25], "specificity": [0.6756756756756757], "fn": [16]}, "train": {"fp": [38], "f1_score": [0.688607594936709], "risk": [0.3524355300859599], "recall": [0.6153846153846154], "sensitivity": [0.6153846153846154], "precision": [0.7816091954022989], "tp": [136], "tn": [90], "specificity": [0.703125], "fn": [85]}}, "model": {"n_features": 36073591}, "data": {"path": "/scratch/adrouin/patric_data/single_species_datasets/ampicillin___7053822222416630118/dataset.kover", "split": "train_0.800_seed_8_10_folds", "uuid": "9957fcbc-095d-11e8-b1fe-001b2193b764"}, "predictions": {"binary": [1, 1, 0, 0, 0, 0, 0, 1, 0, 0, 0, 1, 0, 1, 1, 0, 1, 1, 0, 0, 0, 1, 1, 1, 0, 1, 0, 0, 1, 0, 0, 0, 1, 1, 1, 0, 1, 1, 0, 0, 0, 0, 0, 1, 0, 0, 1, 0, 0, 0, 1, 1, 1, 1, 1, 1, 1, 0, 1, 0, 0, 0, 0, 0, 0, 0, 0, 0, 1, 0, 0, 0, 1, 1, 1, 1, 0, 0, 0, 1, 0, 0, 1, 0, 0, 0, 0, 0, 0, 1, 0, 0, 1, 0, 0, 1, 0, 0, 1, 0, 0, 0, 0, 0, 0, 0, 0, 0, 0, 0, 0, 0, 1, 0, 0, 1, 1, 0, 0, 1, 0, 0, 0, 0, 0, 0, 0, 1, 1, 0, 1, 0, 0, 0, 1, 0, 0, 0, 0, 0, 0, 0, 0, 1, 1, 0, 1, 0, 0, 0, 0, 0, 0, 0, 0, 0, 0, 0, 0, 0, 0, 0, 0, 0, 0, 0, 1, 1, 1, 0, 1, 0, 1, 1, 1, 1, 1, 0, 1, 1, 1, 0, 1, 1, 1, 1, 1, 0, 1, 1, 0, 1, 1, 1, 1, 1, 1, 1, 1, 1, 1, 1, 1, 1, 1, 1, 1, 1, 1, 1, 1, 1, 1, 1, 1, 1, 1, 1, 1, 0, 0, 1, 1, 1, 1, 1, 0, 1, 1, 1, 1, 0, 1, 1, 0, 0, 0, 0, 0, 0, 0, 1, 1, 1, 1, 1, 1, 0, 1, 1, 1, 1, 1, 1, 1, 1, 1, 1, 1, 1, 1, 1, 1, 1, 1, 1, 1, 1, 1, 1, 1, 1, 0, 0, 0, 0, 1, 1, 0, 0, 0, 1, 0, 0, 1, 1, 1, 1, 1, 1, 0, 1, 1, 1, 1, 0, 1, 0, 1, 1, 1, 1, 1, 1, 1, 1, 1, 1, 1, 1, 1, 1, 1, 1, 1, 1, 1, 1, 1, 1, 1, 1, 1, 1, 1, 1, 1, 1, 1, 1, 1, 1, 1, 0, 0, 0, 0, 0, 0, 0, 0, 0, 0, 0, 0, 1, 0, 1, 1, 0, 0, 0, 0, 0, 0, 0, 0, 0, 0, 0, 0, 0, 0, 0, 0, 1, 1, 1, 1, 0, 1, 0, 1, 1, 1, 1, 1, 0, 0, 1, 0, 1, 1, 0, 1, 1, 1, 1, 1, 1, 1, 1, 1, 1, 0, 0, 0, 0, 0, 1, 0, 0, 0, 1, 0, 0, 0, 0, 0, 0, 0, 0, 0, 0, 0, 0, 0, 0, 0, 0, 0, 0, 0, 0, 0, 0, 1, 0, 1, 1, 0, 1, 0, 0, 0, 1], "proba": [0.49088405680112945, 0.47982387450254604, 0.5306252905330405, 0.5312245142315591, 0.5325457726042965, 0.5470560182684028, 0.528830942273722, 0.47744423229497224, 0.5512646960510852, 0.5568594019909872, 0.5403362266394514, 0.4799419440426104, 0.561806684266798, 0.48097577261326413, 0.4646020270106683, 0.546680791804084, 0.4687034157260427, 0.47859627366010576, 0.5308293440987627, 0.5178556117346454, 0.532089917104258, 0.48035622334437367, 0.48485419511046846, 0.48482136662270336, 0.5565870629695087, 0.4493294450793647, 0.5327897578203671, 0.5549457555156221, 0.47526691238226937, 0.5404815460910745, 0.5232784678254436, 0.5169502955132312, 0.48208975714089625, 0.48441374722254127, 0.47933502952271984, 0.5405298749756183, 0.4726290673888022, 0.4906728856098138, 0.542262127004061, 0.5420890447131236, 0.5545833503556733, 0.5550235013007117, 0.5148601954681229, 0.4814871981736522, 0.5375941827180336, 0.536577276705116, 0.4701602171183711, 0.5384433962580384, 0.5358139422130728, 0.5525922280719324, 0.4885722676931743, 0.48444281337458195, 0.4981408260164956, 0.47935060390668505, 0.4741571151865623, 0.46455838392046866, 0.4776228152669867, 0.5210162192910247, 0.4463819970416619, 0.5353165659348378, 0.5595825934152936, 0.5374569851410184, 0.5547688433761273, 0.5488651652475741]}}