{"metrics": {"test": {"fp": [6], "f1_score": [0.9500000000000001], "risk": [0.08695652173913043], "recall": [1.0], "sensitivity": [1.0], "precision": [0.9047619047619048], "tp": [57], "tn": [6], "specificity": [0.5], "fn": [0]}, "train": {"fp": [1], "f1_score": [0.9978678038379531], "risk": [0.0035971223021582736], "recall": [1.0], "sensitivity": [1.0], "precision": [0.9957446808510638], "tp": [234], "tn": [43], "specificity": [0.9772727272727273], "fn": [0]}}, "model": {"n_features": 6864155}, "data": {"path": "/scratch/adrouin/data/patric/single_species_datasets/streptomycin___-736338835843459561/dataset.kover", "split": "train_0.800_seed_5_10_folds", "uuid": "3c54eb68-07f2-11e8-aaa1-001b2193b764"}, "predictions": {"binary": [0, 0, 0, 0, 0, 0, 0, 1, 0, 0, 0, 0, 0, 0, 1, 0, 0, 0, 0, 0, 0, 0, 0, 0, 0, 0, 0, 0, 0, 0, 1, 0, 1, 0, 0, 0, 0, 0, 0, 0, 0, 1, 0, 0, 1, 0, 0, 0, 0, 0, 0, 1, 0, 0, 0, 0, 1, 1, 1, 1, 1, 1, 1, 1, 1, 1, 1, 1, 1, 1, 1, 1, 1, 1, 1, 1, 1, 1, 1, 1, 1, 1, 1, 1, 1, 1, 1, 1, 1, 1, 1, 1, 1, 1, 1, 1, 1, 1, 1, 1, 1, 1, 1, 1, 1, 1, 1, 1, 1, 1, 1, 1, 1, 1, 1, 1, 1, 1, 1, 1, 1, 1, 1, 1, 1, 1, 1, 1, 1, 1, 1, 1, 1, 1, 1, 1, 1, 1, 1, 1, 1, 1, 1, 1, 1, 1, 1, 1, 1, 1, 1, 1, 1, 1, 1, 1, 1, 1, 1, 1, 1, 1, 1, 1, 1, 1, 1, 1, 1, 1, 1, 1, 1, 1, 1, 1, 1, 1, 1, 1, 1, 1, 1, 1, 1, 1, 1, 1, 1, 1, 1, 1, 1, 1, 1, 1, 1, 1, 1, 1, 1, 1, 1, 1, 1, 1, 1, 1, 1, 1, 1, 1, 1, 1, 1, 1, 1, 1, 1, 1, 1, 1, 1, 1, 1, 1, 1, 1, 1, 1, 1, 1, 1, 1, 1, 1, 1, 1, 1, 1, 1, 1, 1, 1, 1, 1, 1, 1, 1, 1, 1, 1, 1, 1, 1, 1, 1, 1, 1, 1, 1, 1, 1, 1, 1, 1, 1, 1, 1, 1, 1, 1, 1, 1, 1, 1, 1, 1, 1, 1, 1, 1, 1, 1, 1, 1, 1, 1, 1, 1, 1, 1, 1, 1, 1, 1, 1, 1, 1, 1, 1, 1, 1, 1, 1, 1, 1, 1, 1, 1, 1, 1, 1, 1, 1, 1, 1, 1, 1, 1, 1, 1, 1, 1, 1, 1, 1, 1, 1, 1, 1, 1, 1, 1, 1, 1, 1, 1, 1, 1, 1, 1, 1, 1, 1, 1, 1], "proba": [0.15199669145623504, 0.15202079906449653, 0.151965696005145, 0.15204084557841352, 0.09686429436066375, 0.09494002975782843, 0.15205093471087694, 0.789994616418911, 0.02708293503188172, 0.07509882133315454, 0.14681140697990552, 0.15207593611049178, 0.15198437981471327, 0.15205319059743502, 0.6829089007901006, 0.14820019693400371, 0.13063090514094217, 0.07019527252087078, 0.15206663074879928, 0.12256260138953229, 0.09271059679330171, 0.1519727693856692, 0.03857443356014997, 0.15206093354238717, 0.13386641181846543, 0.36174003472550953, 0.15205292929352351, 0.5199160062575124, 0.15195623738157804, 0.1520040160899828, 0.7097017363280418, 0.2878377407058886, 0.6370491605921613, 0.1520262185701007, 0.15199389614471812, 0.152034622677158, 0.15205217450334862, 0.06133733267801235, 0.07038765620011384, 0.15203397091052695, 0.0626404542987061, 0.8955772017125492, 0.06494598050783444, 0.15202287479346302, 0.8143927064827688, 0.1520621768152428, 0.15208222016947937, 0.07924213493827266, 0.15204967807799757, 0.06216223530150495, 0.15196463397202734, 0.7725799325815038, 0.1147531847645483, 0.0616582349821486, 0.06207581456686692, 0.13229230865461225, 0.9701357118736976, 0.9448738605066616, 0.9760337593800215, 0.9692356813039431, 0.9422942616133785, 0.9573282367916285, 0.9420391772683072, 0.9859982635492582, 0.9363846585641227, 0.9786238885846975, 0.982844199365245, 0.9760088669023299, 0.9719405083739134, 0.9793020043698595, 0.9363811784466043, 0.9651401608567719, 0.9621146696111186, 0.9587277284188342, 0.9551491500184105, 0.9627333650625658, 0.9610393338553102, 0.9638692996300535, 0.9620974963997775, 0.9727323961748421, 0.9686272223296859, 0.9661625863515855, 0.9780284467118683, 0.936379203690923, 0.9363872441796627, 0.9442789328870407, 0.9722891156987659, 0.9489756225823904, 0.9635424992110123, 0.9363790333962284, 0.9363436674776925, 0.9832869912064484, 0.940775618610641, 0.9489998558380199, 0.9654262147276412, 0.9769403387530633, 0.9541690267208199, 0.936363267477152, 0.9528160242681842, 0.9386310870271479, 0.9364015256083484, 0.9363820280666804, 0.9363623622648739, 0.922236477647061, 0.9633193468558926, 0.9462632075350335, 0.9603465420008672, 0.9363781745974072, 0.9363889700078452, 0.9055381496182605, 0.9669297593405389, 0.9363624311326872, 0.9738498647221573, 0.9930153125938815, 0.9612281251368812, 0.9536445901431467, 0.9541417336796701, 0.9576333368913637, 0.9273490856017901, 0.9515962447729757, 0.9363839128045011, 0.9363905966696174, 0.9363632159514192, 0.9363891138161984, 0.9363636192669865, 0.9333963577057718, 0.9364058761556437, 0.9363901886891725, 0.9363448405109336, 0.9830243064734638, 0.9615853364531884, 0.9644651788943693, 0.9499674206521549, 0.9671329874471465, 0.9714049842138157, 0.9759425839713204, 0.9564405302704516, 0.9454496756810211, 0.9655258236764165, 0.9610144282957175, 0.9501835076336357, 0.9415345206523638, 0.9603725107510798, 0.9477470349166428, 0.9229525854178906, 0.9731888315244491, 0.9486338954920661, 0.9609236679371574, 0.9363926074597336, 0.9451614856679044, 0.9363891499686736, 0.9363936836719224, 0.9566018111812582, 0.9422777244625962, 0.9390931241516056, 0.9364009809386106, 0.9592894655074604, 0.9420167286529518, 0.9676557656870763, 0.9601236848045759, 0.9567543626718426, 0.9534035411279514, 0.9770610345382199, 0.9799986183683486, 0.9584512330212933, 0.9893295539233539, 0.9808923963614679, 0.9679294827920586, 0.9363725082394382, 0.9363457210773508, 0.9387117260342779, 0.9363869592664178, 0.8850500461767455, 0.9137280912590612, 0.9363722272320621, 0.898829914803088, 0.9363866564282275, 0.9363847556464141, 0.9363944629184442, 0.6549486626115008, 0.9363868353350426, 0.9363454191433083, 0.9363961198106122, 0.9749311997368204, 0.9667949496262491, 0.939326300370751, 0.9363850840647339, 0.958567052756365, 0.9363790078437088, 0.9372081503113979, 0.9379918239266921, 0.9363547932477145, 0.9363838113602466, 0.9363828661638505, 0.9363812924816705, 0.9363678096890946, 0.9429403954165534, 0.9363674166416903, 0.9552065106763885, 0.9363886274822267, 0.9469348271700956, 0.9852941616880821, 0.9588312455214323, 0.9604243700180178, 0.9534529954909882, 0.8980655405442227, 0.9543712092372459, 0.939029583689933, 0.9324486937345586, 0.953855978988743, 0.919038934429091, 0.9628022918060489, 0.9541223279679871, 0.9363864761280061, 0.9363813588507979, 0.9363842246641699, 0.9363839381081189, 0.8772000661880898, 0.959391006990296, 0.9527871738502778, 0.957315439258905, 0.9637857409595075, 0.9595013175779662, 0.9498628871063457, 0.9598644026315822, 0.9633214643568629, 0.9363752868385292, 0.9418545687653026, 0.9648505754870553, 0.9532549161811644, 0.9666144763924606, 0.940813785330913, 0.9409755636240734, 0.9363744161893497, 0.9657579938808576, 0.9099153078579849, 0.9736114343200554, 0.9363668665788552, 0.9363986166952069, 0.9363592911689386, 0.9663991311768673, 0.9363861089298134, 0.9363710113979768, 0.9363922171062093, 0.9629641130074883, 0.9582243746766912, 0.9577387235645184, 0.9363972693202024, 0.9554947702003466, 0.957103314924207, 0.9634563104733148, 0.939589028321877, 0.9363957231069796, 0.936390420362515, 0.924876654878328, 0.9364070581884433, 0.7904188653274989, 0.9515610671407643, 0.9256794698828834, 0.9363980375621597, 0.9363996046005557, 0.936394948531188, 0.9393350403195962, 0.9363935151707388, 0.9363894655190036, 0.9362557479540977, 0.9363069681823363, 0.9548667670811637, 0.9671641973445853, 0.9509213053856757, 0.9363918850882144, 0.9363741334355757, 0.9524942355302648, 0.9421868274027168, 0.8826670779312908, 0.9363820059096261, 0.9435506957463299, 0.9363989373256194, 0.9363624733074625, 0.9726563110291193, 0.9364075834448745, 0.9363996731677144, 0.9379233022004614, 0.9363877485706059, 0.9759421389065213, 0.9700869972827129, 0.9684084208846879, 0.9022087485876062, 0.9439711805810829, 0.9548698509178395, 0.9363686829150262, 0.9363511804476236, 0.8359215461958476, 0.9363614204206537, 0.972741535597854, 0.936375539295925, 0.9363912133407486, 0.9363833206044517, 0.9363713322522103, 0.9667350274660981, 0.9431521532632791, 0.9363705699089732, 0.9363145147490649, 0.9363975939278028, 0.9899958423137362, 0.936354561555577, 0.9363653707081365, 0.9363645350444636, 0.9645397513524515, 