{"metrics": {"test": {"fp": [13], "f1_score": [0.6060606060606061], "risk": [0.34210526315789475], "recall": [0.6060606060606061], "sensitivity": [0.6060606060606061], "precision": [0.6060606060606061], "tp": [20], "tn": [30], "specificity": [0.6976744186046512], "fn": [13]}, "train": {"fp": [2], "f1_score": [0.96875], "risk": [0.02631578947368421], "recall": [0.9538461538461539], "sensitivity": [0.9538461538461539], "precision": [0.9841269841269841], "tp": [124], "tn": [172], "specificity": [0.9885057471264368], "fn": [6]}}, "model": {"n_features": 39041770}, "data": {"path": "/scratch/adrouin/data/patric/single_species_datasets/meropenem___-9072632565547958275/dataset.kover", "split": "train_0.800_seed_7_10_folds", "uuid": "b1f77c1e-07ca-11e8-b57b-001b2193b764"}, "predictions": {"binary": [1, 0, 0, 1, 0, 0, 0, 0, 0, 0, 1, 0, 0, 0, 0, 0, 0, 0, 0, 0, 0, 0, 0, 0, 0, 0, 0, 0, 0, 0, 0, 0, 0, 0, 0, 0, 0, 0, 0, 0, 0, 0, 1, 0, 0, 0, 0, 0, 0, 0, 0, 0, 0, 0, 0, 0, 0, 0, 0, 0, 0, 0, 0, 0, 0, 0, 0, 1, 0, 0, 0, 0, 0, 0, 0, 0, 0, 0, 0, 0, 0, 0, 0, 1, 0, 0, 0, 0, 0, 0, 0, 0, 1, 0, 0, 0, 0, 0, 0, 0, 0, 0, 0, 1, 0, 0, 0, 0, 0, 0, 0, 0, 1, 0, 0, 0, 0, 0, 0, 0, 0, 0, 0, 0, 0, 0, 0, 0, 0, 0, 1, 0, 0, 0, 0, 0, 0, 0, 0, 0, 0, 0, 0, 0, 0, 0, 0, 0, 0, 0, 0, 0, 0, 0, 0, 0, 0, 0, 0, 0, 0, 0, 0, 0, 0, 0, 0, 0, 0, 0, 0, 0, 0, 0, 0, 0, 0, 0, 1, 0, 0, 0, 0, 1, 0, 0, 0, 0, 0, 0, 0, 0, 1, 0, 0, 1, 1, 0, 0, 0, 0, 0, 0, 0, 0, 0, 0, 0, 0, 0, 0, 0, 0, 0, 0, 0, 0, 1, 1, 1, 1, 1, 1, 1, 1, 1, 1, 1, 0, 1, 1, 1, 1, 1, 1, 1, 1, 1, 1, 1, 1, 1, 1, 1, 1, 1, 1, 1, 1, 1, 0, 1, 1, 1, 1, 1, 1, 0, 1, 1, 0, 1, 1, 1, 1, 1, 1, 1, 1, 1, 1, 1, 1, 1, 1, 1, 1, 1, 1, 0, 1, 1, 0, 1, 1, 1, 1, 1, 1, 1, 0, 1, 1, 1, 1, 1, 0, 1, 1, 1, 1, 1, 1, 1, 1, 1, 1, 1, 1, 1, 1, 0, 0, 1, 1, 1, 1, 0, 1, 0, 1, 1, 1, 0, 0, 0, 1, 1, 1, 1, 1, 1, 1, 1, 1, 1, 0, 1, 1, 0, 1, 1, 1, 1, 1, 1, 1, 1, 0, 1, 1, 1, 1, 1, 1, 1, 1, 1, 1, 1, 1, 1, 1, 1, 1, 1, 1, 1, 1, 1, 1, 1, 0, 1, 1, 1, 1, 1, 1, 1], "proba": [0.7340371695544994, 0.18612717834526893, 0.16562115447709358, 0.5633159258126792, 0.3040091553549544, 0.18614259874643335, 0.1787394030078065, 0.10317303476005729, 0.18611809881852892, 0.18611625577730143, 0.5733986887808372, 0.18610951357235922, 0.27268095607887133, 0.18607771175789203, 0.18616343415632225, 0.18613281479763433, 0.18615765708732138, 0.18622870287312995, 0.18620546650283243, 0.2726953546263179, 0.18613424059035205, 0.2185468168734084, 0.18621383112760792, 0.2729512292778565, 0.40243121881026317, 0.35168626137772635, 0.18619769034537578, 0.1860869716487585, 0.18610806944973574, 0.1918175765354594, 0.1861434465313914, 0.186169816386983, 0.1860897279278094, 0.24624538753492495, 0.1862096538666604, 0.186097970085907, 0.1861559366293083, 0.18606744968954386, 0.4016039434833775, 0.186129863628717, 0.18620624178808956, 0.18614271857809697, 0.5985545780114031, 0.1861504247892648, 0.12029445965201017, 0.18607835223258945, 0.18615896215099192, 0.36979784728816223, 0.18618892733623604, 0.1861215608690354, 0.18617894884115635, 0.1861610953495823, 0.18618276918081308, 0.18616432328498297, 0.1861563200406838, 0.18616199772063322, 0.1861307515663796, 0.1745384744287254, 0.18610363695759433, 0.1861301496209494, 0.1202664966049787, 0.18617206412280607, 0.1861867084795003, 0.18616086899374482, 0.18617063839855486, 0.1862260249984607, 0.18610636142661424, 0.596956668486952, 0.20236503548658605, 0.1860739508249902, 0.1451245418047232, 0.3990656259182333, 0.4041158501635887, 0.20372281049271107, 0.1861394706043717, 0.26015931949349974, 0.18617735162721327, 0.18617296666810693, 0.18613927207132125, 0.17527510334891827, 0.18619335556104172, 0.1861272129458935, 0.18613117469060914, 0.5, 0.16596310172521933, 0.18613029023170236, 0.1861708691398556, 0.18614076995040804, 0.2793623854076139, 0.18615960955560956, 0.18617952817157005, 0.1697758050863315, 0.596573950222117, 0.1860570551930005, 0.18607723111014488, 0.1861461759442334, 0.18613259478363395, 0.18624258810658792, 0.1861552466143473, 0.1861402348446085, 0.1861628273587497, 0.1861536080899765, 0.1861077787850174, 0.7114169783838435, 0.1860697754280452, 0.18619828331504018, 0.1861488565293129, 0.31870718205800475, 0.18615832000640342, 0.18610168013870865, 0.1862278986494904, 0.18619393722631175, 0.6667973749299652, 0.1861417244442418, 0.3646938244347026, 0.18616231812195286, 0.186107780786103, 0.18607869414338518, 0.18615607542030171, 0.4374471163876104, 0.1861610384607567, 0.18619289666219171, 0.18614434751250258, 0.2976931585082517, 0.1861331145120464, 0.18613255402832024, 0.18616413630319095, 0.18614554885365162, 0.18613101035859428, 0.18623093026393547, 0.6683185377587398, 0.1862327763114154, 0.18616318955698596, 0.1861386404654754, 0.18612743526376216, 0.1861228100090811, 0.17977860321367295, 0.46055505335357755, 0.18612149088530752, 0.18616247750722947, 0.18543326834199805, 0.18608672362341788, 0.18615299096305268, 0.13924142062472114, 0.14662898773176877, 0.1861234855376529, 0.18614129781235875, 0.18611559544748296, 0.18615687579870002, 0.3326584155303935, 0.1860618659451997, 0.1696318161069563, 0.2766615770289375, 0.18614267376908575, 0.18609871460204253, 0.23222089506717156, 0.18605490897468904, 0.18617974796456216, 0.1861553806894243, 0.17623935924382614, 0.18621665188160633, 0.18616789513884366, 0.18618098869490332, 0.18616038019000183, 0.18616096038400526, 0.18606558925956218, 0.18619304377872722, 0.34054424665224614, 0.1861648977274537, 0.18619494267181444, 0.17003213161411806, 0.18610713584398383, 0.1861873877724895, 0.18619477462632192, 0.18616724616669947, 0.26538137161721376, 0.18608774486614077, 0.18612177488513726, 0.5142149194426153, 0.2259420136060304, 0.18619618689047254, 0.18615106092058525, 0.1942837833655769, 0.7377870711485527, 0.18618894901903815, 0.2596456268811927, 0.18610598845109194, 0.18622054397811688, 0.18614792301464175, 0.21424563120787174, 0.18615402441031834, 0.33195380558969656, 0.6691157195709201, 0.18613437688689075, 0.17044275712892784, 0.5971913165121948, 0.5879920415920885, 0.18618928188030895, 0.18615314945231323, 0.18611344192654453, 0.18617754598047595, 0.25729601471447155, 0.1860692326410989, 0.4012329577234446, 0.18618472643669814, 0.18621082240179293, 0.18609502637437234, 0.1860610280160354, 0.1860798995288638, 0.18615738407027574, 0.18616770814207148, 0.18837060014314572, 0.18624536444603507, 0.18621172307324524, 0.1860724339714696, 0.18615756425064067, 0.18621829582656754, 0.7656214714185381, 0.814014573813235, 0.5372192399474481, 0.765585220942996, 0.7656830770323437, 0.7656716376779645, 0.7994874379054253, 0.7907866369270335, 0.7654587089857182, 0.765681217925327, 0.7655604971287876, 0.3936999643647239, 0.7608576236128117, 0.7655754228973781, 0.7656017953054656, 0.7654819383670805, 0.6859355105078538, 0.765492024830137, 0.765647327495046, 0.7655454273170419, 0.7809071909821881, 0.7654967453671919, 0.7656206599941308, 0.7655435857891936, 0.7655522451296253, 0.765512367465623, 0.7655620487964735, 0.7655498299798864, 0.7656556868532437, 0.5685282615996212, 0.5567902255739956, 0.7656223556196019, 0.7790125221090448, 0.3029102523187037, 0.7021917750888518, 0.7883765798993791, 0.7655902698138054, 0.7655956858970412, 0.765584861519401, 0.765564341064878, 0.41252195363372085, 0.765565626178767, 0.7655156595716975, 0.18551008482802273, 0.8143118337550106, 0.7778482666334622, 0.7655717860698614, 0.7655857639937708, 0.8011944075062869, 0.7654529857968729, 0.7656369060499936, 0.7655336426624737, 0.7656695395407569, 0.6724750278177991, 0.7655931524652166, 0.7612860417291947, 0.7654990335395478, 0.765615508863756, 0.7587907789820535, 0.7655530534818545, 0.840717523583558, 0.7655813073502513, 0.3278237753671533, 0.7575087665792396, 0.7656325934558829, 0.2793623854076139, 0.7655343560656673, 0.7960634456214808, 0.6764176589415885, 0.8097416900120811, 0.7655094853949349, 0.7655314472694438, 0.7655132791522133, 0.41198430547297665, 0.6434244005317413, 0.7655133013973043, 0.7655748918459688, 0.7655218692136819, 0.7655699985902419, 0.4337337966466544, 