{"metrics": {"test": {"fp": [0], "f1_score": [0.9767441860465117], "risk": [0.021739130434782608], "recall": [0.9545454545454546], "sensitivity": [0.9545454545454546], "precision": [1.0], "tp": [21], "tn": [24], "specificity": [1.0], "fn": [1]}, "train": {"fp": [5], "f1_score": [0.9552238805970149], "risk": [0.04838709677419355], "recall": [0.96], "sensitivity": [0.96], "precision": [0.9504950495049505], "tp": [96], "tn": [81], "specificity": [0.9418604651162791], "fn": [4]}}, "model": {"n_features": 35542666}, "data": {"path": "/scratch/adrouin/data/patric/single_species_datasets/carbapenem___-3225223558739261696/dataset.kover", "split": "train_0.800_seed_8_10_folds", "uuid": "b4e2fc5e-0578-11e8-bd5a-001b2193b764"}, "predictions": {"binary": [0, 0, 0, 0, 0, 0, 0, 0, 1, 0, 1, 0, 0, 0, 0, 0, 0, 0, 0, 1, 0, 0, 0, 0, 0, 0, 1, 0, 1, 0, 0, 0, 0, 0, 0, 0, 0, 0, 0, 0, 0, 0, 0, 0, 0, 0, 0, 0, 0, 0, 0, 0, 0, 0, 0, 0, 0, 0, 0, 0, 0, 0, 0, 0, 0, 0, 0, 0, 0, 0, 0, 0, 0, 0, 0, 0, 0, 0, 0, 0, 0, 0, 0, 0, 0, 0, 0, 0, 0, 0, 0, 0, 0, 0, 0, 0, 0, 0, 0, 0, 0, 0, 0, 0, 0, 0, 0, 0, 0, 0, 0, 1, 1, 1, 1, 1, 1, 1, 1, 1, 1, 1, 1, 1, 1, 1, 1, 1, 1, 1, 1, 1, 1, 1, 1, 0, 1, 1, 1, 1, 1, 1, 1, 1, 1, 1, 1, 1, 1, 1, 1, 1, 1, 1, 1, 1, 1, 1, 1, 1, 1, 1, 1, 1, 1, 1, 1, 1, 1, 1, 1, 1, 1, 1, 1, 1, 1, 1, 1, 1, 1, 0, 1, 1, 1, 1, 1, 1, 1, 1, 1, 1, 1, 1, 0, 1, 1, 1, 1, 1, 1, 1, 1, 1, 1, 1, 1, 1, 1, 1, 1, 1, 1, 1, 1, 1, 1, 1, 1, 1, 1, 0, 1, 1, 1, 1, 1, 1, 1, 1, 1, 1], "proba": [0.05819339068647475, 0.0582139490819101, 0.05820771614389911, 0.05821449389417762, 0.10089256979685687, 0.04915469223024502, 0.058255724798893425, 0.04399150909098828, 0.9210054499505017, 0.06070395623422771, 0.9174172618399662, 0.05823797621955483, 0.05819672926119748, 0.08767078950106307, 0.04132087607890137, 0.05823431672948763, 0.03430712360523495, 0.05823929754406972, 0.04280732757392922, 0.9447047344621025, 0.058203904501726765, 0.05812375983541639, 0.05813192748881834, 0.054884283296405455, 0.04365108880336519, 0.05466698158397615, 0.9345710325951859, 0.059386550582807875, 0.9299319115237717, 0.058266276998163405, 0.052246440017999676, 0.04763693488512539, 0.0582057035316797, 0.05550286936297409, 0.05824856276880867, 0.058239846369338856, 0.048910362070942515, 0.052280987953947276, 0.04126826900689807, 0.05815964105020838, 0.05820060830852764, 0.05268935374198953, 0.05823175428638476, 0.0581618120156256, 0.13501119065839817, 0.051044402514974344, 0.05825383311863734, 0.25925627446550065, 0.05933663807993915, 0.052974656349891625, 0.058168683012168494, 0.06280212808391995, 0.05820357753217237, 0.14074939054595342, 0.05826706477719147, 0.04129138256510691, 0.05818364850964017, 0.057797945131760106, 0.08536787090187309, 0.045510632575998064, 0.0788232467220598, 0.06500367683373287, 0.05825394452580879, 0.058144634294184386, 0.04096594957256325, 0.058212663588270534, 0.058714255724588896, 0.04232781568277145, 0.04204285936587065, 0.04705759163011485, 0.05820030997317583, 0.10015831965888232, 0.05665316219767413, 0.04760717830282881, 0.04865258583055444, 0.058215372738823316, 0.058200009524922304, 0.05817535529016202, 0.042280148720468536, 0.052954327337631356, 0.042610975208556466, 0.08335008749306615, 0.04818852035665584, 0.05866713578406214, 0.05977124694427474, 0.058129694067933904, 0.05823575232948965, 0.05552773220252853, 0.05811582341714034, 0.05817449767912025, 0.05352836546611436, 0.05821134704826233, 0.05476756873639081, 0.06092765422903549, 0.1136541084115246, 0.05548786589781679, 0.05694054833493795, 0.05822390234666451, 0.05855859853196865, 0.058222538933723714, 0.058164714701769184, 0.04075048789639753, 0.05887235149792289, 0.04337667863611355, 0.07098187472342672, 0.06819925000663189, 0.05818765028412674, 0.060470397837941205, 0.07918925207646123, 0.06402249188951294, 0.17441740659944283, 0.9353644587191596, 0.9416896049267396, 0.9325701601075899, 0.9358075918635779, 0.9419150530444083, 0.9530710309562751, 0.9547090768150952, 0.9419088284734589, 0.947141277234054, 0.9359270414879138, 0.9363200833977517, 0.9421010443382384, 0.8628883244612499, 0.9325448933445634, 0.9405238229823807, 0.9371810032739256, 0.953476318183222, 0.9407375969263418, 0.9325336845934233, 0.9328855044210806, 0.9572871868987085, 0.9325367411868708, 0.8697233049208322, 0.9317568490764213, 0.1786650660461764, 0.9425798636965104, 0.9339200513805737, 0.9325239056650835, 0.9325650646281027, 0.9368380988811623, 0.9509202036118789, 0.9416738423946246, 0.9384779840064216, 0.9448247652913682, 0.9404478230786889, 0.9325849011038023, 0.9324921510561179, 0.9488462241850931, 0.9521448659042429, 0.9325808296726541, 0.9233617520062906, 0.9144579687980582, 0.8176007120921663, 0.9454687019777492, 0.9229148499495216, 0.932560870918711, 0.9347776284586014, 0.9556952293121692, 0.9433404654119649, 0.9354186632951025, 0.932575646186518, 0.9427141648790691, 0.9552868730443425, 0.9325324916992647, 0.9436043549735867, 0.9452665957075814, 0.9325309095463066, 0.9325686559402802, 0.9402886308434548, 0.9421968113249123, 0.9324433196841726, 0.9482596153255508, 0.9325317810278768, 0.9325521844240613, 0.9396913719606942, 0.9569042764228398, 0.9225383463419796, 0.9324623594335275, 0.9429081237962617, 0.9353087247125422, 0.15744219840582438, 0.9338754449245397, 0.9410446148688708, 0.9512214717101937, 0.9490813527997518, 0.934936420276787, 0.9413451369379096, 0.9324692702966371, 0.9369182286448149, 0.9393069868356988, 0.9412972390901073, 0.932610376106541, 0.9448046884675054, 0.2593014184421497, 0.927193727426722, 0.925325583031903, 0.9325886177461241, 0.9403599811174934, 0.938972640410451, 0.9525905949469303, 0.930102194904158, 0.9527726564739978, 0.9325578259374439, 0.9388461061323354, 0.9404500048527944, 0.95716761634104, 0.9275704054677311, 0.9499720760696986, 0.9452605555521667, 0.9325898419105226, 0.9325313030739958, 0.9325136321028992, 0.9325651885840766, 0.9325230480313408, 0.9427639252195265, 0.9521857336042014, 0.953762244707812, 0.9380027249944733, 0.8588116313897832, 0.9504360468964023, 0.056837243616199816, 0.9325717676859233, 0.9402963173520195, 0.9493711854239807, 0.9531943931713944, 0.9400282150179154, 0.9364750706758392, 0.934067394898777, 0.9547475056186493, 0.9339992505386964, 0.9519193267124579]}, "cv": {"hps": {"normalize_kernel": false, "degree": 1.0, "regularizer": 1e-06}, "score": 0.059356725146198865}}