{"metrics": {"test": {"fp": [3], "f1_score": [0.8837209302325582], "risk": [0.078125], "recall": [0.9047619047619048], "sensitivity": [0.9047619047619048], "precision": [0.8636363636363636], "tp": [19], "tn": [40], "specificity": [0.9302325581395349], "fn": [2]}, "train": {"fp": [10], "f1_score": [0.9262295081967213], "risk": [0.0703125], "recall": [0.9338842975206612], "sensitivity": [0.9338842975206612], "precision": [0.9186991869918699], "tp": [113], "tn": [125], "specificity": [0.9259259259259259], "fn": [8]}}, "model": {"n_features": 6880057}, "data": {"path": "/scratch/adrouin/patric_data/single_species_datasets/trimethoprim_sulfamethoxazole___6654735289702248879/dataset.kover", "split": "train_0.800_seed_8_10_folds", "uuid": "aafc18c0-0856-11e8-a8cc-001b2193b764"}, "predictions": {"binary": [0, 0, 0, 0, 0, 0, 0, 0, 0, 0, 0, 0, 0, 0, 0, 0, 0, 0, 0, 0, 0, 0, 0, 0, 0, 0, 0, 0, 0, 0, 0, 0, 0, 0, 0, 0, 0, 0, 0, 0, 0, 0, 0, 0, 0, 0, 0, 0, 0, 0, 0, 0, 0, 0, 0, 0, 0, 0, 0, 0, 0, 0, 0, 0, 0, 0, 0, 0, 0, 0, 0, 0, 0, 0, 0, 0, 0, 0, 0, 0, 0, 0, 0, 0, 0, 0, 0, 0, 0, 0, 0, 0, 0, 0, 0, 0, 0, 0, 0, 0, 0, 0, 0, 0, 0, 0, 0, 0, 0, 0, 0, 0, 0, 1, 0, 0, 0, 0, 0, 0, 0, 0, 0, 0, 0, 0, 0, 0, 0, 0, 0, 0, 0, 0, 0, 0, 1, 1, 1, 1, 1, 1, 1, 1, 0, 0, 0, 0, 1, 0, 0, 0, 0, 0, 0, 1, 1, 0, 1, 0, 0, 0, 0, 0, 0, 0, 0, 0, 0, 0, 0, 0, 0, 0, 0, 0, 0, 0, 1, 1, 1, 1, 0, 1, 1, 1, 1, 1, 1, 1, 1, 1, 1, 0, 1, 1, 0, 0, 1, 1, 1, 1, 1, 1, 1, 1, 1, 1, 1, 0, 1, 1, 1, 1, 1, 1, 1, 1, 1, 1, 1, 1, 1, 1, 1, 1, 0, 1, 1, 1, 1, 1, 1, 1, 1, 1, 1, 0, 1, 1, 1, 1, 1, 1, 1, 1, 0, 1, 1, 1, 1, 1, 1, 1, 1, 1, 0, 1, 1, 1, 1, 1, 1, 1, 1, 1, 1, 1, 1, 1, 1, 1, 1, 1, 1, 1, 1, 1, 1, 1, 1, 1, 1, 1, 1, 1, 1, 1, 1, 1, 1, 1, 1, 1, 1, 1, 1, 1, 1, 1, 1, 1, 1, 1, 1, 1, 1, 1, 1, 1, 1, 1, 1, 1, 1, 1, 1, 1, 1, 0], "proba": [0.6670383519382533, 0.6497169492834494, 0.6569368058885019, 0.6618946260834413, 0.7949491893848158, 0.7957594382745325, 0.7974605140758889, 0.797477736085888, 0.7974322147261123, 0.6497319560287538, 0.7972006696800468, 0.7971954291408023, 0.7961313233635194, 0.7951071627943271, 0.7967997918053363, 0.7973781777611822, 0.7972873937229561, 0.7933184404348587, 0.7972586504580581, 0.6688636706162246, 0.6556954048823788, 0.6612104617154371, 0.6538321067728907, 0.6672393246979302, 0.7950161235919373, 0.7966628358140513, 0.6676306233880556, 0.6579796713175513, 0.6691236486111829, 0.6500669657599989, 0.6479850030240976, 0.648002754715073, 0.6728583607578206, 0.6707079197816539, 0.6580882699980497, 0.6503883420862666, 0.6621573700312892, 0.6492277490966923, 0.6135134969302094, 0.6477133201238564, 0.6637162972090659, 0.6579621366147378, 0.7974314220885603, 0.7966752873621034, 0.7974349513192222, 0.7959961870953262, 0.7929312975825985, 0.770358852024492, 0.7960269713186053, 0.797462533083274, 0.7975758527868361, 0.7972240713429706, 0.7971377434387602, 0.7963617259581378, 0.7975919530679992, 0.7963859466021114, 0.7974305982765243, 0.7936156812306471, 0.797394733040744, 0.7796499208680695, 0.7973615989172361, 0.7959453164307572, 0.7966942556791033, 0.7956687482889345]}}