{"metrics": {"test": {"fp": [2], "f1_score": [0.8292682926829269], "risk": [0.1794871794871795], "recall": [0.7391304347826086], "sensitivity": [0.7391304347826086], "precision": [0.9444444444444444], "tp": [34], "tn": [30], "specificity": [0.9375], "fn": [12]}, "train": {"fp": [11], "f1_score": [0.7482517482517482], "risk": [0.22929936305732485], "recall": [0.6369047619047619], "sensitivity": [0.6369047619047619], "precision": [0.9067796610169492], "tp": [107], "tn": [135], "specificity": [0.9246575342465754], "fn": [61]}}, "model": {"n_features": 4766702}, "data": {"path": "/scratch/adrouin/patric_data/single_species_datasets/azithromycin___672792900560953954/dataset.kover", "split": "train_0.800_seed_9_10_folds", "uuid": "27963fe0-0790-11e8-8774-001b2193b764"}, "predictions": {"binary": [1, 0, 1, 0, 0, 0, 0, 0, 0, 0, 0, 0, 0, 0, 0, 0, 1, 0, 0, 0, 0, 0, 0, 0, 0, 0, 0, 0, 0, 0, 0, 0, 0, 0, 0, 0, 0, 0, 0, 0, 0, 0, 0, 0, 0, 0, 1, 1, 0, 0, 0, 0, 0, 0, 0, 0, 0, 0, 0, 0, 0, 0, 0, 0, 0, 0, 0, 0, 0, 0, 0, 1, 0, 0, 0, 0, 0, 0, 0, 0, 0, 0, 0, 0, 0, 0, 0, 0, 0, 0, 0, 0, 0, 0, 0, 0, 0, 0, 0, 0, 1, 0, 0, 0, 1, 0, 0, 0, 0, 0, 1, 0, 0, 0, 0, 1, 0, 0, 1, 0, 0, 0, 0, 0, 0, 0, 0, 0, 0, 0, 0, 0, 0, 0, 0, 0, 0, 0, 0, 0, 0, 0, 0, 0, 0, 0, 0, 0, 0, 0, 0, 0, 0, 0, 0, 0, 0, 0, 0, 0, 0, 0, 0, 0, 0, 0, 0, 0, 0, 1, 0, 0, 0, 0, 1, 0, 0, 0, 0, 0, 1, 0, 1, 0, 0, 0, 1, 1, 1, 0, 1, 1, 1, 1, 0, 0, 0, 0, 1, 0, 1, 1, 1, 1, 1, 1, 1, 1, 1, 1, 1, 1, 1, 1, 1, 1, 0, 1, 1, 0, 0, 0, 1, 1, 1, 0, 0, 1, 1, 1, 0, 1, 0, 1, 1, 1, 1, 1, 1, 1, 1, 0, 0, 0, 0, 0, 0, 1, 0, 0, 0, 1, 0, 1, 1, 0, 1, 1, 1, 1, 1, 1, 0, 1, 1, 1, 1, 0, 1, 1, 1, 1, 1, 0, 0, 0, 1, 0, 1, 1, 1, 1, 1, 0, 0, 1, 1, 0, 0, 0, 0, 1, 1, 1, 0, 0, 1, 0, 0, 1, 1, 1, 1, 0, 0, 1, 1, 0, 0, 0, 1, 0, 0, 0, 1, 1, 1, 1, 1, 1, 1, 1, 1, 0, 1, 1, 0, 1, 1, 0, 1, 1, 1, 1, 1, 0, 0, 1, 1, 1, 1, 1, 1, 1, 1, 1, 0, 1, 1, 1, 1, 1, 1, 0, 0, 1, 1, 0, 0, 1, 1, 1, 0, 1, 1, 0, 1, 1, 0, 1, 0, 1, 1, 1, 1, 1, 1, 1, 1, 0, 0, 0, 1, 1, 1, 1, 1, 1, 1, 1, 0, 1], "proba": [0.4319438110830951, 0.5251860295281514, 0.4980155324824459, 0.5487846617557274, 0.5165656106658109, 0.5120660133611186, 0.5532143617010152, 0.5561287442897732, 0.5553655052887145, 0.5219198804817613, 0.5751046013140978, 0.5910004686539598, 0.5751430062188035, 0.5500660381415976, 0.5157961145080134, 0.5036253966912575, 0.41655343581676324, 0.5263254315604098, 0.535751029104529, 0.5243267353805715, 0.5183747690718604, 0.5222021838125918, 0.5913499617550809, 0.5031288871941905, 0.532772652376013, 0.5192095035233384, 0.529965934051503, 0.5417561967025178, 0.5218430064200977, 0.5347770134964754, 0.5291773669378295, 0.5190355914836431, 0.5163232909261819, 0.5172077683911218, 0.5332025641534034, 0.5152656156064018, 0.5371617824067518, 0.5332853340606353, 0.5711071414219863, 0.5750124738410342, 0.5915238015141596, 0.5906278710297485, 0.5353949562280604, 0.5356512939176984, 0.5177233749505934, 0.5789213278787437, 0.4981726432119464, 0.417260297181783, 0.5198529676597345, 0.529780149821382, 0.5333618905184663, 0.5760212726236292, 0.5580587032744786, 0.5290113123571956, 0.5763668296179452, 0.5291472756284002, 0.5261485431798827, 0.5672885750660599, 0.5255364786954919, 0.5320441507027642, 0.5363308128283182, 0.5256192947045797, 0.5297492750714067, 0.5668902182231305]}}