{"metrics": {"test": {"fp": [6], "f1_score": [0.9302325581395349], "risk": [0.09090909090909091], "recall": [0.9523809523809523], "sensitivity": [0.9523809523809523], "precision": [0.9090909090909091], "tp": [60], "tn": [30], "specificity": [0.8333333333333334], "fn": [3]}, "train": {"fp": [6], "f1_score": [0.979047619047619], "risk": [0.0275], "recall": [0.9809160305343512], "sensitivity": [0.9809160305343512], "precision": [0.9771863117870723], "tp": [257], "tn": [132], "specificity": [0.9565217391304348], "fn": [5]}}, "model": {"n_features": 42406238}, "data": {"path": "/scratch/adrouin/data/patric/single_species_datasets/imipenem___-3225223558739261696/dataset.kover", "split": "train_0.800_seed_5_10_folds", "uuid": "b4e39f74-0578-11e8-932f-001b2193b764"}, "predictions": {"binary": [0, 0, 0, 0, 0, 0, 0, 1, 0, 0, 0, 0, 0, 0, 0, 0, 0, 0, 0, 0, 0, 0, 0, 0, 0, 0, 0, 0, 0, 0, 0, 0, 1, 0, 0, 0, 0, 0, 0, 1, 0, 0, 0, 0, 0, 0, 0, 0, 0, 0, 0, 0, 0, 0, 0, 0, 0, 0, 1, 0, 0, 0, 1, 0, 0, 1, 0, 0, 0, 0, 0, 0, 0, 0, 0, 0, 0, 0, 0, 0, 0, 0, 0, 0, 0, 0, 0, 0, 0, 0, 0, 0, 0, 0, 1, 0, 0, 0, 0, 0, 0, 0, 0, 0, 0, 0, 0, 0, 0, 0, 0, 0, 0, 0, 0, 0, 0, 0, 1, 0, 0, 0, 0, 0, 0, 0, 0, 0, 0, 0, 0, 0, 0, 0, 0, 0, 1, 0, 0, 0, 0, 0, 0, 0, 0, 0, 0, 0, 0, 0, 0, 0, 0, 1, 0, 1, 0, 0, 0, 0, 0, 0, 0, 0, 0, 0, 0, 0, 0, 0, 0, 0, 0, 1, 1, 1, 1, 1, 1, 1, 1, 1, 1, 1, 1, 1, 1, 1, 1, 1, 1, 1, 1, 1, 1, 1, 1, 1, 1, 1, 1, 1, 1, 1, 1, 1, 1, 1, 1, 1, 1, 1, 1, 1, 1, 1, 1, 0, 1, 1, 1, 1, 1, 1, 1, 1, 1, 1, 1, 1, 1, 1, 1, 1, 1, 1, 1, 1, 1, 1, 1, 1, 1, 1, 1, 1, 1, 1, 1, 1, 1, 1, 1, 1, 1, 1, 1, 1, 1, 1, 1, 1, 1, 1, 1, 1, 1, 1, 1, 1, 1, 1, 1, 1, 1, 1, 1, 1, 1, 1, 1, 1, 1, 1, 1, 1, 1, 1, 1, 1, 1, 1, 1, 1, 1, 1, 1, 1, 1, 1, 1, 1, 1, 1, 1, 1, 1, 1, 1, 1, 1, 1, 1, 1, 1, 1, 1, 1, 1, 1, 1, 1, 1, 1, 1, 1, 1, 1, 1, 1, 1, 0, 1, 1, 1, 1, 1, 1, 1, 1, 1, 1, 1, 1, 1, 1, 1, 1, 1, 1, 1, 1, 1, 1, 1, 1, 1, 1, 1, 1, 1, 0, 1, 1, 1, 1, 1, 1, 1, 1, 1, 1, 1, 1, 1, 1, 1, 1, 1, 1, 1, 1, 1, 1, 1, 1, 1, 1, 1, 1, 1, 1, 1, 1, 1, 1, 1, 1, 1, 1, 0, 1, 1, 1, 1, 1, 1, 1, 1, 1, 1, 1, 1, 1, 1, 1, 1, 1, 1, 1, 1, 1, 1, 1, 1, 1, 1, 1, 1, 1, 1, 1, 1, 1, 1, 1, 1, 1, 1, 1, 1, 1, 1, 1, 1, 1, 1, 1, 1, 1, 1, 1, 1, 1, 1, 1, 1, 1, 1, 1, 1, 0, 1, 1, 1, 1, 1, 1, 1, 1, 1, 1, 1, 1, 1, 1, 1, 1, 1, 1, 1, 0, 1, 1, 1, 1, 1, 1, 1, 1, 0, 0, 1, 1, 1, 1, 1, 1, 1], "proba": [0.0865361105461266, 0.08103801443357213, 0.08652113042971668, 0.08649773582901078, 0.0864970971812515, 0.29421341189588557, 0.08650944426253059, 0.8580466399128046, 0.09028135935679686, 0.08651719257672867, 0.0864934558109314, 0.0864922529919599, 0.08655634189710128, 0.08649986391909914, 0.2579119899353232, 0.08652492054157561, 0.11360024067035673, 0.0865118912264735, 0.08648370164063761, 0.086484173900054, 0.08645278794803224, 0.0865697932626702, 0.0865464830756923, 0.08647839146542846, 0.08647060433374999, 0.08652932509246583, 0.08650138481495945, 0.2947800255189217, 0.0864917646833764, 0.08654769079548752, 0.11723234111829804, 0.198133074973062, 0.8764677371332777, 0.34637774160458656, 0.0864371054232009, 0.11595292664142151, 0.08656175489305491, 0.08656207585365235, 0.12057641924541129, 0.8620073161229651, 0.08645775042117176, 0.24159166309707708, 0.08647224873223991, 0.086502609864149, 0.07217291714870067, 0.08649445114263865, 0.045114745766311234, 0.08651641256067023, 0.08647505631518278, 0.08653576044599497, 0.08619443636601336, 0.08642674875880167, 0.08642935825954577, 0.08650357383346241, 0.08643242665157272, 0.08652293888422118, 0.08331888030069, 0.08651986180451203, 0.8615887400498528, 0.08659627877040688, 0.08649944604525232, 0.08617220478738052, 0.7210620984821012, 0.08652691389858039, 0.0865367939268755, 0.8326295310821764, 0.04645495638782243, 0.08649880825463883, 0.08659652799708115, 0.08656493757880569, 0.08650317040515525, 0.0864831457803326, 0.08656893089627705, 0.2550849502761884, 0.08652300625575321, 0.08652094703583821, 0.08656633103244593, 0.08651693363356541, 0.2153187345622792, 0.08658370356167547, 0.2627221966824605, 0.08649955857263733, 0.086528287662946, 0.08652901511968987, 0.08647564498018814, 0.08645145754535374, 0.08642987833725717, 0.08656068438545893, 0.08676592724989306, 0.08641748515955339, 0.08650559864231569, 0.1389056186075943, 0.08648760953681875, 0.08649465930242423, 0.8477235978473346, 0.08658853979613326, 0.08644715929851429, 0.08650758715989333, 0.08644938095647971, 0.050506805863978696, 0.08643957666556969, 0.08649867769369946, 0.08645982566301585, 0.16305425021901193, 0.0865838250212208, 0.3322380188803449, 0.08643644185416476, 0.052323829118414655, 0.08651280455409895, 0.19827919585140363, 0.09800705617458517, 0.08651276773779402, 0.2993632317394401, 0.22872937984696456, 0.0865200071630766, 0.08651970154094271, 0.39856142015794255, 0.08643184768310674, 0.8568682177809072, 0.08655965600119377, 0.08658302851566833, 0.22706449244270105, 0.08652390890091259, 0.08652446737055045, 0.08652033320937041, 0.09922014170411261, 0.086480470950637, 0.08644163434363737, 0.08651633165017242, 0.08652419574365595, 0.08655935667077835, 0.0865417822739741, 0.08656068421192764, 0.43953796560357955, 0.08912638356212223, 0.08524004690084394, 0.8346771994862394, 0.06957759182050915, 0.06927897689415467, 0.08653992075363105, 0.0865152362856073, 0.08653405900696602, 0.08651493146935996, 0.08644417233004753, 0.3314263472543068, 0.08652689342775831, 0.0881304603259298, 0.09052358689963087, 0.08654330760978234, 0.08650014237340226, 0.07859023931815876, 0.08652166354420104, 0.08646036971102812, 0.5585951542300482, 0.08655629184868337, 0.7443882268179933, 0.08645435140598529, 0.08642826704086283, 0.10290016822634841, 0.0865531633168316, 0.08651620144310368, 0.08652785824733238, 0.08654858715913805, 0.08654284405556403, 0.12879151588189583, 0.08647583488068655, 0.08652499697845982, 0.08652024705049512, 0.08658372073040621, 0.08652499699243768, 0.08652392000208861, 0.0865520692052141, 0.046173050078249525, 0.7587816841821009, 0.911199877676129, 0.915300940386634, 0.9332251486873203, 0.9112474201171602, 0.9322182237051581, 0.957116103707495, 0.9369595239138574, 0.9111338540102377, 0.9112115112606214, 0.8934837616474802, 0.9112329235602069, 0.9112848148809019, 0.9112897972077194, 0.9377493324683049, 0.9112481208859508, 0.897332268057549, 0.9321278586745955, 0.9112231068069078, 0.9324962669913008, 0.9328244191940955, 0.9563785691366493, 0.9356667381790976, 0.9112356754323959, 0.9260076965226303, 0.9112164815515793, 0.9679280623747848, 0.9112558290501374, 0.9111908137620212, 0.9493903572028342, 0.7237502271254329, 0.8997069482651999, 0.8468687253287333, 0.9208518536496225, 0.9429620647746815, 0.8891789104539137, 0.911161704513952, 0.9595970135541015, 0.9112375242372467, 0.929748837209602, 0.9112448786278909, 0.9112621863027281, 0.9145971708452112, 0.960249870309837, 0.12590906799566462, 0.9356650526338544, 0.9111991368490465, 0.9181285481895585, 0.9112538121531916, 0.9112285013148788, 0.9131276789576102, 0.9293615961698315, 0.9113039854011628, 0.9112384129197575, 0.9597861394740074, 0.8874579178931274, 0.9158425984446728, 0.9112590949886926, 0.916389729226921, 0.9368620699175988, 0.9358071298069114, 0.91116989748042, 0.9521904277530465, 0.9645489856550956, 0.9259341826364823, 0.9354349905748917, 0.9112192670195732, 0.911230026633487, 0.9630507672519788, 0.911203544011876, 0.9555929099849609, 0.9112546103287009, 0.9572633716544625, 0.9112126039111145, 0.9641352775106211, 0.9566534059579767, 0.9623304189610974, 0.9111683173586359, 0.9460466391656723, 0.9111931935558609, 0.9112146670748168, 0.8090438147034005, 0.9112558256150771, 0.928018158442638, 0.9112119588983137, 0.8946776306930093, 0.9252397973697359, 0.9112263465922602, 0.9112143839714747, 0.9112469494430022, 0.9469256541331053, 0.9643918570153537, 0.8707627559690362, 0.9458497924944843, 0.9127986195274138, 0.9625838898553675, 0.9112283509682603, 0.9112983171390696, 0.9599720613817594, 0.9111765764357707, 0.9111951149960501, 0.9418922578121598, 0.9591692667372176, 0.9643963031268209, 0.9489372416652883, 0.9112414436825313, 