{"metrics": {"test": {"fp": [2], "f1_score": [0.9512195121951219], "risk": [0.0851063829787234], "recall": [0.9512195121951219], "sensitivity": [0.9512195121951219], "precision": [0.9512195121951219], "tp": [39], "tn": [4], "specificity": [0.6666666666666666], "fn": [2]}, "train": {"fp": [1], "f1_score": [0.9907120743034055], "risk": [0.015873015873015872], "recall": [0.9876543209876543], "sensitivity": [0.9876543209876543], "precision": [0.9937888198757764], "tp": [160], "tn": [26], "specificity": [0.9629629629629629], "fn": [2]}}, "model": {"n_features": 1000000}, "data": {"path": "/scratch/adrouin/data/patric/single_species_datasets/meropenem___-3225223558739261696/dataset.kover", "split": "train_0.800_seed_7_10_folds", "uuid": "b4dffeb4-0578-11e8-9929-001b2193b764"}, "predictions": {"binary": [1, 0, 0, 1, 0, 0, 0, 0, 0, 0, 0, 0, 0, 0, 0, 0, 0, 0, 0, 1, 0, 0, 0, 0, 0, 0, 0, 0, 0, 0, 0, 0, 0, 1, 1, 1, 1, 1, 1, 1, 1, 1, 1, 1, 1, 1, 1, 1, 1, 1, 1, 1, 1, 1, 1, 1, 1, 1, 1, 1, 1, 1, 1, 1, 1, 1, 1, 1, 1, 1, 1, 1, 1, 1, 1, 1, 1, 1, 1, 1, 1, 1, 1, 0, 1, 1, 1, 1, 1, 1, 1, 1, 1, 1, 1, 1, 1, 1, 1, 1, 1, 1, 1, 1, 1, 1, 1, 1, 1, 1, 1, 1, 1, 1, 1, 1, 1, 1, 1, 1, 1, 1, 1, 1, 1, 1, 1, 1, 1, 1, 1, 1, 1, 1, 1, 1, 1, 1, 1, 1, 1, 1, 1, 1, 1, 1, 1, 1, 1, 1, 1, 1, 1, 1, 1, 1, 1, 1, 1, 1, 1, 1, 1, 1, 1, 1, 1, 1, 1, 1, 1, 1, 1, 1, 1, 1, 1, 1, 1, 1, 1, 1, 1, 1, 1, 1, 1, 1, 1, 1, 1, 1, 1, 1, 1, 1, 1, 1, 1, 1, 1, 1, 1, 1, 1, 1, 1, 1, 1, 1, 1, 1, 1, 1, 1, 1, 1, 0, 0, 1, 1, 1, 1, 1, 1, 1, 1, 1, 1, 1, 1, 0, 1, 1, 1, 1, 1, 1, 1, 1, 1, 1, 1, 1, 1, 1, 1, 1, 1, 1, 1, 1, 1, 1, 1, 1], "proba": [0.9998784307923709, 5.4263772147490105e-11, 6.333069138305728e-11, 0.9820996982571613, 0.49062477585498987, 1.8714889074152418e-08, 0.49062477585498987, 1.799129504814065e-08, 1.5558199750191786e-08, 2.3607154603572705e-11, 1.4288206685058909e-05, 4.676135716804778e-11, 3.9856879903211476e-10, 5.2372719483971933e-11, 5.6062613266184266e-11, 3.513938852870406e-06, 0.49062477585498987, 4.975060955622217e-09, 1.4288206685058909e-05, 0.9999122081559431, 0.49062477585498987, 0.05276413777802251, 2.269593623906666e-07, 2.7523713585313598e-05, 1.4288206685058909e-05, 0.49062477585498987, 0.004998011893244133, 0.0008885338831924259, 1.4288206685058909e-05, 1.4288206685058909e-05, 2.3857137583144724e-06, 1.9820133413785944e-09, 0.13976409091956407, 0.9999999945157874, 0.9999999975119647, 0.999945264016508, 0.999798609915817, 0.9996484163361467, 0.999926655590019, 0.9999999940774089, 0.9999733745051718, 0.9999982285892339, 0.9996086580073418, 0.9996104793797425, 0.9999999908336078, 0.9999906683313452, 0.9998058091263932, 0.999536582904063, 0.9999581197090173, 0.999536582904063, 0.9996895342012829, 0.999998549211726, 0.9996895342012829, 0.9999968332594183, 0.9999999918701431, 0.9999739255859867, 0.9848012826858482, 0.9999878081406594, 0.9983515761470033, 0.999536582904063, 0.9993184676563482, 0.9999999828697802, 0.9999722201526575, 0.9993478307581438, 0.9993478307581438, 0.9996455197999545, 0.999536582904063, 0.9998978462672896, 0.999536582904063, 0.9998875934022542, 0.9999996167555846, 0.9999882822222996, 0.9999962463378562, 0.9999989146247753, 0.9999996113928014, 0.9999999974512759, 0.9998328769844936, 0.99999956942882, 0.9999999626151038, 0.9998911260767321, 0.9983515761470033, 0.9996455197999545, 0.9997761148683733, 0.43969365113869896, 0.999536582904063, 0.999536582904063, 0.9996102867195777, 0.999536582904063, 0.9995897570894632, 0.9995328691946886, 0.999536582904063, 0.9999994042501422, 0.9999994042501422, 0.998667705618812, 0.999536582904063, 0.999536582904063, 0.9996924375031161, 0.9999559475444485, 0.9979020494593209, 0.9999061731125375, 0.7603618166174614, 0.9999981417968106, 0.9999932577520824, 0.9993583439490654, 0.999536582904063, 0.999536582904063, 0.999536582904063, 0.9995590932131133, 0.999536582904063, 0.9999989936286937, 0.9999997603261602, 0.9622828368233742, 0.9999925437429702, 0.999999993932942, 0.999536582904063, 0.9996229817244026, 0.999536582904063, 0.999566646918939, 0.999536582904063, 0.9891544356893409, 0.999536582904063, 0.9891544356893409, 0.999536582904063, 0.999536582904063, 0.9999986810053085, 0.999536582904063, 0.999536582904063, 0.9999212900049281, 0.999536582904063, 0.9983799631959493, 0.9820996982571613, 0.9999913076032525, 0.9999975925390151, 0.9990742491858094, 0.999536582904063, 0.9999999825378704, 0.9999999825378704, 0.9971560317692519, 0.9999947037606917, 0.9999847241972605, 0.9990742491858094, 0.999536582904063, 0.9990742491858094, 0.9920468988477262, 0.9920468988477262, 0.999536582904063, 0.999536582904063, 0.999536582904063, 0.9820996982571613, 0.9990742491858094, 0.9998577077719822, 0.999536582904063, 0.999536582904063, 0.999536582904063, 0.9999999907249558, 0.9999943642914891, 0.999877593094552, 0.9998760836264902, 0.9986974315607584, 0.9990742491858094, 0.9999993937107389, 0.999536582904063, 0.999536582904063, 0.999536582904063, 0.9999996228836382, 0.9999905182984444, 0.9909626916898769, 0.999536582904063, 0.999536582904063, 0.9998784307923709, 0.9999994983128019, 0.99999963536754, 0.9990742491858094, 0.999536582904063, 0.9999994042501422, 0.999536582904063, 0.999536582904063, 0.9995891740890464, 0.999536582904063, 0.999536582904063, 0.9996503900906476, 0.9990742491858094, 0.9999986645445422, 0.9999952681783314, 0.9999999896502864, 0.999536582904063, 0.999536582904063, 0.999536582904063, 0.9932558417084049, 0.9910776415320653, 0.9998065178970013, 0.999536582904063, 0.9990742491858094, 0.999536582904063, 0.9999999880682556, 0.999536582904063, 0.9990742491858094, 0.999536582904063, 0.999536582904063, 0.9999978667266453, 0.9999998107266287, 0.9990742491858094, 0.9997709405145904, 0.99953685163767, 0.9999119405272388, 0.9995891740890464, 0.999536582904063, 0.9920468988477262, 0.999536582904063, 0.999536582904063, 0.9998699967578434, 0.999536533691834, 0.9999904700904705, 0.999999246208187, 0.9999937776817225, 0.9999937776817225, 0.999536582904063, 3.073894448326781e-08, 2.989266573936702e-08, 0.9999986810053085, 0.9999986810053085, 0.9999986810053085, 0.9993089659652149, 0.9999870610157257, 0.999536533691834, 0.999530461710313, 0.9891544356893409, 0.9991770535011977, 0.9999999718704017, 0.999536582904063, 0.999536582904063, 0.49062477585498987, 0.9995635650674092, 0.9999977891119478, 0.999536582904063, 0.9999986810053085, 0.999536582904063, 0.999536582904063, 0.999536582904063, 0.999536582904063, 0.999536582904063, 0.999536582904063, 0.999536582904063, 0.999536582904063, 0.999536582904063, 0.999536582904063, 0.999536582904063, 0.999536582904063, 0.999536582904063, 0.999536582904063, 0.999536582904063, 0.999536582904063, 0.999536582904063, 0.999536582904063, 0.999536582904063, 0.999536582904063]}}