{"metrics": {"test": {"fp": [1], "f1_score": [0.8000000000000002], "risk": [0.023529411764705882], "recall": [0.8], "sensitivity": [0.8], "precision": [0.8], "tp": [4], "tn": [79], "specificity": [0.9875], "fn": [1]}, "train": {"fp": [0], "f1_score": [1.0], "risk": [0.0], "recall": [1.0], "sensitivity": [1.0], "precision": [1.0], "tp": [27], "tn": [314], "specificity": [1.0], "fn": [0]}}, "model": {"n_features": 1000000}, "data": {"path": "/scratch/adrouin/data/patric/single_species_datasets/cefepime___7053822222416630118/dataset.kover", "split": "train_0.800_seed_8_10_folds", "uuid": "99785214-095d-11e8-8e35-001b2193b764"}, "predictions": {"binary": [0, 0, 0, 0, 0, 0, 0, 0, 0, 0, 0, 0, 0, 0, 0, 0, 0, 0, 0, 0, 0, 0, 0, 0, 0, 0, 0, 0, 0, 0, 0, 0, 0, 0, 0, 0, 0, 0, 0, 0, 0, 0, 0, 0, 0, 0, 0, 0, 0, 0, 0, 0, 0, 0, 0, 0, 0, 0, 0, 0, 0, 0, 0, 0, 0, 0, 0, 0, 0, 0, 0, 0, 0, 0, 0, 0, 0, 0, 0, 0, 0, 0, 0, 0, 0, 0, 0, 0, 0, 0, 0, 0, 0, 0, 0, 0, 0, 0, 0, 0, 0, 0, 0, 0, 0, 0, 0, 0, 0, 0, 0, 0, 0, 0, 0, 0, 0, 0, 1, 0, 0, 0, 0, 0, 0, 0, 0, 0, 0, 0, 0, 0, 0, 0, 0, 0, 0, 0, 0, 0, 0, 0, 0, 0, 0, 0, 0, 0, 0, 0, 0, 0, 0, 0, 0, 0, 0, 0, 0, 0, 0, 0, 0, 0, 0, 0, 0, 0, 0, 0, 0, 0, 0, 0, 0, 0, 0, 0, 0, 0, 0, 0, 0, 0, 0, 0, 0, 0, 0, 0, 0, 0, 0, 0, 0, 0, 0, 0, 0, 0, 0, 0, 0, 0, 0, 0, 0, 0, 0, 0, 0, 0, 0, 0, 0, 0, 0, 0, 0, 0, 0, 0, 0, 0, 0, 0, 0, 0, 0, 0, 0, 0, 0, 0, 0, 0, 0, 0, 0, 0, 0, 0, 0, 0, 0, 0, 0, 0, 0, 0, 0, 0, 0, 0, 0, 0, 0, 0, 0, 0, 0, 0, 0, 0, 0, 0, 0, 0, 0, 0, 0, 0, 0, 0, 0, 0, 0, 0, 0, 0, 0, 0, 0, 0, 0, 0, 0, 0, 0, 0, 0, 0, 0, 0, 0, 0, 0, 0, 0, 0, 0, 0, 0, 0, 0, 0, 0, 0, 0, 0, 0, 0, 0, 0, 0, 0, 0, 0, 0, 0, 0, 0, 0, 0, 0, 0, 0, 0, 0, 0, 0, 0, 0, 0, 0, 0, 0, 0, 0, 0, 0, 0, 0, 0, 0, 0, 0, 0, 0, 0, 0, 0, 0, 0, 0, 0, 0, 0, 0, 0, 0, 0, 0, 0, 0, 0, 0, 0, 0, 0, 0, 0, 0, 0, 0, 0, 0, 0, 0, 0, 0, 0, 0, 0, 0, 0, 0, 0, 0, 0, 0, 0, 0, 0, 1, 1, 1, 1, 1, 1, 1, 1, 1, 1, 1, 1, 1, 0, 1, 1, 1, 1, 1, 1, 1, 1, 1, 1, 1, 1, 1, 1, 1, 1, 1, 1, 0, 0, 0, 0, 0, 0, 0, 0, 0, 0, 0, 0, 0, 0, 0, 0, 0, 0, 0, 0, 0, 0], "proba": [0.0003857140754885851, 0.0005104791171187412, 2.0667928166125196e-05, 0.00010384324643875099, 2.3384078668819354e-07, 5.2613535288633886e-08, 4.034272641436535e-05, 1.0708961527411764e-08, 3.87554599496608e-08, 0.06488043866550122, 0.00914287880904248, 0.00043889368188022935, 4.93814386857674e-09, 0.0002695477624074622, 0.0005939005083942275, 0.00035976874574060105, 0.0004990811290933425, 0.000569404659526776, 0.002800030317852469, 0.008676717626497908, 0.0011275545180520756, 0.0015547788401341909, 7.993364241799176e-05, 6.751456136274966e-07, 0.0006259478002646817, 1.0127621726887238e-05, 3.91396016793463e-05, 2.609269286516112e-07, 7.566055636780045e-05, 6.977826205205442e-07, 8.213323950283027e-10, 1.2569697480908207e-08, 1.648187160670745e-05, 0.0007452108990771485, 0.0006543594058749931, 4.536751962394919e-05, 0.005084277680707958, 0.0011102236148309347, 0.00016286885788434433, 0.00010584851944558723, 0.0012567240480696135, 1.466458543381901e-05, 2.14342422062841e-06, 4.5199782522006806e-05, 0.0003000396145935459, 1.6085853521313477e-06, 6.3293359893641425e-06, 0.0007553401363749995, 0.0004247975241288651, 4.968302460117003e-06, 5.357152712819126e-06, 0.0007665728548747129, 9.697950933405453e-06, 0.0001389100649999534, 2.4383134425324994e-05, 1.590983179099571e-05, 2.8385123280585485e-06, 2.765306561443274e-05, 0.00011339586728744255, 2.9577880623539153e-06, 5.643607255442525e-06, 2.755541590307798e-06, 0.00011892631438299123, 2.4629250697344602e-05, 1.3311246760231215e-05, 1.5828649797585058e-05, 0.00011256674535080929, 0.0004833048542634271, 0.0029238299284320432, 0.00022629223438311294, 0.0004621650506915995, 6.9452405830197e-07, 0.00013189537361613628, 6.456742692341857e-05, 5.3304180131689254e-08, 0.00023429496638165614, 0.00042853143067585745, 0.0013638213541594835, 0.00026151762397828973, 0.00029575679885318395, 2.168479275770473e-06, 0.00034060825783033727, 3.465283597628385e-05, 0.00030410275862176767, 0.0008403094313853058, 8.322091473435488e-05, 0.0009777421783649638, 9.84680275328995e-07, 4.751724245446735e-06, 0.00010440273833100152, 1.732399725047371e-05, 2.6094093026621804e-08, 4.5039149232280444e-05, 4.3301040531330666e-07, 0.00011350741703044452, 0.00016165151923933123, 5.374685697545742e-05, 0.0006726895366087416, 6.075563482631025e-05, 3.996353435972695e-05, 0.00035992361878276093, 2.9789169938913485e-05, 0.0006043942986742709, 0.000184602830248757, 4.943176129948918e-06, 4.444344543482866e-09, 1.0816195916459201e-05, 0.00022895426233988844, 0.26293839077223086, 0.00016095111704111275, 0.00012285383428446264, 0.00012926641304884982, 0.00017693887160244887, 0.0005341421514283487, 5.468207747369189e-06, 2.5685471604573076e-06, 0.00011036106408981299, 0.0008331987725904035, 0.6485239850522675, 7.852960213341594e-05, 0.0017697570585515053, 0.0005851529076326069, 0.01024192590847014, 0.1837480976730575, 2.692508479549417e-06, 5.13096098221615e-10, 0.000929726726629838, 6.496778412010855e-12, 2.336886920241039e-09, 0.0011262312545866106, 0.0005201379840595667, 0.00028763321981088155, 4.5166157799130446e-05, 3.038882711670447e-07, 0.00344439400814643, 3.2078390751441404e-06, 9.413364681014634e-06, 0.0014992536934245217, 4.143488859734487e-05, 4.670464862269979e-05, 0.0004151090207317054, 8.419894866263367e-06, 1.025694839389439e-05, 7.558467491524567e-05, 5.985641342887006e-08, 4.312066742220402e-05, 4.463946130733458e-05, 0.0003135814319361142, 0.0012231561720001626, 5.1941879905331915e-05, 6.158297165336601e-06, 0.0003843582105995441, 0.0028780553877549276, 0.0018369309059611846, 0.0022658614618534267, 0.005419745105725545, 0.008570375380826853, 2.589652791387007e-07, 6.785896616386876e-05, 5.478989885457158e-10, 5.350842890944818e-06, 0.0008062433788555793, 0.0014923126593181714, 0.0008007777465327681, 1.6595646248624952e-10, 1.7175784139725886e-05, 0.00020536161312374976, 7.840818683498194e-06, 3.199775793407128e-05, 5.004391361721765e-05, 2.454217133065985e-05, 1.7510808809031492e-06, 1.5852824181840202e-07, 1.5449332765550517e-11, 0.002065989344448141, 5.776486760619451e-07, 8.194942061628765e-06, 0.0005054757958582387, 3.106385194132093e-05, 0.00022158834580201226, 5.034937183962136e-05, 0.0014899619038081407, 8.110263431882624e-05, 2.2154575585233137e-05, 0.00017599679964714794, 1.4845966936147593e-05, 1.8625947141203984e-06, 0.00014601312776620656, 0.0009425069676870759, 1.9196334774739702e-05, 0.00017658477195458047, 2.3132003128630592e-06, 8.777469878444712e-06, 1.8719429383871454e-05, 0.008926949512359868, 2.4269860441094377e-09, 0.0038392103696684673, 1.4023993223263681e-05, 0.001031004887595182, 1.7593499504032526e-05, 2.5008681392050965e-06, 3.032405348464436e-05, 3.770229181063519e-05, 4.9139606890467e-07, 5.083919536560072e-05, 0.0004585883073530406, 4.0376896837413986e-05, 0.000146460417663443, 3.638819608150876e-05, 3.1501735235867077e-06, 0.00039318006199031384, 2.5021434891856357e-07, 0.00017066581804287378, 0.0007063515849352402, 2.0276539439536216e-05, 9.603079702887304e-05, 0.0012325750430075967, 0.00012317373564331357, 6.762526444117694e-06, 1.1064811076585317e-07, 0.0001780956391943016, 6.154604145468402e-06, 4.7041896062266756e-07, 1.6594045365848407e-07, 2.865558756267627e-05, 1.9561157828529324e-05, 3.22388459114756e-05, 0.0008099423719408168, 0.00170174188620846, 6.471322018956318e-06, 7.3712509943465076e-06, 2.7043629177638084e-07, 0.0028369199718516784, 0.00010777844710509623, 3.246302945418814e-05, 0.0002377833553264109, 8.151775322289496e-05, 0.0003785580558477719, 2.3065761895954035e-05, 6.708196005771855e-05, 5.022873858572466e-05, 7.515956575780037e-06, 0.0007292566415184037, 0.0008755640741432692, 0.00016578064788965748, 0.00044288432694213645, 7.01977575189408e-08, 2.292535126131604e-08, 0.0008155504566911836, 0.001472629103282739, 0.0010507639621772902, 4.923202481714193e-09, 3.373638884543834e-09, 0.00012555797213623622, 0.0016766022406887234, 1.9015001582158958e-05, 0.0003665157896875503, 0.0007858171508304524, 