{"metrics": {"test": {"fp": [4], "f1_score": [0.8846153846153846], "risk": [0.1276595744680851], "recall": [0.92], "sensitivity": [0.92], "precision": [0.8518518518518519], "tp": [23], "tn": [18], "specificity": [0.8181818181818182], "fn": [2]}, "train": {"fp": [1], "f1_score": [0.9947643979057591], "risk": [0.005291005291005291], "recall": [1.0], "sensitivity": [1.0], "precision": [0.9895833333333334], "tp": [95], "tn": [93], "specificity": [0.9893617021276596], "fn": [0]}}, "model": {"n_features": 999820}, "data": {"path": "/scratch/adrouin/data/patric/single_species_datasets/amoxicillin_clavulanic_acid___2202579077548954665/dataset.kover", "split": "train_0.800_seed_6_10_folds", "uuid": "b775749e-05da-11e8-8d40-001b2193b764"}, "predictions": {"binary": [0, 0, 0, 0, 0, 0, 0, 0, 1, 0, 0, 0, 0, 0, 0, 1, 0, 0, 0, 0, 0, 0, 0, 0, 0, 0, 0, 0, 0, 0, 0, 1, 0, 0, 0, 0, 0, 0, 0, 0, 0, 0, 0, 1, 0, 0, 0, 0, 0, 0, 0, 0, 0, 0, 0, 0, 0, 0, 0, 0, 0, 0, 0, 0, 0, 0, 0, 0, 0, 0, 0, 0, 0, 0, 0, 0, 0, 0, 0, 0, 0, 0, 0, 0, 0, 0, 0, 0, 0, 0, 0, 0, 0, 0, 1, 0, 0, 0, 0, 0, 0, 0, 0, 0, 0, 0, 0, 0, 0, 0, 0, 0, 0, 0, 0, 0, 1, 1, 1, 1, 1, 1, 1, 1, 0, 1, 1, 1, 1, 1, 0, 1, 1, 1, 1, 1, 1, 1, 1, 1, 1, 1, 1, 1, 1, 1, 1, 1, 1, 1, 1, 1, 1, 1, 1, 1, 1, 1, 1, 1, 1, 1, 1, 1, 1, 1, 1, 1, 1, 1, 1, 1, 1, 1, 1, 1, 1, 1, 1, 1, 1, 1, 1, 1, 1, 1, 1, 1, 1, 1, 1, 1, 1, 1, 1, 1, 1, 1, 1, 1, 1, 1, 1, 1, 1, 1, 1, 1, 1, 1, 1, 1, 1, 1, 1, 1, 1, 1, 1, 1, 1, 1, 1, 1, 1, 1, 1, 1, 1, 1, 1, 1, 1, 1, 1, 1, 0, 0, 0, 0, 0, 0, 0, 0, 0, 0, 0, 0, 0, 0, 0, 0, 0, 0, 0, 0], "proba": [0.09493545865205968, 0.3134067406701326, 0.21538156752583096, 0.15425709628445108, 0.3859695599777717, 0.09421109893553523, 0.29953181337551565, 0.0928288122940171, 0.8674312486597652, 0.17047525553146822, 0.048625365469145414, 0.1628412001388971, 0.00045990243439248465, 0.09569505579039561, 0.00041270899232294085, 0.9666985969949463, 0.07811494621855514, 0.10218574940132474, 0.1460654919713036, 0.0855776997221019, 0.12598554025959627, 0.0003808297465609164, 0.13264258668658346, 0.08713825033700869, 0.09553026999795652, 0.0004109364906240405, 0.06775560321020524, 0.2221223007920456, 0.20483346732887614, 0.18261786330358576, 0.0002908461796511044, 0.5557171034352631, 0.12874965069196484, 0.12289243183383762, 0.05870677478953364, 0.11238703275623578, 0.10102917291757277, 0.0009995131106897296, 0.16642418730067457, 0.0004046543932924755, 0.060502286374769995, 0.10916983837727295, 0.09864540917246138, 0.5581625508600656, 0.09463416322099089, 0.08038014965333931, 0.000283527575367233, 0.07865328517072429, 0.12502872051989164, 0.27634387227860646, 0.055205666950293227, 0.3435932176640076, 0.23540043079779585, 0.20040882398084275, 0.18210978093284969, 0.2082383275403816, 0.0004128700721008468, 0.1154227085359963, 0.09059327750426693, 0.33465864943719337, 0.11032069048457481, 0.09450711319923866, 0.18242285772229427, 0.00028189021154033367, 0.14281966654398628, 0.0003995072066466664, 0.1419185057811953, 0.15850347091353412, 0.00041036293746714737, 0.0003673955329812969, 0.060244223173718796, 0.07954644921878799, 0.07223323710872447, 0.06711043352703545, 0.06979093332277354, 0.00027229048324045835, 0.1358163461372377, 0.2046079875836095, 0.000420820388954744, 0.0002909220781313973, 0.25503337206828935, 0.08635370293377825, 0.11878348791612876, 0.16316955642750006, 0.07781490687801788, 0.060660737149023196, 0.0808955982571854, 0.1012242558754259, 0.00036426828035936295, 0.0003940730763210756, 0.0944913625764146, 0.06730008049847887, 0.1644563634744135, 0.158465246384327, 0.5628116165107779, 0.16845457278750156, 0.19984123449399127, 0.253108563116702, 0.14696116601456735, 0.07483855199943648, 0.09461268226062834, 0.0004524709587489481, 0.00043785016332846256, 0.10385427872393448, 0.4972770538504293, 0.11801123036064953, 0.06400261861065046, 0.14333862329775474, 0.00039062035688485543, 0.08323246630625189, 0.42145139279927474, 0.0003986718108134348, 0.12531170407834055, 0.11642034308794527, 0.14616741007042458, 0.00031891191475033327, 0.9407350425771331, 0.969836695478558, 0.8746560372613764, 0.8536209538071228, 0.6754046049933915, 0.8663730182063776, 0.9978487161853556, 0.9842356555103371, 0.46516715904810463, 0.9975063794683574, 0.7984290465992062, 0.9331731668593126, 0.9910168436551715, 0.9962176537490012, 0.09180314309450406, 0.999158206500913, 0.999135144528211, 0.9915191651638317, 0.8303474289678376, 0.9784048602044525, 0.9969444609844584, 0.9043887673224181, 0.99844332288305, 0.99844332288305, 0.9984309700813635, 0.9975690650729043, 0.9967181549240804, 0.9279907517891564, 0.998824222441898, 0.9957898995708789, 0.9532800538069381, 0.9503055039518223, 0.9502382388344027, 0.9499216756489677, 0.9306523149928476, 0.9645189752836798, 0.9313197071875845, 0.9461454722305009, 0.950675350166449, 0.9307507898344319, 0.9506221492699675, 0.9644807043490122, 0.7371760675470634, 0.9842086304267939, 0.9957560750104453, 0.9957732932091612, 0.9863445277299923, 0.9957660943839903, 0.9957610049432956, 0.9988194991744985, 0.9976716987363241, 0.9908095809340086, 0.9942084386868542, 0.9812519873595944, 0.9974374549163598, 0.9974451642087544, 0.9974484854694494, 0.9955424950864146, 0.9979150859089285, 0.9655251678141219, 0.8120494696592501, 0.9615679904056849, 0.9827521464973356, 0.963138602010838, 0.9299160197055238, 0.9613243819702655, 0.9570629916129156, 0.8555874659833536, 0.984399310880255, 0.7385451418523789, 0.9484073674766161, 0.7063865771544845, 0.9479840033905814, 0.9446115697864177, 0.9311743037650354, 0.9468013868922558, 0.9489417114380603, 0.8828597957447003, 0.778188344629083, 0.9761424910148947, 0.9565534058097528, 0.9248612038632985, 0.9563513942969626, 0.9291594611655382, 0.9366127979823713, 0.852999694714876, 0.8564239549841901, 0.9014673005289762, 0.9759890105546408, 0.8476061909399308, 0.7411489902447697, 0.9983677156043675, 0.9363370888030033, 0.8558540784884772, 0.9765565309221714, 0.9242866043628967, 0.9778758951292785, 0.9836423423637353, 0.990167481314265, 0.845572916018214, 0.973119334984833, 0.9737302239102869, 0.9613892393273361, 0.9603902804439306, 0.9625535172833549, 0.9190446591893957, 0.635996585789556, 0.9549269752240818, 0.6264229738986842, 0.9355126888001939, 0.8466025431444327, 0.8054885819888585, 0.9612284349830897, 0.9620638813918421, 0.9119058198197109, 0.8933273322702192, 0.9466396680072237, 0.857467016246741, 0.9973325060812248, 0.9498252718942345, 0.4998418355763886, 0.4998418355763886, 0.4998418355763886, 0.4998418355763886, 0.4998418355763886, 0.4998418355763886, 0.4998418355763886, 0.4998418355763886, 0.4998418355763886, 0.4998418355763886, 0.4998418355763886, 0.4998418355763886, 0.4998418355763886, 0.4998418355763886, 0.4998418355763886, 0.4998418355763886, 0.4998418355763886, 0.4998418355763886, 0.4998418355763886, 0.4998418355763886]}}