{"metrics": {"test": {"fp": [3], "f1_score": [0.4444444444444444], "risk": [0.2], "recall": [0.36363636363636365], "sensitivity": [0.36363636363636365], "precision": [0.5714285714285714], "tp": [4], "tn": [36], "specificity": [0.9230769230769231], "fn": [7]}, "train": {"fp": [8], "f1_score": [0.845360824742268], "risk": [0.075], "recall": [0.8541666666666666], "sensitivity": [0.8541666666666666], "precision": [0.8367346938775511], "tp": [41], "tn": [144], "specificity": [0.9473684210526315], "fn": [7]}}, "model": {"n_features": 124}, "data": {"path": "/scratch/adrouin/patric_data/single_species_datasets/cefalotin___7053822222416630118/dataset.kover", "split": "train_0.800_seed_7_10_folds", "uuid": "05673cc6-0588-11e8-9abe-001b2193b764"}, "predictions": {"binary": [0, 0, 0, 0, 0, 0, 0, 0, 1, 0, 0, 0, 0, 0, 0, 1, 0, 0, 0, 0, 0, 0, 0, 0, 0, 0, 0, 0, 0, 0, 0, 0, 0, 0, 0, 0, 0, 0, 0, 0, 0, 0, 0, 0, 0, 0, 0, 0, 0, 0, 0, 0, 0, 0, 0, 0, 1, 0, 0, 0, 0, 0, 0, 0, 0, 0, 0, 0, 0, 0, 0, 0, 0, 0, 0, 0, 0, 0, 0, 0, 0, 0, 0, 0, 0, 0, 0, 0, 0, 0, 0, 0, 0, 0, 1, 0, 0, 0, 0, 0, 0, 0, 0, 0, 0, 0, 0, 0, 1, 1, 0, 0, 1, 0, 1, 0, 0, 0, 0, 0, 0, 0, 0, 0, 1, 0, 0, 0, 1, 0, 0, 0, 0, 0, 0, 0, 0, 1, 0, 0, 0, 0, 0, 0, 0, 0, 0, 0, 0, 0, 0, 0, 0, 0, 0, 0, 0, 0, 0, 0, 0, 0, 0, 0, 0, 0, 0, 0, 0, 0, 0, 0, 0, 0, 0, 0, 0, 0, 0, 0, 0, 0, 0, 0, 0, 0, 0, 0, 0, 0, 0, 1, 0, 1, 1, 0, 1, 1, 0, 1, 1, 1, 1, 1, 1, 0, 1, 1, 1, 1, 1, 1, 1, 1, 1, 0, 1, 1, 0, 1, 1, 1, 0, 1, 1, 0, 0, 1, 0, 1, 0, 1, 1, 1, 1, 1, 1, 0, 1, 1, 1, 1, 1, 0, 1, 1, 0, 1, 1, 1, 0, 0, 0, 0, 0, 0], "proba": [0.3159883219407704, 0.12625529019228424, 0.2022207687936558, 0.19410188505026568, 0.10818863706180055, 0.24740991834583098, 0.18065304671045243, 0.237934114602096, 0.5004730293002092, 0.176081862262036, 0.24257258734213413, 0.1473223511312516, 0.14429032214873963, 0.254681733371827, 0.16343286944292143, 0.5482522978173897, 0.16379728813415556, 0.3511825975891378, 0.40696984411115944, 0.19409265298632178, 0.1594903132726283, 0.37021675072758353, 0.18180427976675612, 0.22856066158750565, 0.10055953970030275, 0.3159883219407704, 0.29562360099586277, 0.14557433964606153, 0.21109625461948806, 0.16410356550697153, 0.1633239512098096, 0.1807645285641199, 0.21443716092370926, 0.11354999023906472, 0.43515798856510707, 0.1159386676941643, 0.11283470168692517, 0.13983833159221734, 0.13898340784313282, 0.15756964313592295, 0.13898340784313282, 0.10055953970030275, 0.1353569392400736, 0.11283470168692517, 0.10055953970030275, 0.11392234590180289, 0.3986920221778471, 0.14842937850469842, 0.1286845180831867, 0.1286845180831867, 0.17627529649322218, 0.11826110810945945, 0.18631718035850808, 0.10403270133638015, 0.11354999023906472, 0.10055953970030275, 0.5015205398816387, 0.10055953970030275, 0.25357224672295214, 0.21972607625213675, 0.3877218335387165, 0.42681409067053977, 0.17548047329728048, 0.10770507009123625, 0.37290802333494233, 0.3877218335387165, 0.2139890680012375, 0.10055953970030275, 0.11354999023906472, 0.4755937016126751, 0.11580647533526743, 0.1486349118258399, 0.10055953970030275, 0.3877218335387165, 0.16191304342714946, 0.1529527835043279, 0.10055953970030275, 0.1286845180831867, 0.10055953970030275, 0.10336517202667157, 0.1357852084811053, 0.10055953970030275, 0.11354999023906472, 0.10770507009123625, 0.10055953970030275, 0.11354999023906472, 0.10055953970030275, 0.23150658185656509, 0.14383482091442187, 0.10055953970030275, 0.10055953970030275, 0.10055953970030275, 0.13222937419085143, 0.16141240398167575, 0.5431850140235343, 0.1764797303706806, 0.34482735807254217, 0.3159883219407704, 0.13357183768150732, 0.13898340784313282, 0.1336507165564033, 0.16812287349917193, 0.3130434014934605, 0.2853560799384406, 0.12489564625369132, 0.12294470892718441, 0.3159883219407704, 0.12294470892718441, 0.8608132484578127, 0.8989307658413938, 0.12294470892718441, 0.1286845180831867, 0.9376432502741434, 0.16756179828483578, 0.8116495432140494, 0.10055953970030275, 0.10055953970030275, 0.13481655249966137, 0.1772084946116712, 0.10336517202667157, 0.10055953970030275, 0.10055953970030275, 0.10479540801166208, 0.10055953970030275, 0.6481601459869318, 0.11738941986333336, 0.10055953970030275, 0.10055953970030275, 0.6743637364738632, 0.11616102528760058, 0.10055953970030275, 0.469052106667556, 0.3932709337046855, 0.42046685112245014, 0.4014931983685509, 0.42046685112245014, 0.4317102713005883, 0.5048544978304934, 0.23382469377057483, 0.11885758490085852, 0.10055953970030275, 0.47164441754311126, 0.10109648246617116, 0.39575660360123704, 0.10055953970030275, 0.10055953970030275, 0.19812113419599056, 0.20052801741836246, 0.10055953970030275, 0.10055953970030275, 0.19792484700182053, 0.1486349118258399, 0.10370803675610672, 0.19792484700182053, 0.19792484700182053, 0.39575660360123704, 0.1357852084811053, 0.10055953970030275, 0.3771907303955689, 0.34482735807254217, 0.43768948892936793, 0.34482735807254217, 0.45247701012201214, 0.34482735807254217, 0.34482735807254217, 0.10055953970030275, 0.1525543566684301, 0.3770848324565534, 0.10336517202667157, 0.3986920221778471, 0.41161012602525976, 0.3932709337046855, 0.34482735807254217, 0.3986920221778471, 0.17127292698174737, 0.20460375816312337, 0.4116954800366288, 0.31987063750542755, 0.39575660360123704, 0.38794475087672753, 0.3877218335387165, 0.3986920221778471, 0.3986920221778471, 0.3886781985581395, 0.3932709337046855, 0.3986920221778471, 0.3932709337046855, 0.3877218335387165, 0.3986920221778471, 0.3877218335387165, 0.3159883219407704, 0.8629362665024302, 0.4310433186224275, 0.6400165784113805, 0.5086883420906481, 0.18883946790381678, 0.8296731562907365, 0.5295457881448533, 0.46398074874608225, 0.8962401222054196, 0.9026291492645931, 0.9359387970813564, 0.5539683136641559, 0.9389333386233204, 0.9026291492645931, 0.3877218335387165, 0.9187119673521693, 0.9373905285017268, 0.9389333386233204, 0.9085500680446232, 0.9456216745400341, 0.5127640370300354, 0.9462833850836024, 0.9371450078884516, 0.8357053749549246, 0.33435851581643194, 0.9376432502741434, 0.8985124425107264, 0.299609302433128, 0.5679061562372377, 0.622682401494689, 0.9026291492645931, 0.4805174980987771, 0.7297219406941782, 0.604176887012028, 0.4642515490938331, 0.3986920221778471, 0.5421605613580314, 0.41268784734412706, 0.8544288601985222, 0.25717584784687114, 0.9462833850836024, 0.9026291492645931, 0.9026291492645931, 0.9371450078884516, 0.9304431875320422, 0.9170748173444296, 0.11354999023906472, 0.8382421735401421, 0.9342829153388362, 0.8382421735401421, 0.7707308255087946, 0.9462833850836024, 0.1169886930844617, 0.6390677377713928, 0.7982833930707242, 0.3294628423507192, 0.7147316271853211, 0.9083838543275348, 0.6581825501014216, 0.5, 0.5, 0.5, 0.5, 0.5, 0.5]}}