{"metrics": {"test": {"fp": [5], "f1_score": [0.816326530612245], "risk": [0.10975609756097561], "recall": [0.8333333333333334], "sensitivity": [0.8333333333333334], "precision": [0.8], "tp": [20], "tn": [53], "specificity": [0.9137931034482759], "fn": [4]}, "train": {"fp": [0], "f1_score": [0.9959183673469388], "risk": [0.00303951367781155], "recall": [0.991869918699187], "sensitivity": [0.991869918699187], "precision": [1.0], "tp": [122], "tn": [206], "specificity": [1.0], "fn": [1]}}, "model": {"n_features": 1000000}, "data": {"path": "/scratch/adrouin/data/patric/single_species_datasets/trimethoprim___7053822222416630118/dataset.kover", "split": "train_0.800_seed_9_10_folds", "uuid": "deaf402a-05d1-11e8-8bfc-001b2193b764"}, "predictions": {"binary": [0, 0, 0, 0, 0, 0, 0, 0, 0, 0, 0, 0, 0, 0, 0, 0, 0, 0, 0, 0, 0, 0, 0, 0, 0, 0, 0, 0, 0, 0, 0, 0, 0, 0, 0, 0, 0, 0, 0, 0, 0, 0, 0, 0, 0, 0, 0, 0, 0, 0, 0, 0, 0, 0, 0, 0, 0, 0, 1, 0, 0, 0, 0, 0, 0, 0, 0, 0, 0, 0, 0, 0, 0, 0, 0, 0, 0, 0, 0, 0, 0, 0, 0, 0, 0, 0, 0, 0, 0, 0, 0, 0, 0, 0, 0, 0, 0, 0, 0, 0, 0, 0, 0, 0, 0, 0, 0, 0, 0, 0, 0, 0, 0, 0, 0, 0, 0, 0, 0, 0, 0, 0, 0, 0, 0, 0, 0, 0, 0, 0, 0, 0, 0, 0, 0, 0, 0, 0, 0, 0, 0, 0, 0, 0, 0, 0, 0, 0, 0, 0, 0, 0, 0, 0, 0, 0, 0, 0, 0, 0, 0, 0, 0, 0, 0, 0, 0, 0, 0, 0, 0, 0, 0, 0, 0, 0, 0, 0, 0, 0, 0, 0, 0, 0, 1, 0, 0, 1, 0, 0, 0, 0, 0, 0, 0, 0, 0, 0, 0, 0, 0, 0, 0, 0, 0, 0, 0, 0, 0, 0, 0, 0, 0, 0, 0, 0, 0, 0, 0, 0, 0, 0, 0, 0, 0, 0, 0, 0, 0, 0, 0, 0, 0, 0, 0, 0, 0, 0, 0, 1, 0, 0, 0, 0, 0, 0, 0, 1, 0, 0, 0, 0, 0, 0, 0, 0, 0, 0, 0, 0, 0, 0, 0, 0, 1, 1, 1, 1, 1, 1, 1, 1, 1, 1, 1, 0, 1, 1, 1, 1, 1, 1, 1, 1, 1, 1, 1, 1, 1, 1, 1, 1, 1, 1, 1, 1, 1, 1, 1, 1, 1, 1, 1, 1, 1, 1, 1, 1, 1, 1, 1, 1, 1, 1, 1, 1, 1, 1, 1, 1, 1, 1, 1, 1, 1, 1, 1, 1, 1, 1, 1, 1, 1, 1, 1, 1, 1, 1, 1, 1, 1, 1, 1, 1, 1, 1, 1, 1, 0, 1, 1, 1, 1, 1, 1, 1, 1, 1, 1, 1, 1, 1, 1, 1, 1, 1, 1, 1, 1, 0, 1, 1, 1, 1, 1, 1, 1, 1, 1, 1, 1, 1, 0, 1, 1, 1, 1, 1, 1, 1, 1, 1, 1, 1, 1, 1, 1, 1, 1, 1, 1, 0, 1, 1, 1, 1, 1, 1, 1, 1, 1, 0, 0, 0, 0, 0, 0, 0, 0, 0, 0, 0, 0, 0, 0, 0, 0, 0, 0, 0, 0, 0, 0, 0, 0, 0, 0, 0, 0, 0, 0, 0, 0, 0, 0, 0, 0, 0], "proba": [0.004841674702138171, 0.010226150073547042, 0.005507919205184166, 0.027701434855587275, 0.0014843438671041844, 0.012389876429072025, 0.0011427602652511533, 0.004072380440003704, 0.0018560474698697262, 0.007650305045825139, 0.00304243988624777, 0.0014131984012131686, 0.004227045260056174, 0.35072752247619937, 0.10820911780185169, 0.05624671121142425, 0.020890923797794128, 0.022642143543476656, 0.007341829406901892, 0.03330302867901389, 0.0045562322470202995, 0.002977461060826684, 0.004150411871691143, 0.0050119835396312705, 0.0030729393713075604, 0.021627374777636703, 0.002443377974820626, 0.020950095474873295, 0.008867621508144567, 0.001250145948805237, 0.007576392109127974, 0.022175276312963246, 0.028138851310443115, 0.004176850023534514, 0.0024600931414152202, 0.0014129809387407846, 0.0008331823078539742, 0.0017045267616572993, 0.005760266722768486, 0.023745044002402984, 0.00048444424758219216, 0.0005954119223701094, 0.0013295723980418803, 0.0026697737663675075, 0.0010319062583224081, 0.0018463920222132769, 0.0025375946895356957, 0.002234386960210877, 0.0032627015909995143, 0.0012865403570269467, 0.0005205363289080949, 0.0012697708611132427, 0.001889144177920962, 0.008676519990745531, 0.008043591182110526, 0.0033850749847242944, 0.00410085092923874, 0.02711123727065445, 0.8243007405155753, 0.04503012069468041, 0.006540723573217276, 0.2033711173832418, 0.006961248042062073, 0.02095970172118272, 0.002599232133636696, 0.004147801885692843, 0.001977371190516392, 0.010319497122557367, 0.00093447282404551, 0.007840164921558895, 0.023111596869704917, 0.00397823888607978, 0.0197659380303174, 0.00560017478213905, 0.001691881294663841, 0.08195934943800154, 0.02404070518176279, 0.11646324940853069, 0.00969531730327855, 0.006397850942744169, 0.09198520911128161, 0.007755306359741461, 0.011899436655053816, 0.09599323697925799, 0.0071715963695520675, 0.0008580660102751985, 0.009925284756719744, 0.00751844054533121, 0.0016534315760373193, 0.0036348069856332052, 0.010343693934201923, 0.000980731106047445, 0.006212894014054064, 0.0008649951773950735, 0.02892815103800037, 0.006073073349711964, 0.0100163040629409, 0.0035161910665746825, 0.0020752862950133965, 0.004221758249960205, 0.0023822577633803737, 0.00434997393312424, 0.005223949352248175, 0.009302186547748894, 0.005241858329945226, 0.0028479256369660887, 0.004958009400648574, 0.0731898210268598, 0.0074912526706891365, 0.014942737231882254, 0.009571225290150673, 0.006572702198891381, 0.0017804093176116706, 0.021376652662025555, 0.001519866207998455, 0.008976797590229018, 0.003753683567823528, 0.004948458137314657, 0.004158687990974881, 0.005493124276150393, 0.004690933208221084, 0.026885150061964368, 0.019853741448975566, 0.006139617379934412, 0.005686791273812998, 0.051857372883254274, 0.0015505277630137653, 0.011358062500470247, 0.005929584425933621, 0.0016348000896479395, 0.023661926947480698, 0.008856629441122475, 0.13537089703426516, 0.005855772080736286, 0.08138223930774574, 0.03187390106727725, 0.010260345914750897, 0.01063705073191364, 0.0335709366403506, 0.009742784396419167, 0.08451123658789714, 0.0011763445323834047, 0.0018431500949517704, 0.0015824981607422644, 0.001791195079685653, 0.004036224421661603, 0.002597271210215952, 0.07303831844610571, 0.3413618828864767, 0.003231872169234023, 0.006127661347022328, 0.06295057316470294, 0.02684064743791924, 0.000782486582332432, 0.0007753708309170826, 0.000987182231790412, 0.0008664222320952879, 0.0031847297022983877, 0.008674935171285229, 0.0026706532606438726, 0.00514119286600729, 0.0011262566915867603, 0.003050028844602597, 0.003494358050629371, 0.011422486453247036, 0.0028798034439236875, 0.014274413630026865, 0.0029424199524422405, 0.026696305236648576, 0.03555647908486007, 0.006358819748325834, 0.033268329673439664, 0.0023567139125646127, 0.02370713156676361, 0.007992535220039992, 0.03633165871060256, 0.2989543420126695, 0.004521638063512255, 0.44109542170562355, 0.18133637548769754, 0.018008356945063905, 0.03098662570386688, 0.03454911707212977, 0.006136080129171347, 0.9999678545774238, 0.013797500250465252, 0.05431063254950836, 0.957098457785998, 0.034412452166021186, 0.034091384813874394, 0.0033047370793009077, 0.008699543658979073, 0.005398260613485542, 0.0028589020505886643, 0.0027521570940381925, 0.1215742808680389, 0.0321450977011036, 0.0028437156046200087, 0.007830248538103894, 0.0012175511325802026, 0.044604084302344034, 0.02005965356623134, 0.04763519758596718, 0.0004843414647138342, 0.021514211655147386, 0.02146642592816963, 0.03757152302725443, 0.007535281202938088, 0.03688777557443375, 0.03291317534917662, 0.026111301919290127, 0.03360747345921127, 0.005853972726119697, 0.04529688405906783, 0.01725549358156999, 0.004822161520946101, 0.010436887967817015, 0.033593220159530895, 0.0014341194293445243, 0.03328677151919915, 0.003091237321017221, 0.0008694457727055543, 0.007758183070776119, 0.03294986459656044, 0.0004359405788853886, 0.030098996936424895, 0.002698065704480105, 0.01758553895473037, 0.0013390390590848659, 0.002874718539062794, 0.12044302143231352, 0.008118431692387297, 0.07933137782313927, 0.003956247847500603, 0.0013761220579104972, 0.07186050588247857, 0.0012737903610243264, 0.0029967442120791424, 0.010452214902390847, 0.9178000912794554, 0.2864858435399736, 0.025451273518735773, 0.06707775788887611, 0.18773479663764572, 0.0013630505264883494, 0.27798536555439757, 0.04446971152601581, 0.8676075097080234, 0.0791984212713199, 0.023102408180960744, 0.00861595651573153, 0.0004471740011402857, 0.009109498757154775, 0.04660228273500242, 0.0005791223492637191, 0.012188480133875806, 0.02394139691294604, 0.02471938376373617, 0.16137710336845756, 0.004477341137088556, 0.17387185817180498, 0.0009159351428839261, 0.0168198466600632, 0.007689301093730981, 0.9999462141594022, 0.9927279868672756, 0.9818224522342304, 0.9995774053831665, 0.9999265811492801, 