{"metrics": {"test": {"fp": [1], "f1_score": [0.75], "risk": [0.028985507246376812], "recall": [0.75], "sensitivity": [0.75], "precision": [0.75], "tp": [3], "tn": [64], "specificity": [0.9846153846153847], "fn": [1]}, "train": {"fp": [0], "f1_score": [1.0], "risk": [0.0], "recall": [1.0], "sensitivity": [1.0], "precision": [1.0], "tp": [31], "tn": [247], "specificity": [1.0], "fn": [0]}}, "model": {"n_features": 6864155}, "data": {"path": "/scratch/adrouin/data/patric/single_species_datasets/nalidixic_acid___-736338835843459561/dataset.kover", "split": "train_0.800_seed_4_10_folds", "uuid": "35bbe4c6-07ea-11e8-ab65-001b2193b764"}, "predictions": {"binary": [1, 0, 0, 0, 0, 0, 0, 0, 0, 0, 0, 0, 0, 0, 0, 0, 0, 0, 0, 0, 0, 0, 0, 0, 0, 0, 0, 0, 0, 0, 0, 0, 0, 0, 0, 0, 0, 0, 0, 0, 0, 0, 0, 0, 0, 0, 0, 0, 0, 0, 0, 0, 0, 0, 0, 0, 0, 0, 0, 0, 0, 0, 0, 0, 0, 0, 0, 0, 0, 0, 0, 0, 0, 0, 0, 0, 0, 0, 0, 0, 0, 0, 0, 0, 0, 0, 0, 0, 0, 0, 0, 0, 0, 0, 0, 0, 0, 0, 0, 0, 0, 0, 0, 0, 0, 0, 0, 0, 0, 0, 0, 0, 0, 0, 0, 0, 0, 0, 0, 0, 0, 0, 0, 0, 0, 0, 0, 0, 0, 0, 0, 0, 0, 0, 0, 0, 0, 0, 0, 0, 0, 0, 0, 0, 0, 0, 0, 0, 0, 0, 0, 0, 0, 0, 0, 0, 0, 0, 0, 0, 0, 0, 0, 0, 0, 0, 0, 0, 0, 0, 0, 0, 0, 0, 0, 0, 0, 0, 0, 0, 0, 0, 0, 0, 0, 0, 0, 0, 0, 0, 0, 0, 0, 0, 0, 0, 0, 0, 0, 0, 0, 0, 0, 0, 0, 0, 0, 0, 0, 0, 0, 0, 0, 0, 0, 0, 0, 0, 0, 0, 0, 0, 0, 0, 0, 0, 0, 0, 0, 0, 0, 0, 0, 0, 0, 0, 0, 0, 0, 0, 0, 0, 0, 0, 0, 0, 0, 0, 0, 0, 0, 0, 0, 0, 0, 0, 0, 0, 0, 0, 0, 0, 0, 0, 0, 0, 0, 0, 0, 0, 0, 0, 0, 0, 0, 0, 0, 0, 0, 0, 0, 0, 0, 0, 0, 0, 0, 0, 0, 0, 0, 0, 0, 0, 0, 0, 0, 0, 0, 0, 0, 0, 0, 0, 0, 0, 0, 0, 0, 0, 0, 0, 1, 0, 1, 1, 1, 1, 1, 1, 1, 1, 1, 1, 1, 1, 1, 1, 1, 1, 1, 1, 1, 1, 1, 1, 1, 1, 1, 1, 1, 1, 1, 1, 1, 1, 1], "proba": [0.4764034831152554, 0.0032902386496471356, 0.00888195572334095, 0.002747205566563119, 0.024213110582514005, 0.0466087893832021, 0.046963968391623714, 0.007620173220909511, 0.008183663273763042, 0.0470221909423821, 0.043925201573452095, 0.014890228862156777, 0.026735479072675226, 0.015710121481483978, 0.0645750568922789, 0.06464134103296479, 0.04444098400115002, 0.015284053231294711, 0.022824080853954654, 0.025814364206209552, 0.006661786894012246, 0.048681232797956185, 0.041028019114715854, 0.0388605382966103, 0.004737066264516158, 0.05667351059430577, 0.0646122940724411, 0.04575800356449783, 0.0417314131610093, 0.029607124478885628, 0.003479207124698791, 0.01311439718589347, 0.06464235109595141, 0.048341217029616405, 0.042723549118222466, 0.044875885610912304, 0.04290620500917248, 0.0029705324402981475, 0.06465169232429618, 0.06462921089129965, 0.02638127265097384, 0.05259702845159118, 0.03424708688658793, 0.05580747413842162, 0.021136658272142585, 0.051688260577985215, 0.060046163095971605, 0.019491239472054805, 0.06464328230814699, 0.08276618798195733, 0.029289041147041336, 0.06149258870212095, 0.10987448192979965, 0.015705983139944958, 0.025355144256626477, 0.034259238896450016, 0.03194006721073612, 0.03578705879288693, 0.030919264870230757, 0.2263278671743035, 0.06465301534262831, 0.03880513392254556, 0.04733316804340086, 0.032605288650845735, 0.06464959676845913, 0.009033060613375318, 0.06463190708252271, 0.06464368074322145, 0.030665545776632174, 0.0459212408510704, 0.01838681441263757, 0.05683700016377471, 0.06462343954640135, 0.22143265607900173, 0.06462411963989718, 0.10711884843004492, 0.06462492470380535, 0.0067329272969990795, 0.026194680615005666, 0.05991841664761318, 0.06464172402219896, 0.06466200582270144, 0.03326858170834569, 0.029658260768460187, 0.022874905170363106, 0.13285507513712067, 0.021598425653814774, 0.044942144150681554, 0.020964836199402908, 0.06464860131893187, 0.045667440971943904, 0.06465435412977459, 0.017914022620476852, 0.02134089461058496, 0.04781892921604755, 0.0432837114444218, 0.03229405488690877, 0.029660402283354616, 0.037814987514474735, 0.015448187931439154, 0.06468154457064566, 0.06463424274764783, 0.059064915010660246, 0.0646401857034373, 0.02402938162463661, 0.06464828000821479, 0.015550766325474879, 0.06878992209809524, 0.056532929098628136, 0.12665535530039468, 0.05939367986536505, 0.06465472765391854, 0.02882961820877712, 0.06464053665909207, 0.18939702404605735, 0.06465127758630804, 0.06464696513530291, 0.06466665299220337, 0.04322071144273185, 0.06463613745757364, 0.06465786582692033, 0.06358203333003846, 0.047859061004820326, 0.06466272632791846, 0.06465007894677618, 0.03690157036115341, 0.03285931204408431, 0.03685828860120958, 0.010978227603450777, 0.009210659641405076, 0.058812059290112996, 0.05578791055621903, 0.03662205899447558, 0.008504997685714078, 0.06053564112701088, 0.04159583019522951, 0.05542401660196641, 0.06465886571413276, 0.06465309520306303, 0.06463818528598757, 0.06429030867874225, 0.06466186866894538, 0.04813095002999528, 0.06464638494373033, 0.05468771012318479, 0.034729947043898424, 0.0646446032156049, 0.030422660021558984, 0.028222529769966954, 0.06258909479497309, 0.06464022254898415, 0.08120953834326863, 0.06463326650465498, 0.061796762215478286, 0.010897165527907135, 0.06461714463856227, 0.028822115681104023, 0.06463229760490077, 0.03104565100773387, 0.044987906546282576, 0.05746804073384268, 0.18067183099014728, 0.06464046078334532, 0.026711188952155164, 0.036203156092287726, 0.07209191405149798, 0.06467484327316429, 0.06464161323499992, 0.16337532003956245, 0.0646468232013083, 0.0646577364709446, 0.06463107686790207, 0.04308487066711829, 0.06465429284751645, 0.09002955033956735, 0.02020452141996544, 0.17149946314963568, 0.04010945582408375, 0.06464933849711366, 0.06468097196029042, 0.06463243588142241, 0.21306306346478263, 0.05004685383986868, 0.029744769940881387, 0.06463780018544887, 0.06463102282192534, 0.06466807983745507, 0.03883565824240459, 0.06461504906526905, 0.06467392978510643, 0.3047838937004255, 0.06464880280230015, 0.03237364813797541, 0.06463051414560805, 0.058271493858821063, 0.03063971770487356, 0.043885149557138986, 0.008670685633455985, 0.04074500817721998, 0.03609542098421871, 0.04600467412567783, 0.05272768918896447, 0.03204082100167768, 0.06255654093218188, 0.06465970252275487, 0.06465850882947555, 0.06464654890519467, 0.0674232070825411, 0.0503886974980975, 0.029628791934862023, 0.06463891059965997, 0.06464580933353958, 0.06464209878237975, 0.06464891940913335, 0.06244303279669981, 0.05321389467151034, 0.043893366494900964, 0.18787069543613336, 0.02038506724299533, 0.031497735726537, 0.06465207925396854, 0.0646432268067784, 0.2571613021271032, 0.0646466659313366, 0.019255027413528525, 0.0646357361756697, 0.045279398427320414, 0.03702942492847779, 0.04290517155944836, 0.0274136764224639, 0.029498017512473995, 0.04112457652480975, 0.05376055357738129, 0.03551242405257247, 0.038382240537465154, 0.010587463789893012, 0.05675768860389869, 0.02443035541938261, 0.024382904391205898, 0.06464765199221688, 0.048339427588005475, 0.06122999325985714, 0.06466822766267011, 0.1033272311136249, 0.06463189027956712, 0.06467434597793736, 0.007445302646901666, 0.01483152920101755, 0.06459422310828439, 0.06174721655905416, 0.0026069731400700366, 0.061229513779906805, 0.06371680175891632, 0.03373796840132497, 0.05302556310126342, 0.10942305260385186, 0.06465619576428952, 0.06461667708929561, 0.06462841230728815, 0.008323956619230438, 0.0646316308771793, 0.06464449709206019, 0.06464658010271662, 0.06466936335831795, 0.07066496815750156, 0.012265541627284158, 0.06466063513997163, 0.06464741139309077, 0.06464328287044235, 0.06464642944642877, 0.06468058432325555, 0.06465012743862154, 0.06457221419697429, 0.06465406284989399, 0.010298030336796637, 0.047201576496308593, 0.06462327892638944, 0.06467082764405728, 0.06463163613331942, 0.22984978452538285, 0.06463086019511587, 0.0446766298316357, 0.046426083905699515, 0.04863949013453243, 0.06081986756185811, 0.026848470516099232, 0.055062288377265727, 0.04342360790009323, 0.05406405354228388, 0.0282788169708815, 0.06084130945183674, 0.06464368182333724, 0.05721626904393753, 0.06461074588422829, 0.03506521616980407, 0.06466709754444322, 