{"metrics": {"test": {"fp": [2], "f1_score": [0.9], "risk": [0.11428571428571428], "recall": [0.9], "sensitivity": [0.9], "precision": [0.9], "tp": [18], "tn": [13], "specificity": [0.8666666666666667], "fn": [2]}, "train": {"fp": [10], "f1_score": [0.9259259259259258], "risk": [0.08391608391608392], "recall": [0.974025974025974], "sensitivity": [0.974025974025974], "precision": [0.8823529411764706], "tp": [75], "tn": [56], "specificity": [0.8484848484848485], "fn": [2]}}, "model": {"n_features": 137}, "data": {"path": "/scratch/adrouin/patric_data/single_species_datasets/erythromycin___672792900560953954/dataset.kover", "split": "train_0.800_seed_0_10_folds", "uuid": "cda8b11e-07a0-11e8-b0b1-001b2193b764"}, "predictions": {"binary": [0, 0, 0, 0, 0, 0, 1, 1, 0, 0, 0, 0, 0, 0, 0, 0, 0, 0, 1, 0, 0, 0, 0, 0, 0, 0, 0, 0, 0, 1, 0, 0, 0, 1, 1, 0, 0, 1, 0, 0, 0, 0, 0, 0, 0, 0, 0, 0, 0, 1, 0, 0, 0, 0, 0, 0, 0, 0, 0, 0, 0, 1, 0, 0, 0, 0, 0, 0, 0, 0, 0, 0, 0, 1, 1, 0, 0, 0, 0, 1, 0, 1, 1, 1, 1, 1, 1, 1, 1, 1, 1, 1, 1, 1, 1, 1, 1, 1, 1, 1, 1, 1, 1, 1, 1, 1, 1, 1, 1, 1, 1, 1, 1, 1, 1, 1, 1, 1, 1, 1, 1, 1, 1, 1, 1, 1, 1, 1, 1, 1, 1, 1, 0, 1, 1, 1, 1, 1, 1, 1, 1, 1, 1, 1, 1, 1, 1, 1, 1, 1, 0, 0, 1, 1, 1, 1, 1, 1, 1, 1, 1, 1, 1, 1, 1, 1, 1, 1, 1, 1, 1, 1, 1, 1, 1, 1, 1, 0, 0, 0, 0, 0, 0, 0, 0, 0, 0, 0, 0, 0, 0, 0], "proba": [0.0931897783657622, 0.16036920495891296, 0.20058920543230507, 0.15151726031398838, 0.24599063622646836, 0.13629262524975558, 0.7946553384174717, 0.6198287241280186, 0.09228962093917639, 0.09228962093917639, 0.0931897783657622, 0.0931897783657622, 0.09351839546981741, 0.09228962093917639, 0.09228962093917639, 0.20845283644973803, 0.15151726031398838, 0.09228962093917639, 0.594247582175791, 0.20845283644973803, 0.2746770170161423, 0.3624490599371612, 0.2691076484523655, 0.19830480551566648, 0.09351839546981741, 0.12116619465185287, 0.16036920495891296, 0.09228962093917639, 0.3719388425859387, 0.8363588872667593, 0.1009658553788721, 0.11480845839885777, 0.30914094056805547, 0.6223464847093365, 0.594247582175791, 0.09228962093917639, 0.09228962093917639, 0.594247582175791, 0.1409090492269284, 0.20845283644973803, 0.20020060436615794, 0.10941810061110045, 0.0931897783657622, 0.10941810061110045, 0.0931897783657622, 0.09228962093917639, 0.0931897783657622, 0.0931897783657622, 0.44575985851758304, 0.6753045471170579, 0.09228962093917639, 0.09228962093917639, 0.09228962093917639, 0.09228962093917639, 0.15151726031398838, 0.1400594380965944, 0.1009658553788721, 0.09228962093917639, 0.44833885939571916, 0.0931897783657622, 0.10941810061110045, 0.8282137193526254, 0.09228962093917639, 0.11372566662818671, 0.15151726031398838, 0.1403350220147847, 0.09228962093917639, 0.3332981112155933, 0.15960346103989564, 0.2691076484523655, 0.22000413077776898, 0.143964509145861, 0.4114679648638539, 0.6081816375574394, 0.594247582175791, 0.09228962093917639, 0.15151726031398838, 0.09228962093917639, 0.15151726031398838, 0.594247582175791, 0.0931897783657622, 0.8704824718930568, 0.8419055429113819, 0.8704824718930568, 0.8704824718930568, 0.8704824718930568, 0.8704824718930568, 0.6065998443690528, 0.8704824718930568, 0.8704824718930568, 0.8012796836765189, 0.8419055429113819, 0.8419055429113819, 0.6753045471170579, 0.7844950630919628, 0.6774676165345291, 0.594247582175791, 0.8704824718930568, 0.8419055429113819, 0.8419055429113819, 0.6730261622487069, 0.5898887831706435, 0.8704824718930568, 0.8704824718930568, 0.6753045471170579, 0.8704824718930568, 0.8419055429113819, 0.8704824718930568, 0.8704824718930568, 0.6753045471170579, 0.8704824718930568, 0.8704824718930568, 0.8704824718930568, 0.8704824718930568, 0.7083604807904759, 0.594247582175791, 0.594247582175791, 0.8363588872667593, 0.594247582175791, 0.8419055429113819, 0.8704824718930568, 0.8704824718930568, 0.594247582175791, 0.8363588872667593, 0.8704824718930568, 0.594247582175791, 0.6753045471170579, 0.8704824718930568, 0.8704824718930568, 0.8704824718930568, 0.5369163849147833, 0.8588506319702939, 0.4109286865596837, 0.6428208390587286, 0.8021528722753725, 0.6303915940549287, 0.8704824718930568, 0.8704824718930568, 0.5997445496983872, 0.8704824718930568, 0.8704824718930568, 0.8704824718930568, 0.8704824718930568, 0.8692715024369381, 0.8704824718930568, 0.8704824718930568, 0.6694815302708441, 0.6024262049709933, 0.8398219710778378, 0.8704824718930568, 0.15151726031398838, 0.42140935542251484, 0.8704824718930568, 0.8419055429113819, 0.7626110670303745, 0.8419055429113819, 0.8704824718930568, 0.8704824718930568, 0.8363588872667593, 0.6753045471170579, 0.8704824718930568, 0.7746174067693369, 0.8398219710778378, 0.8704824718930568, 0.8398219710778378, 0.6753045471170579, 0.8597573783397354, 0.8704824718930568, 0.8398219710778378, 0.8398219710778378, 0.8588506319702939, 0.8704824718930568, 0.594247582175791, 0.8419055429113819, 0.8419055429113819, 0.5636002694099517, 0.8588506319702939, 0.4109286865596837, 0.5, 0.5, 0.5, 0.5, 0.5, 0.5, 0.5, 0.5, 0.5, 0.5, 0.5, 0.5, 0.5, 0.5]}}