{"metrics": {"test": {"fp": [0], "f1_score": [0.9523809523809523], "risk": [0.03260869565217391], "recall": [0.9090909090909091], "sensitivity": [0.9090909090909091], "precision": [1.0], "tp": [30], "tn": [59], "specificity": [1.0], "fn": [3]}, "train": {"fp": [1], "f1_score": [0.9702970297029702], "risk": [0.024324324324324326], "recall": [0.9483870967741935], "sensitivity": [0.9483870967741935], "precision": [0.9932432432432432], "tp": [147], "tn": [214], "specificity": [0.9953488372093023], "fn": [8]}}, "model": {"n_features": 147}, "data": {"path": "/scratch/adrouin/patric_data/single_species_datasets/moxifloxacin___-8916328542551230855/dataset.kover", "split": "train_0.800_seed_5_10_folds", "uuid": "188637c8-547d-11e8-9fd4-f0921c053df8"}, "predictions": {"binary": [0, 0, 0, 0, 0, 0, 0, 0, 0, 0, 0, 0, 0, 0, 0, 0, 0, 0, 0, 0, 0, 0, 0, 0, 0, 0, 0, 0, 0, 0, 0, 0, 0, 0, 0, 0, 0, 0, 0, 0, 0, 0, 0, 0, 0, 0, 0, 0, 0, 0, 0, 0, 0, 0, 0, 0, 0, 0, 0, 0, 0, 0, 0, 0, 0, 0, 0, 0, 0, 0, 0, 0, 0, 0, 0, 0, 0, 0, 0, 0, 0, 0, 0, 0, 0, 0, 0, 0, 0, 0, 0, 0, 0, 0, 0, 0, 0, 0, 0, 0, 0, 0, 0, 0, 0, 0, 0, 0, 0, 0, 0, 0, 0, 0, 0, 0, 0, 0, 0, 0, 0, 0, 0, 0, 0, 0, 0, 0, 0, 0, 0, 0, 0, 0, 0, 0, 0, 0, 1, 0, 0, 0, 0, 0, 0, 0, 0, 0, 0, 0, 0, 0, 0, 0, 0, 0, 0, 0, 0, 0, 0, 0, 0, 0, 0, 0, 0, 0, 0, 0, 0, 0, 0, 0, 0, 0, 0, 0, 0, 0, 0, 0, 0, 0, 0, 0, 0, 0, 0, 0, 0, 0, 0, 0, 0, 0, 0, 0, 0, 0, 0, 0, 0, 0, 0, 0, 0, 0, 0, 0, 0, 0, 0, 0, 0, 0, 0, 0, 0, 0, 0, 0, 0, 0, 0, 0, 0, 0, 0, 0, 0, 0, 0, 0, 0, 0, 0, 0, 0, 0, 0, 0, 0, 0, 0, 0, 0, 0, 0, 0, 0, 0, 0, 0, 0, 0, 0, 0, 0, 0, 0, 0, 0, 0, 0, 0, 0, 0, 0, 0, 0, 0, 0, 0, 1, 1, 1, 1, 1, 1, 1, 1, 1, 1, 1, 1, 1, 1, 1, 1, 1, 1, 1, 1, 0, 1, 1, 1, 1, 1, 1, 1, 1, 1, 1, 1, 1, 1, 1, 1, 1, 0, 1, 1, 1, 1, 1, 0, 1, 1, 1, 1, 1, 1, 0, 1, 1, 1, 1, 1, 1, 1, 1, 1, 1, 1, 1, 1, 1, 1, 0, 1, 1, 1, 1, 1, 1, 0, 1, 1, 1, 1, 1, 1, 1, 1, 1, 1, 1, 1, 1, 1, 1, 1, 1, 1, 1, 1, 1, 1, 1, 1, 1, 1, 1, 1, 1, 1, 1, 1, 1, 1, 1, 1, 1, 1, 1, 1, 1, 1, 1, 1, 1, 1, 1, 1, 1, 1, 1, 0, 1, 1, 1, 1, 1, 1, 1, 1, 1, 1, 1, 1, 0, 1, 1, 1, 1, 1, 1, 1, 1, 1, 1, 1, 1, 1, 1, 1, 1, 1, 1, 1, 1, 1, 1, 1, 1, 1, 1, 0, 1, 1, 1, 1, 1, 1, 1, 1, 0, 1, 1, 1, 1, 1, 0, 1, 1, 1, 1, 1, 1, 1, 0, 0, 0, 0, 0, 0, 0, 0, 0, 0, 0, 0, 0, 0, 0, 0, 0, 0, 0, 0, 0, 0, 0, 0, 0, 0, 0, 0, 0, 0, 0, 0, 0, 0, 0, 0, 0, 0, 0, 0, 0, 0, 0, 0, 0, 0, 0, 0, 0, 0], "proba": [0.2390523233730382, 0.15905961317703518, 0.07581612594868427, 0.1359967301792257, 0.07517693852099315, 0.062373963201987126, 0.060396000652051494, 0.05542366675329904, 0.04460425423091216, 0.0871412832763068, 0.07471188550066134, 0.05542366675329904, 0.4574544202375952, 0.08330960065505859, 0.05080336732587902, 0.07633029441968964, 0.08012140361272875, 0.04371614715915786, 0.08066042708623787, 0.2489573294977505, 0.04445132102545768, 0.10397009075654445, 0.07648762234398888, 0.07648762234398888, 0.060396000652051494, 0.1495064949997287, 0.08490309109005031, 0.10045981952705273, 0.08414711453998042, 0.05080336732587902, 0.059357709679553526, 0.11657852816755655, 0.305691238009827, 0.21068892017485574, 0.08124499706114245, 0.04078585255389324, 0.18230091535554832, 0.05542366675329904, 0.07055861354189907, 0.07995546866324307, 0.08490309109005031, 0.05316767955137337, 0.0606569117207766, 0.08490309109005031, 0.4929776158687503, 0.06786847780290525, 0.04445132102545768, 0.04371614715915786, 0.08604501691417092, 0.05080336732587902, 0.059357709679553526, 0.04773673333547381, 0.08149585226308664, 0.05542366675329904, 0.07648762234398888, 0.15660786497623633, 0.0920508437807399, 0.05080336732587902, 0.07928437726870931, 0.07985361884777353, 0.06700541344719527, 0.0920508437807399, 0.10198823276201875, 0.13563675109677306, 0.059357709679553526, 0.07648762234398888, 0.0920508437807399, 0.14572402218744981, 0.05542366675329904, 0.060396000652051494, 0.05574952735784955, 0.10276449002583202, 0.06786847780290525, 0.043824782871569115, 0.4848116409578749, 0.1622443665804485, 0.23866291927916125, 0.08012140361272875, 0.21992372946706462, 0.07998393314204502, 0.07443022687714179, 0.24690751618373463, 0.044684175354986824, 0.4929776158687503, 0.0920508437807399, 0.07581612594868427, 0.07482884466709139, 0.05080336732587902, 0.15660786497623633, 0.15905961317703518, 0.07559482461973024, 0.1537706996389986, 0.08465789672020672, 0.044684175354986824, 0.0890746493254149, 0.08012140361272875, 0.060396000652051494, 0.07648762234398888, 0.07581612594868427, 0.08490309109005031, 0.05320751097378419, 0.059357709679553526, 0.07584323828140865, 0.1381943211709276, 0.06533497513165576, 0.10103944814712792, 0.13669106833098232, 0.24927288548529794, 0.05542366675329904, 0.05542366675329904, 0.04445132102545768, 0.050588275067302464, 0.06816662512158063, 0.2618556179552697, 0.060396000652051494, 0.08547712818134873, 0.06167637218462275, 0.059517787601710635, 0.05890323010479081, 0.07584323828140865, 0.07648762234398888, 0.07998393314204502, 0.18885852513423165, 0.05344927193628374, 0.04773673333547381, 0.490592074036864, 0.15905961317703518, 0.47860669991310056, 0.08346123316587992, 0.07648762234398888, 0.05542366675329904, 0.05542366675329904, 0.11818274881566361, 0.05778458064638574, 0.044684175354986824, 0.08182549507201, 0.10830969894424132, 0.06414728011622878, 0.9574463035686921, 0.05778458064638574, 0.16003245313133482, 0.0920508437807399, 0.07648762234398888, 0.04078585255389324, 0.060396000652051494, 0.05482732054602369, 0.04773673333547381, 0.07559482461973024, 0.056056730994846565, 0.22723294747538722, 0.08012140361272875, 0.07847460519108189, 0.09159482248098824, 0.07517693852099315, 0.05316767955137337, 0.08330960065505859, 0.47860669991310056, 0.07255290950842742, 0.043824782871569115, 0.18499376114590138, 0.07581612594868427, 0.08322202388137692, 0.04166772832359388, 0.14006356082645455, 0.08012140361272875, 0.05316767955137337, 0.08898022476630181, 0.07526904354242955, 0.13368865457066936, 0.05427461184891002, 0.04367440004374713, 0.07559482461973024, 0.08465789672020672, 0.060396000652051494, 0.47860669991310056, 0.05316767955137337, 0.07648762234398888, 0.15660786497623633, 0.10922766018405232, 0.07136610146181906, 0.08490309109005031, 0.0565660415083096, 0.08078423396138443, 0.04773673333547381, 0.0565660415083096, 0.05542366675329904, 0.059363700214020626, 0.05080336732587902, 0.05542366675329904, 0.05455330144512748, 0.060396000652051494, 0.475519730137756, 0.14413906547680735, 0.05350541626835493, 0.2567352721141521, 0.48700164611449326, 0.08465789672020672, 0.05542366675329904, 0.08322202388137692, 0.05542366675329904, 0.05316767955137337, 0.05294303263275981, 0.060396000652051494, 0.11493935454142741, 0.05542366675329904, 0.07018904869824376, 0.07995546866324307, 0.06381991525332412, 0.07942074918737757, 0.08490309109005031, 0.08490309109005031, 0.08898022476630181, 0.0541217085516875, 0.059357709679553526, 0.05542366675329904, 0.060396000652051494, 0.22809750851893837, 0.24583709554171804, 0.04166772832359388, 0.0920508437807399, 0.07648762234398888, 0.07648762234398888, 0.060396000652051494, 0.07630102265634381, 0.044684175354986824, 0.06827629491082711, 0.22746118649327898, 0.2949515441053276, 0.059357709679553526, 0.15905961317703518, 0.060396000652051494, 0.07648762234398888, 0.044684175354986824, 0.14530499308576128, 0.08419427292078857, 0.07998393314204502, 0.059357709679553526, 0.07829373974303519, 0.04445132102545768, 0.044684175354986824, 0.0920508437807399, 0.05316767955137337, 0.2390523233730382, 0.08419427292078857, 0.17951879400021775, 0.0920508437807399, 0.07517693852099315, 0.044684175354986824, 0.043903371532516645, 0.060396000652051494, 0.27083096007175433, 0.060565494911301455, 0.09110671823659744, 0.0533552884479367, 0.07140242075591298, 0.052246743682644085, 0.05542366675329904, 0.04367440004374713, 0.07456711165500074, 0.08851805079501754, 0.4929776158687503, 0.06708975259141092, 0.049442163362755046, 0.04367440004374713, 0.08490309109005031, 0.08235350934138132, 0.08630459466805893, 0.09167947298230104, 0.043903371532516645, 0.060396000652051494, 