{"metrics": {"test": {"fp": [3], "f1_score": [0.8181818181818182], "risk": [0.16666666666666666], "recall": [0.9], "sensitivity": [0.9], "precision": [0.75], "tp": [9], "tn": [11], "specificity": [0.7857142857142857], "fn": [1]}, "train": {"fp": [0], "f1_score": [1.0], "risk": [0.0], "recall": [1.0], "sensitivity": [1.0], "precision": [1.0], "tp": [64], "tn": [32], "specificity": [1.0], "fn": [0]}}, "model": {"n_features": 5341646}, "data": {"path": "/scratch/adrouin/data/patric/single_species_datasets/ciprofloxacin___946434054234721145/dataset.kover", "split": "train_0.800_seed_3_10_folds", "uuid": "8b1fb550-0867-11e8-b4d8-001b2193b764"}, "predictions": {"binary": [0, 0, 0, 0, 0, 0, 0, 0, 0, 0, 1, 0, 0, 0, 1, 0, 0, 0, 0, 0, 0, 0, 1, 0, 0, 0, 0, 0, 0, 0, 0, 0, 0, 0, 0, 0, 0, 0, 0, 0, 0, 0, 0, 0, 0, 0, 1, 1, 1, 1, 1, 1, 1, 1, 1, 1, 1, 1, 1, 1, 1, 1, 1, 1, 1, 1, 1, 1, 1, 1, 1, 1, 1, 1, 0, 1, 1, 1, 1, 1, 1, 1, 1, 1, 1, 1, 1, 1, 1, 1, 1, 1, 1, 1, 1, 1, 1, 1, 1, 1, 1, 1, 1, 1, 1, 1, 1, 1, 1, 1, 1, 1, 1, 1, 1, 1, 1, 1, 1, 1], "proba": [0.10992307403388533, 0.1041288515731047, 0.10412761736266092, 0.36075849032007506, 0.10403049813503776, 0.10405842694001127, 0.10220929712698022, 0.10414920235905135, 0.10402338796302563, 0.08460907855758489, 0.6892232300170229, 0.10417605432450087, 0.10419168330154993, 0.07766803426203353, 0.9044654084443812, 0.062351849384529645, 0.07928223388569877, 0.1040989812021983, 0.10410184836195585, 0.2794083537173356, 0.07602523575004341, 0.0861149415308928, 0.7060819562325574, 0.07783763692139645, 0.32948235523229985, 0.1041867203410603, 0.1112926497208796, 0.10405721735717126, 0.10416783688148772, 0.10416564581559032, 0.10410406767331598, 0.10403138252849124, 0.10414561987941422, 0.10415714323929821, 0.10409282851737132, 0.10411274806622604, 0.092222276790305, 0.07778479290345836, 0.10412899989487498, 0.4823327124739913, 0.10414575609152725, 0.3781735757014153, 0.1040918803192232, 0.10414097870421163, 0.3099993351523828, 0.10406539062269664, 0.9013313628139431, 0.9014406554104476, 0.9013823570627845, 0.9536861216343561, 0.9014850439651632, 0.9013935975796928, 0.9463563789460852, 0.9227929314409355, 0.9013472025557755, 0.901402110903618, 0.7824881991636174, 0.901448945350662, 0.9013742237370531, 0.9164236607823398, 0.9624209205933142, 0.9400010924160533, 0.9038584499314084, 0.9013934449267815, 0.9014361267966527, 0.9014608789067581, 0.9375333336588599, 0.9014262146934927, 0.9279962315594912, 0.9230693088433853, 0.9124039713815647, 0.9156456425609364, 0.7680160821615711, 0.9014017035592478, 0.3513902113483147, 0.9014407147939133, 0.9483440848337457, 0.9201974994599812, 0.9013744243487527, 0.940974916536923, 0.9014174606163173, 0.9172263363717471, 0.9237750178203746, 0.9350356405071792, 0.901408115333933, 0.9014553499061736, 0.9347551070943545, 0.9013971559606321, 0.9014762349364344, 0.9039337772779067, 0.8994411774104171, 0.9413396947258096, 0.9392255370427491, 0.9403336539705948, 0.9099835404923479, 0.901440601389486, 0.9262730641287292, 0.9509904010926066, 0.9356705319979705, 0.9432582281030156, 0.9013262689270044, 0.9014621451566518, 0.9013678226304771, 0.90136768795275, 0.9014555982788439, 0.9013616078643537, 0.917551671295834, 0.9281116928956534, 0.9449089351119847, 0.9261859374958454, 0.9014613095523112, 0.9391013862082201, 0.9013859142288263, 0.7021905279523809, 0.9013867038799264, 0.9129958380948288, 0.9106684945226595, 0.9055142341338173, 0.9013282892240657, 0.9013418831140831]}, "cv": {"hps": {"normalize_kernel": false, "degree": 5.0, "regularizer": 1e-07}, "score": 0.18777777777777777}}