{"metrics": {"test": {"fp": [0], "f1_score": [0.9523809523809523], "risk": [0.058823529411764705], "recall": [0.9090909090909091], "sensitivity": [0.9090909090909091], "precision": [1.0], "tp": [10], "tn": [6], "specificity": [1.0], "fn": [1]}, "train": {"fp": [0], "f1_score": [1.0], "risk": [0.0], "recall": [1.0], "sensitivity": [1.0], "precision": [1.0], "tp": [28], "tn": [40], "specificity": [1.0], "fn": [0]}}, "model": {"n_features": 1000000}, "data": {"path": "/scratch/adrouin/data/patric/single_species_datasets/oxacillin___6654735289702248879/dataset.kover", "split": "train_0.800_seed_9_10_folds", "uuid": "5e68fc00-084a-11e8-a17e-001b2193b764"}, "predictions": {"binary": [0, 0, 0, 0, 0, 0, 0, 0, 0, 0, 0, 0, 0, 0, 0, 0, 0, 0, 0, 0, 0, 0, 0, 0, 0, 0, 0, 0, 0, 0, 0, 0, 0, 0, 0, 0, 0, 0, 0, 0, 0, 0, 0, 0, 0, 0, 1, 1, 1, 1, 1, 1, 1, 1, 1, 1, 1, 1, 1, 0, 1, 1, 1, 1, 1, 1, 1, 1, 1, 1, 1, 1, 1, 1, 1, 1, 1, 1, 1, 1, 1, 1, 1, 1, 1, 0, 0, 0, 0, 0, 0, 0, 0, 0, 0, 0, 0, 0, 0, 0, 0, 0, 0, 0, 0, 0, 0, 0, 0, 0, 0, 0, 0, 0, 0, 0, 0, 0, 0, 0, 0, 0, 0, 0, 0, 0, 0, 0], "proba": [0.004127494770280309, 0.0022360255868959446, 0.0020778362138019354, 0.00094090992823833, 0.0004303665797741258, 0.00416072663471518, 0.00034983418863581333, 0.002418232064340834, 0.024690194675688646, 0.001379960475037399, 0.005595880773259584, 0.004578394399760567, 0.006802781377586551, 0.004849079968461237, 0.0034261835382344355, 0.00036017765636236793, 0.000598648445502439, 0.0019302301486043725, 0.0021992823028172672, 0.013776632596517326, 0.000569850234681011, 0.005602258430322808, 0.008070399420920395, 0.00041695617575626616, 0.0006182287493626348, 0.0012603276248259775, 0.006572585574931421, 0.0016929535874432616, 0.006860725637345187, 0.014345482599338297, 0.0018655598691580339, 0.0019693702426884004, 0.0012498879097212995, 0.0007620666962897273, 0.01809749974897634, 0.0009300054640688307, 0.0003413931573040956, 0.0008230278975020847, 0.0012337149718848804, 0.0032319289540050245, 0.0075625217754440345, 0.016262140371161853, 0.0022331198723776627, 0.001755722096905242, 0.0016073652259210956, 0.0004459495950200363, 0.9979307131703662, 0.9982982399134285, 0.9958816472342331, 0.998217755857003, 0.999083345119401, 0.9989671909772462, 0.997504150180252, 0.9975230609502604, 0.9974260815527803, 0.9974243575289061, 0.9734848293939338, 0.9889741148828989, 0.9969491569587932, 0.4999813220615721, 0.9955315951292741, 0.991909081622548, 0.9974732379188662, 0.9984621905473287, 0.997511467922222, 0.9977736140661159, 0.9916441171152172, 0.9918808777443164, 0.9983304093753483, 0.9983753379926659, 0.9978812657212388, 0.9974917180036204, 0.9976460896439721, 0.9977714606734092, 0.9990244800700382, 0.9946787085535013, 0.9981432572540184, 0.9981695882630798, 0.9985239636099716, 0.998325711568955, 0.9974532910575896, 0.9986547086841303, 0.9263493715295585, 0.9124405892917538, 0.9836560193870431, 0.4999813220615721, 0.4999813220615721, 0.4999813220615721, 0.4999813220615721, 0.4999813220615721, 0.4999813220615721, 0.4999813220615721, 0.4999813220615721, 0.4999813220615721, 0.4999813220615721, 0.4999813220615721, 0.4999813220615721, 0.4999813220615721, 0.4999813220615721, 0.4999813220615721, 0.4999813220615721, 0.4999813220615721, 0.4999813220615721, 0.4999813220615721, 0.4999813220615721, 0.4999813220615721, 0.4999813220615721, 0.4999813220615721, 0.4999813220615721, 0.4999813220615721, 0.4999813220615721, 0.4999813220615721, 0.4999813220615721, 0.4999813220615721, 0.4999813220615721, 0.4999813220615721, 0.4999813220615721, 0.4999813220615721, 0.4999813220615721, 0.4999813220615721, 0.4999813220615721, 0.4999813220615721, 0.4999813220615721, 0.4999813220615721, 0.4999813220615721, 0.4999813220615721, 0.4999813220615721, 0.4999813220615721]}}