{"metrics": {"test": {"fp": [0], "f1_score": [0.8], "risk": [0.038461538461538464], "recall": [0.6666666666666666], "sensitivity": [0.6666666666666666], "precision": [1.0], "tp": [2], "tn": [23], "specificity": [1.0], "fn": [1]}, "train": {"fp": [0], "f1_score": [1.0], "risk": [0.0], "recall": [1.0], "sensitivity": [1.0], "precision": [1.0], "tp": [26], "tn": [80], "specificity": [1.0], "fn": [0]}}, "model": {"n_features": 733}, "data": {"path": "/scratch/adrouin/patric_data/single_species_datasets/ciprofloxacin___-9072632565547958275/dataset.kover", "split": "train_0.800_seed_2_10_folds", "uuid": "913e09f2-07c0-11e8-8cac-001b2193b764"}, "predictions": {"binary": [0, 0, 0, 0, 0, 0, 0, 0, 0, 0, 0, 0, 0, 0, 0, 0, 0, 0, 0, 0, 0, 0, 0, 0, 0, 0, 0, 0, 0, 0, 0, 0, 0, 0, 0, 0, 0, 0, 0, 0, 0, 0, 0, 0, 0, 0, 0, 0, 0, 0, 0, 0, 0, 0, 0, 0, 0, 0, 0, 0, 0, 0, 0, 0, 0, 0, 0, 0, 0, 0, 0, 0, 0, 0, 0, 0, 0, 0, 0, 0, 0, 0, 0, 0, 0, 0, 0, 0, 0, 0, 0, 0, 0, 0, 0, 0, 0, 0, 0, 0, 0, 0, 0, 1, 1, 1, 1, 0, 1, 1, 1, 1, 1, 1, 1, 1, 1, 1, 1, 1, 1, 1, 1, 1, 1, 1, 1, 1, 1, 1, 1, 1, 0, 0, 0, 0, 0, 0, 0, 0, 0, 0, 0, 0, 0, 0, 0, 0, 0, 0, 0, 0, 0, 0, 0, 0, 0, 0, 0, 0, 0, 0, 0, 0, 0, 0, 0, 0, 0, 0, 0, 0, 0, 0, 0, 0, 0, 0, 0, 0, 0, 0, 0, 0, 0, 0, 0, 0, 0, 0, 0, 0], "proba": [0.0003913597777678203, 9.794867853523622e-05, 0.0005758812336038659, 0.00021893244139759965, 0.0005686389365413769, 4.415327723438149e-05, 3.3299934548533355e-05, 0.00015717720926013625, 0.0001534663334843086, 7.463807316715907e-05, 0.0006467181312367806, 0.0004760644239665501, 0.00013029209928852538, 0.00025617096113808016, 0.00014216440422695997, 0.002432305524746, 0.0009005219231779945, 7.859281225184904e-05, 0.00023041921307353694, 3.18347025989926e-05, 0.0006128822834317656, 0.000567496901200639, 8.625548676973378e-05, 6.628627103643593e-05, 0.00011316051693759697, 3.66462120465864e-05, 3.558515821113289e-05, 0.00012399875288308885, 7.529399054970527e-05, 7.33468117973234e-05, 0.0015445054972540876, 6.987665920496574e-05, 8.535811906814572e-05, 0.0011299828918941172, 0.00015331267159436995, 0.00020281038532788255, 0.00015331267159436995, 3.608441954050604e-05, 0.00013323539070092506, 0.00018691109804721306, 0.0025825015594487734, 0.00015331267159436995, 3.197197178822779e-05, 0.00016245543368708995, 0.0003025223882820479, 0.00027299779253737267, 7.287607643773873e-05, 2.9098413434110736e-05, 8.704300058461389e-05, 0.0011662459698999234, 0.0017428212251607656, 0.00011860992061182499, 6.767779544145304e-05, 5.1784636500744585e-05, 0.00031066437289932534, 0.00016998363514782183, 2.2266007794977232e-05, 6.161419374340199e-05, 8.417764566457984e-05, 0.0020114479588937435, 0.0002832284244676603, 7.826590512775207e-05, 0.0002149160658231739, 0.003572216102647513, 0.0002775188333238146, 6.275982112894411e-05, 6.456226825542647e-05, 0.00015331267159436995, 9.703025977057035e-05, 7.511491387690434e-05, 0.00010046621266379748, 0.0003256299184044952, 0.0008789371628799881, 0.0005749170292183158, 7.569453450350512e-05, 0.0003115775418186233, 9.371698817030102e-05, 0.00014216440422695997, 2.2266007794977232e-05, 5.06283942563918e-05, 3.44232339500759e-05, 6.767779544145304e-05, 0.00021504744978808195, 0.00014503006617646599, 0.0002504832511388552, 0.0003560253483908937, 0.00041129363960133134, 5.8716173812687596e-05, 0.00019747289051593914, 0.00015779634952972513, 7.99614102775949e-05, 0.00010675534664393757, 0.00019889703976902107, 0.0002748472957205419, 0.00012714791877261965, 0.015091713424710565, 0.00011175015358389241, 0.00012339280147827337, 0.0001693529330143452, 0.0007087112888613419, 0.0025784665886637846, 0.00015173131491197427, 0.0002260314992854661, 0.9998867806211886, 0.997800116148935, 0.9998419317406539, 0.9993232621691936, 0.37960459710549016, 0.9999198852689587, 0.9998010608226441, 0.9998503379384512, 0.999893027720077, 0.9997108959270028, 0.9997794774762704, 0.9997389848706927, 0.9980740029006582, 0.9999216241959608, 0.9994747042507777, 0.9996489368536815, 0.9996674810129272, 0.999874353052633, 0.9996064672003613, 0.9999009934742767, 0.9999277707985711, 0.9999643158338956, 0.9996531388224276, 0.9998222481876256, 0.9998145505293659, 0.9997334401155933, 0.9998813653129509, 0.9997128712473777, 0.9997737354625896, 0.5, 0.5, 0.5, 0.5, 0.5, 0.5, 0.5, 0.5, 0.5, 0.5, 0.5, 0.5, 0.5, 0.5, 0.5, 0.5, 0.5, 0.5, 0.5, 0.5, 0.5, 0.5, 0.5, 0.5, 0.5, 0.5, 0.5, 0.5, 0.5, 0.5, 0.5, 0.5, 0.5, 0.5, 0.5, 0.5, 0.5, 0.5, 0.5, 0.5, 0.5, 0.5, 0.5, 0.5, 0.5, 0.5, 0.5, 0.5, 0.5, 0.5, 0.5, 0.5, 0.5, 0.5, 0.5, 0.5, 0.5, 0.5, 0.5, 0.5]}}