{"metrics": {"test": {"fp": [3], "f1_score": [0.9135802469135802], "risk": [0.14893617021276595], "recall": [0.9024390243902439], "sensitivity": [0.9024390243902439], "precision": [0.925], "tp": [37], "tn": [3], "specificity": [0.5], "fn": [4]}, "train": {"fp": [0], "f1_score": [0.9969040247678018], "risk": [0.005291005291005291], "recall": [0.9938271604938271], "sensitivity": [0.9938271604938271], "precision": [1.0], "tp": [161], "tn": [27], "specificity": [1.0], "fn": [1]}}, "model": {"n_features": 705956}, "data": {"path": "/scratch/adrouin/patric_data/single_species_datasets/meropenem___-3225223558739261696/dataset.kover", "split": "train_0.800_seed_3_10_folds", "uuid": "b4dffeb4-0578-11e8-9929-001b2193b764"}, "predictions": {"binary": [1, 0, 0, 0, 0, 0, 0, 0, 0, 0, 0, 0, 0, 0, 0, 0, 0, 0, 0, 0, 1, 0, 0, 0, 0, 0, 1, 0, 0, 0, 0, 0, 0, 1, 1, 1, 1, 1, 1, 1, 1, 1, 1, 1, 1, 1, 1, 1, 1, 1, 1, 1, 1, 1, 1, 1, 1, 1, 1, 1, 1, 1, 1, 1, 1, 1, 1, 1, 1, 1, 1, 1, 1, 1, 1, 1, 1, 1, 1, 1, 1, 1, 1, 1, 1, 1, 1, 1, 1, 1, 1, 1, 1, 1, 1, 1, 1, 1, 1, 1, 1, 1, 1, 1, 1, 1, 1, 1, 1, 1, 1, 1, 1, 1, 1, 1, 1, 1, 1, 1, 1, 1, 1, 1, 1, 1, 1, 1, 1, 0, 1, 1, 1, 1, 1, 1, 1, 1, 1, 1, 1, 1, 1, 1, 1, 1, 1, 1, 0, 0, 1, 1, 1, 1, 1, 1, 1, 1, 1, 1, 1, 1, 1, 1, 1, 1, 0, 1, 1, 1, 1, 1, 1, 1, 1, 1, 1, 1, 1, 1, 1, 1, 1, 1, 1, 1, 1, 1, 1, 1, 1, 1, 1, 1, 1, 1, 1, 1, 1, 1, 1, 1, 1, 1, 1, 1, 1, 1, 1, 1, 1, 1, 1, 1, 1, 1, 1, 1, 1, 1, 1, 1, 1, 1, 1, 1, 1, 1, 1, 1, 1, 0, 1, 1, 1, 1, 1, 1, 1, 1, 1, 1, 1, 1, 1, 1, 1, 1, 1, 1, 1, 1, 1, 1, 1, 1], "proba": [0.9999348804640276, 4.98389309572758e-06, 1.4066238242638158e-05, 0.048355894619792304, 0.05225577733573014, 5.541098215184386e-06, 0.05225577733573014, 0.0011381270986722102, 5.402292668550152e-06, 4.163332297628678e-06, 5.161999559524636e-06, 4.68528871549427e-06, 5.223452519428186e-06, 4.994696631399772e-06, 5.057123027927278e-06, 5.014010774556836e-06, 0.05225577733573014, 4.995635401945907e-06, 5.048085365307409e-06, 5.004507956031157e-06, 0.9953322226247887, 0.12201878897062535, 5.015963938473385e-06, 5.024772918572566e-06, 5.048085365307409e-06, 0.001251396500017181, 0.9500195195525606, 2.407957317518152e-05, 5.161999559524636e-06, 5.048085365307409e-06, 5.0135494922985375e-06, 5.02335419462855e-06, 0.00011660641761233607, 0.9999900409916485, 0.9999948563581639, 0.9999951695206116, 0.9999955823266253, 0.9970112637513225, 0.9999949575174101, 0.9999950190361768, 0.9999971199622656, 0.9999948861616506, 0.9999791496667555, 0.9998157597351126, 0.9999950111264388, 0.9999930428933522, 0.9999597162023254, 0.994471375692664, 0.9999618030643885, 0.994471375692664, 0.994471375692664, 0.9999950959691515, 0.994471375692664, 0.9999951665605602, 0.9999948820308133, 0.9999928793414885, 0.9998268361944369, 0.9999949929998306, 0.9999947493204778, 0.994471375692664, 0.9748061002823095, 0.9999968126184817, 0.9993409386385689, 0.9999968769016356, 0.9999968769016356, 0.9928779559155179, 0.994471375692664, 0.9999948081249005, 0.994471375692664, 0.9999917627851963, 0.9999951464865822, 0.9999965204349077, 0.9999947309538301, 0.9999946662471091, 0.9999950530686657, 0.9999996146979732, 0.9999847662969767, 0.9999951380895215, 0.9999949732023735, 0.9999811482752331, 0.999860203201952, 0.9999877345567851, 0.9999619489813951, 0.9979940214056646, 0.9992460320509147, 0.9992460320509147, 0.9998979740534357, 0.9992460320509147, 0.9992460320509147, 0.999744158035524, 0.9992460320509147, 0.9992460320509147, 0.9999270393267, 0.9953322226247887, 0.994471375692664, 0.994471375692664, 0.9992460320509147, 0.9999787386889069, 0.9999348804640276, 0.9999924394129442, 0.994156783852813, 0.9999975062471831, 0.9999954301911904, 0.999984900466673, 0.994471375692664, 0.9992460320509147, 0.9992460320509147, 0.9992460223510908, 0.9992460320509147, 0.999994810226834, 0.9999971111230342, 0.9999949863521203, 0.9999949806672337, 0.9999925129056068, 0.760802344527261, 0.9999052343530794, 0.994471375692664, 0.9993998712980394, 0.994471375692664, 0.9995154190080311, 0.994471375692664, 0.9999918114776886, 0.9994626819335894, 0.994471375692664, 0.9999950973777799, 0.9992460320509147, 0.994471375692664, 0.9999976202042122, 0.9999270393267, 0.12858836050100297, 0.7418461078186465, 0.9713341758841672, 0.9999909170960489, 0.994471375692664, 0.994471375692664, 0.9999948731090562, 0.9999948731090562, 0.9999950836482556, 0.9999989012177631, 0.9999956167466332, 0.994471375692664, 0.9992460320509147, 0.994471375692664, 0.994471375692664, 0.994471375692664, 0.994471375692664, 0.994471375692664, 0.9992460320509147, 0.08739844677661526, 0.0039033055301971793, 0.9944734738632011, 0.9992460320509147, 0.9999908924992921, 0.9992460320509147, 0.9999967692479762, 0.9999955099851496, 0.9999926718190726, 0.999992709119843, 0.9997413264952467, 0.994471375692664, 0.9999951830160956, 0.994471375692664, 0.994471375692664, 0.994471375692664, 0.9999958861189132, 0.9999947594542947, 0.048355894619792304, 0.994471375692664, 0.994471375692664, 0.9999348804640276, 0.9999965349610312, 0.9999958538406628, 0.994471375692664, 0.9997768924905465, 0.9992460320509147, 0.9992460320509147, 0.9994626819335894, 0.9996441585617031, 0.9992460320509147, 0.9992460320509147, 0.9999270393267, 0.994471375692664, 0.9999952694932172, 0.9999956694717206, 0.9999987805441295, 0.994471375692664, 0.994471375692664, 0.9992460320509147, 0.9999968756117553, 0.9999929560608976, 0.9999874516959414, 0.994471375692664, 0.994471375692664, 0.994471375692664, 0.9999953923818644, 0.9992460320509147, 0.994471375692664, 0.9992460320509147, 0.9992460320509147, 0.9999984170211496, 0.9999988422328593, 0.9994626819335894, 0.99924243052831, 0.994471375692664, 0.9999801658663063, 0.9996441585617031, 0.994471375692664, 0.9994626819335894, 0.994471375692664, 0.994471375692664, 0.9999947957181311, 0.999480955433081, 0.9999933973769404, 0.999994850524333, 0.9999955520322111, 0.9999955520322111, 0.9992460320509147, 0.9999953125973599, 0.9999952639029093, 0.9999950973777799, 0.9999950973777799, 0.9999950973777799, 0.9999021880902778, 0.9999961704512247, 0.9997398615025399, 0.9998842420887657, 0.9733136023038542, 0.9999478519242356, 0.9999945135079397, 0.994471375692664, 0.9965951814988793, 0.05225577733573014, 0.9992460320509147, 0.9957632670240089, 0.9992460320509147, 0.9999950973777799, 0.994471375692664, 0.994471375692664, 0.994471375692664, 0.994471375692664, 0.994471375692664, 0.994471375692664, 0.994471375692664, 0.994471375692664, 0.994471375692664, 0.994471375692664, 0.994471375692664, 0.994471375692664, 0.994471375692664, 0.994471375692664, 0.994471375692664, 0.994471375692664, 0.994471375692664, 0.994471375692664, 0.994471375692664, 0.994471375692664]}}