{"metrics": {"test": {"fp": [2], "f1_score": [0.46153846153846156], "risk": [0.18666666666666668], "recall": [0.3333333333333333], "sensitivity": [0.3333333333333333], "precision": [0.75], "tp": [6], "tn": [55], "specificity": [0.9649122807017544], "fn": [12]}, "train": {"fp": [11], "f1_score": [0.6095238095238095], "risk": [0.1353135313531353], "recall": [0.5161290322580645], "sensitivity": [0.5161290322580645], "precision": [0.7441860465116279], "tp": [32], "tn": [230], "specificity": [0.9543568464730291], "fn": [30]}}, "model": {"n_features": 4873968}, "data": {"path": "/scratch/adrouin/data/patric/single_species_datasets/para-aminosalicylic_acid___260162261243005161/dataset.kover", "split": "train_0.800_seed_8_10_folds", "uuid": "4327717e-0773-11e8-a02f-001b2193b764"}, "predictions": {"binary": [0, 0, 0, 1, 0, 0, 1, 0, 1, 0, 0, 0, 1, 1, 0, 0, 0, 0, 0, 0, 0, 0, 0, 0, 0, 0, 0, 0, 0, 0, 0, 0, 0, 0, 0, 1, 0, 1, 0, 0, 0, 0, 0, 0, 0, 0, 0, 0, 0, 0, 0, 0, 0, 0, 0, 0, 0, 0, 0, 1, 0, 1, 0, 1, 0, 0, 0, 0, 0, 0, 0, 0, 0, 0, 0, 0, 0, 0, 0, 0, 0, 0, 0, 0, 0, 0, 0, 0, 0, 0, 0, 0, 0, 0, 1, 0, 0, 0, 0, 0, 0, 0, 0, 0, 0, 0, 0, 0, 0, 0, 0, 0, 0, 0, 1, 0, 0, 0, 0, 0, 0, 0, 0, 0, 0, 0, 0, 0, 0, 0, 0, 0, 0, 0, 0, 0, 0, 0, 0, 0, 0, 0, 0, 0, 0, 0, 0, 0, 0, 1, 0, 0, 0, 0, 0, 0, 0, 0, 0, 0, 0, 0, 0, 0, 0, 0, 0, 0, 0, 0, 0, 0, 0, 0, 0, 0, 0, 0, 0, 0, 0, 0, 0, 0, 0, 0, 0, 0, 0, 0, 0, 0, 0, 0, 0, 0, 0, 0, 0, 0, 0, 0, 0, 0, 0, 0, 0, 0, 0, 0, 0, 0, 0, 0, 0, 0, 0, 0, 0, 0, 0, 0, 0, 0, 0, 0, 0, 0, 0, 0, 0, 0, 0, 0, 0, 0, 0, 0, 0, 0, 0, 0, 0, 0, 0, 0, 0, 0, 0, 0, 0, 0, 0, 0, 0, 0, 0, 0, 0, 0, 0, 0, 0, 0, 0, 0, 0, 0, 0, 0, 0, 0, 0, 0, 0, 0, 0, 0, 0, 0, 0, 0, 0, 0, 0, 0, 0, 0, 0, 0, 0, 0, 0, 0, 0, 0, 0, 0, 1, 1, 1, 1, 0, 1, 0, 1, 1, 1, 0, 1, 0, 0, 0, 0, 0, 0, 0, 1, 1, 0, 0, 0, 0, 1, 1, 1, 1, 1, 0, 1, 0, 0, 1, 0, 1, 0, 1, 0, 0, 0, 0, 0, 1, 0, 1, 0, 1, 0, 1, 1, 0, 1, 0, 0, 1, 0, 0, 0, 0, 0, 0, 1, 1, 1, 1, 1, 1, 0, 0, 1, 1, 1, 0, 0, 1, 0, 1, 0], "proba": [0.0649135033713077, 0.10356911380571027, 0.1099921113924676, 0.7453491806587013, 0.10349624695030071, 0.05646134501418469, 0.6657134652179824, 0.09585732798910385, 0.6452558798578033, 0.0748482288827416, 0.08864273012017045, 0.0900143572858367, 0.8033227393933186, 0.7858814650116458, 0.10350401363747497, 0.19871519479339275, 0.10207528478630189, 0.10347461402145668, 0.09363966406223248, 0.08755842519715985, 0.0687735204782734, 0.061132389654761615, 0.06091680167267322, 0.005350757262537323, 0.056269638885824355, 0.06810302451059226, 0.0830376827728968, 0.06250435239527864, 0.0820148044273721, 0.07100315700991965, 0.08185677208491561, 0.07492033918018991, 0.06109712809467309, 0.23142503575845386, 0.19700736406424263, 0.7279455934735981, 0.10237126026096575, 0.5, 0.10304387874367107, 0.10354298008933277, 0.10355224555891553, 0.11831383430505107, 0.09139011816608797, 0.10326794518439181, 0.10165500272939827, 0.10262514125774046, 0.09885172536364821, 0.07908985005898521, 0.0854769446097781, 0.1013857796737552, 0.09732071576984921, 0.10371258985947948, 0.10354388268874598, 0.10356902050676058, 0.09575916908537048, 0.10064037121979118, 0.08488361344423469, 0.10360531127982936, 0.10269004134275285, 0.6836700054233189, 0.09059568991395159, 0.7417688553937037, 0.10353766852593203, 0.8005912293852558, 0.07511833408686759, 0.08128879996835053, 0.10355578735631243, 0.10355956702278114, 0.10354827661101486, 0.10248289667370429, 0.10311740430955722, 0.10356139921439488, 0.10081865476341967, 0.07665235672039128, 0.07184817178319329, 0.09314829554541726, 0.08761473741384247, 0.07896592407001828, 0.07391344625947553, 0.07127807986562701, 0.08498887780215647, 0.06433581280099268, 0.09491514495489994, 0.100765827822846, 0.10284092714690077, 0.07272306082788874, 0.0774656237206598, 0.10353947203870965, 0.10353601191329748, 0.07941127061543077, 0.09025354112596702, 0.0993919455700828, 0.10353199685917357, 0.08959838132781647, 0.6216158676531492, 0.10358257387753067, 0.1002175933717369, 0.1035468949297064, 0.09109273399139146, 0.09924478910353904, 0.09978667338819472, 0.10356634076063112, 0.11555698671127522, 0.10355243579059996, 0.08261004718922278, 0.09146318769567166, 0.07457377479746312, 0.1035959714556267, 0.06784005883648726, 0.09394145179480566, 0.10369978780782496, 0.1618990401038671, 0.09612014065535647, 0.09147815915242268, 0.7701732186144491, 0.0886369021881631, 0.10356694754907678, 0.08791491181210068, 0.10144941658419916, 0.06630603157069435, 0.061442181613805005, 0.07794483969326114, 0.06006516241593701, 0.06185753315906008, 0.07824377181275956, 0.1035028998193232, 0.09784856119230513, 0.08320913970311236, 0.08717822211639904, 0.09609717561738969, 0.09604032547477481, 0.10354581590938972, 0.07992071283677431, 0.1003028179693644, 0.06702582091126535, 0.10353977536594676, 0.18575264816279108, 0.09654907731875187, 0.10125537357074259, 0.10025702041497506, 0.10350330788062, 0.08625118879537085, 0.10143399628056074, 0.08619454578545305, 0.10352007067273006, 0.09620084807745517, 0.10353243760477567, 0.10257091563102035, 0.10353254711743252, 0.6745701442817086, 0.10001551677766171, 0.07086872244642052, 0.09367071698418168, 0.09553919495771734, 0.10352938762590987, 0.09544868935376152, 0.06546824086986203, 0.07076863835884624, 0.10351837687364977, 0.09895924046927412, 0.07504062942904846, 0.10354453781975877, 0.10204859011279643, 0.09909602364775649, 0.11666608088326627, 0.08670018805431695, 0.10348812846962614, 0.10353910497465044, 0.09895154983415165, 0.08879317986630349, 0.07068463319778234, 0.07972526644692152, 0.09591195521249966, 0.20993817642570042, 0.10352012843178135, 0.10349689106359064, 0.07210128232340818, 0.08834519667082393, 0.10348534050210584, 0.10349224453461756, 0.10357253915989646, 0.07342042931059602, 0.1002173762861168, 0.10272594866211687, 0.10355914767555388, 0.10271212737479675, 0.1110498675280527, 0.10352819774021431, 0.10348417855503149, 0.10136013455984406, 0.09810166207239618, 0.08118900048169322, 0.10353848877288792, 0.10350365572482402, 0.10305115998743103, 0.10228429755532835, 0.10210714881296734, 0.06885000674390396, 0.1032945922453447, 0.10527476949134222, 0.09868473736711622, 0.10299038659013124, 0.10068036382334554, 0.08093707962115443, 0.07015792863569986, 0.10104336063099177, 0.09844726199393827, 0.10355690827711472, 0.10165143625089816, 0.10213070776733858, 0.10351960712806854, 0.10357517458106608, 0.10286674814337149, 0.08244848286622525, 0.10338683994325387, 0.10354708238617824, 0.09920913871492607, 0.1285233696608205, 0.10112174991206452, 0.10356848549568487, 0.1120641078555207, 0.10355271370255151, 0.07030461201448557, 0.07077327375304882, 0.10356041471457667, 0.09523172554395148, 0.11607324310259302, 0.12123446743445199, 0.08724227154741591, 0.09774435618240916, 0.10359411063920794, 0.10357278023106824, 0.08345189512393879, 0.10042330793766728, 0.10281502663831305, 0.10220940727412701, 0.1035429555064947, 0.10340947542555969, 0.09545297539217568, 0.09604305251913889, 0.10137569333999781, 0.08037700902592802, 0.17826476507100045, 0.08763967459897619, 0.1061013422778998, 0.07197646168982949, 0.10201043307097188, 0.10225444159137306, 0.10265973802484424, 0.08285225263041113, 0.10276991081213824, 0.08882696165573024, 0.07513171781194378, 0.0997782861426873, 0.10038351196559399, 0.10249642365774389, 0.09311917851767622, 0.08405542307623999, 0.1053479478072248, 0.10072398894032973, 0.10367403995055881, 0.09551569441302757, 0.10049054731353521, 0.10346450434591029, 0.09931228382826413, 0.11673975333961245, 0.10040700978686848, 0.1020503877536221, 0.09223424049747175, 0.20692592833048598, 0.11032701527439316, 0.0985333054042356, 0.1059781343657579, 0.09914748201688937, 0.07996870073743566, 0.0936961125058184, 0.09739870219401271, 0.11302403647046722, 0.07028406838614576, 0.10031225692949097, 0.10932437635663776, 0.10351104540034667, 0.0997279721772557, 0.10171210988042147, 0.10328652026606162, 0.1014342718456611, 0.1011168784881692, 0.10209609023111395, 0.07843264377658687, 0.08137355402834308, 