{"metrics": {"test": {"fp": [0], "f1_score": [0.9855072463768115], "risk": [0.023809523809523808], "recall": [0.9714285714285714], "sensitivity": [0.9714285714285714], "precision": [1.0], "tp": [34], "tn": [7], "specificity": [1.0], "fn": [1]}, "train": {"fp": [1], "f1_score": [0.991304347826087], "risk": [0.011764705882352941], "recall": [0.991304347826087], "sensitivity": [0.991304347826087], "precision": [0.991304347826087], "tp": [114], "tn": [54], "specificity": [0.9818181818181818], "fn": [1]}}, "model": {"n_features": 999982}, "data": {"path": "/scratch/adrouin/patric_data/single_species_datasets/ceftriaxone___-8916328542551230855/dataset.kover", "split": "train_0.800_seed_3_10_folds", "uuid": "91d498f2-07a9-11e8-bb75-001b2193b764"}, "predictions": {"binary": [0, 0, 0, 0, 0, 0, 0, 0, 0, 0, 0, 0, 0, 0, 0, 0, 0, 0, 0, 1, 0, 0, 0, 0, 0, 0, 0, 0, 0, 0, 0, 0, 0, 0, 0, 0, 0, 0, 0, 0, 0, 0, 0, 0, 0, 0, 0, 0, 0, 0, 0, 0, 0, 0, 0, 0, 0, 0, 0, 0, 0, 0, 1, 1, 1, 1, 1, 1, 1, 1, 1, 1, 1, 1, 1, 1, 1, 1, 1, 1, 1, 1, 1, 1, 1, 1, 1, 1, 1, 1, 1, 1, 1, 1, 1, 1, 1, 1, 1, 1, 1, 1, 1, 1, 1, 1, 1, 1, 1, 1, 1, 1, 1, 1, 1, 1, 1, 1, 1, 1, 1, 1, 1, 1, 1, 1, 1, 1, 1, 1, 1, 0, 1, 1, 1, 1, 1, 1, 1, 1, 1, 1, 1, 1, 0, 1, 1, 1, 1, 1, 1, 1, 1, 1, 1, 1, 1, 1, 1, 1, 1, 1, 1, 1, 1, 1, 1, 1, 1, 1, 1, 1, 1, 1, 1, 1, 1, 1, 1, 1, 1, 1, 1, 1, 1, 1, 1, 1, 1, 1, 1, 1, 1, 1, 1, 1, 1, 1, 1, 1, 1, 1, 1, 1, 1, 1, 1, 1, 1, 1, 1, 1, 0, 0, 0, 0, 0, 0, 0, 0, 0, 0, 0, 0, 0, 0, 0, 0, 0, 0, 0, 0, 0, 0, 0, 0, 0, 0, 0, 0, 0, 0, 0, 0, 0, 0, 0, 0, 0, 0, 0, 0, 0, 0, 0, 0], "proba": [0.003750245794927252, 0.00038435235360038, 0.2992963437315738, 0.18634712809234247, 0.34290844362394324, 0.09160701098348335, 7.302033097515729e-06, 0.03661746459917453, 0.003791686267991322, 0.0001638460604684424, 0.0035471875855534493, 0.007304558458458644, 0.06461594594468668, 0.0014856954715991232, 0.062468441833695626, 0.0002355801797324683, 0.00712343958357641, 0.0034179041767800717, 0.0035266806661299315, 0.9838780012900693, 0.004574609339291787, 6.141409659486148e-05, 9.423126091635366e-06, 0.006889655912627165, 0.007038022278291516, 6.221269928561184e-06, 0.0024640140480565384, 0.04235655164155344, 0.0037500297290170305, 0.029945402549299772, 0.0003235189090077361, 0.0037030205824698627, 0.00012292909854304547, 0.09023479998808526, 0.006424020904536661, 7.442605300577008e-06, 8.94502296403081e-06, 0.028311959977130638, 0.004439893938696114, 0.0045517630667281945, 0.06798398376836133, 0.0036549057714904275, 0.0002605472421709229, 0.009570251684098589, 0.0026832484782875177, 6.694022273545933e-06, 0.0029398632434457284, 0.0003591570268728058, 0.31833297393570203, 0.014663362106473161, 0.00786489773539217, 0.0037038880654947748, 0.002270886120136676, 5.814967972535237e-06, 0.00373251192363303, 5.624016373010909e-06, 0.3586719253107025, 0.002769195420658922, 0.20656080093849702, 0.009636242519082022, 0.26270553706644056, 5.766187399604056e-06, 0.8324954569624178, 0.9898088805248679, 0.9894724379677605, 0.9909985226839959, 0.9895842063439231, 0.989395644100791, 0.9902168914097614, 0.9900937479370262, 0.9895982673134758, 0.9903233047197669, 0.9901170889872402, 0.9910271789205316, 0.9867457211267173, 0.9904227071932151, 0.989335176642229, 0.9908231310275204, 0.9897269364330795, 0.9901664002180169, 0.990369578648525, 0.9881268284764279, 0.990706890884961, 0.8449101563425845, 0.9897351770326845, 0.8190479919560166, 0.9899725004240347, 0.9634006725161091, 0.9900797709909939, 0.9894996498270177, 0.9535314269471689, 0.9900502615538567, 0.9903552235376156, 0.9486034895533149, 0.8644189157966495, 0.9906587008844904, 0.9901911564304413, 0.9897300781123103, 0.9902097572497682, 0.9903030834847535, 0.9531979470354669, 0.9905286445718197, 0.9601151422855138, 0.9901062385666243, 0.9899805183970408, 0.9899360836907717, 0.9900929701320135, 0.9894097121785264, 0.9898952717020474, 0.9900914110459106, 0.9897351770326845, 0.8227518054264199, 0.9902116625394534, 0.9817384241181045, 0.9891989592742629, 0.9902427333930172, 0.9901593579009519, 0.9902291536603121, 0.9897840878654435, 0.9902412016540719, 0.9890977100567957, 0.9901585060662975, 0.9893055874938494, 0.9904048556988139, 0.9900931809688743, 0.9902221931680621, 0.7923256975086373, 0.9902428482837167, 0.8874173862320508, 0.990248404458004, 0.9712556417976258, 0.14535173568306636, 0.9899458047759928, 0.8698822601781396, 0.9896259335495888, 0.9807970391383508, 0.9901585060662975, 0.9901637310495619, 0.990279729224575, 0.9903015387301931, 0.9897398622638093, 0.9901969393681499, 0.9898841202001419, 0.9902487860920518, 0.28238892109371705, 0.8570502915677928, 0.9898615991306551, 0.9901506133819642, 0.9893997770931175, 0.9897508607384055, 0.990123997826051, 0.9903435679320925, 0.9902119053212555, 0.9900891870191157, 0.9627690942708041, 0.9902353409497581, 0.9898526044796623, 0.9899584597255204, 0.9898250151416064, 0.9019425560508006, 0.9897800817980176, 0.9896654451858864, 0.9901214198231011, 0.9902397925387586, 0.9903827853945473, 0.9907545392109837, 0.9902764633464234, 0.6525894239835668, 0.9504189984512011, 0.9902514963298038, 0.9902300956808828, 0.9516877215137062, 0.98972291172623, 0.9734192436574841, 0.9676319619237858, 0.8307503512508453, 0.9900651159240169, 0.989828942048355, 0.9668209887197118, 0.9905818871163877, 0.9906274444903573, 0.9896560801274037, 0.9901241828529749, 0.9901297764104291, 0.9567654399117106, 0.9905121406076086, 0.9905369931871326, 0.990121011084433, 0.9516745486902046, 0.9580874303380544, 0.7500111999311027, 0.9895214967063818, 0.9908237164558716, 0.9897593149517392, 0.9907143333591567, 0.9901318319079491, 0.9900608399509113, 0.9896942879542837, 0.9904021322278717, 0.9883812276782072, 0.9586170732849729, 0.9658819944654606, 0.9897941157401884, 0.9726080919244012, 0.9902297544815993, 0.9417387302000048, 0.9889235982316219, 0.8677566055256635, 0.8721610809783983, 0.9903942723680891, 0.9901879662715747, 0.9886095597205978, 0.49934014447361263, 0.49934014447361263, 0.49934014447361263, 0.49934014447361263, 0.49934014447361263, 0.49934014447361263, 0.49934014447361263, 0.49934014447361263, 0.49934014447361263, 0.49934014447361263, 0.49934014447361263, 0.49934014447361263, 0.49934014447361263, 0.49934014447361263, 0.49934014447361263, 0.49934014447361263, 0.49934014447361263, 0.49934014447361263, 0.49934014447361263, 0.49934014447361263, 0.49934014447361263, 0.49934014447361263, 0.49934014447361263, 0.49934014447361263, 0.49934014447361263, 0.49934014447361263, 0.49934014447361263, 0.49934014447361263, 0.49934014447361263, 0.49934014447361263, 0.49934014447361263, 0.49934014447361263, 0.49934014447361263, 0.49934014447361263, 0.49934014447361263, 0.49934014447361263, 0.49934014447361263, 0.49934014447361263, 0.49934014447361263, 0.49934014447361263, 0.49934014447361263, 0.49934014447361263, 0.49934014447361263, 0.49934014447361263]}}