{"metrics": {"test": {"fp": [4], "f1_score": [0.5714285714285715], "risk": [0.07228915662650602], "recall": [0.6666666666666666], "sensitivity": [0.6666666666666666], "precision": [0.5], "tp": [4], "tn": [73], "specificity": [0.948051948051948], "fn": [2]}, "train": {"fp": [1], "f1_score": [0.9850746268656716], "risk": [0.002976190476190476], "recall": [1.0], "sensitivity": [1.0], "precision": [0.9705882352941176], "tp": [33], "tn": [302], "specificity": [0.9966996699669967], "fn": [0]}}, "model": {"n_features": 35209798}, "data": {"path": "/scratch/adrouin/data/patric/single_species_datasets/aztreonam___7053822222416630118/dataset.kover", "split": "train_0.800_seed_5_10_folds", "uuid": "99159066-095d-11e8-a809-001b2193b764"}, "predictions": {"binary": [0, 0, 0, 0, 0, 0, 0, 0, 0, 0, 0, 0, 0, 0, 0, 0, 0, 0, 0, 0, 0, 0, 0, 0, 0, 0, 0, 0, 0, 0, 0, 0, 0, 0, 0, 0, 0, 0, 0, 0, 0, 0, 0, 0, 0, 0, 0, 0, 0, 0, 0, 0, 0, 0, 0, 0, 0, 0, 0, 0, 0, 0, 0, 0, 0, 0, 0, 0, 0, 0, 0, 0, 0, 0, 0, 0, 0, 0, 0, 0, 0, 0, 0, 0, 0, 0, 0, 0, 0, 0, 0, 0, 0, 0, 0, 0, 0, 0, 0, 0, 0, 0, 0, 0, 0, 0, 0, 0, 0, 0, 0, 0, 0, 1, 0, 0, 0, 0, 0, 0, 0, 0, 0, 0, 0, 0, 0, 0, 0, 0, 0, 0, 0, 0, 0, 0, 0, 0, 0, 0, 0, 0, 0, 0, 0, 0, 0, 0, 0, 0, 0, 0, 0, 0, 0, 0, 0, 0, 0, 0, 0, 0, 0, 0, 0, 0, 0, 0, 0, 0, 0, 0, 0, 0, 0, 0, 0, 0, 0, 0, 0, 0, 0, 0, 0, 0, 0, 0, 0, 0, 0, 0, 0, 0, 0, 0, 0, 0, 0, 0, 0, 0, 0, 0, 0, 0, 1, 0, 0, 0, 0, 0, 0, 0, 0, 0, 0, 0, 0, 0, 0, 0, 0, 0, 0, 0, 0, 0, 0, 0, 0, 0, 0, 0, 0, 1, 0, 0, 0, 0, 0, 0, 0, 0, 0, 0, 0, 0, 0, 0, 0, 0, 0, 0, 0, 0, 0, 0, 0, 0, 0, 0, 0, 0, 0, 0, 0, 0, 0, 0, 0, 0, 0, 0, 0, 0, 0, 0, 0, 0, 0, 0, 0, 0, 0, 1, 0, 1, 0, 0, 0, 0, 0, 0, 0, 0, 0, 0, 0, 0, 0, 0, 0, 0, 0, 0, 0, 0, 0, 0, 0, 0, 0, 0, 0, 0, 0, 0, 0, 0, 0, 0, 0, 0, 0, 0, 0, 0, 0, 0, 0, 0, 0, 0, 0, 0, 0, 0, 0, 0, 0, 0, 0, 0, 0, 0, 0, 0, 0, 0, 0, 0, 0, 0, 0, 0, 0, 0, 0, 0, 0, 0, 0, 0, 0, 0, 0, 0, 0, 0, 0, 0, 0, 0, 0, 0, 0, 0, 0, 0, 1, 1, 1, 1, 1, 1, 1, 1, 1, 1, 1, 1, 1, 1, 1, 1, 1, 1, 1, 0, 0, 1, 1, 1, 1, 1, 1, 1, 1, 1, 1, 1, 1, 1, 1, 1, 1, 1, 1], "proba": [0.050655765270925024, 0.04170875323185017, 0.04171767213816126, 0.0417679825275009, 0.05040340138303214, 0.04456102913335133, 0.03913034188836168, 0.036173180711547966, 0.03576656293528653, 0.04172773744256192, 0.04169113337492041, 0.04172670499580875, 0.04174965860059939, 0.04172169274642369, 0.04273318839236881, 0.04157381385949659, 0.044809308116406, 0.03860727463990954, 0.038065891702551875, 0.04171423351024721, 0.04172228414556347, 0.04174068163841876, 0.04174068800066088, 0.04073723714552942, 0.04101932395003468, 0.04166132922427285, 0.04138824827055905, 0.0393578565674558, 0.04000993122699076, 0.03590371013987087, 0.040666435236217616, 0.02581043733156288, 0.03605774314655973, 0.04175060584837589, 0.03126502166920344, 0.0376497396637321, 0.04174570971848558, 0.04173573081427154, 0.05018853972294963, 0.03179693763749686, 0.0417249582252691, 0.04822135836202114, 0.04125550348136133, 0.04170601025873499, 0.03537594298803684, 0.0406119356308217, 0.037409823750231504, 0.04140488560653967, 0.041758139728568615, 0.04172151246643159, 0.04171997820680188, 0.016380025847485883, 0.030884684807321268, 0.03125331574610483, 0.041746203903465874, 0.03768183478715648, 0.026730270275608606, 0.04172919831425751, 0.0355898709371439, 0.019866194789115662, 0.025091692708418826, 0.035764558613386614, 0.041709368173238046, 0.041761069823531005, 0.041728409276055645, 0.04729375923874329, 0.03588119160583352, 0.03439922698318204, 0.027383963733716325, 0.040395480373461086, 0.04175937635078071, 0.037428242764222526, 0.04148626584544428, 0.046324324385167745, 0.03725821591970882, 0.04173915259444024, 0.04173450353404815, 0.0389050660786366, 0.044664425861260924, 0.041787433381212685, 0.04581409959910786, 0.04169921823307688, 0.03986122710541842, 0.03869066456514282, 0.038067282293511764, 0.04125340028659359, 0.04195387594565191, 0.03595772337290851, 0.03612668184459942, 0.037335059156664074, 0.03488532257320016, 0.04181814709036885, 0.03831198629730282, 0.0417610787065632, 0.0478947537528889, 0.0417829684315343, 0.040679914448950485, 0.039743511351038076, 0.02734146662942267, 0.030768228230914036, 0.041733658493588975, 0.02579973034513449, 0.025234319837799377, 0.02929614913375411, 0.024279980110165522, 0.04020872224083226, 0.04173846116308503, 0.04175968855810491, 0.024768283382535936, 0.050932121034399626, 0.03721252701560757, 0.041744813760855703, 0.05043559240568282, 0.8212973529491058, 0.028683352350720843, 0.03713074507662388, 0.03647932364758501, 0.041235904443949735, 0.03602622913229076, 0.03873539838312736, 0.03787760722165487, 0.036658582950100854, 0.04174324556863771, 0.03566612535863334, 0.04173106814169316, 0.03438950772206286, 0.03991106732701185, 0.04175740156785084, 0.04173718509351214, 0.041762245305169796, 0.03756262824912789, 0.04172767100997511, 0.03550602944124251, 0.04167895436009826, 0.036032960576652465, 0.044558289664491595, 0.034362764280424236, 0.03151004649479119, 0.029327779100477906, 0.04175509370479102, 0.041768396080666646, 0.041746720218199286, 0.04171733243192846, 0.03014841507570911, 0.05110843782392508, 0.041726910211356126, 0.07713201844364513, 0.06535816247822826, 0.031179708092816574, 0.0317248558126874, 0.035342975757610286, 0.04172104762091089, 0.04175271438375986, 0.041720750809673794, 0.04176402927065479, 0.03794130876780374, 0.0316689076004129, 0.04175912013522653, 0.03694762034074734, 0.04173363603742796, 0.04176102861569748, 0.039446784953141335, 0.04174723666068285, 0.04172121068570982, 0.0446637035119694, 0.04177891054494197, 0.03507254364950031, 0.04154710572926163, 0.041788425378777715, 0.1434516587381808, 0.04174795277702509, 0.041306481932437855, 0.12721261836616243, 0.05645545970304295, 0.04173598661686977, 0.06070460473620278, 0.041748044516444774, 0.03551033526494485, 0.04175376231517995, 0.06306949044079571, 0.027217194854501418, 0.04004253762873006, 0.04171367331727444, 0.041716055850497674, 0.03947805634566216, 0.03877279312361568, 0.03460152563526909, 0.03438569857310985, 0.041779282012245, 0.023554304661420163, 0.08010441298167843, 0.026046457131614846, 0.04175473818998485, 0.04174681293802387, 0.25744151323357867, 0.04176113072022547, 0.041734157283985746, 0.0406497109751489, 0.04175275811605449, 0.02815041863241286, 0.020149077225992268, 0.04177636139969234, 0.041724066199529265, 0.037341171380752845, 0.053525511536175005, 0.19211320604046833, 0.5674667530583563, 0.041746494339192516, 0.033362966449030224, 0.04174644747460017, 0.05006353013842756, 0.041099146902089254, 0.04170826477477363, 0.03029293863861544, 0.041759145249546624, 0.04173898721310174, 0.041703571981149705, 0.039527599411222955, 0.04176542383869119, 0.033924063259448044, 0.035036220588131724, 0.04025263142428202, 0.04175657805768586, 0.028986895948908804, 0.024525652920778056, 0.036749161908885664, 0.03541973829811258, 0.04174677370700406, 0.04046583122716111, 0.041711778479176884, 0.030551112028157797, 0.028877752805946743, 0.029390690004154025, 0.035734601300504765, 0.03434456448537795, 0.667457057421701, 0.03717437275236743, 0.04171155418460784, 0.04173913582341541, 0.033194832137436174, 0.04174024654481817, 0.035580887564751765, 0.03728283918225565, 0.04175127971276491, 0.03726356361444293, 0.03839037699837822, 0.03696778732139267, 0.040579666647983126, 0.03423251903609227, 0.030839799573844057, 0.041770902253120856, 0.036961958230274226, 0.038388586201615844, 0.03416308540217967, 0.03521713233561366, 0.03768680367335729, 0.03757278361425085, 0.04174256337074457, 0.04433940506553681, 0.04174025122938907, 0.03914370353031369, 0.03433205427777877, 0.04174373074770386, 0.03466477526600391, 0.03529578072090382, 0.035319425034794155, 0.03645327824757012, 0.03437522465355791, 0.03410665028308494, 0.04174612541167157, 0.03223852526066278, 0.041750603705365076, 0.03748350043625203, 0.041748359602872, 0.06316841511787301, 0.04171600304225821, 0.04174841498572603, 0.03850447003715693, 0.04157264736745033, 0.04173066064958207, 0.03359509951766835, 