{"metrics": {"test": {"fp": [0], "f1_score": [0.9777777777777777], "risk": [0.029411764705882353], "recall": [0.9565217391304348], "sensitivity": [0.9565217391304348], "precision": [1.0], "tp": [22], "tn": [11], "specificity": [1.0], "fn": [1]}, "train": {"fp": [0], "f1_score": [1.0], "risk": [0.0], "recall": [1.0], "sensitivity": [1.0], "precision": [1.0], "tp": [83], "tn": [56], "specificity": [1.0], "fn": [0]}}, "model": {"n_features": 78717}, "data": {"path": "/scratch/adrouin/patric_data/single_species_datasets/ciprofloxacin___672792900560953954/dataset.kover", "split": "train_0.800_seed_3_10_folds", "uuid": "fe42f54a-0797-11e8-b63e-001b2193b764"}, "predictions": {"binary": [0, 0, 0, 0, 0, 0, 0, 0, 0, 0, 0, 0, 0, 0, 0, 0, 0, 0, 0, 0, 0, 0, 0, 0, 0, 0, 0, 0, 0, 0, 0, 0, 0, 0, 0, 0, 0, 0, 0, 0, 0, 0, 0, 0, 0, 0, 0, 0, 0, 0, 0, 0, 0, 0, 0, 0, 0, 0, 0, 0, 0, 0, 0, 0, 0, 0, 0, 1, 1, 1, 1, 1, 1, 1, 1, 1, 1, 1, 1, 1, 1, 1, 1, 1, 1, 1, 1, 1, 1, 1, 1, 1, 1, 1, 1, 1, 1, 1, 1, 1, 1, 1, 1, 1, 1, 1, 1, 0, 1, 1, 1, 1, 1, 1, 1, 1, 1, 1, 1, 1, 1, 1, 1, 1, 1, 1, 1, 1, 1, 1, 1, 1, 1, 1, 1, 1, 1, 1, 1, 1, 1, 1, 1, 1, 1, 1, 1, 1, 1, 1, 1, 1, 1, 1, 1, 1, 1, 1, 1, 1, 1, 1, 1, 1, 1, 1, 1, 1, 1, 1, 1, 1, 1, 1, 1, 1, 1, 1, 1, 1, 1, 1, 1, 1, 1, 1, 1, 1, 1, 1, 1, 1], "proba": [0.00039147666255661204, 1.3771137790917935e-05, 1.8113034048634986e-06, 1.3696745580979262e-05, 1.3960482276815716e-05, 1.3727577270638183e-05, 1.3840451017718359e-05, 1.1431428270266384e-05, 1.3358821478299426e-05, 1.3111231076196384e-05, 1.4279939130599943e-05, 1.3685627768486373e-05, 1.4112801237751798e-05, 1.2976252557548201e-05, 1.413490325470768e-05, 1.3649161128057155e-05, 1.371443251963123e-05, 1.4179854177078265e-05, 1.3280334169537041e-05, 1.4051079765907375e-05, 4.5907298264625345e-06, 4.483395329412854e-06, 1.3658570263743349e-05, 1.3281783508568498e-05, 1.3422347880227363e-05, 1.3510113846583027e-05, 2.252589673092507e-05, 1.3210280844311932e-05, 1.4198231965624841e-05, 1.3959261749934886e-05, 1.3487013129147246e-05, 1.3557518427999937e-05, 1.3614924247661927e-05, 8.4743256989575e-05, 1.3643930960282611e-05, 1.3439403489619887e-05, 1.3929344944195334e-05, 1.8788881708332255e-05, 1.3743069100765099e-05, 1.3684325370627171e-05, 1.3246671979437455e-05, 1.3018120850692341e-05, 1.3477126622626475e-05, 1.3607649551620885e-05, 1.330116054204826e-05, 1.3589497971897046e-05, 1.3704461988694706e-05, 1.3137766076647081e-05, 1.3754722566888058e-05, 1.3657530768344885e-05, 1.3805275231251007e-05, 1.3176158011818535e-05, 1.3672266122364355e-05, 1.350807850356828e-05, 1.4497418761888439e-05, 1.3758040296734333e-05, 1.3492043858860736e-05, 1.3862111104374746e-05, 1.3398045444747801e-05, 1.3665132575500202e-05, 7.74886797450138e-06, 1.3789128990235497e-05, 1.872972399148226e-05, 1.333310090618409e-05, 1.3627688607913812e-05, 1.334484119917601e-05, 1.1357367303652967e-05, 0.9999855363858775, 0.9999862983275153, 0.9999785296162944, 0.999987062357746, 0.9999864485840615, 0.999985952284086, 0.9999868170482997, 0.9999869775401388, 0.9999860278162686, 0.9999874264559578, 0.9999863821009856, 0.9999866394807819, 0.9999923835411841, 0.9999864020691015, 0.9998282384302832, 0.9999867459965014, 0.9999865684106638, 0.9999861888045195, 0.999985814765374, 0.9999866816967126, 0.9999862972826349, 0.9999864973761887, 0.9999861405251469, 0.9998563713527903, 0.9999871005988259, 0.9999866210242282, 0.9999918113436935, 0.9999872255493413, 0.9999863476289741, 0.9999865635795155, 0.9999670581267898, 0.9999857966582204, 0.9999862837651843, 0.9999860751415212, 0.9999860216454949, 0.9999862587402081, 0.9999869312128331, 0.9999787957243086, 0.9999863028249042, 0.9999652763653323, 0.007582979351659479, 0.9999862790752135, 0.9999859659470859, 0.9999906203512586, 0.9999870076952414, 0.999985703617018, 0.9999862289420843, 0.9999863755126263, 0.9999863308702843, 0.9999856806433263, 0.9999865602771747, 0.9999859061075523, 0.9999824106038357, 0.9999865453377547, 0.9999863910224716, 0.9999870993568912, 0.9999872217945401, 0.9999854497260641, 0.9999861901585461, 0.9999867280070499, 0.9999869015090737, 0.9999859806259531, 0.999974134878077, 0.9999866684267222, 0.9999672347969704, 0.9999860691308196, 0.999986411807647, 0.9999852674288069, 0.9999872794113454, 0.9999863418232784, 0.9999863217135831, 0.999983145016163, 0.999986431214001, 0.9999868535966461, 0.9999866030874281, 0.9999505006107776, 0.9999862224635626, 0.9999861023734175, 0.999986232451583, 0.9999862686191046, 0.9999763489839651, 0.9999804895849596, 0.9999849283802693, 0.9999877045191267, 0.9999862880993616, 0.9999342347397459, 0.9999864571774636, 0.9999860729403229, 0.9999866703353657, 0.9999853275316382, 0.9999856947545989, 0.9999865863894235, 0.9999862074733686, 0.9999856479402944, 0.999985271735282, 0.9999864627541893, 0.9999871371691837, 0.9999866586786439, 0.9999865832454068, 0.9999860469079572, 0.9999862997119703, 0.9999869733502591, 0.9999860768669812, 0.9999862909518014, 0.9999847564897699, 0.9999732931528218, 0.5000011944416929, 0.5000011944416929, 0.5000011944416929, 0.5000011944416929, 0.5000011944416929, 0.5000011944416929, 0.5000011944416929, 0.5000011944416929, 0.5000011944416929, 0.5000011944416929, 0.5000011944416929, 0.5000011944416929, 0.5000011944416929, 0.5000011944416929, 0.5000011944416929, 0.5000011944416929, 0.5000011944416929, 0.5000011944416929, 0.5000011944416929]}}