{"metrics": {"test": {"fp": [2], "f1_score": [0.8421052631578948], "risk": [0.21428571428571427], "recall": [0.8888888888888888], "sensitivity": [0.8888888888888888], "precision": [0.8], "tp": [8], "tn": [3], "specificity": [0.6], "fn": [1]}, "train": {"fp": [2], "f1_score": [0.9610389610389611], "risk": [0.05], "recall": [0.9736842105263158], "sensitivity": [0.9736842105263158], "precision": [0.9487179487179487], "tp": [37], "tn": [20], "specificity": [0.9090909090909091], "fn": [1]}}, "model": {"n_features": 1000000}, "data": {"path": "/scratch/adrouin/data/patric/single_species_datasets/ofloxacin___2202579077548954665/dataset.kover", "split": "train_0.800_seed_8_10_folds", "uuid": "65ccc8c6-06bc-11e8-951f-001b2193b764"}, "predictions": {"binary": [0, 0, 0, 0, 0, 0, 0, 0, 0, 0, 0, 1, 0, 1, 0, 1, 0, 0, 0, 0, 1, 0, 0, 0, 0, 0, 0, 0, 1, 1, 1, 1, 1, 1, 1, 1, 1, 1, 1, 1, 1, 1, 1, 1, 1, 1, 0, 1, 1, 1, 1, 1, 1, 1, 1, 1, 1, 1, 1, 1, 1, 1, 1, 1, 1, 1, 1, 1, 1, 1, 1, 1, 1, 1, 1, 1, 1, 1, 1, 1, 1, 1, 1, 1, 1, 1, 1, 1, 1, 1, 1, 1, 1, 1, 1, 1, 1, 1, 1, 1, 1, 1, 1, 1, 1, 1, 1, 1, 1, 1, 1, 1, 1, 1, 1, 1, 1, 1, 1, 1, 1, 1, 1, 1, 1, 1, 1, 1], "proba": [0.04025147116735001, 0.01581285172800332, 0.07647458432256865, 0.23399998085707513, 0.08643667255655603, 0.3052070561891364, 0.056368209183854594, 0.15686980540912004, 0.1164311101074947, 0.10785574409701763, 0.10674395566418779, 0.6666823540638407, 0.0077729113188122435, 0.8102765583542657, 0.006099994297568641, 0.6569736919625874, 0.06549973739543093, 0.027347240311477228, 0.027293942196784413, 0.1276674380874953, 0.6658595543560263, 0.06713443429266473, 0.04835452794091036, 0.02553263525614075, 0.0304857001044311, 0.07800295078862042, 0.014684009866255279, 0.32228490722129954, 0.8696710878878727, 0.9912014507504143, 0.9917855563083482, 0.8056152733639877, 0.9605435391972441, 0.990774706389977, 0.7906978387141659, 0.9918568644556495, 0.7969463583611104, 0.9915961908280245, 0.6811592322683054, 0.6801493954841699, 0.9907245180416776, 0.9916691384655921, 0.6818779058669476, 0.9918083501701959, 0.930362285054186, 0.8695775372129345, 0.44043140183416063, 0.924489468972576, 0.6811158681138071, 0.6801493954841699, 0.9908377966740793, 0.8138297706864129, 0.9907926842244477, 0.991662859552336, 0.9917876584030658, 0.9899233234095212, 0.7838462946182861, 0.681813474659535, 0.9918624335345009, 0.9918444682736745, 0.7248078556078492, 0.680597416081293, 0.9573640200141282, 0.9907060209668971, 0.8519066326004854, 0.9909177503740053, 0.6801962253128481, 0.9909424674819538, 0.6816450934475803, 0.6807379268377641, 0.680986165838344, 0.6812175105086926, 0.9916541868046942, 0.9593388486125045, 0.5000127380234226, 0.5000127380234226, 0.5000127380234226, 0.5000127380234226, 0.5000127380234226, 0.5000127380234226, 0.5000127380234226, 0.5000127380234226, 0.5000127380234226, 0.5000127380234226, 0.5000127380234226, 0.5000127380234226, 0.5000127380234226, 0.5000127380234226, 0.5000127380234226, 0.5000127380234226, 0.5000127380234226, 0.5000127380234226, 0.5000127380234226, 0.5000127380234226, 0.5000127380234226, 0.5000127380234226, 0.5000127380234226, 0.5000127380234226, 0.5000127380234226, 0.5000127380234226, 0.5000127380234226, 0.5000127380234226, 0.5000127380234226, 0.5000127380234226, 0.5000127380234226, 0.5000127380234226, 0.5000127380234226, 0.5000127380234226, 0.5000127380234226, 0.5000127380234226, 0.5000127380234226, 0.5000127380234226, 0.5000127380234226, 0.5000127380234226, 0.5000127380234226, 0.5000127380234226, 0.5000127380234226, 0.5000127380234226, 0.5000127380234226, 0.5000127380234226, 0.5000127380234226, 0.5000127380234226, 0.5000127380234226, 0.5000127380234226, 0.5000127380234226, 0.5000127380234226, 0.5000127380234226, 0.5000127380234226]}}