{"metrics": {"test": {"fp": [7], "f1_score": [0.5714285714285715], "risk": [0.12121212121212122], "recall": [0.6153846153846154], "sensitivity": [0.6153846153846154], "precision": [0.5333333333333333], "tp": [8], "tn": [79], "specificity": [0.9186046511627907], "fn": [5]}, "train": {"fp": [2], "f1_score": [0.9871794871794872], "risk": [0.005012531328320802], "recall": [1.0], "sensitivity": [1.0], "precision": [0.9746835443037974], "tp": [77], "tn": [320], "specificity": [0.9937888198757764], "fn": [0]}}, "model": {"n_features": 999234}, "data": {"path": "/scratch/adrouin/data/patric/single_species_datasets/amikacin___-9072632565547958275/dataset.kover", "split": "train_0.800_seed_2_10_folds", "uuid": "af064fce-07bd-11e8-810d-001b2193b764"}, "predictions": {"binary": [0, 0, 0, 0, 0, 0, 1, 0, 0, 0, 0, 0, 0, 0, 0, 0, 0, 0, 0, 0, 0, 0, 0, 0, 0, 0, 0, 0, 0, 0, 0, 0, 0, 1, 0, 0, 0, 0, 0, 0, 0, 0, 0, 0, 0, 0, 0, 0, 0, 0, 0, 0, 0, 0, 0, 0, 0, 0, 0, 0, 0, 0, 0, 0, 0, 0, 0, 0, 0, 0, 0, 0, 0, 0, 0, 0, 0, 0, 0, 0, 0, 0, 0, 0, 0, 0, 0, 0, 0, 0, 0, 0, 0, 0, 0, 0, 0, 0, 0, 0, 0, 0, 1, 0, 0, 0, 0, 0, 0, 0, 0, 0, 0, 0, 0, 0, 0, 0, 0, 0, 0, 0, 0, 0, 0, 0, 0, 0, 0, 0, 0, 0, 0, 0, 0, 0, 0, 1, 0, 0, 0, 0, 0, 0, 0, 0, 0, 0, 0, 0, 0, 0, 0, 0, 0, 0, 0, 0, 0, 0, 0, 0, 0, 0, 0, 0, 0, 0, 0, 0, 0, 0, 0, 0, 0, 0, 0, 0, 0, 0, 0, 0, 0, 0, 0, 0, 0, 0, 0, 0, 0, 0, 0, 0, 0, 0, 0, 0, 0, 0, 0, 0, 0, 0, 0, 0, 0, 0, 0, 0, 0, 0, 0, 0, 0, 0, 0, 0, 0, 0, 0, 0, 0, 0, 0, 0, 0, 0, 0, 0, 0, 0, 0, 0, 0, 0, 0, 0, 0, 0, 0, 0, 0, 0, 0, 0, 1, 0, 0, 0, 0, 0, 1, 0, 0, 0, 0, 0, 0, 0, 0, 0, 0, 0, 0, 0, 0, 0, 0, 0, 0, 0, 0, 0, 0, 0, 0, 0, 0, 0, 0, 0, 0, 0, 0, 0, 0, 0, 0, 0, 0, 0, 0, 0, 0, 0, 1, 0, 0, 0, 0, 0, 0, 0, 0, 0, 0, 0, 0, 0, 0, 0, 0, 0, 0, 0, 0, 0, 0, 0, 0, 0, 0, 0, 0, 0, 0, 0, 0, 0, 0, 0, 0, 0, 0, 0, 0, 0, 0, 0, 0, 0, 0, 0, 0, 0, 0, 0, 0, 0, 0, 0, 0, 0, 0, 0, 0, 0, 0, 1, 0, 0, 0, 0, 0, 0, 0, 0, 0, 0, 0, 0, 0, 0, 0, 0, 0, 0, 0, 0, 0, 0, 0, 0, 1, 0, 0, 0, 0, 0, 0, 0, 0, 0, 0, 0, 0, 0, 0, 0, 0, 0, 0, 0, 0, 0, 0, 0, 1, 1, 1, 1, 1, 1, 1, 1, 1, 1, 1, 1, 1, 1, 1, 1, 1, 1, 1, 1, 1, 1, 1, 1, 1, 0, 1, 1, 1, 1, 1, 1, 1, 1, 1, 1, 1, 1, 1, 1, 1, 1, 0, 1, 1, 1, 1, 1, 1, 1, 1, 1, 1, 1, 1, 1, 1, 1, 0, 1, 1, 1, 1, 1, 1, 1, 1, 1, 1, 1, 1, 1, 1, 1, 1, 1, 1, 1, 1, 1, 1, 1, 0, 1, 1, 0, 1, 1, 1, 1, 0, 0, 0, 0, 0, 0, 0, 0, 0, 0, 0, 0, 0, 0], "proba": [4.959384296174907e-05, 0.00022903549714261466, 0.0004095918336505072, 6.900397229021951e-09, 8.079983945428276e-09, 0.0003875243322503926, 0.9838011912398716, 1.7587600422550203e-05, 9.425218952889001e-05, 3.2677430372035993e-09, 1.3314991438898758e-07, 6.588707786730267e-05, 1.5344959830142587e-07, 5.963015642131012e-09, 3.596134727921084e-06, 2.054278667377598e-09, 1.7869185369796464e-10, 9.333624176729092e-06, 2.7867437617447287e-05, 4.386288783784615e-08, 0.0023858746686090185, 7.662747489395846e-06, 5.409105202701726e-05, 0.000495646979396193, 0.0006036210597552186, 0.09040846203074934, 0.00034646931935205843, 6.473559294616337e-05, 0.0015853808226781833, 0.0010197440633714786, 4.122888278370083e-09, 3.767340519145468e-09, 1.4196046169207891e-05, 0.9999860657131446, 0.0008867638159213848, 8.170469813941023e-06, 4.248785159484198e-05, 4.7951875171065516e-05, 2.9914142244958927e-05, 0.00026385279199564243, 3.144666978871328e-05, 5.6348919909116536e-05, 1.3887296179335721e-09, 2.5445318917956565e-05, 4.4342490341004405e-08, 1.4508004006613286e-05, 1.8761282628064486e-11, 0.25185834273701185, 1.188552375600785e-08, 0.0011832363627738084, 0.009710859148013621, 3.729918220731046e-08, 1.5231724797718871e-05, 0.00016696846458841595, 4.1619897813824705e-05, 5.68027100906346e-05, 5.954440840880425e-06, 4.282413913326951e-05, 2.071597699842241e-08, 1.3052415873546342e-08, 1.1822950079263282e-06, 9.625167833344253e-06, 1.2938694158301338e-07, 4.191268320622895e-10, 1.3715334938384207e-09, 1.875339607819631e-05, 5.285922332688378e-05, 0.00023269251726768686, 0.00020199237572354477, 0.00021186308604310248, 6.800247983338182e-10, 0.00014222970705852675, 0.00033354383556656136, 3.231649674356133e-08, 2.037474798506622e-06, 3.444317081237948e-05, 5.347518173224709e-08, 0.00023857218730251602, 7.553087551904091e-06, 4.052208914353494e-05, 9.210479173559356e-05, 0.0040051552640915835, 9.407693515208623e-07, 1.1348923842679032e-05, 0.00048272663774562443, 0.0032433998433631156, 0.004785532403729888, 2.1965326314265906e-05, 0.00017187665124119983, 0.0026850708410306413, 6.167118478089284e-05, 6.453360311402713e-09, 7.360539193563099e-05, 7.272826362676676e-06, 7.428192354284651e-06, 2.7430234152313415e-08, 4.578622604660506e-06, 0.0030969966717979687, 1.3196110062037834e-05, 1.7496522707083627e-05, 5.545449350893813e-05, 1.0951961660667514e-05, 0.780331754018513, 3.66726268650579e-05, 5.885322325952121e-05, 3.6051361070644315e-05, 1.0494878409075946e-05, 0.000257788867669266, 0.000148954475168147, 2.3101972086231938e-07, 8.830594258401525e-05, 0.00010139223648824661, 4.967121632477989e-06, 4.1651666607261616e-05, 5.209942399753662e-05, 3.939277822999014e-05, 2.491684909918191e-05, 2.453161510478981e-05, 0.00016040535680456307, 9.829052753973938e-06, 3.789079865356092e-05, 1.8542350537653713e-05, 1.1466416241436645e-05, 3.0704562007484746e-07, 1.2789526243323681e-05, 3.381112868756839e-07, 4.1730343272343414e-05, 1.9027150634227442e-05, 4.303609869531425e-05, 0.00019770152582607943, 5.4841855858635426e-05, 4.82564536516117e-05, 1.7429281241126057e-08, 7.360539193563099e-05, 6.840850469337752e-05, 4.50146208590214e-08, 3.6638799095679496e-05, 0.9999940301715675, 0.00013357502676600554, 0.0001303887221235387, 0.0019199989845931288, 1.0274943235888955e-05, 1.2134698881536933e-05, 0.0005484971703078061, 0.0002545548027541069, 2.1842937702616698e-05, 5.023412117987362e-05, 8.37951324329241e-07, 4.95676998579824e-06, 3.834626317000581e-06, 6.2683668625964335e-09, 1.7660633119728245e-06, 1.8280403541786038e-05, 5.413586942651635e-08, 1.5823321237210987e-06, 1.2260602605716505e-06, 2.5984534394587746e-06, 1.670695837405811e-05, 0.0002187820936722313, 1.5904338823616987e-07, 1.0821557471553232e-05, 3.25400470653343e-07, 9.545594204070917e-06, 6.211166525280836e-06, 0.0001769020660759753, 1.051051325048786e-05, 0.00013839624562554532, 0.01498510250420969, 4.6649876319686995e-07, 5.622402055664868e-07, 0.007562939936844247, 0.0007003910684526871, 6.488387347734284e-06, 0.0006950934471936248, 9.076976524435773e-05, 2.5568793212523042e-05, 8.884410499557853e-09, 5.3361001270894895e-09, 6.145594190127051e-08, 0.0002965201235823978, 1.4218877550511678e-06, 0.4268299436311087, 0.00039528913641352707, 6.3762578565276895e-06, 7.256272729752922e-07, 0.00012511029091311434, 1.9108964777597826e-05, 0.00010296999878917635, 0.0003023841014223173, 5.487873618869467e-05, 0.00011441080805082015, 2.341765237224903e-06, 1.9152961777777173e-07, 8.659039198254731e-09, 9.823600753789006e-06, 0.0007976944174719404, 0.0007787461234635597, 2.5918961533473356e-06, 4.6614399930814436e-05, 0.00019864389009848534, 8.210413094408238e-07, 3.3461644383133257e-06, 1.7334778040322817e-06, 1.148630479463123e-11, 5.7773621638358665e-06, 3.7975300100017296e-10, 6.2109155479824855e-09, 7.805244348779069e-10, 8.35750561051998e-07, 0.0009989542542547878, 2.6448531078036378e-08, 2.304544712370818e-05, 5.096643174875136e-09, 5.2675905650567865e-05, 3.878421700459604e-05, 2.9395543893498116e-05, 1.834630189528013e-06, 0.003259289098811673, 2.809511433713213e-07, 4.052208914353494e-05, 1.905338254396179e-09, 8.716661771805199e-06, 1.3364281151594042e-05, 0.0006647128611762148, 3.7969208303912797e-07, 2.1617677867855054e-06, 1.1124499678878775e-08, 7.348037823656081e-06, 2.5937984686661053e-05, 0.00014397055818600975, 0.0015612537025125608, 3.854251344921135e-07, 6.598761920339249e-05, 7.978114697238156e-06, 1.3014077879715113e-06, 9.810228430563897e-05, 4.670839027946106e-06, 5.2244884949078426e-08, 8.508873787337642e-05, 5.0871103759347144e-05, 0.00018994018114415235, 0.004495657545390126, 0.3450146642530339, 0.0003479372762725824, 