{"metrics": {"test": {"fp": [1], "f1_score": [0.9739130434782608], "risk": [0.043478260869565216], "recall": [0.9655172413793104], "sensitivity": [0.9655172413793104], "precision": [0.9824561403508771], "tp": [56], "tn": [10], "specificity": [0.9090909090909091], "fn": [2]}, "train": {"fp": [7], "f1_score": [0.9822222222222222], "risk": [0.02877697841726619], "recall": [0.9954954954954955], "sensitivity": [0.9954954954954955], "precision": [0.9692982456140351], "tp": [221], "tn": [49], "specificity": [0.875], "fn": [1]}}, "model": {"n_features": 6864155}, "data": {"path": "/scratch/adrouin/data/patric/single_species_datasets/tetracycline___-736338835843459561/dataset.kover", "split": "train_0.800_seed_0_10_folds", "uuid": "9aaa5c84-07f7-11e8-bc88-001b2193b764"}, "predictions": {"binary": [0, 0, 0, 0, 0, 0, 0, 0, 0, 0, 0, 0, 0, 0, 0, 0, 0, 0, 0, 0, 0, 0, 1, 0, 0, 0, 0, 0, 0, 1, 0, 0, 0, 0, 0, 1, 0, 0, 0, 0, 0, 0, 0, 0, 0, 0, 0, 0, 0, 0, 0, 0, 1, 1, 0, 0, 0, 0, 0, 0, 1, 0, 0, 1, 0, 0, 1, 1, 1, 1, 1, 1, 1, 1, 1, 1, 1, 1, 1, 1, 1, 1, 1, 1, 0, 1, 1, 1, 1, 1, 1, 1, 1, 1, 1, 1, 1, 1, 1, 1, 1, 1, 1, 1, 1, 1, 1, 1, 1, 1, 1, 1, 1, 1, 1, 1, 1, 1, 1, 1, 1, 1, 1, 1, 1, 1, 1, 1, 1, 1, 1, 1, 1, 1, 1, 1, 1, 1, 1, 1, 1, 1, 1, 1, 1, 1, 1, 1, 1, 1, 1, 1, 1, 1, 1, 1, 1, 1, 1, 1, 1, 1, 1, 1, 1, 1, 1, 1, 1, 1, 1, 1, 1, 1, 1, 1, 1, 1, 0, 1, 1, 1, 1, 1, 1, 1, 1, 1, 1, 1, 1, 1, 1, 1, 1, 1, 1, 0, 1, 1, 1, 1, 1, 1, 1, 1, 1, 1, 1, 1, 1, 1, 1, 1, 1, 1, 1, 1, 1, 1, 1, 1, 1, 1, 1, 1, 1, 1, 1, 1, 1, 1, 1, 1, 1, 1, 1, 1, 1, 1, 1, 1, 1, 1, 1, 1, 1, 1, 1, 1, 1, 1, 1, 1, 1, 1, 1, 1, 1, 1, 1, 1, 1, 1, 1, 1, 1, 1, 1, 1, 1, 1, 1, 1, 1, 1, 1, 1, 1, 1, 1, 1, 1, 1, 1, 1, 1, 1, 1, 1, 1, 1, 1, 1, 1, 1, 1, 1, 1, 1, 1, 1, 1, 1, 1, 1, 1, 1, 1, 1, 1, 1, 1, 1, 1, 1, 1, 1, 1, 1, 1, 1, 1, 1, 1, 1, 1, 1, 1, 1, 1, 1, 1, 1, 1, 1, 1, 1, 1, 1, 1, 1, 1, 1, 1, 1, 1], "proba": [0.09566433470426845, 0.026261922353451733, 0.09569488640533447, 0.09564805009154718, 0.08973074237257067, 0.09015932615025626, 0.0956671546341454, 0.0916856805025691, 0.0956724319798126, 0.12291573751713508, 0.09570518556089246, 0.09568851300963717, 0.09568467593607724, 0.09571317998239386, 0.09568787680821882, 0.09569554263978669, 0.09535271139527986, 0.09569646181346288, 0.09561920783129949, 0.09567890703558264, 0.07926821314872702, 0.0956448828944307, 0.7323430231451156, 0.09561866884896884, 0.09563647919744143, 0.13956723452555828, 0.0632146879417956, 0.08396358721704231, 0.11315985529563247, 0.6729861059347113, 0.0956648635361731, 0.10018700987346135, 0.20386071066779957, 0.0956240789012404, 0.09568599134979507, 0.5880371841159207, 0.09570191676047306, 0.017591179310761165, 0.2437196632489348, 0.017724426607269302, 0.09566747277212807, 0.09572169927439812, 0.15174627497017848, 0.09567537548730635, 0.09567801001616476, 0.09566985715239826, 0.006922226346709472, 0.07600522679137099, 0.09568513614579648, 0.015712212323741894, 0.09571755878084134, 0.09561803267198983, 0.543199765139557, 0.9052714794119248, 0.4582846576501858, 0.09567494857463307, 0.09568834276588295, 0.07425043262740169, 0.014039369009029674, 0.011992556386568059, 0.7923161181826642, 0.09569481651388169, 0.09569498551847629, 0.7246221384556789, 0.025858811974332686, 0.09567361462852364, 0.6734873089492858, 0.9900042744616714, 0.8589926482671598, 0.9206033547862199, 0.9908819397255856, 0.9881858094881295, 0.9114165219529369, 0.9575144330603665, 0.9516173412878207, 0.9876353553240932, 0.9883936158648018, 0.9251887084912707, 0.978686053001177, 0.9614136189243988, 0.9953005923913759, 0.9226228632760799, 0.9955591961421636, 0.9902225238465218, 0.5, 0.9206390476099675, 0.9973441765884044, 0.9864740278537424, 0.99394783662112, 0.9974429136527259, 0.9834428241424114, 0.9618860495446349, 0.9787053660482605, 0.9886160464890953, 0.9904306293356933, 0.8513936788110382, 0.9959915976142909, 0.9206833715764012, 0.992144091439602, 0.9999836848930252, 0.9363281622251086, 0.9754663366281006, 0.9942669203651157, 0.9590661380701849, 0.9896430602591612, 0.9513974844953522, 0.964811195356201, 0.9206756334512094, 0.9386868321482319, 0.9418945398039094, 0.977558671504822, 0.9944165718763497, 0.9879969561987518, 0.9942632236986686, 0.9941086573708956, 0.8895366496517508, 0.931205481413265, 0.8988446268071476, 0.9206869880821543, 0.9675392892017441, 0.9671373259060889, 0.9875512371272401, 0.9862936003909827, 0.9944654771880642, 0.9776918583750493, 0.9630139104356135, 0.9841181927225087, 0.973899865616247, 0.9926380986955639, 0.9944683385404687, 0.9529838104742568, 0.9580995785428447, 0.9206633745605897, 0.9754075589265612, 0.9206428147700488, 0.9919652997091385, 0.9206766160160186, 0.9206603935023782, 0.9927425510591681, 0.992687960050476, 0.9963821972243626, 0.9953660458935597, 0.9905439464273927, 0.9910809070295709, 0.9918454153028067, 0.9928027768732804, 0.9937032095737113, 0.9944539706379971, 0.920683577290033, 0.9905809929650199, 0.990311510912839, 0.9921345660856653, 0.9946609643554615, 0.9206721880270959, 0.9926481598610717, 0.9950861168455807, 0.9908452734280071, 0.9206631757281681, 0.9940584982733839, 0.7661089556396965, 0.9206546881935955, 0.9945587700997373, 0.9932738417272704, 0.994544529825334, 0.9955908514675443, 0.9968622413759213, 0.9206641981554897, 0.9946048668965048, 0.9943852563577944, 0.9938240214772628, 0.9950299744119754, 0.9952674526467647, 0.976070167097248, 0.9268963340642035, 0.9281061004079943, 0.9206882078447494, 0.9206662968939994, 0.9120146491331226, 0.4452721726322979, 0.9206415419093326, 0.9206881526272094, 0.9206851119143975, 0.9205313382917178, 0.8849385121193313, 0.6087836422416676, 0.9250942356131091, 0.9206807890247949, 0.9618518576771172, 0.9206113289397467, 0.9207003491272697, 0.9654523272157318, 0.9206419492342753, 0.9404357851411461, 0.9249812017963425, 0.9206353019451673, 0.9208229509630101, 0.9206499688501196, 0.19305823337149575, 0.9226349097642993, 0.9206837954371012, 0.9206602015690457, 0.9206655308394979, 0.8482856262797668, 0.8255339221865778, 0.9927788263389437, 0.9714407858128871, 0.9999999034070557, 0.932850488657926, 0.9206497449891702, 0.9279566897426563, 0.9763024528711114, 0.9822406605693799, 0.9856133786613864, 0.992010917323554, 0.9940933288761349, 0.9799609265236644, 0.9919271594581849, 0.9917629723991455, 0.9798350941107196, 0.9822636236222035, 0.9826585743164421, 0.9859011260807453, 0.9949407469840313, 0.9206844403302941, 0.9936193884694207, 0.9206478217700734, 0.9206827485768845, 0.9263785710546764, 0.9206747747856233, 0.9954560333619142, 0.9942380759161398, 0.9944382613562897, 0.9935239678550036, 0.9955999481259711, 0.9924974444766096, 0.994806263059895, 0.9935674568604372, 0.9999998023025226, 0.9941416298652413, 0.9943892433780913, 0.925507366810369, 0.9685728072994587, 0.9937195715806268, 0.9855257525739637, 0.9791889152210915, 0.9924637740086714, 0.9960817610609042, 0.902592538210016, 0.99593611677912, 0.9955195683220276, 0.9929589369039278, 0.993736971377274, 0.9903703735896195, 0.9964604904574438, 0.9285026491505742, 0.9544155230257166, 0.9205908635495231, 0.9923900051364632, 0.9877430478271487, 0.9487794399237934, 0.9929574020399906, 0.8894734279136702, 0.9943850500579658, 0.9206812383658646, 0.9931067694431015, 0.9774373676846899, 0.9875068552976599, 0.9159642834946966, 0.9206379870001524, 0.9206831345074702, 0.9834528338546558, 0.9446350198460188, 0.9351265275275945, 0.8974510088701874, 0.9206500478281411, 0.9935779395600829, 0.9911541094913863, 0.8803140899668895, 0.9927582400927091, 0.9206469404318794, 0.9206688591862819, 0.920655733250589, 0.9206876196404967, 0.9705162024208143, 0.920672950332566, 0.8601104439490406, 0.9206786405118116, 0.9206359339482464, 0.8829935308197234, 0.9206419248621867, 0.9084512581214199, 0.9206574316300262, 0.9742601784188083, 0.9720211531188533, 0.9433932716047672, 0.961335390828107, 0.9676441123047799, 0.967371979620498, 0.920663234511689, 0.9639195894407143, 0.9449001317799727, 0.9895389212516514, 0.9964925290915425, 0.9206924238219447, 0.9206785920230348, 0.891614608715026, 