{"metrics": {"test": {"fp": [1], "f1_score": [0.9655172413793104], "risk": [0.029411764705882353], "recall": [1.0], "sensitivity": [1.0], "precision": [0.9333333333333333], "tp": [14], "tn": [19], "specificity": [0.95], "fn": [0]}, "train": {"fp": [0], "f1_score": [1.0], "risk": [0.0], "recall": [1.0], "sensitivity": [1.0], "precision": [1.0], "tp": [61], "tn": [75], "specificity": [1.0], "fn": [0]}}, "model": {"n_features": 26053723}, "data": {"path": "/scratch/adrouin/data/patric/single_species_datasets/ticarcillin_clavulanic_acid___2202579077548954665/dataset.kover", "split": "train_0.800_seed_0_10_folds", "uuid": "f15e3612-06d1-11e8-9a0b-001b2193b764"}, "predictions": {"binary": [0, 0, 0, 0, 0, 0, 0, 0, 0, 0, 0, 0, 0, 0, 0, 0, 0, 0, 0, 0, 0, 0, 0, 0, 0, 0, 0, 0, 1, 0, 0, 0, 0, 0, 0, 0, 0, 0, 0, 0, 0, 0, 0, 0, 0, 0, 0, 0, 0, 0, 0, 0, 0, 0, 0, 0, 0, 0, 0, 0, 0, 0, 0, 0, 0, 0, 0, 0, 0, 0, 0, 0, 0, 0, 0, 0, 0, 0, 0, 0, 0, 0, 0, 0, 0, 0, 0, 0, 0, 0, 0, 0, 0, 0, 0, 1, 1, 1, 1, 1, 1, 1, 1, 1, 1, 1, 1, 1, 1, 1, 1, 1, 1, 1, 1, 1, 1, 1, 1, 1, 1, 1, 1, 1, 1, 1, 1, 1, 1, 1, 1, 1, 1, 1, 1, 1, 1, 1, 1, 1, 1, 1, 1, 1, 1, 1, 1, 1, 1, 1, 1, 1, 1, 1, 1, 1, 1, 1, 1, 1, 1, 1, 1, 1, 1, 1, 1, 1, 1, 1], "proba": [0.03871423144593203, 0.03868692821940385, 0.03848044743494035, 0.03872645854523428, 0.0370521969557484, 0.03844718859438203, 0.018622723724706178, 0.03873816989591052, 0.03875121160086738, 0.03834202936814258, 0.032976278913094265, 0.032979053922255065, 0.038708365671917204, 0.038777534879824396, 0.03873467269206115, 0.038709811161870486, 0.03089645831196212, 0.038728980192988635, 0.03872121445105443, 0.038743119284227114, 0.028787061386596955, 0.09678743675575614, 0.03237729557226868, 0.0387145130269696, 0.02732718913788859, 0.059430451469990014, 0.03313775441388341, 0.03873547476602388, 0.966265760909285, 0.059613532092567784, 0.0387171921086315, 0.15760895382126705, 0.150366463819231, 0.027906554299845576, 0.03871305985176368, 0.03875594164805952, 0.06661909563916163, 0.038707410660260004, 0.025386398674495513, 0.029080406656100184, 0.026376562031902046, 0.03877752961510793, 0.029831277848487124, 0.03868956397628227, 0.03671885059561911, 0.03870292784194706, 0.02607836930656301, 0.039874267627062546, 0.038714816165728694, 0.025285496769938375, 0.027822737128870904, 0.03867031171991111, 0.038750828897829034, 0.029364793448223108, 0.03868169089897768, 0.03870068451938958, 0.03874013868772885, 0.038738310343793485, 0.04652549410649964, 0.010857010713991, 0.03872652661905669, 0.02828739367808282, 0.038718550053053115, 0.03870361105929787, 0.038712701507607444, 0.03800870138412048, 0.038724159939022326, 0.04741191013296472, 0.03871884572255423, 0.03872141744673314, 0.07840277663097722, 0.02730294700599686, 0.0881569408950466, 0.038734334118329036, 0.03874812300550861, 0.03872884763647068, 0.038685603140846694, 0.022526554823465442, 0.03867352519281444, 0.03856054081698804, 0.038727634529859764, 0.047696313222634255, 0.02658336005226245, 0.03445224793472789, 0.03874035933458781, 0.038705351828445936, 0.0387714383043942, 0.024957017926833122, 0.05236306882966218, 0.03872215329439535, 0.03870253882692614, 0.02887737148651881, 0.03872167935578829, 0.03781417910739681, 0.038740679006261054, 0.9664944571310178, 0.9723246854075092, 0.986820765227073, 0.9716011094544792, 0.9648138021676518, 0.9710504811714787, 0.9724588395169914, 0.9664989316448455, 0.9643220264331837, 0.966512312562793, 0.9664778465728735, 0.9678311951030087, 0.9664653727259989, 0.9712747699957204, 0.9841037470858378, 0.9665137805573824, 0.9710270234652614, 0.9871174810337152, 0.968966975708681, 0.9866756190619608, 0.9661596621690086, 0.9725920388870223, 0.9695452617517712, 0.9866694691263586, 0.9725764786683375, 0.9865805046516389, 0.981642607186105, 0.9676188922450513, 0.9692681147995971, 0.986106253344034, 0.970011693332059, 0.96653247731631, 0.9852608767897855, 0.9665144791629473, 0.9715659253577992, 0.9665069517533497, 0.9725559202714946, 0.9721032827981716, 0.9842340078652078, 0.9671190890646414, 0.9725241471836903, 0.9664969213004578, 0.9736132103492368, 0.966476948801834, 0.9664772865516171, 0.9654430422264947, 0.9664881544740156, 0.9660497626101907, 0.9662669082128164, 0.9664719989146172, 0.9665136003286916, 0.966459513961517, 0.9692681371170528, 0.9865209964959804, 0.9664799128042404, 0.9856951188979443, 0.9721278232413421, 0.966496767996069, 0.9767431010333743, 0.96796142297843, 0.9854776858165178, 0.9665170493334305, 0.9852908546867472, 0.9665160349400265, 0.966641782597531, 0.9488348411898379, 0.9693877252152479, 0.9844629154115713, 0.9885515686322908, 0.9745135264885585, 0.9724945196123399, 0.9690104042104887, 0.9750417044640288, 0.9665000581135343, 0.9665151669196542]}, "cv": {"hps": {"normalize_kernel": false, "degree": 2.0, "regularizer": 1e-07}, "score": 0.03571428571428571}}