{"metrics": {"test": {"fp": [4], "f1_score": [0.6363636363636364], "risk": [0.10666666666666667], "recall": [0.6363636363636364], "sensitivity": [0.6363636363636364], "precision": [0.6363636363636364], "tp": [7], "tn": [60], "specificity": [0.9375], "fn": [4]}, "train": {"fp": [1], "f1_score": [0.9781021897810219], "risk": [0.009900990099009901], "recall": [0.9710144927536232], "sensitivity": [0.9710144927536232], "precision": [0.9852941176470589], "tp": [67], "tn": [233], "specificity": [0.9957264957264957], "fn": [2]}}, "model": {"n_features": 992950}, "data": {"path": "/scratch/adrouin/data/patric/single_species_datasets/para-aminosalicylic_acid___260162261243005161/dataset.kover", "split": "train_0.800_seed_2_10_folds", "uuid": "4327717e-0773-11e8-a02f-001b2193b764"}, "predictions": {"binary": [0, 0, 0, 0, 0, 0, 0, 0, 0, 0, 0, 0, 0, 0, 0, 0, 0, 0, 0, 0, 0, 0, 0, 0, 0, 0, 0, 0, 0, 0, 0, 0, 0, 1, 1, 0, 0, 0, 0, 0, 0, 0, 0, 0, 0, 0, 0, 0, 0, 0, 0, 0, 0, 0, 0, 0, 0, 0, 0, 0, 0, 0, 0, 0, 0, 0, 0, 0, 0, 0, 0, 0, 0, 0, 0, 0, 0, 0, 0, 0, 0, 0, 0, 0, 0, 0, 0, 0, 0, 0, 0, 0, 0, 0, 0, 0, 0, 0, 0, 0, 0, 0, 0, 0, 0, 0, 0, 0, 0, 0, 0, 0, 0, 0, 0, 0, 1, 0, 0, 0, 0, 0, 0, 0, 0, 1, 0, 0, 0, 0, 0, 0, 0, 0, 0, 0, 0, 0, 0, 0, 0, 0, 0, 0, 0, 0, 0, 0, 0, 0, 0, 0, 0, 0, 0, 0, 0, 0, 0, 0, 0, 0, 0, 0, 0, 0, 0, 0, 0, 0, 0, 0, 0, 0, 0, 0, 0, 0, 0, 0, 0, 0, 0, 0, 0, 0, 1, 0, 0, 0, 0, 0, 0, 0, 0, 0, 0, 0, 0, 0, 0, 0, 0, 0, 0, 0, 0, 0, 0, 0, 0, 0, 0, 0, 0, 0, 0, 0, 0, 0, 0, 0, 0, 0, 0, 0, 0, 0, 0, 0, 0, 0, 0, 0, 0, 0, 0, 0, 0, 0, 0, 0, 0, 0, 0, 0, 0, 0, 0, 0, 0, 0, 0, 0, 0, 0, 0, 0, 0, 0, 0, 0, 0, 0, 0, 0, 0, 0, 0, 0, 0, 0, 0, 0, 0, 0, 0, 0, 0, 0, 0, 0, 0, 0, 0, 0, 0, 0, 0, 0, 0, 0, 0, 0, 0, 0, 0, 0, 1, 0, 1, 1, 0, 1, 1, 1, 1, 1, 1, 1, 1, 1, 1, 1, 1, 1, 1, 1, 1, 1, 1, 1, 1, 1, 1, 1, 1, 1, 1, 1, 1, 0, 1, 1, 1, 1, 1, 1, 1, 1, 1, 1, 1, 1, 1, 1, 1, 1, 1, 1, 1, 1, 1, 1, 1, 0, 1, 1, 1, 1, 0, 1, 1, 1, 1, 1, 1, 1, 1, 1, 1, 1, 0, 1, 1, 1, 1, 1, 0, 0, 0, 0, 0, 0], "proba": [9.064250785180156e-08, 0.0008388794230460675, 0.00016599991224088714, 0.04808466931193695, 1.1218048448817676e-05, 6.574956326581747e-14, 0.020103317099667794, 6.407182125304204e-07, 0.0006194557360403248, 4.56986443303565e-06, 2.741490753095224e-07, 3.133760580227707e-05, 0.07940431868154794, 0.07020022508208285, 2.2781022914937857e-06, 0.0075027326068948, 2.254636706895479e-06, 8.728834851734066e-05, 2.7694759883421867e-08, 4.705336120963511e-05, 3.7727557736979685e-07, 4.323051061468477e-08, 5.434736756977894e-05, 5.529249154400706e-06, 7.028406929969088e-08, 2.581533373132503e-08, 0.0012531222106540148, 1.035278931729472e-05, 9.92748387293172e-06, 4.6734479897891305e-07, 1.7770947269337366e-05, 1.435240459941626e-07, 5.852524066296427e-07, 0.9997481223446061, 0.9993019991075006, 0.0641277959451511, 4.71210233806934e-05, 8.038186218153995e-05, 8.034914044701811e-05, 0.0005033083698460092, 0.00033405776817673535, 0.08347478912408876, 3.415438074384074e-07, 0.0018989365851009568, 0.0018505756132313187, 0.00016624347494260337, 3.397000538391526e-05, 2.2836610375376718e-07, 1.0539324141912549e-07, 0.0006217109141138636, 0.0031279692577468547, 0.006916144046249805, 0.06900682226353087, 0.0008725751204913383, 2.1767668680796837e-05, 0.00016663320730377364, 0.03355458233329707, 1.5948042681629983e-05, 0.014306742112412495, 0.005874734372616031, 4.4755353630458013e-05, 0.20942927042144435, 0.0008733325910518254, 0.016489251713439495, 5.564552695282091e-07, 1.1705810541034736e-07, 1.61622728433689e-05, 0.00024021714176102125, 0.013275843713211808, 0.00011964896933986035, 0.001168438965661192, 0.017458284489993453, 0.00034500279032921, 8.345942275534851e-07, 7.61435875344071e-05, 1.5444869659083923e-06, 1.1726283783045082e-05, 8.056950422781485e-09, 8.734548967557186e-09, 2.3495343569406773e-09, 2.669905514427154e-07, 1.1749955038431068e-09, 2.1187038247930575e-05, 0.0037949564950999657, 2.2707140594824945e-06, 2.9244829695356637e-08, 7.507467667880528e-06, 2.075930761918777e-05, 5.969703583474781e-06, 1.1219452778412215e-07, 1.0805066134714509e-07, 0.013203070578210985, 7.492921646334043e-09, 1.2622937086825241e-08, 0.0027127303230212335, 0.11000496530538623, 0.002617672034297376, 0.005264569460834128, 6.659483793538421e-07, 2.9868587260384147e-05, 4.909040878541313e-06, 2.162495376574244e-05, 0.0015117261284115049, 0.002832003116842975, 3.482031218275778e-08, 2.9158488862185492e-05, 1.0148816982847014e-06, 1.8784374758887457e-06, 2.2384895664627455e-07, 6.365640329698616e-07, 0.0008951199046463442, 0.026511812126446942, 4.6590634473574493e-07, 4.074891923073136e-08, 0.03913346050386916, 3.8383431816485655e-06, 0.9955249741998539, 0.00012564081250315105, 3.0711141430371454e-05, 0.0001170746395306174, 5.412216828181187e-09, 1.9854280627728477e-06, 2.206766765814953e-08, 9.858662856682905e-07, 2.6654137271111696e-05, 0.9968987068855308, 5.622891244179461e-05, 4.561692470035076e-06, 0.0007893221864755359, 0.0010721945540354768, 1.5949504675576848e-05, 0.0004561810369189358, 2.6204374032029878e-09, 2.202418896622249e-05, 1.6342913323569427e-10, 8.626891942310697e-05, 0.06620704104501249, 9.357126031939321e-05, 2.1244793827612528e-06, 4.724998434590489e-06, 0.00034529571716223733, 2.9885364467314464e-07, 0.0010389427380998707, 6.017408681611174e-07, 6.635944868540732e-05, 3.5582999005089477e-06, 1.4169640632975843e-05, 4.9718843929702516e-05, 0.0006333734509343423, 0.00040554454707803476, 0.00023866871356495833, 6.930568319361981e-10, 1.7220956067171375e-07, 1.0509481744170826e-06, 0.0005114621597357665, 1.7471121623134567e-06, 4.189969425191399e-11, 8.005212557555217e-11, 2.4686927847046067e-06, 1.339514451399888e-05, 8.957664919005313e-10, 0.00022853659345941363, 0.00036969517226362927, 6.5606311284319035e-06, 0.021378448858233513, 5.714496337012423e-08, 2.4494828475444748e-05, 9.101438030565035e-05, 2.302214355359356e-06, 6.379486167959785e-07, 5.683285598282099e-10, 3.495129303493618e-08, 3.074948469203464e-06, 0.0003400702475144409, 7.805465434176196e-06, 0.000145658151241625, 2.4508159607527354e-09, 3.8986861829179464e-07, 0.0005004531519804948, 1.4318847450135336e-05, 5.866017167028073e-06, 3.442548747644009e-08, 0.00025976306367891667, 8.530357527606865e-08, 0.0008524258054577183, 0.007072206920946531, 0.8795375305709081, 0.009903294991761126, 8.301708907109357e-05, 2.9874753513673345e-05, 4.508751584816512e-05, 2.7952614585715595e-07, 0.026865816786460103, 0.002479704241510031, 0.009555794395180884, 8.874158823596605e-07, 0.0005750407386586163, 4.65848247084968e-10, 9.364968415995778e-05, 0.0006615129764318364, 7.236615652412254e-05, 5.856140612961142e-05, 1.1040106912170952e-06, 5.922058554234864e-06, 6.093074485698883e-10, 3.3944563367110685e-05, 0.0001561367780376715, 0.00968152959761683, 0.0006663467281668607, 0.009452669570092446, 0.0006510789781844066, 6.468502335254466e-05, 0.0006642682194139651, 8.472540913586237e-07, 0.015194073977361286, 0.0024444300961216628, 0.00014595210160543194, 0.22173666989952248, 2.1269198921563574e-05, 5.460322008089997e-06, 0.004387982205967786, 4.050644005873457e-06, 1.203140904825343e-07, 8.334544852395508e-09, 0.01921033846618848, 4.943984545859951e-06, 0.08140865199760305, 0.005944840369159641, 7.549090110994705e-10, 9.620138319994223e-05, 0.01409817013334808, 0.0008583842328577044, 9.695174926742684e-08, 6.810800306986223e-05, 0.0019841363733681516, 0.0001104114521569879, 0.029339896480107784, 6.823637479535148e-05, 6.844462990752487e-08, 1.252858581956549e-07, 6.6069109238226055e-06, 0.000434206931598865, 0.0017146659299569292, 0.00010293643641702732, 0.002831665445367283, 5.781723296761512e-09, 0.0006358749979648536, 0.010233367148998541, 0.015781759285409452, 5.380140466794114e-06, 0.0007906766469410669, 9.885816721136199e-06, 1.3609208678781208e-07, 0.00027986371158710113, 0.00039595307757999174, 0.00047549065535274626, 1.631156612206058e-06, 6.212650681445434e-07, 0.06546274486441093, 0.00025470922434632823, 0.004559606106739032, 4.935146772330601e-07, 