{"metrics": {"test": {"fp": [0], "f1_score": [0.8952380952380952], "risk": [0.1527777777777778], "recall": [0.8103448275862069], "sensitivity": [0.8103448275862069], "precision": [1.0], "tp": [47], "tn": [14], "specificity": [1.0], "fn": [11]}, "train": {"fp": [12], "f1_score": [0.882217090069284], "risk": [0.17647058823529413], "recall": [0.8304347826086956], "sensitivity": [0.8304347826086956], "precision": [0.9408866995073891], "tp": [191], "tn": [47], "specificity": [0.7966101694915254], "fn": [39]}}, "model": {"n_features": 31773653}, "data": {"path": "/scratch/adrouin/patric_data/single_species_datasets/ertapenem___2202579077548954665/dataset.kover", "split": "train_0.800_seed_4_10_folds", "uuid": "392f4212-068a-11e8-a7b5-001b2193b764"}, "predictions": {"binary": [0, 0, 0, 0, 0, 0, 0, 0, 0, 0, 1, 1, 1, 0, 1, 0, 0, 0, 1, 0, 0, 0, 0, 0, 0, 0, 0, 0, 1, 0, 0, 1, 1, 0, 0, 0, 0, 0, 0, 0, 0, 0, 0, 0, 0, 0, 1, 1, 0, 0, 0, 0, 0, 0, 0, 0, 0, 0, 0, 0, 0, 0, 0, 0, 0, 0, 1, 0, 0, 1, 0, 0, 0, 1, 0, 1, 1, 1, 1, 1, 1, 1, 1, 1, 1, 1, 1, 1, 1, 0, 1, 0, 0, 1, 1, 1, 1, 1, 0, 1, 1, 0, 1, 1, 1, 1, 1, 1, 1, 1, 1, 1, 1, 1, 1, 1, 1, 1, 0, 1, 1, 1, 1, 1, 1, 1, 1, 1, 1, 1, 1, 1, 1, 1, 1, 1, 1, 1, 1, 1, 1, 1, 0, 1, 0, 1, 1, 0, 1, 1, 1, 1, 1, 1, 1, 1, 1, 1, 1, 1, 1, 0, 1, 1, 1, 1, 1, 0, 1, 0, 1, 1, 1, 1, 1, 1, 1, 1, 1, 1, 1, 1, 1, 0, 1, 1, 1, 0, 1, 0, 0, 0, 1, 0, 0, 0, 1, 1, 0, 1, 1, 1, 1, 1, 1, 0, 0, 1, 0, 1, 1, 0, 0, 0, 0, 1, 1, 1, 1, 1, 1, 1, 0, 1, 1, 1, 1, 1, 1, 1, 1, 1, 1, 1, 1, 1, 1, 1, 1, 1, 1, 1, 1, 1, 1, 1, 1, 1, 0, 1, 1, 1, 1, 1, 1, 1, 1, 1, 1, 0, 1, 1, 1, 0, 0, 1, 1, 1, 1, 1, 1, 1, 1, 1, 1, 1, 1, 0, 1, 1, 0, 1, 1, 1, 1, 1, 1, 1, 1, 1, 0, 1, 1, 1, 1, 1, 1, 1, 1, 1, 1, 1, 1, 1, 1, 0, 1, 1, 1, 1, 1, 0, 1, 1, 1, 0, 1, 1, 1, 1, 1, 0, 1, 1, 1, 1, 1, 1, 1, 1, 1, 1, 1, 1, 0, 0, 0, 0, 0, 0, 0, 1, 1, 1, 1, 1, 1, 1, 1, 1, 0, 1, 1, 1, 1, 1, 1, 1, 1, 1, 0], "proba": [0.5697164798377709, 0.5800115724409762, 0.5958074007601065, 0.5518861754924934, 0.5958771130396933, 0.5968189549735852, 0.5482408826731975, 0.5520323547018298, 0.5846204832685842, 0.5588978127888576, 0.45937723457512225, 0.45932814951743445, 0.45924139654421564, 0.6051876685378932, 0.46923747578512576, 0.5730997227816724, 0.574765711716376, 0.6051958016174672, 0.45932647498603496, 0.5575909765709123, 0.5553148500913185, 0.550816777591167, 0.5645792623066025, 0.5562473867368198, 0.559187901695674, 0.5968062506475964, 0.5861853671444536, 0.5685423318417709, 0.45188668150498035, 0.559640522979449, 0.5551804479385656, 0.45937950083648693, 0.4593208048171779, 0.5471831643654026, 0.5559965194164903, 0.5700633183622948, 0.5646037603114625, 0.5619762935071552, 0.5493144406147497, 0.5484318560432616, 0.5530281885188558, 0.5675643459870866, 0.5976513299004685, 0.5679937073208944, 0.5698171410935657, 0.555204037066333, 0.42252883688341, 0.4335186141789247, 0.5713526292573357, 0.5489507579399919, 0.5527924689965548, 0.5367219825771633, 0.5947131924680538, 0.5854309563884176, 0.5491249014366107, 0.5652666043337217, 0.564968567615963, 0.5508899109785084, 0.5525536530539227, 0.5714647517567939, 0.5569838843025104, 0.5734671453479281, 0.5608588565540775, 0.5554312440638826]}}