{"metrics": {"test": {"fp": [13], "f1_score": [0.6732673267326733], "risk": [0.3793103448275862], "recall": [0.6296296296296297], "sensitivity": [0.6296296296296297], "precision": [0.723404255319149], "tp": [34], "tn": [20], "specificity": [0.6060606060606061], "fn": [20]}, "train": {"fp": [37], "f1_score": [0.6974358974358974], "risk": [0.33810888252148996], "recall": [0.6267281105990783], "sensitivity": [0.6267281105990783], "precision": [0.7861271676300579], "tp": [136], "tn": [95], "specificity": [0.7196969696969697], "fn": [81]}}, "model": {"n_features": 36073591}, "data": {"path": "/scratch/adrouin/patric_data/single_species_datasets/ampicillin___7053822222416630118/dataset.kover", "split": "train_0.800_seed_4_10_folds", "uuid": "9957fcbc-095d-11e8-b1fe-001b2193b764"}, "predictions": {"binary": [1, 1, 0, 0, 0, 0, 0, 1, 0, 0, 0, 1, 0, 1, 1, 0, 1, 1, 0, 0, 0, 1, 1, 1, 0, 1, 0, 0, 1, 0, 0, 0, 1, 1, 1, 0, 1, 1, 0, 0, 0, 0, 0, 1, 0, 0, 1, 0, 0, 0, 1, 1, 1, 1, 1, 1, 1, 0, 1, 0, 0, 0, 0, 0, 0, 0, 0, 0, 1, 0, 0, 0, 1, 1, 1, 1, 0, 0, 0, 1, 0, 0, 1, 0, 0, 0, 0, 0, 0, 1, 0, 0, 1, 0, 0, 1, 0, 0, 1, 0, 0, 0, 0, 0, 0, 0, 0, 0, 0, 0, 0, 0, 1, 0, 0, 1, 1, 0, 0, 1, 0, 0, 0, 0, 0, 0, 0, 1, 1, 0, 1, 0, 0, 0, 1, 0, 0, 0, 0, 0, 0, 0, 0, 1, 1, 0, 1, 0, 0, 0, 0, 0, 0, 0, 0, 0, 0, 0, 0, 0, 0, 0, 0, 0, 0, 0, 1, 1, 1, 0, 1, 0, 1, 1, 1, 1, 1, 0, 1, 1, 1, 0, 1, 1, 1, 1, 1, 0, 1, 1, 0, 1, 1, 1, 1, 1, 1, 1, 1, 1, 1, 1, 1, 1, 1, 1, 1, 1, 1, 1, 1, 1, 1, 1, 1, 1, 1, 1, 1, 0, 0, 1, 1, 1, 1, 1, 0, 1, 1, 1, 1, 0, 1, 1, 0, 0, 0, 0, 0, 0, 0, 1, 1, 1, 1, 1, 1, 0, 1, 1, 1, 1, 1, 1, 1, 1, 1, 1, 1, 1, 1, 1, 1, 1, 1, 1, 1, 1, 1, 1, 1, 1, 0, 0, 0, 0, 1, 1, 0, 0, 0, 1, 0, 0, 1, 1, 1, 1, 1, 1, 0, 1, 1, 1, 1, 0, 1, 0, 1, 1, 1, 1, 1, 1, 1, 1, 1, 1, 1, 1, 1, 1, 1, 1, 1, 1, 1, 1, 1, 1, 1, 1, 1, 1, 1, 1, 1, 1, 1, 1, 1, 1, 1, 0, 0, 0, 0, 0, 0, 0, 0, 0, 0, 0, 0, 1, 0, 1, 1, 0, 0, 0, 0, 0, 0, 0, 0, 0, 0, 0, 0, 0, 0, 0, 0, 1, 1, 1, 1, 0, 1, 0, 1, 1, 1, 1, 1, 0, 0, 1, 0, 1, 1, 0, 1, 1, 1, 1, 1, 1, 1, 1, 1, 1, 0, 0, 0, 0, 0, 1, 0, 0, 0, 1, 0, 0, 0, 0, 0, 0, 0, 0, 0, 0, 0, 0, 0, 0, 0, 0, 0, 0, 0, 0, 0, 0, 1, 0, 1, 1, 0, 1, 0, 0, 0, 1], "proba": [0.4762014315039337, 0.47689071914185793, 0.5485007916755529, 0.546167460446389, 0.5477318672679609, 0.5628437097860395, 0.5427273158208786, 0.4786631347703615, 0.5553315164336677, 0.559624989250764, 0.556829791444655, 0.47421257309063675, 0.5565871662111479, 0.479201585824237, 0.4606628427256273, 0.564213129566608, 0.4623881795439476, 0.4730872332107624, 0.5467938160781132, 0.5322733444958775, 0.5488600605543361, 0.4753007958361599, 0.47266460256926907, 0.47844254120231594, 0.5572776301023282, 0.44289007999089786, 0.5334908917222089, 0.5583686048483856, 0.47619808530799085, 0.5448695847377669, 0.5369215972348467, 0.532104678833632, 0.4734594502665448, 0.47745094099939484, 0.47575743161304207, 0.5559262138492469, 0.4708823620359238, 0.48451510110101054, 0.5525908494662463, 0.546151186363402, 0.5582331483728252, 0.5586441496070274, 0.5121088003345485, 0.4782413576245917, 0.5316151757189911, 0.5413097457345447, 0.47346596953625375, 0.5484411013233192, 0.5412637722278205, 0.5518499192039596, 0.4854687305147874, 0.47692329860468796, 0.4872595812682423, 0.46870621822883435, 0.4687329167574583, 0.4640448926076679, 0.46508374374047967, 0.5284141470610978, 0.43835828770444296, 0.5343611351332586, 0.5573374821088819, 0.5426344888218125, 0.5552140757985904, 0.5510331718287557]}}