{"metrics": {"test": {"fp": [3], "f1_score": [0.22222222222222224], "risk": [0.08433734939759036], "recall": [0.2], "sensitivity": [0.2], "precision": [0.25], "tp": [1], "tn": [75], "specificity": [0.9615384615384616], "fn": [4]}, "train": {"fp": [1], "f1_score": [0.9777777777777777], "risk": [0.0029940119760479044], "recall": [1.0], "sensitivity": [1.0], "precision": [0.9565217391304348], "tp": [22], "tn": [311], "specificity": [0.9967948717948718], "fn": [0]}}, "model": {"n_features": 999994}, "data": {"path": "/scratch/adrouin/data/patric/single_species_datasets/cefoxitin___7053822222416630118/dataset.kover", "split": "train_0.800_seed_8_10_folds", "uuid": "99a3ee38-095d-11e8-8779-001b2193b764"}, "predictions": {"binary": [0, 0, 0, 0, 0, 0, 0, 0, 0, 0, 0, 0, 0, 0, 0, 0, 1, 0, 0, 0, 0, 0, 0, 0, 0, 0, 0, 0, 0, 0, 0, 0, 0, 0, 0, 0, 0, 0, 0, 0, 0, 0, 0, 0, 0, 0, 0, 0, 0, 0, 0, 0, 0, 0, 0, 0, 0, 0, 0, 0, 0, 0, 0, 0, 0, 0, 0, 0, 0, 0, 0, 0, 0, 0, 0, 0, 0, 0, 0, 0, 0, 0, 0, 0, 0, 0, 0, 0, 0, 0, 0, 0, 0, 0, 0, 0, 0, 0, 0, 0, 0, 0, 0, 0, 0, 0, 0, 0, 0, 0, 0, 0, 0, 0, 0, 0, 0, 0, 0, 0, 0, 0, 0, 0, 0, 0, 0, 0, 0, 0, 0, 0, 0, 0, 0, 0, 0, 0, 0, 0, 0, 0, 0, 0, 0, 0, 0, 0, 0, 0, 0, 0, 0, 0, 0, 0, 0, 0, 0, 0, 0, 0, 0, 0, 0, 0, 0, 0, 0, 0, 0, 0, 0, 0, 0, 0, 0, 0, 0, 0, 0, 0, 0, 0, 0, 0, 0, 0, 0, 0, 0, 0, 0, 0, 0, 0, 0, 0, 0, 0, 0, 0, 0, 0, 0, 0, 1, 0, 0, 0, 0, 0, 0, 0, 0, 0, 0, 1, 0, 0, 0, 0, 0, 0, 0, 0, 0, 0, 0, 0, 0, 0, 0, 0, 0, 0, 0, 0, 0, 0, 0, 0, 0, 0, 0, 0, 0, 0, 0, 0, 0, 0, 0, 0, 0, 0, 0, 0, 0, 0, 0, 0, 0, 0, 0, 0, 0, 0, 0, 0, 0, 0, 0, 0, 0, 0, 0, 0, 0, 0, 0, 0, 0, 0, 0, 0, 0, 0, 0, 0, 0, 0, 1, 0, 0, 0, 0, 0, 0, 0, 0, 0, 0, 0, 0, 0, 0, 0, 0, 0, 0, 0, 0, 0, 0, 0, 0, 0, 0, 0, 0, 0, 0, 0, 0, 0, 0, 0, 0, 0, 0, 0, 0, 0, 0, 0, 0, 0, 0, 0, 0, 0, 0, 0, 0, 0, 0, 0, 0, 0, 0, 0, 0, 0, 0, 0, 0, 0, 0, 0, 0, 0, 0, 0, 0, 0, 0, 0, 0, 0, 0, 0, 0, 0, 0, 0, 0, 0, 0, 0, 0, 0, 0, 0, 0, 0, 0, 0, 0, 0, 1, 1, 1, 0, 1, 1, 0, 1, 0, 1, 1, 0, 1, 1, 1, 1, 1, 1, 1, 1, 1, 1, 1, 1, 1, 1, 1, 0, 0, 0, 0, 0, 0, 0, 0, 0, 0, 0, 0, 0, 0, 0, 0, 0, 0, 0, 0, 0, 0, 0, 0, 0, 0, 0, 0, 0, 0, 0], "proba": [0.013914901448367278, 0.02650834632491928, 0.10583202539247162, 0.12444702198533807, 0.021873397681213116, 0.014198332625013792, 0.0025369107212539644, 0.005718525648493669, 0.0032007012774814187, 0.0036582177503894056, 0.10370253699751608, 0.0020449623094905525, 0.16821296204786215, 0.17661644580654542, 0.1817012123352588, 0.02108048420033437, 0.8431388788851845, 0.04504046086597826, 0.007519647628118149, 0.002676567855465337, 0.020009493927064928, 0.31141255834106835, 0.2566622823212904, 0.0076927054304413225, 0.03160556229805716, 0.007253161336818555, 0.04113306095210045, 0.05496096009062882, 0.0016307034639310935, 0.0037989152044116737, 0.04157918330329768, 0.1849270627038845, 0.16311607237625597, 0.21239772655770386, 0.06756411248814251, 0.20614345771186715, 0.20992657939091272, 0.231151933283061, 0.11304131057588518, 0.2036244303655483, 0.19247091204221642, 0.2627184102629511, 0.09052182662451491, 0.047009825091319776, 0.09909585646035203, 0.1668656873385305, 0.06036757707797992, 0.15700749655030055, 0.15779934149878036, 0.0579444119083855, 0.014097182149563247, 0.18565554444134044, 0.015695358954278107, 0.0022639941139736123, 0.09208366070309122, 0.030029579850042863, 0.24370855700464972, 0.12059181016113799, 0.1496472542601252, 0.001422400900641926, 0.2285522637330566, 0.11744778483035091, 0.21665664110011906, 0.1135025151280962, 0.025572257494545156, 0.15980460456995627, 0.2003517595017362, 0.0886002871400587, 0.21073126341993648, 0.3358048288035428, 0.14011571338508985, 0.1254204717494114, 0.20105991175171095, 0.20607959454519648, 0.10713092217948052, 0.20950552438751524, 0.21620558721139924, 0.24343100341504104, 0.07733003674429646, 0.040449832116889524, 0.07850124467357696, 0.12335927388524515, 0.11432737299816736, 0.0611377279634633, 0.16079097957907967, 0.10482243158088725, 0.16371555956736694, 0.09501845622763688, 0.25067679726242115, 0.04556398265673212, 0.06013438911561428, 0.06939361749216524, 0.15011747733838957, 0.17895972759561263, 0.029880486253488985, 0.1589568139245747, 0.16054630689133967, 0.16005644230992716, 0.05200970954700021, 0.2380130278868017, 0.4500869373502986, 0.37277138605427657, 0.0585336396534222, 0.07432041054226453, 0.1019340169102468, 0.06701941576828899, 0.03997903432713953, 0.3918385983126496, 0.26247431624375456, 0.1433745209422164, 0.02664770207742646, 0.21416655476212046, 0.001340036630925599, 0.04412570551225847, 0.10276551318642363, 0.002033106359185959, 0.2220763372201952, 0.008244896462307002, 0.08878215611267097, 0.2026605560694848, 0.13550751711209028, 0.15440563714622313, 0.2845825762737611, 0.13535139479788733, 0.021104120228249174, 0.17220741362333933, 0.07433078505155594, 0.1522132918181557, 0.23468976472355957, 0.2008728111237771, 0.09542130401308088, 0.1650165246430008, 0.2556473395095287, 0.32001437819776357, 0.08156103606666816, 0.12052938757844928, 0.03136123198766519, 0.026722334842151644, 0.05836023664531688, 0.18438470290273498, 0.20952849541777419, 0.13543056139070242, 0.019952234766779934, 0.1388653080070701, 0.21773630811436825, 0.10133336755319108, 0.000366195749719978, 0.12426338256960262, 0.005279499734483824, 0.0022066682582105464, 0.001524225514070626, 0.32830387839124126, 0.21532684752992273, 0.19571963082414917, 0.00017303432623478967, 0.0014820976937824795, 0.03478450009480269, 0.015773820560813192, 0.14403966454116762, 0.2068787735574845, 0.3750063958389725, 0.3422646374778738, 0.022538692994186888, 0.02608598574454931, 0.027241598040048887, 0.2585831093615031, 0.3926373728384172, 0.033066512967361385, 0.416723809645306, 0.28812356167305925, 0.4779432021988731, 0.26848019918782995, 0.056399613546966126, 0.24649234296596817, 0.1598463336065274, 0.21874006109062866, 0.2381803756979554, 0.09578323449283757, 0.24939349762608978, 0.29137159380265343, 0.10178136758748763, 0.1690931363609969, 0.29498172038345616, 0.31646271244062274, 0.17318883707291546, 0.19737855817883412, 0.20078133152582833, 0.14272064397777193, 0.31150380804012595, 0.28527317999881324, 0.2557240754659377, 0.11440925129252921, 0.16593723972205854, 0.26600573707543296, 0.3234205238821263, 0.04449995769937558, 0.028525139620077238, 0.13766263452325914, 0.22530450045960743, 0.011604675094458778, 0.1478687177485273, 0.04553167837811212, 0.2815794477668641, 0.18553855415943762, 0.05073022114341282, 0.15346403151439186, 0.6936557542522126, 0.09526629141682905, 0.07915301394978101, 0.1529969299824849, 0.13316679086909788, 0.1612438511356869, 0.22489801641325605, 0.29114718684032037, 0.17197996665123672, 0.013217885148528204, 0.11216151373443137, 0.7073018025380324, 0.11137261800663, 0.08179265129351282, 0.07429721524673974, 0.008435820360226252, 0.2385431063035995, 0.28099664916969996, 0.19687396626654452, 0.23482801320156235, 0.2037678483491018, 0.13239869648738642, 0.20386296540028143, 0.21698181412599252, 0.15836786915331524, 0.11097560620134977, 0.1729273735750776, 0.01868810731375048, 0.06376042039082079, 0.04304760046165223, 0.27493249036372563, 0.1267652256599199, 0.15677811257274638, 0.03332904431485395, 0.33308597409710594, 0.17089163268765542, 0.2641032774076465, 0.07628930494947808, 0.3545145415729088, 0.08835976447943852, 0.03355577657049742, 0.059739269119119566, 0.3564638324911201, 0.06255847761828265, 0.05584344225787325, 0.21771312001093468, 0.23833203411428536, 0.12443573136701719, 0.18199972858508034, 0.03827743577533948, 0.05139862940629557, 0.08586599621056805, 0.09024947488893728, 0.1267149246378084, 0.3490720923378351, 0.24403671723212578, 0.2788054826746478, 0.001919797989449149, 0.15651445428518795, 0.040247517185103214, 0.14993119464661778, 0.07743995567883526, 0.21125064150886044, 0.11157466102981912, 0.2551018175394057, 0.22851295545047884, 0.17314045448753723, 0.05256267046460661, 0.10730559450157501, 0.06914276226920497, 0.04413002289450747, 0.11206241349631442, 0.21413028165267817, 0.10948718915168205, 0.11167234151674546, 