{"metrics": {"test": {"fp": [1], "f1_score": [0.8000000000000002], "risk": [0.03773584905660377], "recall": [0.8], "sensitivity": [0.8], "precision": [0.8], "tp": [4], "tn": [47], "specificity": [0.9791666666666666], "fn": [1]}, "train": {"fp": [0], "f1_score": [1.0], "risk": [0.0], "recall": [1.0], "sensitivity": [1.0], "precision": [1.0], "tp": [29], "tn": [183], "specificity": [1.0], "fn": [0]}}, "model": {"n_features": 17807816}, "data": {"path": "/scratch/adrouin/patric_data/single_species_datasets/clindamycin___-8916328542551230855/dataset.kover", "split": "train_0.800_seed_4_10_folds", "uuid": "6c54415e-07b8-11e8-8a66-001b2193b764"}, "predictions": {"binary": [0, 0, 0, 0, 0, 0, 0, 0, 0, 0, 0, 0, 0, 0, 0, 0, 0, 0, 0, 0, 0, 0, 0, 0, 0, 0, 0, 0, 0, 0, 0, 0, 0, 0, 0, 0, 0, 0, 0, 0, 0, 0, 0, 0, 0, 0, 0, 0, 0, 0, 0, 0, 0, 0, 0, 0, 0, 0, 0, 0, 0, 0, 0, 0, 0, 0, 0, 0, 0, 0, 0, 0, 0, 0, 0, 0, 0, 0, 0, 0, 0, 0, 0, 0, 0, 0, 0, 0, 0, 0, 0, 0, 0, 0, 0, 0, 0, 0, 0, 0, 0, 0, 0, 0, 0, 0, 0, 0, 0, 0, 0, 0, 0, 0, 0, 0, 0, 0, 0, 0, 0, 0, 0, 0, 0, 0, 1, 0, 0, 0, 0, 0, 0, 0, 0, 0, 0, 0, 0, 0, 0, 0, 0, 0, 0, 0, 0, 0, 0, 0, 0, 0, 0, 0, 0, 0, 0, 0, 0, 0, 0, 0, 0, 0, 0, 0, 0, 0, 0, 0, 0, 0, 0, 0, 0, 0, 0, 0, 0, 0, 0, 0, 0, 0, 0, 0, 0, 0, 0, 0, 0, 0, 0, 0, 0, 0, 0, 0, 0, 0, 0, 0, 0, 0, 0, 0, 0, 0, 0, 0, 0, 0, 0, 0, 0, 0, 0, 0, 0, 0, 0, 0, 0, 0, 0, 0, 0, 0, 0, 0, 0, 1, 1, 1, 1, 1, 1, 1, 1, 1, 1, 1, 1, 1, 1, 1, 1, 1, 1, 1, 1, 1, 0, 1, 1, 1, 1, 1, 1, 1, 1, 1, 1, 1, 1], "proba": [0.009090898609672361, 0.0075127837146927254, 0.019402348795194476, 0.024029706082396442, 0.013205399527455417, 0.019649625341927133, 0.00786218290924187, 0.019646888234909583, 0.011939035652912126, 0.003255916753690224, 0.011921924418689547, 0.007220371710825211, 0.007851550688583115, 0.007051533346225162, 0.007785418799343633, 0.006584602485583961, 0.007305652860308614, 0.012911554433372783, 0.003570563076659571, 0.0037025921885183496, 0.007001212060040571, 0.008844356335386088, 0.019314814665357484, 0.011830905487629478, 0.009327801307139703, 0.01963670879942112, 0.011166753645560449, 0.01950998503499831, 0.010910386968488232, 0.008344969920432432, 0.023995004614447545, 0.016558585719065586, 0.012171167596381774, 0.009302374678434729, 0.0070324954293187105, 0.009026824000095631, 0.007165598086717645, 0.004868489651731708, 0.019618191402190108, 0.0074131593707114285, 0.01965697862629092, 0.014059145946081618, 0.007544648291433835, 0.01957646865087391, 0.009456397912542259, 0.01962960916093596, 0.005122661288643684, 0.011661284724496046, 0.0069079855214752095, 0.22988945413727363, 0.03610343175563634, 0.016697210660211455, 0.013074189240738736, 0.006845663142990217, 0.008956797694287129, 0.01963492327033674, 0.00691387166935567, 0.011670136057391351, 0.03198190649589884, 0.004867936223217316, 0.013011951643119888, 0.01964788149408233, 0.007551404293811475, 0.01428015835619231, 0.01963041331900821, 0.019650572796115977, 0.008434139729405946, 0.01104931137061338, 0.008667216523537068, 0.01092930183615516, 0.0131599810965209, 0.008853020906783709, 0.019642368172065584, 0.009229157711746407, 0.0196013386667569, 0.01679110896489053, 0.009470020686648616, 0.019653841849193904, 0.019624494884103193, 0.01947814638139456, 0.01964418944785926, 0.01962480496681244, 0.010706717727675048, 0.007707944005802262, 0.009117374526952566, 0.00898570946023501, 0.019652092781460084, 0.004918680540478092, 0.019637503918125545, 0.005192351819683114, 0.01964788887267087, 0.019649866232758002, 0.014185111012980872, 0.007320831518259663, 0.008915925460974004, 0.029535111783320973, 0.011026869332626827, 0.00891993221740324, 0.012907073743030496, 0.008189711847285171, 0.01965530870590017, 0.019643184586874873, 0.007181421109501384, 0.009482372565809107, 0.006129622386059104, 0.0081821318846446, 0.00919512412114872, 0.019651508633325997, 0.018112445501385927, 0.022147306903769818, 0.007800033625420765, 0.009185254777712783, 0.008205093819083143, 0.019605879638657786, 0.0068571834021827725, 0.0073686814687869565, 0.007357816505739048, 0.011907331279965388, 0.013747091463317339, 0.00838354676200479, 0.004937889118158258, 0.010671742953187627, 0.015000597356236035, 0.017664446070606382, 0.019614167719324574, 0.006960575991154986, 0.5145121034958916, 0.009839315920818522, 0.008776537235211273, 0.01962901885550116, 0.008362648004909585, 0.007133582149849643, 0.007588409390699619, 0.019625214040397073, 0.010645723393155082, 0.019644883201620725, 0.011672184427459814, 0.004988696430499083, 0.0071759545670656046, 0.008234785127477821, 0.019647029414046512, 0.015231400214783591, 0.014131227819884044, 0.007952710649637752, 0.019657187441881822, 0.00821982804067184, 0.008513525078081384, 0.019652664700287, 0.01964129561703688, 0.011250193309660652, 0.007057166131224135, 0.008414745558252678, 0.018115251154868964, 0.007459782480963196, 0.019621706393616975, 0.009199776668725129, 0.024326367714135027, 0.019613857853947418, 0.008701412294516273, 0.019623987895125827, 0.020094924480391036, 0.019266236029060378, 0.01019821748648742, 0.0073787324718631985, 0.007157698919235268, 0.008391108173055271, 0.008085690930192957, 0.010528494243957784, 0.007480514890298079, 0.0071365403827745874, 0.00462648911527626, 0.00977404176597367, 0.0075507664817470645, 0.009006889250971213, 0.019704455076508084, 0.010817649493914177, 0.007570634022803975, 0.008128350461874677, 0.04792780860042595, 0.009351794078162475, 0.0055841724233429025, 0.007256663487672045, 0.01039672298760334, 0.01059680541735714, 0.008102120536017018, 0.01007779384549533, 0.03079813925756227, 0.06976897574888823, 0.019608559530629607, 0.01961295239460479, 0.0073008596085408104, 0.008799692114389876, 0.008279711877153621, 0.011809944068198323, 0.007807822269914809, 0.008259621414973975, 0.007476512019945883, 0.008761002252090326, 0.008207994134964756, 0.0069499797413200394, 0.009653043487047855, 0.006655865245098297, 0.01156038988941505, 0.012058782395500301, 0.01773575450627533, 0.012522221785071681, 0.015124894474340013, 0.007430924627993288, 0.0036161020407381086, 0.008821167422431744, 0.01962859623594727, 0.01961958242512518, 0.019623205743572788, 0.007516068362687849, 0.008259603694541548, 0.00715433426694852, 0.019632742598404324, 0.00962000163486234, 0.009024514956922048, 0.019412770058201877, 0.011244535435140915, 0.018957519460672513, 0.008208607067977314, 0.011822474895471518, 0.007436588359347715, 0.007581560308721013, 0.011835289048026193, 0.006838979459272893, 0.012729506845980834, 0.019593999495381667, 0.010452335885788252, 0.9549584785670969, 0.9477418587120829, 0.9478449084863112, 0.9401596952893593, 0.9477803094647764, 0.9551075622481595, 0.9585069757831999, 0.9478087757260322, 0.9612049932068318, 0.9601140328246456, 0.9478353365071868, 0.9478427538102445, 0.9478446430307718, 0.9478542618539542, 0.9478147287561903, 0.9477857190624485, 0.9482832622631205, 0.9478482652077211, 0.9477446554976855, 0.9752800326057866, 0.9478305929020111, 0.02469662704526681, 0.9477832916331286, 0.9477633583004393, 0.9878702921996575, 0.9477710206680935, 0.9478190200817057, 0.9478205422758523, 0.9133881472954739, 0.9478629568273835, 0.9780192481426935, 0.9529850288888475, 0.9734289846818909, 0.9477909186518378]}, "cv": {"hps": {"normalize_kernel": false, "degree": 2.0, "regularizer": 1e-07}, "score": 0.04740259740259741}}