{"metrics": {"test": {"fp": [1], "f1_score": [0.9361702127659574], "risk": [0.0967741935483871], "recall": [0.9166666666666666], "sensitivity": [0.9166666666666666], "precision": [0.9565217391304348], "tp": [22], "tn": [6], "specificity": [0.8571428571428571], "fn": [2]}, "train": {"fp": [0], "f1_score": [1.0], "risk": [0.0], "recall": [1.0], "sensitivity": [1.0], "precision": [1.0], "tp": [87], "tn": [37], "specificity": [1.0], "fn": [0]}}, "model": {"n_features": 1503}, "data": {"path": "/scratch/adrouin/patric_data/single_species_datasets/ampicillin_sulbactam___-3225223558739261696/dataset.kover", "split": "train_0.800_seed_6_10_folds", "uuid": "b4df14cc-0578-11e8-aea5-001b2193b764"}, "predictions": {"binary": [0, 1, 0, 0, 0, 0, 0, 0, 0, 0, 0, 0, 0, 0, 0, 0, 0, 0, 0, 0, 0, 0, 0, 0, 0, 0, 0, 0, 0, 0, 0, 0, 0, 0, 0, 0, 0, 0, 0, 0, 0, 0, 0, 0, 1, 1, 1, 1, 1, 1, 1, 1, 1, 1, 1, 1, 1, 1, 1, 1, 1, 1, 1, 1, 1, 1, 1, 1, 1, 1, 1, 1, 1, 1, 1, 1, 1, 1, 1, 0, 1, 1, 1, 1, 1, 1, 1, 1, 1, 1, 1, 1, 1, 1, 1, 1, 1, 1, 1, 1, 1, 1, 1, 1, 1, 1, 0, 1, 1, 1, 1, 1, 1, 1, 1, 1, 1, 1, 1, 1, 1, 1, 1, 1, 1, 1, 1, 1, 1, 1, 1, 1, 1, 1, 1, 1, 1, 1, 1, 1, 1, 1, 1, 1, 1, 1, 1, 1, 1, 1, 1, 1, 1, 1, 1, 0, 0, 0, 0, 0, 0, 0, 0, 0, 0, 0, 0, 0, 0, 0, 0, 0, 0, 0, 0, 0, 0, 0, 0, 0, 0, 0, 0, 0, 0, 0, 0, 0, 0, 0, 0, 0], "proba": [0.010890466568135018, 0.9275515383248802, 0.028810604512549694, 0.0045887556400081, 0.0045887556400081, 0.004322150417919317, 0.002533377077591475, 0.018274349782441645, 0.017983614278812555, 0.1156931993168595, 0.01967003902238782, 0.011437081089215033, 0.018929709179111662, 0.022915397550847965, 0.002149270501269377, 0.002249469482392575, 0.029007852596783155, 0.0007016744578254353, 0.01623250230805773, 0.15840907640104843, 0.004269618996339171, 0.162435363877259, 0.03182764894357848, 0.009645443921840576, 0.05188354901067181, 0.044693181650865436, 0.0342390355519094, 0.010526551392081373, 0.06429689061685832, 0.01899790726072254, 0.0021917689099579664, 0.1235062806911645, 0.0045887556400081, 0.002149270501269377, 0.033080634438107985, 0.06385786106813045, 0.021534909264762158, 0.011289552457055436, 0.02686551267613947, 0.009645443921840576, 0.011713341126375332, 0.004849447252759939, 0.014017276878105476, 0.013685894986091025, 0.9909162758086916, 0.9746905375597984, 0.9988423451758931, 0.9992976522827581, 0.9744387118447856, 0.998104756576342, 0.929093063137836, 0.9974874970542805, 0.9963928141835181, 0.9850916545617152, 0.9809532641969446, 0.9661864051847936, 0.9991485654342868, 0.9965184253908365, 0.9974159000045972, 0.9252553394460915, 0.935100726728176, 0.9727640898173873, 0.9934857434658004, 0.9736851836127108, 0.9419457823034322, 0.9840745566901301, 0.9963924959738198, 0.9836284744691673, 0.9868918167089666, 0.9942309440602135, 0.9971061981721067, 0.9989133055390172, 0.9986866205857368, 0.9989802185571199, 0.9915042756306053, 0.9971062978658567, 0.9802201185000572, 0.9960772374952103, 0.9989143829257201, 0.342381255183096, 0.9914401470054682, 0.9968984992530575, 0.9431506194339861, 0.9952464541667653, 0.9782077030037395, 0.9995874126484559, 0.9604505161304241, 0.9989802185571199, 0.9960772374952103, 0.9953363083690692, 0.9987774146313217, 0.9950363959658052, 0.9965327466489822, 0.9997180913361599, 0.9963443628578489, 0.998499341200298, 0.9702173844886822, 0.9968375582795966, 0.8303531411547497, 0.9767179564181276, 0.9988127880891472, 0.9979107791439619, 0.9896600989306167, 0.9968454041946198, 0.9896600989306167, 0.9656423204637623, 0.01967003902238782, 0.7355119397313119, 0.953798408133179, 0.9997180913361599, 0.9653737915374411, 0.9996893044895632, 0.980019695619832, 0.9837166489953423, 0.9793258262779965, 0.9108853968866866, 0.9312308527637072, 0.9618964996944748, 0.9252533362463481, 0.9744387118447856, 0.9997180913361599, 0.9911985045775015, 0.9552983735315982, 0.9981988177415336, 0.9412178586612769, 0.9996893044895632, 0.9996429451474578, 0.9979017468025272, 0.995939562201721, 0.9698581119971816, 0.9727117422035431, 0.9989143829257201, 0.9760516343950403, 0.9928939965496206, 0.9990255110595285, 0.9990727244163695, 0.9803303230033643, 0.9279383611401285, 0.929093063137836, 0.9794637430409356, 0.9978398207579579, 0.9997269754660622, 0.9723486176901044, 0.9989885055518315, 0.9725701528202638, 0.9717193432736105, 0.9952326563802408, 0.9975975034119928, 0.9915615896642743, 0.9989278443421415, 0.9971772652687568, 0.9950808248587565, 0.9778798420768172, 0.9996893044895632, 0.8904325799204531, 0.5, 0.5, 0.5, 0.5, 0.5, 0.5, 0.5, 0.5, 0.5, 0.5, 0.5, 0.5, 0.5, 0.5, 0.5, 0.5, 0.5, 0.5, 0.5, 0.5, 0.5, 0.5, 0.5, 0.5, 0.5, 0.5, 0.5, 0.5, 0.5, 0.5, 0.5, 0.5, 0.5, 0.5, 0.5, 0.5, 0.5]}}