{"metrics": {"test": {"fp": [1], "f1_score": [0.9919999999999999], "risk": [0.01282051282051282], "recall": [1.0], "sensitivity": [1.0], "precision": [0.9841269841269841], "tp": [62], "tn": [15], "specificity": [0.9375], "fn": [0]}, "train": {"fp": [10], "f1_score": [0.9688888888888889], "risk": [0.044444444444444446], "recall": [0.9819819819819819], "sensitivity": [0.9819819819819819], "precision": [0.956140350877193], "tp": [218], "tn": [83], "specificity": [0.8924731182795699], "fn": [4]}}, "model": {"n_features": 999926}, "data": {"path": "/scratch/adrouin/data/patric/single_species_datasets/tetracycline___49420779660966717/dataset.kover", "split": "train_0.800_seed_9_10_folds", "uuid": "34f51754-0878-11e8-b9fc-001b2193b764"}, "predictions": {"binary": [0, 0, 0, 1, 0, 0, 0, 0, 0, 0, 0, 0, 0, 0, 0, 0, 0, 0, 1, 0, 0, 0, 0, 0, 0, 0, 0, 0, 0, 0, 0, 0, 0, 0, 0, 0, 0, 0, 0, 0, 0, 0, 0, 0, 0, 1, 0, 0, 0, 0, 0, 0, 0, 0, 0, 1, 0, 0, 0, 0, 0, 1, 0, 0, 0, 0, 0, 1, 0, 0, 0, 1, 0, 0, 0, 0, 0, 0, 0, 0, 0, 0, 0, 0, 0, 1, 0, 0, 0, 0, 0, 0, 0, 0, 0, 0, 0, 0, 0, 0, 0, 0, 0, 1, 1, 1, 0, 0, 0, 1, 1, 1, 1, 1, 1, 1, 1, 1, 0, 1, 1, 1, 1, 1, 1, 1, 1, 0, 1, 1, 1, 1, 1, 1, 1, 0, 1, 1, 1, 1, 1, 1, 1, 1, 1, 1, 1, 1, 1, 1, 1, 1, 1, 1, 1, 1, 1, 1, 1, 1, 1, 1, 1, 1, 1, 1, 0, 1, 1, 1, 1, 1, 1, 1, 1, 1, 1, 1, 1, 1, 1, 1, 1, 1, 1, 1, 1, 1, 1, 1, 1, 1, 1, 1, 1, 1, 1, 1, 1, 1, 1, 1, 1, 1, 1, 1, 1, 1, 1, 1, 1, 1, 1, 1, 1, 1, 1, 1, 1, 1, 1, 1, 1, 1, 1, 1, 1, 1, 1, 1, 1, 1, 1, 1, 1, 1, 1, 1, 1, 1, 1, 1, 1, 1, 1, 1, 1, 1, 1, 1, 1, 1, 1, 1, 1, 1, 1, 1, 1, 1, 1, 1, 1, 1, 1, 1, 1, 1, 1, 1, 1, 1, 1, 1, 1, 1, 1, 1, 1, 1, 1, 1, 1, 1, 1, 1, 1, 1, 1, 1, 1, 1, 1, 1, 1, 1, 1, 1, 1, 1, 1, 1, 1, 1, 1, 1, 1, 1, 1, 1, 1, 1, 1, 1, 1, 1, 1, 1, 1, 1, 1, 1, 1, 1, 1, 1, 1, 1, 1, 1, 1, 1, 1, 1, 1, 1, 1, 1, 1, 1, 1, 1, 1, 1, 1, 1, 1, 1, 1, 1, 1, 1, 1, 1, 1, 1, 1, 1, 1, 1, 1, 1, 1, 1, 1, 1, 1, 1, 1, 1, 1, 1, 1, 1, 1, 1, 1, 1, 1, 1, 1, 1, 1, 1, 1, 1, 1, 1, 1, 1, 1, 1, 1, 0, 0, 0, 0, 0, 0, 0, 0, 0, 0, 0, 0, 0, 0, 0, 0, 0, 0, 0, 0, 0, 0, 0, 0, 0, 0, 0, 0, 0, 0, 0, 0, 0, 0, 0, 0, 0, 0, 0, 0, 0, 0, 0, 0, 0, 0, 0, 0, 0, 0, 0, 0, 0, 0, 0], "proba": [0.048382370584946564, 0.004071727016600096, 0.005192233900591125, 0.6528433166087235, 0.025791794880166804, 0.05943466760005141, 0.0249008873207167, 0.14587860428275937, 0.12484214546125147, 0.025479627763172814, 0.2516115655345639, 0.012867172873749394, 0.019666616377220537, 0.02969773803650358, 0.082747726179532, 0.029910050569693647, 0.022478605413225647, 0.011376552123686262, 0.618337627208446, 0.09513661664024384, 0.018923254664562607, 0.02390351683087446, 0.10437355377535154, 0.0032431799218178236, 0.1557335593218381, 0.004988830034971097, 0.13201876470638219, 0.013456969857367097, 0.020860347587430113, 0.025863891669523884, 0.004829379009247439, 0.0423643887477125, 0.02895899352144003, 0.07670048082832545, 0.1434020443140518, 0.009712846223619873, 0.01401865047266521, 0.014390518470529804, 0.023629423564293983, 0.023231464711664596, 0.13841658960656786, 0.01868457772975997, 0.002708238885225812, 0.11582110788605635, 0.020742079668331078, 0.7925909819350916, 0.03828714257532613, 0.02580166237348127, 0.022048206417366552, 0.016453106418618343, 0.12765859642812885, 0.010824690809922143, 0.007349019655458609, 0.03246830969100507, 0.024907764562944197, 0.8837442788356792, 0.01738631222862698, 0.020640807449232808, 0.02977947737971141, 0.02239280667763861, 0.022921519693056457, 0.8243952052152436, 0.010601725959864257, 0.0030279164625022312, 0.004812611485857635, 0.0027858823641738555, 0.0030223347287277377, 0.7784624418482095, 0.01790131082805953, 0.04180722852988544, 0.016915665628941038, 0.7152609811105713, 0.0036327689262087856, 0.003823827316969897, 0.04228728551972391, 0.016254614365849112, 0.01260782600791734, 0.021363642906500724, 0.012045522582983465, 0.009780723519174975, 0.00422420906640945, 0.004264454620269447, 0.021155897218772646, 0.013633585157064839, 0.0037743084294275505, 0.7277404030776375, 0.012026395692282362, 0.027279219866206555, 0.015192385828639052, 0.0314107727053206, 0.003121175557122651, 0.020647471472987334, 0.010231899151002737, 0.041633988171964245, 0.15187228589047708, 0.07315539201226837, 0.014550506443937678, 0.022063134748547184, 0.02331174780348708, 0.004877073593028666, 0.01484992558591837, 0.029792731253251027, 0.11090069941933345, 0.6986383990805967, 0.9089824665496664, 0.8516075964094701, 0.3216552599113527, 0.013975405025900434, 0.049250513095970644, 0.9031624646809429, 0.9106249772872825, 0.8171141491748198, 0.8822932506257808, 0.8169497652186465, 0.9396376062919561, 0.9469432539756724, 0.909275871398385, 0.9287567809560107, 0.21153762996947872, 0.8869106096338467, 0.8539684251372025, 0.821884561086429, 0.907426072371341, 0.921566492389228, 0.8865997427231701, 0.7980903400810756, 0.8950544863543046, 0.2445223963344032, 0.8857837397636361, 0.8167431002449036, 0.8048596843486997, 0.8515284463855024, 0.9371418963077432, 0.7734191376184611, 0.7842525521594519, 0.2736206486694919, 0.9088451578227922, 0.5290477621799509, 0.9068243661902178, 0.9103628260504689, 0.8707428509709293, 0.8399444333657217, 0.9604180258189555, 0.9208640911340855, 0.8791289421695894, 0.8943508438038801, 0.8888311101707527, 0.8620223643498752, 0.8917145316927608, 0.6210373192120606, 0.8535850115566721, 0.8425951833983898, 0.9038048223527455, 0.8713645805926575, 0.867508288099551, 0.8746366561898955, 0.8900722890556573, 0.8863287396629539, 0.9330253309533962, 0.9512675451702215, 0.8992788990134055, 0.8852843174708093, 0.9231209549106512, 0.8602887887274135, 0.9284687474303982, 0.8947422764146628, 0.1670674496086907, 0.8868781874963583, 0.8310577942188797, 0.8854578571688653, 0.8931603656275648, 0.882572475185257, 0.7456273649673015, 0.8867977998900519, 0.7541323722357052, 0.8858685550387831, 0.8715857074018665, 0.9634770291297585, 0.9635223113806436, 0.965503535719624, 0.964200828618632, 0.9194924108822209, 0.8818030636658106, 0.8837741720634226, 0.8196866791777392, 0.8930856323296779, 0.8764628313693543, 0.88587682792754, 0.8893418652994661, 0.8861240528951336, 0.8858013817948099, 0.8883569125943578, 0.8737791423289151, 0.9635351268155636, 0.8846577788567002, 0.9592044846160659, 0.9641188006408548, 0.9273886285586375, 0.960183276539961, 0.9245642138950603, 0.963903415463935, 0.9285765020616928, 0.9227590984504003, 0.9283949132671879, 0.9364619484427522, 0.8141396243262441, 0.953396097397065, 0.9531910323551691, 0.9284925076854388, 0.9639904753836266, 0.9473358163307699, 0.9457433422501637, 0.963643319932107, 0.9402598676471365, 0.9630515722040368, 0.8877553159506324, 0.9629132227254296, 0.9280962895182607, 0.9657639003519944, 0.9394385884498913, 0.9517653373973863, 0.9655725916759166, 0.9630556752818528, 0.941019746596241, 0.9617029520324686, 0.96226280463858, 0.9292634358964063, 0.9183269703250324, 0.8866032603357515, 0.969804462000206, 0.94108309355076, 0.9294807229445112, 0.9619037506823723, 0.9483322858923645, 0.9622766070657528, 0.917283612796367, 0.8601365109288275, 0.9639236565349257, 0.9622434302013734, 0.9259028654808391, 0.9267409959772485, 0.9611404291333515, 0.9633065633971408, 0.9638599469704813, 0.9632093251071985, 0.9399970736342667, 0.9396616501574305, 0.9608439156762111, 0.9595955506595353, 0.6190669453673187, 0.8152411912524665, 0.9176173604211871, 0.9581851890080133, 0.9569231571190789, 0.9387872506130412, 0.9325323450994549, 0.9525358589673483, 0.9279276170622245, 0.9615838840590581, 0.926434216645942, 0.9149242772970143, 0.9683882324473997, 0.9159122458829096, 0.9190451323654628, 0.9601686912484348, 0.9260060364396254, 0.9234759781369276, 0.9583345497180097, 0.95939528391552, 0.9409678737879315, 0.8970424201553563, 0.957037721827414, 0.9229795825285589, 0.8926789562523533, 0.9225105098302615, 0.9603169257038445, 0.9271817300383209, 0.961554587641154, 0.9387590482772052, 0.910190148802132, 0.9222410912096247, 0.9233132262616534, 0.9295187535332926, 0.9182052177423794, 0.9649558544767365, 0.970019595974261, 0.9159445325081534, 