{"metrics": {"test": {"fp": [0], "f1_score": [0.9], "risk": [0.14285714285714285], "recall": [0.8181818181818182], "sensitivity": [0.8181818181818182], "precision": [1.0], "tp": [9], "tn": [3], "specificity": [1.0], "fn": [2]}, "train": {"fp": [3], "f1_score": [0.9600000000000001], "risk": [0.05], "recall": [1.0], "sensitivity": [1.0], "precision": [0.9230769230769231], "tp": [36], "tn": [21], "specificity": [0.875], "fn": [0]}}, "model": {"n_features": 12410574}, "data": {"path": "/scratch/adrouin/data/patric/single_species_datasets/ofloxacin___2202579077548954665/dataset.kover", "split": "train_0.800_seed_9_10_folds", "uuid": "65ccc8c6-06bc-11e8-951f-001b2193b764"}, "predictions": {"binary": [0, 0, 0, 0, 0, 0, 0, 0, 0, 0, 0, 1, 0, 1, 0, 0, 0, 0, 0, 0, 1, 0, 0, 0, 0, 0, 0, 1, 1, 1, 1, 1, 1, 1, 1, 1, 1, 1, 1, 1, 1, 1, 1, 1, 1, 1, 0, 1, 1, 1, 1, 1, 1, 1, 1, 1, 0, 1, 1, 1, 1, 1, 1, 1, 1, 1, 1, 1, 1, 1, 1, 1, 1, 1], "proba": [0.03127681134245826, 0.01879065294792906, 0.018769317946937352, 0.018774248225942678, 0.01876932591655812, 0.01881650528297545, 0.01878220880477278, 0.018798228588569145, 0.018780051244554487, 0.0187994442032436, 0.018798579227444705, 0.851578111980781, 0.018802448337903645, 0.8094200270736593, 0.018798586017207897, 0.06273599925844607, 0.018787555209174234, 0.018804764675921855, 0.01881528603559707, 0.018803630611421013, 0.8505724326077364, 0.018810512806981525, 0.09576984172521075, 0.018774444534777758, 0.034224570205564346, 0.018806247742509604, 0.01878964884988642, 0.884412464871742, 0.8844543376463957, 0.8914960672503033, 0.8928106502021486, 0.8844223863424739, 0.8843763359586316, 0.8842375053577373, 0.8844808879274012, 0.8925417140410551, 0.8845712783164378, 0.8905838250490108, 0.8845094831737449, 0.8844814419516074, 0.870520622289965, 0.8919307108281027, 0.8844975285514134, 0.8928830118742122, 0.8843547360343854, 0.8844551764993498, 0.030863141051093845, 0.884439535780592, 0.8845045450803596, 0.8845541136039462, 0.8843299253265029, 0.884375705735837, 0.8832684242219868, 0.8904987938143971, 0.8928375314381228, 0.8843344947625701, 0.06649600225081878, 0.8845219212556292, 0.8916547396614931, 0.8932222867613325, 0.7441426965884052, 0.8844948216437859, 0.9035283390505264, 0.8845314690472892, 0.8844008299039939, 0.8825921886871108, 0.8845722094424194, 0.8822854858645063, 0.8845695494227949, 0.8844754539514632, 0.8850783555198737, 0.8807469323369609, 0.89057241164771, 0.8844049943883937]}, "cv": {"hps": {"normalize_kernel": true, "degree": 7.0, "regularizer": 10.0}, "score": 0.1}}