{"metrics": {"test": {"fp": [1], "f1_score": [0.8000000000000002], "risk": [0.14285714285714285], "recall": [0.8], "sensitivity": [0.8], "precision": [0.8], "tp": [4], "tn": [8], "specificity": [0.8888888888888888], "fn": [1]}, "train": {"fp": [0], "f1_score": [1.0], "risk": [0.0], "recall": [1.0], "sensitivity": [1.0], "precision": [1.0], "tp": [42], "tn": [18], "specificity": [1.0], "fn": [0]}}, "model": {"n_features": 12410574}, "data": {"path": "/scratch/adrouin/data/patric/single_species_datasets/ofloxacin___2202579077548954665/dataset.kover", "split": "train_0.800_seed_1_10_folds", "uuid": "65ccc8c6-06bc-11e8-951f-001b2193b764"}, "predictions": {"binary": [0, 0, 0, 0, 0, 0, 0, 0, 0, 0, 0, 0, 0, 0, 0, 0, 0, 0, 0, 0, 1, 0, 0, 0, 0, 0, 0, 1, 1, 1, 1, 1, 1, 1, 1, 1, 1, 1, 1, 1, 1, 1, 1, 1, 1, 1, 1, 1, 1, 1, 1, 1, 1, 1, 1, 1, 1, 1, 1, 1, 1, 1, 1, 1, 0, 1, 1, 1, 1, 1, 1, 1, 1, 1], "proba": [0.12290434365116332, 0.30375846016323416, 0.12286923196056881, 0.12280119479341302, 0.12275936931865372, 0.25744146819666386, 0.24024683368760802, 0.12276166540690336, 0.12282684739863635, 0.3426895724952737, 0.08422096568048897, 0.1228523248106784, 0.13268187881297636, 0.12272630778085619, 0.12283257618359607, 0.1228267013468788, 0.38628599550351755, 0.122903440467453, 0.14721659706342702, 0.12287986498527186, 0.816512391746662, 0.12282156824893023, 0.1228047664482625, 0.12284454117233776, 0.12274436753472384, 0.4175581481671061, 0.12278562132000441, 0.8946484258513451, 0.894528938217037, 0.9110158994570856, 0.9239147483459109, 0.8945711511991149, 0.8945482483673066, 0.9273882003697185, 0.8945326352940167, 0.9257801883973035, 0.9018124099388349, 0.917951208286286, 0.8983793572716181, 0.8946175029160679, 0.9006366575936141, 0.921803464118254, 0.8946286837121242, 0.9211896515109632, 0.8946247862123524, 0.8964027426744147, 0.8945865714663579, 0.8946009228632639, 0.8946142842788208, 0.9569207184188903, 0.9201039240236935, 0.8945130568341587, 0.9200296004258603, 0.9159679663449968, 0.9192409455085339, 0.894607332914141, 0.8945378419192468, 0.8946303157973754, 0.9176691178007247, 0.9232677682732108, 0.89451059997324, 0.8945914150111682, 0.9366742831921097, 0.9338011332433693, 0.43861558378643545, 0.8945859556534176, 0.8946286416537127, 0.9241708633002542, 0.9118907249838021, 0.8946367354288777, 0.9695424192277593, 0.8946283108371073, 0.913932570937335, 0.8524946395556158]}, "cv": {"hps": {"normalize_kernel": false, "degree": 5.0, "regularizer": 1e-07}, "score": 0.1833333333333333}}