{"metrics": {"test": {"fp": [7], "f1_score": [0.7733333333333334], "risk": [0.17346938775510204], "recall": [0.7435897435897436], "sensitivity": [0.7435897435897436], "precision": [0.8055555555555556], "tp": [29], "tn": [52], "specificity": [0.8813559322033898], "fn": [10]}, "train": {"fp": [0], "f1_score": [1.0], "risk": [0.0], "recall": [1.0], "sensitivity": [1.0], "precision": [1.0], "tp": [162], "tn": [231], "specificity": [1.0], "fn": [0]}}, "model": {"n_features": 42961897}, "data": {"path": "/scratch/adrouin/data/patric/single_species_datasets/levofloxacin___-9072632565547958275/dataset.kover", "split": "train_0.800_seed_4_10_folds", "uuid": "43b381aa-07c3-11e8-8bd9-001b2193b764"}, "predictions": {"binary": [0, 0, 0, 0, 0, 0, 0, 0, 0, 0, 0, 0, 0, 0, 0, 0, 0, 0, 0, 0, 0, 0, 0, 0, 0, 0, 0, 0, 0, 0, 0, 0, 0, 0, 0, 0, 0, 0, 0, 0, 0, 0, 0, 0, 0, 0, 0, 0, 0, 0, 0, 1, 0, 0, 0, 0, 0, 0, 0, 0, 0, 0, 0, 0, 0, 0, 0, 0, 0, 0, 0, 0, 0, 0, 0, 0, 0, 0, 0, 0, 0, 0, 0, 0, 0, 0, 0, 0, 0, 0, 0, 0, 0, 0, 0, 0, 0, 0, 1, 0, 0, 0, 0, 0, 0, 0, 0, 1, 0, 0, 0, 0, 0, 0, 0, 0, 0, 0, 0, 0, 0, 0, 0, 0, 0, 0, 0, 0, 0, 0, 0, 0, 0, 0, 0, 0, 0, 0, 0, 0, 0, 0, 0, 0, 0, 0, 0, 0, 0, 0, 0, 1, 0, 0, 0, 0, 0, 0, 0, 0, 0, 0, 0, 0, 0, 0, 0, 0, 0, 0, 0, 0, 0, 0, 1, 0, 0, 0, 0, 0, 0, 0, 0, 0, 0, 0, 0, 0, 0, 0, 0, 0, 0, 0, 0, 0, 0, 0, 0, 0, 0, 0, 0, 0, 0, 0, 0, 0, 0, 0, 0, 0, 0, 0, 0, 0, 0, 1, 0, 0, 0, 0, 0, 0, 0, 0, 0, 0, 0, 0, 0, 0, 0, 0, 0, 0, 0, 0, 0, 0, 0, 0, 0, 0, 0, 0, 0, 0, 0, 0, 1, 0, 0, 0, 0, 0, 0, 0, 0, 0, 0, 0, 0, 0, 0, 0, 0, 0, 0, 0, 0, 0, 0, 0, 0, 0, 0, 0, 0, 0, 0, 0, 0, 0, 0, 0, 0, 0, 0, 0, 1, 1, 1, 1, 1, 1, 1, 1, 1, 1, 1, 1, 1, 1, 1, 1, 1, 1, 1, 1, 1, 0, 1, 1, 1, 1, 1, 1, 1, 1, 1, 1, 1, 1, 1, 1, 1, 1, 1, 1, 1, 1, 1, 1, 1, 1, 1, 1, 1, 1, 1, 1, 1, 1, 1, 1, 1, 1, 1, 1, 1, 1, 1, 1, 1, 1, 1, 1, 1, 1, 1, 1, 1, 1, 1, 1, 1, 1, 1, 1, 1, 1, 1, 0, 1, 1, 1, 1, 1, 1, 1, 1, 1, 1, 1, 1, 1, 1, 1, 1, 1, 1, 1, 0, 1, 1, 1, 1, 0, 1, 1, 1, 1, 1, 1, 1, 1, 1, 1, 1, 1, 1, 1, 1, 1, 1, 1, 1, 1, 1, 1, 0, 1, 1, 1, 1, 1, 1, 1, 0, 0, 1, 1, 1, 0, 1, 1, 1, 0, 1, 1, 1, 1, 1, 1, 1, 1, 1, 1, 1, 1, 1, 1, 1, 1, 1, 0, 1, 1, 1, 1, 1, 1, 1, 1, 1, 1, 1, 1, 1, 1, 1, 1, 1, 1, 1, 1, 1, 1, 1, 1, 1, 1, 1, 1, 1, 1, 1, 1, 1, 1], "proba": [0.14483239117942712, 0.12114004942550072, 0.12113866984096572, 0.13655070644540454, 0.12119799048129368, 0.12111749608256846, 0.1211916369787312, 0.1211632966880717, 0.0855679096362712, 0.12118681064520768, 0.061387454789449056, 0.12116190351141136, 0.11946356806447939, 0.12122854507357485, 0.12117845863929816, 0.08542247058087718, 0.12120449717486118, 0.12115736363015779, 0.016195792276340083, 0.12117708214985555, 0.12115513115202949, 0.18700598133113586, 0.23064796414591024, 0.12116242801698517, 0.12116671207530988, 0.12122803526541316, 0.12115637719608544, 0.03362234736811031, 0.04599186778682611, 0.12113805488534546, 0.12349475446862392, 0.014627824016067423, 0.1211963715034139, 0.054660000268095, 0.020479450489328237, 0.07883400249048964, 0.12116121395798704, 0.12120621866941407, 0.10135390533569923, 0.12120300767723975, 0.12120494031057215, 0.12111671594865601, 0.12116394036394817, 0.12120645836230591, 0.28476995746847145, 0.06381646601966467, 0.0670895320892278, 0.04112146609469024, 0.12114406418269008, 0.1682978294935809, 0.20978735564232134, 0.8253955409780198, 0.21373401352172708, 0.03217532871813615, 0.07825841798961171, 0.1211223694625741, 0.3227053086379771, 0.12119553809467355, 0.15135650059581565, 0.10551878822863449, 0.1211495476915503, 0.12119178488358365, 0.12116967479518019, 0.12111352909176701, 0.06641857531651449, 0.12112413591779281, 0.12116751974909261, 0.12115046818862321, 0.12118265942401588, 0.08660492183380167, 0.06672211892035633, 0.12119460024174582, 0.12116022890495447, 0.1204199615382162, 0.1211461764303644, 0.04664835373449555, 0.12115111888190594, 0.12114460328715486, 0.12110689476375437, 0.12118508010802088, 0.12119792916712666, 0.12122340923792915, 0.09617341504311122, 0.06083670594193815, 0.0651076807149147, 0.05578101825750228, 0.1153839236554408, 0.13488369633976446, 0.12115371845627951, 0.12112333875374798, 0.12113963556866472, 0.1211649820331895, 0.12111791252404003, 0.12113647011572966, 0.20218594392472086, 0.0976364711880299, 0.12122287407955035, 0.04674265213376704, 0.9305593007014435, 0.12116118483141053, 0.06356701200371657, 0.12110936217073286, 0.04961675717352932, 0.12114216689880102, 0.12109520713728485, 0.12111673015933337, 0.10601397197103339, 0.530311827451133, 0.12117935478545944, 0.3684267770284369, 0.11790137170311703, 0.049988454302722744, 0.12116320502254786, 0.04224180849573783, 0.3527708250581922, 0.12107234863781784, 0.010200374390854352, 0.12113405639264486, 0.12114700657804098, 0.12115338007778093, 0.029252952511510832, 0.12122694850713321, 0.2053695648069208, 0.12117972292723601, 0.04205238761517076, 0.12116316778773617, 0.3070293520188164, 0.12119739335420941, 0.11100330629302606, 0.12113731047886217, 0.12117650039400937, 0.12116966130345838, 0.12109584550816627, 0.11950562587395856, 0.12116290884300251, 0.12112056577094814, 0.05979952740304065, 0.12117828054766636, 0.1024957662018662, 0.020772561131384187, 0.12118650737821285, 0.12116209120189517, 0.11089678462400493, 0.12116317988858338, 0.014309384329215866, 0.1214105029211639, 0.12120443532356809, 0.08730664119354421, 0.09619460679051939, 0.3951308572029394, 0.1211804106100908, 0.6298880218750841, 0.12112645126194173, 0.12115107082639816, 0.12117249790303099, 0.12112485621054943, 0.1212094864233713, 0.1211133878014265, 0.18850765341805015, 0.042348299697161515, 0.1211220405980386, 0.3004398628961422, 0.12115028846393537, 0.10969374145731983, 0.15994046453933553, 0.14021470100664268, 0.12118219593210115, 0.12114196512227243, 0.16139864273585494, 0.12113375386810236, 0.12109640043388276, 0.12119268945311666, 0.1140388383697015, 0.12117847522897142, 0.8557012605553088, 0.1211505525065897, 0.21826465367017125, 0.10415151228311663, 0.12116188784635513, 0.1212185303595981, 0.05776490771366333, 0.25160079192723467, 0.11345827323890374, 0.09431833179817219, 0.12122170362555451, 0.12113230990999607, 0.12116134643820199, 0.11641841509027645, 0.12115505153194937, 0.06076338790648378, 0.1891815818211965, 0.12120794295518392, 0.12116498614548997, 0.12116873057017716, 0.140385215849158, 0.1211956675102344, 0.12120272916039707, 0.02190725752101129, 0.44058552114304206, 0.11623954362718814, 0.08083232196514323, 0.08992650710944151, 0.12117475480593849, 0.06696034367899535, 0.12114646607144755, 0.12112208755118542, 0.1211928068266541, 0.08915386560393616, 0.0910932342619752, 0.04012415210133988, 0.12112606846872617, 0.12118422242498304, 0.12120333181361395, 0.12117376366465112, 0.1211678505416097, 0.1211163012138368, 0.12114641882945235, 0.5843581150701813, 0.04816914006649699, 0.1211584954568314, 0.12120652836437318, 0.12119658665118266, 0.07322693992106323, 0.12111414939835045, 0.11602188335589626, 0.11585535569231002, 0.1133281170843478, 0.1211257409353671, 0.12116067665231942, 0.12110681801547299, 0.12117381028553784, 0.27052068961283054, 0.12111156502147101, 0.12117992739535233, 0.12115572437437627, 0.1212223302602146, 0.12118474317384555, 0.14134354576349523, 0.1211820275149923, 0.12113908106460945, 0.1896992450717332, 0.12113754251392071, 0.08681916600825226, 0.10147693918111353, 0.12111237034503275, 0.12118549544880837, 0.12116565702780414, 0.12118365491310908, 0.12112977381877427, 0.12114308164144595, 0.9361538357234201, 0.12120129338355633, 0.33773905915418734, 0.09869761790591373, 0.12109259829993167, 0.11545979309402117, 0.1211562430724172, 0.12104321081149894, 0.12110530703756237, 0.1211660605433865, 0.12120131360146588, 0.12119116838747715, 0.12117564386828925, 0.12119361557534067, 0.23164851948237564, 0.12119915806613385, 0.12111261017755208, 0.11078696857636061, 0.12117652611244774, 0.12108287848705, 0.121110523822799, 0.12113816430335486, 0.12117184592949687, 0.12120791691949999, 0.12111367953831974, 0.12113996266391155, 0.12110107000991208, 0.05603056922434142, 