{"metrics": {"test": {"fp": [17], "f1_score": [0.48484848484848486], "risk": [0.32075471698113206], "recall": [1.0], "sensitivity": [1.0], "precision": [0.32], "tp": [8], "tn": [28], "specificity": [0.6222222222222222], "fn": [0]}, "train": {"fp": [48], "f1_score": [0.52], "risk": [0.22641509433962265], "recall": [1.0], "sensitivity": [1.0], "precision": [0.35135135135135137], "tp": [26], "tn": [138], "specificity": [0.7419354838709677], "fn": [0]}}, "model": {"n_features": 17807816}, "data": {"path": "/scratch/adrouin/patric_data/single_species_datasets/clindamycin___-8916328542551230855/dataset.kover", "split": "train_0.800_seed_6_10_folds", "uuid": "6c54415e-07b8-11e8-8a66-001b2193b764"}, "predictions": {"binary": [0, 0, 1, 0, 0, 1, 0, 1, 0, 0, 0, 0, 0, 0, 0, 1, 0, 1, 0, 0, 0, 1, 0, 0, 0, 1, 0, 0, 1, 0, 0, 1, 0, 0, 0, 0, 0, 0, 0, 0, 1, 0, 0, 1, 0, 1, 0, 0, 0, 1, 1, 1, 1, 0, 0, 1, 0, 0, 1, 0, 0, 1, 0, 0, 1, 1, 0, 0, 0, 0, 0, 0, 1, 0, 0, 1, 0, 1, 0, 1, 1, 1, 0, 0, 0, 0, 1, 1, 1, 0, 0, 1, 0, 0, 0, 1, 0, 0, 1, 0, 1, 1, 0, 0, 1, 0, 0, 1, 0, 1, 0, 0, 0, 0, 0, 0, 0, 0, 1, 0, 0, 0, 1, 0, 1, 0, 0, 0, 0, 0, 0, 0, 0, 1, 0, 1, 0, 0, 0, 1, 1, 0, 0, 0, 1, 0, 0, 1, 1, 0, 0, 0, 1, 0, 1, 0, 0, 1, 0, 0, 0, 1, 0, 1, 0, 0, 0, 0, 0, 0, 0, 0, 0, 0, 0, 0, 0, 0, 1, 0, 0, 0, 0, 0, 0, 1, 1, 1, 0, 1, 0, 0, 0, 0, 0, 0, 0, 0, 0, 0, 0, 0, 0, 0, 0, 1, 0, 0, 0, 0, 1, 1, 1, 0, 0, 0, 1, 0, 0, 0, 0, 0, 0, 0, 0, 0, 1, 0, 0, 1, 0, 1, 1, 1, 1, 1, 1, 1, 1, 1, 1, 1, 1, 1, 1, 1, 1, 1, 1, 1, 1, 1, 1, 1, 1, 1, 1, 1, 1, 1, 1, 1, 1, 1, 1], "proba": [0.7756827891422687, 0.7737947811421735, 0.48756279784823897, 0.5269178867350678, 0.6162617964656394, 0.4819383059643767, 0.7730368229930142, 0.41566579060999875, 0.5199676825279776, 0.5316768632200014, 0.7720368260474688, 0.7761111767250873, 0.7709559671471848, 0.7759177334457554, 0.7751287723060168, 0.4832073430183914, 0.7686980477190208, 0.49008169632546505, 0.5401280517341785, 0.5445337187079734, 0.7749120049757624, 0.48621304691015116, 0.539167872455706, 0.500706851769954, 0.7757485265062338, 0.49304015963827197, 0.5416517932299532, 0.5409158094881165, 0.4938805403652241, 0.776094863391378, 0.5268344245962738, 0.49573065121207127, 0.7705105008145225, 0.7742132260642153, 0.7750963196401772, 0.7734270750449699, 0.775291040319314, 0.5439597978519997, 0.5409473338966069, 0.7742092225132966, 0.45891535697758096, 0.5415071327071079, 0.7747989164549463, 0.479944482669229, 0.77307866356943, 0.4640417923265955, 0.5142416829860478, 0.772500166211219, 0.776172411785185, 0.41922991694648487, 0.4637351700812467, 0.4597892643822048, 0.48675002591569905, 0.7763045541005329, 0.7743386251444194, 0.4124830417059238, 0.7760281127184053, 0.5363669353015242, 0.4852156725800301, 0.5323079891118689, 0.7739557925151265, 0.4629784933705289, 0.775043497039951, 0.5399392804487573]}}