{"metrics": {"test": {"fp": [4], "f1_score": [0.9310344827586207], "risk": [0.09523809523809523], "recall": [1.0], "sensitivity": [1.0], "precision": [0.8709677419354839], "tp": [27], "tn": [11], "specificity": [0.7333333333333333], "fn": [0]}, "train": {"fp": [2], "f1_score": [0.9795918367346939], "risk": [0.029411764705882353], "recall": [0.975609756097561], "sensitivity": [0.975609756097561], "precision": [0.9836065573770492], "tp": [120], "tn": [45], "specificity": [0.9574468085106383], "fn": [3]}}, "model": {"n_features": 11108007}, "data": {"path": "/scratch/adrouin/patric_data/single_species_datasets/ceftriaxone___-8916328542551230855/dataset.kover", "split": "train_0.800_seed_2_10_folds", "uuid": "91d498f2-07a9-11e8-bb75-001b2193b764"}, "predictions": {"binary": [0, 0, 0, 0, 1, 0, 0, 0, 0, 0, 0, 0, 0, 0, 0, 0, 0, 0, 0, 1, 0, 0, 0, 0, 0, 0, 0, 0, 0, 0, 0, 0, 0, 0, 0, 0, 0, 1, 0, 0, 0, 0, 0, 0, 0, 0, 0, 0, 1, 0, 1, 0, 0, 0, 0, 0, 0, 0, 1, 0, 0, 0, 1, 1, 1, 1, 1, 1, 1, 1, 1, 1, 1, 1, 1, 1, 1, 1, 1, 1, 1, 1, 1, 1, 1, 1, 1, 1, 1, 1, 1, 1, 1, 1, 1, 1, 1, 1, 1, 1, 1, 1, 1, 1, 1, 1, 1, 1, 1, 1, 1, 1, 1, 1, 1, 1, 1, 1, 1, 1, 1, 1, 1, 1, 1, 1, 1, 1, 1, 1, 1, 1, 1, 1, 1, 1, 1, 1, 1, 1, 1, 1, 1, 1, 0, 1, 1, 1, 1, 1, 1, 1, 1, 1, 1, 1, 1, 1, 1, 1, 1, 1, 1, 1, 1, 1, 1, 1, 1, 1, 1, 1, 1, 1, 1, 0, 1, 1, 1, 1, 1, 1, 1, 1, 1, 1, 1, 1, 1, 1, 0, 1, 1, 1, 1, 1, 1, 1, 1, 1, 1, 1, 1, 1, 1, 1, 1, 1, 1, 1, 1, 1], "proba": [0.07530427908735216, 0.08000768332920649, 0.07997888947055018, 0.07993919899252917, 0.9025575598257788, 0.09513944413610782, 0.04263690550307063, 0.41708536669953494, 0.08005553744893687, 0.0799625188193723, 0.07996215532610015, 0.07999644145698784, 0.4387010712130055, 0.08002569275019249, 0.0799900220172041, 0.07682167788181087, 0.0800270430565427, 0.07553156826805565, 0.07787229488923009, 0.9310951689055831, 0.07188872520342049, 0.059796572290894065, 0.05959555849493608, 0.08000392457746412, 0.07992723091886604, 0.029760839821405073, 0.08001226593830559, 0.1679534733790773, 0.07874653450407687, 0.07990444606945268, 0.0799161990897385, 0.06930972360768098, 0.07433530249385335, 0.09458083618428344, 0.07995144272218338, 0.04784280631158048, 0.03268598339502523, 0.9233433619745427, 0.1276331395439577, 0.08005451609503758, 0.21245063179200002, 0.08007610358417556, 0.06876049768031559, 0.13470417094508944, 0.07998492532700104, 0.05991630523317711, 0.08086218281599196, 0.0864434668457619, 0.6450487895853744, 0.08000857846016605, 0.9387504910276613, 0.08018823339080822, 0.0685845518422459, 0.03814853330554344, 0.07338821395283925, 0.05773887500283855, 0.07994511550528464, 0.047696390756644, 0.9690880882642433, 0.07993209378020234, 0.0799001664113563, 0.04734101529889761, 0.9588074198784571, 0.9511417503437594, 0.9507064597140288, 0.9409471457943872, 0.9409586947224869, 0.9500580826016836, 0.9555693126080957, 0.9422752732926422, 0.947609376442418, 0.9470891481050163, 0.9474325665688369, 0.9409617199102085, 0.9443571092595194, 0.9504210981185637, 0.940973887734189, 0.943906922873101, 0.9455842080732638, 0.9536054527625323, 0.9479948646249263, 0.9461676750108359, 0.9559811808339166, 0.9480105357178015, 0.9492440080025897, 0.94085282922095, 0.9487090645423304, 0.9408524366424272, 0.9503367049593545, 0.9520723326354718, 0.9409523732021122, 0.9494367409634543, 0.9444136989850146, 0.9408980280310182, 0.941951625410725, 0.9490931433798346, 0.9513018421672748, 0.952517310509013, 0.9435139569985265, 0.9411526043712998, 0.9408820491088127, 0.9522954356041191, 0.9084544782764806, 0.9538194637583183, 0.9501759444475267, 0.9513339827535356, 0.9481757931274506, 0.9406772427548344, 0.9481559494340988, 0.9479386579339713, 0.9491564984856162, 0.9289832008530977, 0.9532629797201062, 0.9889435644695179, 0.9497004921670481, 0.9409589383931227, 0.9557160134184963, 0.9540115690733285, 0.9524074963935047, 0.9437770926412683, 0.9470098358974148, 0.9545030672206435, 0.9409566734296351, 0.9417008284493014, 0.9442201965143303, 0.9455320870811946, 0.940872223758132, 0.951390173466509, 0.9596845417559949, 0.9509313657757016, 0.9409687972808325, 0.6890053106255076, 0.9468285567223158, 0.9409442030128086, 0.9518256060842666, 0.9423569745897711, 0.9542801654199181, 0.9548514601514076, 0.9518832615777806, 0.9546588533896667, 0.9496531401647686, 0.9526889786423269, 0.9507625100415928, 0.9547214976460067, 0.19549734605495409, 0.96105639998573, 0.9522634428395924, 0.9547714169992151, 0.9489544651140726, 0.9520152739567965, 0.9544562609454518, 0.9470204442050112, 0.9549368221031787, 0.9419869169989279, 0.940909604204293, 0.9552783720675347, 0.9532944987421342, 0.946048525207245, 0.9514504542278903, 0.9408362672811666, 0.9477542463900636, 0.9409685714805515, 0.9521467930152433, 0.9495094276955109, 0.9448651431687497, 0.9413464705817891, 0.952198548464357, 0.8466534736604504, 0.9352423752709825, 0.9544955727575646, 0.9421874427325373, 0.9409527216689398, 0.946572481694238, 0.9408643070507474, 0.9408891729009915, 0.47975381245432225, 0.9533306521419233, 0.9517824180543993, 0.9408538721721927, 0.9502190603318466, 0.9455924918789093, 0.9409689149364642, 0.9536060868278958, 0.9542292994389258, 0.9408836403992439, 0.9409617199102113, 0.9438057113805961, 0.944292726022904, 0.9518917393429577, 0.9409330232886927, 0.4817869251959434, 0.9436022445476311, 0.9475707937990867, 0.9541204549269895, 0.9528273805012261, 0.950310652310788, 0.954035871302115, 0.9531394676353842, 0.9431513944902643, 0.9456660602351921, 0.9408858918655184, 0.9367619088941518, 0.9433468925244356, 0.9409521655654977, 0.9543352980162364, 0.9408675588669229, 0.9398603696959504, 0.9536287610079675, 0.9408710671574023, 0.951659307146868, 0.9481073034017122, 0.9409590576640954]}, "cv": {"hps": {"normalize_kernel": false, "degree": 1.0, "regularizer": 1e-05}, "score": 0.0823529411764706}}