{"metrics": {"test": {"fp": [6], "f1_score": [0.8484848484848485], "risk": [0.2127659574468085], "recall": [0.875], "sensitivity": [0.875], "precision": [0.8235294117647058], "tp": [28], "tn": [9], "specificity": [0.6], "fn": [4]}, "train": {"fp": [46], "f1_score": [0.7873303167420814], "risk": [0.24867724867724866], "recall": [0.9886363636363636], "sensitivity": [0.9886363636363636], "precision": [0.6541353383458647], "tp": [87], "tn": [55], "specificity": [0.5445544554455446], "fn": [1]}}, "model": {"n_features": 37176168}, "data": {"path": "/scratch/adrouin/patric_data/single_species_datasets/amoxicillin_clavulanic_acid___2202579077548954665/dataset.kover", "split": "train_0.800_seed_9_10_folds", "uuid": "b775749e-05da-11e8-8d40-001b2193b764"}, "predictions": {"binary": [0, 1, 1, 1, 1, 1, 1, 0, 1, 1, 0, 1, 0, 1, 0, 1, 0, 1, 0, 1, 0, 0, 1, 1, 0, 0, 0, 1, 0, 0, 0, 1, 1, 1, 0, 1, 0, 0, 0, 0, 0, 0, 0, 0, 0, 1, 0, 0, 1, 0, 0, 1, 1, 1, 0, 1, 0, 1, 1, 1, 1, 1, 0, 0, 1, 0, 1, 1, 0, 0, 0, 0, 1, 1, 0, 0, 0, 0, 0, 0, 1, 0, 1, 1, 0, 0, 1, 1, 0, 0, 0, 0, 1, 1, 1, 1, 0, 1, 1, 0, 0, 0, 0, 1, 1, 1, 0, 1, 0, 0, 1, 0, 0, 0, 0, 0, 1, 1, 1, 1, 1, 1, 1, 1, 1, 1, 1, 1, 1, 1, 1, 1, 1, 1, 1, 1, 1, 1, 1, 1, 1, 1, 1, 1, 1, 1, 1, 1, 1, 1, 1, 1, 1, 1, 1, 1, 1, 1, 1, 1, 1, 1, 1, 1, 1, 1, 1, 1, 1, 1, 1, 1, 1, 1, 1, 1, 1, 1, 1, 1, 1, 1, 1, 0, 1, 1, 1, 1, 1, 1, 1, 1, 1, 1, 1, 1, 1, 1, 1, 1, 1, 1, 0, 1, 1, 1, 1, 1, 1, 1, 1, 1, 1, 1, 1, 1, 0, 0, 1, 1, 1, 1, 1, 1, 1, 1, 1, 1, 1, 1, 1, 0, 1, 1, 1, 1], "proba": [0.5074259521735768, 0.495062704050206, 0.48515203879635743, 0.4806244370347524, 0.49710695333980215, 0.49439195304832484, 0.47768672864733314, 0.5017608128017901, 0.43826545367811676, 0.48719101824737454, 0.5000493621791641, 0.49412252044851174, 0.647634104487925, 0.4995083534130408, 0.6591279326798849, 0.4768738193913002, 0.5004848534227697, 0.49293098300004823, 0.5225385329148222, 0.4977338366454731, 0.5042392168845029, 0.6564789009046917, 0.47436334791867507, 0.49646301692222244, 0.5090554649318161, 0.6513544747900911, 0.5069332968903975, 0.3994734370743936, 0.5120081479584865, 0.5034403109695361, 0.6566969210130779, 0.49016114926238613, 0.4906458287959709, 0.4820848476151093, 0.5154309438844514, 0.4968328740633642, 0.5009104608042566, 0.6504743100501931, 0.5004064229614975, 0.6580829932791634, 0.51767774803821, 0.5072708944182655, 0.5063449940053338, 0.5274879584748544, 0.5091212459659652, 0.48773078316800544, 0.6566575780079632, 0.5006128206755839, 0.4995784903989058, 0.5272022556113519, 0.5152454951224654, 0.49506885699892617, 0.4643581892248511, 0.4891188161121113, 0.503769341755696, 0.4930288004746642, 0.6564160602073715, 0.4873902494757973, 0.4906332459372066, 0.45978653065367825, 0.49034876229376306, 0.4997762152321925, 0.5024264111499829, 0.6566651037283994]}}