{"metrics": {"test": {"fp": [0], "f1_score": [0.923076923076923], "risk": [0.011904761904761904], "recall": [0.8571428571428571], "sensitivity": [0.8571428571428571], "precision": [1.0], "tp": [6], "tn": [77], "specificity": [1.0], "fn": [1]}, "train": {"fp": [1], "f1_score": [0.9885057471264368], "risk": [0.0029585798816568047], "recall": [1.0], "sensitivity": [1.0], "precision": [0.9772727272727273], "tp": [43], "tn": [294], "specificity": [0.9966101694915255], "fn": [0]}}, "model": {"n_features": 1000000}, "data": {"path": "/scratch/adrouin/data/patric/single_species_datasets/tobramycin___7053822222416630118/dataset.kover", "split": "train_0.800_seed_2_10_folds", "uuid": "2ca1e864-05af-11e8-a59f-001b2193b764"}, "predictions": {"binary": [0, 0, 0, 0, 0, 0, 0, 0, 0, 0, 0, 0, 0, 0, 0, 0, 0, 0, 0, 0, 0, 0, 0, 0, 0, 0, 0, 0, 0, 0, 0, 0, 0, 0, 0, 0, 0, 0, 0, 0, 0, 0, 0, 0, 0, 0, 0, 0, 0, 0, 0, 0, 0, 0, 0, 0, 0, 0, 0, 0, 0, 0, 0, 0, 0, 0, 0, 0, 0, 0, 0, 0, 0, 0, 0, 0, 0, 0, 0, 0, 0, 0, 0, 0, 0, 0, 0, 0, 0, 0, 0, 0, 0, 0, 0, 0, 0, 0, 0, 0, 0, 0, 0, 0, 0, 0, 0, 0, 0, 0, 0, 0, 0, 0, 0, 0, 0, 0, 0, 0, 0, 0, 0, 0, 0, 0, 0, 0, 0, 0, 0, 0, 0, 0, 0, 0, 0, 0, 0, 0, 0, 0, 0, 0, 0, 0, 0, 0, 0, 0, 0, 0, 0, 0, 0, 0, 0, 0, 0, 0, 0, 0, 0, 0, 0, 0, 0, 0, 0, 0, 0, 0, 0, 0, 0, 0, 0, 0, 0, 0, 0, 0, 0, 0, 0, 0, 0, 0, 0, 0, 1, 0, 0, 0, 0, 0, 0, 0, 0, 0, 0, 0, 0, 0, 0, 0, 0, 0, 0, 0, 0, 0, 0, 0, 0, 0, 0, 0, 0, 0, 0, 0, 0, 0, 0, 0, 0, 0, 0, 0, 0, 0, 0, 0, 0, 0, 0, 0, 0, 0, 0, 0, 0, 0, 0, 0, 0, 0, 0, 0, 0, 0, 0, 0, 0, 0, 0, 0, 0, 0, 0, 0, 0, 0, 0, 0, 0, 0, 0, 0, 0, 0, 0, 0, 0, 0, 0, 0, 0, 0, 0, 0, 0, 0, 0, 0, 0, 0, 0, 0, 0, 0, 0, 0, 0, 0, 0, 0, 0, 0, 0, 0, 0, 0, 0, 0, 0, 0, 0, 0, 0, 0, 0, 0, 0, 0, 0, 0, 0, 0, 0, 0, 0, 0, 0, 0, 0, 0, 0, 0, 0, 0, 0, 0, 0, 0, 0, 0, 0, 0, 0, 0, 0, 0, 0, 0, 0, 0, 0, 0, 0, 0, 0, 0, 0, 0, 0, 0, 0, 0, 0, 0, 0, 0, 0, 0, 0, 0, 0, 0, 0, 0, 1, 1, 1, 1, 1, 1, 1, 1, 0, 1, 1, 1, 1, 1, 1, 1, 1, 1, 1, 1, 1, 1, 1, 1, 1, 1, 1, 1, 1, 1, 1, 1, 1, 1, 1, 1, 1, 1, 1, 1, 1, 1, 1, 1, 1, 1, 1, 1, 1, 1, 0, 0, 0, 0, 0, 0, 0, 0, 0, 0, 0, 0, 0, 0, 0, 0, 0, 0, 0, 0, 0, 0, 0, 0, 0, 0], "proba": [0.10227939608124288, 0.033767028289274616, 0.0051546587664734285, 0.008473618883396554, 0.0010191914825225022, 0.013226664629926381, 0.015384995601876669, 0.00857496558640425, 0.0022432717714299605, 0.0017326413302920847, 0.011456220075044968, 0.0028867055075592254, 0.011941087663148855, 0.40355452921139146, 0.0026941564732701133, 0.04878510145124667, 0.0004239916933225179, 0.013691781796248484, 0.003624091528483744, 0.04357885606672973, 0.0028691440586728163, 0.002254043228862132, 0.0017796091080412963, 0.01179941070951028, 0.0029671764152939466, 0.000558121427094667, 0.051470731665434644, 0.16919289603448387, 0.0059515841439458424, 0.001565680479314041, 0.0014615986906082567, 0.00024206235830346887, 0.0016755870171954773, 0.0012585897551879587, 3.573761229065055e-05, 0.001471379666046826, 0.0002744957970725354, 0.0017664498116412534, 0.016401268931281233, 0.006409246741922028, 0.005859364564663488, 0.012441188364521539, 0.10973575727389083, 0.014013892459945424, 0.002354167382538791, 0.01475207510769018, 0.005163919852650637, 0.0037655183465012906, 0.008334318892613565, 0.0007563498710306337, 0.0014211435729610468, 0.04891633279539834, 0.0965871776790938, 0.013422801208863066, 0.0040462312989897305, 0.02550470264313627, 0.21343587214415305, 0.036534996707583624, 0.045614756862176246, 0.4311059488990955, 0.012178556370692236, 0.02218095333641079, 0.04888312763313823, 0.005173792492955332, 0.1358843232913605, 0.08281634954312227, 0.006126278699499022, 0.006511012821584711, 0.0012767245166513872, 0.03896922066147325, 0.0018349166830842034, 0.012864284370800673, 0.001329375812356917, 0.003451482406963582, 0.004801105867444227, 0.012937314845912751, 0.002919776158419547, 0.0030817923297389435, 0.012014391126915928, 0.007180625695113943, 0.007804687285391415, 0.004568066177879442, 0.005226360352460114, 0.0013488967836216804, 0.006527328961598505, 0.049899002597781295, 0.002371521570536104, 0.07154265411112491, 0.11211756641837525, 0.006799436360384279, 0.011037622178983212, 0.005617149264936513, 0.0024256532393138793, 0.0011904637525012964, 0.008382998507534165, 0.0809746644781336, 0.17284811554303192, 0.18713035153081164, 0.004321346795243822, 0.0032047697774562666, 0.059865358947685264, 0.0053510261920398676, 0.06038134719847888, 0.12434750105375014, 0.06836261781723167, 0.04318113393313705, 0.12716121700135666, 0.015238053948672278, 0.015452116990345708, 0.013863883492425589, 0.021028152218325734, 0.011266641786791997, 0.024505030712102003, 0.009831517138875142, 0.018991856390666743, 0.06943043347642351, 0.008678611053489224, 0.00443654178934637, 0.045420774495635884, 0.009690294568832256, 0.00317872598953434, 0.0862715344442636, 0.01997109494314583, 0.01079070364614758, 0.14125960022027292, 0.011636498788209307, 0.023261450322947606, 0.02412770187664956, 0.037851816060857135, 0.001221910751425894, 0.0036066900044529238, 0.023674753926549486, 0.0002944309254388702, 0.03843925933344271, 0.017256392172021014, 0.086096682245553, 0.018892823336528475, 0.0013215951787410333, 0.13567167141338807, 0.0025291840556113114, 0.04446191984566476, 0.003993434755952533, 0.026536112137784427, 0.0241691782441772, 0.025284144175622456, 0.037386183545516066, 0.04303493400689804, 0.04421128784777996, 0.04370683409648858, 0.04384635387090328, 0.11305754293614677, 0.008599135393841384, 0.041563997128063336, 0.00010877116532324504, 0.010249170574793716, 0.0064880275592733225, 0.010654074657775235, 0.019286466065629084, 0.0059234807655085455, 0.002503468490261341, 0.00014661071189698077, 0.008852181142218278, 0.048498373048907056, 0.0035418315856712936, 0.0020197870786378483, 0.020103033564041122, 0.057470585311148306, 6.472827941020781e-06, 1.0357841589489588e-05, 0.009599911782059795, 0.010005272190031587, 0.032221398381659806, 0.011707672170733074, 0.00025002812042675316, 0.016392283922708237, 0.011225945533755466, 0.0393079128675098, 0.0012370663957177329, 0.013553136978842256, 0.013271506407861658, 0.02906804626434621, 0.026186112651691656, 0.0019849255901565575, 0.0026630462946261486, 0.014365019842056464, 0.11662902296040986, 0.0022295848490576004, 0.011300378947588122, 0.02798219072800592, 0.01352637694438203, 0.623116257974692, 0.0156735070285686, 0.014428080618674564, 0.09457473360878334, 0.019092448826259958, 0.1601895226662085, 0.024039842960006552, 0.013697251917262518, 0.002552357667822858, 0.009162810825235576, 0.008897178428477336, 0.005239762433054269, 0.16637679212993875, 0.01875543509483134, 0.04091087482817296, 0.0038571483029425173, 0.012547043104319743, 0.006850582877269892, 0.09760013448047095, 0.025104082688193526, 0.09952952212637867, 0.0035330916597668045, 0.006443263429851658, 0.0013429788844577493, 0.006834208188352546, 0.006646522409681662, 0.001965503281887516, 0.002102562595072754, 0.009399800712483614, 0.008122680342524405, 0.05776694353018451, 0.009466096116007171, 0.00459578019261869, 0.0034695283972308883, 0.0014124642961300716, 0.02276893556078459, 0.013088683195902912, 0.03686715241025385, 0.01854680407083303, 0.004051420837279616, 0.015462973442578198, 0.0026371676914009965, 0.010423671271861517, 0.0020443674882788462, 0.0060058721308566005, 0.023451024203501557, 0.01919698731881564, 0.022487429387370785, 0.02788018459050081, 0.04198692512121738, 0.004839868346057018, 0.009347234734255657, 0.015902565544457164, 0.0013806906588546921, 0.007585967405874491, 0.11969299009511164, 0.033672885913047235, 0.06756105246091254, 0.0023406203240372526, 0.19630767293625512, 0.04056370116539894, 0.13833169183845012, 0.05475878630757416, 0.005450994999446186, 0.04426963416325352, 0.003994975080559586, 0.053123464914204985, 0.014380240452159791, 0.024269315337847912, 0.02450810225667154, 0.01419244724454716, 0.023198453101525903, 0.008909090993729416, 0.013489581552636258, 0.01460255289643557, 0.01456262368738188, 0.18009945944905742, 0.02003042155778608, 0.0056483205521263465, 