{"metrics": {"test": {"fp": [2], "f1_score": [0.9739130434782608], "risk": [0.043478260869565216], "recall": [0.9824561403508771], "sensitivity": [0.9824561403508771], "precision": [0.9655172413793104], "tp": [56], "tn": [10], "specificity": [0.8333333333333334], "fn": [1]}, "train": {"fp": [6], "f1_score": [0.9721627408993576], "risk": [0.046762589928057555], "recall": [0.9700854700854701], "sensitivity": [0.9700854700854701], "precision": [0.9742489270386266], "tp": [227], "tn": [38], "specificity": [0.8636363636363636], "fn": [7]}}, "model": {"n_features": 1000000}, "data": {"path": "/scratch/adrouin/data/patric/single_species_datasets/streptomycin___-736338835843459561/dataset.kover", "split": "train_0.800_seed_3_10_folds", "uuid": "3c54eb68-07f2-11e8-aaa1-001b2193b764"}, "predictions": {"binary": [0, 0, 0, 0, 0, 0, 0, 0, 0, 0, 0, 0, 0, 0, 0, 0, 0, 0, 0, 0, 0, 0, 0, 1, 0, 1, 1, 0, 0, 1, 0, 0, 0, 0, 0, 0, 1, 0, 0, 1, 0, 1, 0, 0, 0, 0, 0, 0, 0, 0, 0, 1, 0, 0, 0, 0, 1, 1, 1, 1, 1, 1, 1, 1, 1, 1, 1, 1, 1, 1, 1, 1, 1, 1, 1, 1, 1, 1, 1, 1, 1, 1, 1, 1, 1, 1, 1, 1, 1, 1, 1, 1, 1, 1, 1, 1, 1, 1, 1, 1, 1, 1, 1, 1, 1, 1, 1, 1, 1, 1, 1, 1, 1, 1, 1, 1, 1, 1, 1, 1, 0, 0, 1, 1, 1, 1, 1, 1, 1, 1, 1, 1, 1, 1, 1, 1, 1, 1, 1, 1, 1, 1, 1, 1, 1, 1, 1, 1, 1, 1, 1, 1, 1, 1, 1, 1, 1, 1, 1, 1, 1, 1, 1, 1, 1, 1, 1, 1, 1, 1, 1, 1, 1, 1, 1, 1, 1, 1, 1, 1, 1, 1, 1, 1, 1, 1, 1, 1, 1, 1, 1, 1, 1, 1, 0, 1, 1, 1, 1, 1, 1, 1, 1, 1, 1, 1, 1, 1, 1, 1, 1, 1, 1, 1, 1, 1, 1, 1, 1, 1, 1, 1, 1, 1, 1, 1, 1, 1, 1, 1, 1, 1, 1, 1, 1, 1, 1, 1, 1, 1, 1, 1, 1, 1, 1, 1, 1, 1, 1, 1, 1, 1, 1, 1, 0, 0, 1, 1, 1, 1, 1, 1, 1, 1, 1, 1, 1, 1, 1, 1, 1, 1, 1, 1, 1, 1, 1, 1, 1, 1, 1, 1, 1, 1, 1, 1, 1, 1, 1, 1, 1, 1, 1, 0, 1, 1, 1, 1, 1, 1, 1, 1, 0, 1, 1, 1, 1, 1, 1, 1, 1, 1, 1, 1, 1, 1, 1, 1, 1, 1, 1, 1, 1, 1, 1, 1, 1, 1, 1, 1, 1, 1, 1, 0, 1, 1, 1, 1, 1, 1, 1, 1, 1, 1, 1, 1, 1, 0, 0, 0, 0, 0, 0, 0, 0, 0, 0, 0, 0, 0, 0, 0, 0, 0, 0, 0, 0, 0, 0, 0, 0, 0, 0, 0, 0, 0, 0, 0, 0, 0, 0, 0, 0, 0], "proba": [0.2834979466513038, 0.05019027165662622, 0.07612616693171553, 0.06591679695762737, 0.03678723452993345, 0.00024399798544269498, 0.15128175549280629, 0.04558555340617009, 0.001381051110296315, 0.0006326067992412869, 0.03884972129136801, 0.027790589202120828, 0.06948199415841551, 0.016708778782924226, 0.0020433715938955035, 3.528156994096185e-06, 0.00011380566884979392, 0.0001756188463368893, 0.045324756555364165, 0.022518722568192536, 0.026695475607552446, 0.043679153763653174, 0.0007074868714473518, 0.9262103530256492, 0.0182378314684997, 0.546310173272886, 0.9534808052736905, 0.04486981653569654, 3.7301913141145925e-06, 0.9297689682312467, 0.046189305807619103, 0.027979217172135338, 0.059733035492821225, 0.16069500927112587, 0.03307708892689177, 0.39425111318824074, 0.9303014493529467, 0.0008860515492462946, 0.043857531891442536, 0.7621563338164584, 0.035147790434477306, 0.6978505856648697, 0.0628700301512571, 0.06405488330937589, 0.2058175956340755, 0.044082999248753044, 0.03409985330691936, 0.049072027687095676, 0.4327862582448977, 0.04917564336933968, 0.16751920849731528, 0.9303014493529467, 0.001953571776389536, 0.050405383950314867, 0.053069719114085395, 0.08854077817560319, 0.9494263577095281, 0.9498878617956694, 0.9559290757240229, 0.9559290757240229, 0.7401412025324119, 0.9498878617956694, 0.836748024624541, 0.9550426383941755, 0.7113422559792723, 0.950893410222748, 0.9534808052736905, 0.9498878617956694, 0.9331577081249267, 0.9559290757240229, 0.9498878617956694, 0.9303014493529467, 0.9534808052736905, 0.9390136297747173, 0.9534808052736905, 0.7839866279273588, 0.9303014493529467, 0.9534808052736905, 0.9498878617956694, 0.9321406394789267, 0.9537274641247537, 0.9306964212871246, 0.9478486906921938, 0.9903868606528198, 0.836748024624541, 0.8471475374431684, 0.9385511330095907, 0.9303014493529467, 0.9498878617956694, 0.546310173272886, 0.9303014493529467, 0.9534808052736905, 0.9529413701595955, 0.9303014493529467, 0.9388718777650663, 0.9303014493529467, 0.9300964272576928, 0.9303014493529467, 0.9303014493529467, 0.9303014493529467, 0.9183156306593747, 0.8507589427762097, 0.8494273130460198, 0.9303014493529467, 0.9302202414711748, 0.9303014493529467, 0.9303014493529467, 0.9325668929370101, 0.9303014493529467, 0.9303014493529467, 0.8384127998284125, 0.8281920543437052, 0.9561633499322721, 0.9496986853924162, 0.7754531740988736, 0.9386299666088174, 0.9326656497590042, 0.934104347823969, 0.8471475374431684, 0.9303014493529467, 0.46011211846415156, 0.44635597678377126, 0.9303014493529467, 0.9385783506533634, 0.9303626598560185, 0.9534808052736905, 0.9303014493529467, 0.9531456089820741, 0.9538211056724414, 0.9331577081249267, 0.9385511330095907, 0.9303014493529467, 0.9303014493529467, 0.9303014493529467, 0.9278850707723432, 0.9303014493529467, 0.9303014493529467, 0.9303014493529467, 0.9303014493529467, 0.9303014493529467, 0.9303014493529467, 0.9303014493529467, 0.9303014493529467, 0.9303014493529467, 0.9306568293511415, 0.9303014493529467, 0.9303014493529467, 0.9382971700293948, 0.9303014493529467, 0.9303014493529467, 0.9303014493529467, 0.9303014493529467, 0.9331577081249267, 0.9303014493529467, 0.8471475374431684, 0.7840927770964505, 0.940319397422452, 0.9325668929370101, 0.9306178702836804, 0.9303014493529467, 0.7830409863036235, 0.9303014493529467, 0.7830409863036235, 0.9303014493529467, 0.9303014493529467, 0.9326445691791231, 0.9275111274699651, 0.9303346819761399, 0.9304513538028215, 0.9302931081589821, 0.9303014493529467, 0.9303014493529467, 0.9305184701508666, 0.9297689682312467, 0.9481668431418772, 0.7905734785794861, 0.77333004490155, 0.7830409863036235, 0.9303014493529467, 0.7830409863036235, 0.7841721098139559, 0.5865353449039049, 0.934104347823969, 0.9325668929370101, 0.9303014493529467, 0.9303014493529467, 0.9303014493529467, 0.9303014493529467, 0.7825411462797912, 0.9385511330095907, 0.9304225613989778, 0.938796334144108, 0.9297587484050256, 0.9293412402304851, 0.04745977951403549, 0.9303014493529467, 0.9303014493529467, 0.9303014493529467, 0.9303014493529467, 0.9303014493529467, 0.9303014493529467, 0.9331577081249267, 0.8057921605234404, 0.9382971700293948, 0.7737192578389055, 0.9534808052736905, 0.7572337403995739, 0.9303014493529467, 0.9304295090708301, 0.9303014493529467, 0.9303014493529467, 0.9303014493529467, 0.9303014493529467, 0.9550292595166177, 0.9336255977555467, 0.9374253024024838, 0.9554326759275508, 0.9303014493529467, 0.9331577081249267, 0.9303014493529467, 0.9303014493529467, 0.9303014493529467, 0.9325668929370101, 0.9303014493529467, 0.9303014493529467, 0.9303014493529467, 0.7830409863036235, 0.9303014493529467, 0.9332165902822575, 0.9325668929370101, 0.9382971700293948, 0.9303014493529467, 0.9303014493529467, 0.7720737692359879, 0.9303014493529467, 0.936936683788954, 0.7830409863036235, 0.9294618247565746, 0.934104347823969, 0.9305306266801865, 0.9303014493529467, 0.9303014493529467, 0.9303014493529467, 0.939027192767424, 0.9353367664222559, 0.9303014493529467, 0.9303014493529467, 0.9516232786958123, 0.9303014493529467, 0.9303014493529467, 0.9303014493529467, 0.9534808052736905, 0.9303014493529467, 0.7830409863036235, 0.3924717518517597, 0.3844829658486902, 0.9285107161071103, 0.9328242181957553, 0.9297689682312467, 0.9313306192035321, 0.7830409863036235, 0.8476033020306611, 0.7552562664749402, 0.7850919157267899, 0.9183156306593747, 0.9534808052736905, 0.9603967454278658, 0.939027192767424, 0.9385511330095907, 0.9385511330095907, 0.9336548663631888, 0.9303014493529467, 0.9376969650813628, 0.9303014493529467, 0.9303014493529467, 0.9438527569771262, 0.9423629863802654, 0.9452189475018098, 0.9295880389268898, 0.9384304713353611, 0.9303014493529467, 0.9303014493529467, 0.9312590674799501, 0.9303014493529467, 0.938796334144108, 0.9358582424825507, 0.9390419489560312, 0.9306915529272212, 0.9303014493529467, 0.9303014493529467, 0.9512151307089574, 0.9532112423316996, 0.9347197774848768, 0.11969738494480998, 0.9373662563722303, 0.9303014493529467, 0.7830409863036235, 