{"metrics": {"test": {"fp": [2], "f1_score": [0.9444444444444444], "risk": [0.08333333333333333], "recall": [1.0], "sensitivity": [1.0], "precision": [0.8947368421052632], "tp": [17], "tn": [5], "specificity": [0.7142857142857143], "fn": [0]}, "train": {"fp": [2], "f1_score": [0.9557522123893805], "risk": [0.052083333333333336], "recall": [0.9473684210526315], "sensitivity": [0.9473684210526315], "precision": [0.9642857142857143], "tp": [54], "tn": [37], "specificity": [0.9487179487179487], "fn": [3]}}, "model": {"n_features": 47}, "data": {"path": "/scratch/adrouin/patric_data/single_species_datasets/ciprofloxacin___946434054234721145/dataset.kover", "split": "train_0.800_seed_8_10_folds", "uuid": "8b1fb550-0867-11e8-b4d8-001b2193b764"}, "predictions": {"binary": [0, 0, 0, 0, 0, 1, 0, 0, 1, 0, 0, 1, 0, 0, 1, 0, 0, 0, 0, 0, 0, 0, 0, 0, 0, 0, 0, 0, 0, 0, 0, 0, 0, 0, 0, 0, 0, 0, 0, 0, 0, 0, 0, 0, 0, 0, 1, 1, 1, 1, 1, 1, 1, 1, 1, 1, 1, 0, 1, 1, 1, 1, 1, 1, 1, 1, 1, 1, 1, 1, 1, 1, 1, 1, 1, 1, 1, 1, 1, 1, 1, 1, 1, 1, 1, 1, 1, 1, 1, 1, 1, 1, 1, 1, 1, 1, 1, 1, 1, 1, 1, 1, 1, 1, 1, 1, 1, 1, 1, 1, 1, 1, 0, 1, 0, 1, 1, 1, 1, 1, 0, 0, 0, 0, 0, 0, 0, 0], "proba": [0.15604441481027914, 0.2191271442135106, 0.15604441481027914, 0.15604441481027914, 0.23927006228149794, 0.7275424399124398, 0.16221932043360962, 0.1808667438817462, 0.5791479824517963, 0.15604441481027914, 0.16221932043360962, 0.7385389803748089, 0.15604441481027914, 0.15604441481027914, 0.7707500698035002, 0.15604441481027914, 0.15604441481027914, 0.15604441481027914, 0.15604441481027914, 0.15604441481027914, 0.15604441481027914, 0.15604441481027914, 0.2309708027434315, 0.15604441481027914, 0.22712652437143593, 0.16221932043360962, 0.1808667438817462, 0.1636426832757211, 0.1636426832757211, 0.15604441481027914, 0.2254667159864158, 0.37054538842131046, 0.15604441481027914, 0.1808667438817462, 0.1636426832757211, 0.1808667438817462, 0.15604441481027914, 0.15604441481027914, 0.18192491697231525, 0.23927006228149794, 0.15604441481027914, 0.15604441481027914, 0.23927006228149794, 0.20916469813199687, 0.22091816424606533, 0.18192491697231525, 0.8195162948916838, 0.8141732123980229, 0.7612006048945065, 0.8210547996132866, 0.8210547996132866, 0.7385389803748089, 0.7385389803748089, 0.8210547996132866, 0.7385389803748089, 0.6576126933664452, 0.8009415350094858, 0.2309708027434315, 0.7707500698035002, 0.8210547996132866, 0.8210547996132866, 0.8210547996132866, 0.8210547996132866, 0.8195162948916838, 0.8210547996132866, 0.7385389803748089, 0.8210547996132866, 0.7385389803748089, 0.6576126933664452, 0.8210547996132866, 0.8210547996132866, 0.8210547996132866, 0.8210547996132866, 0.813504705816417, 0.7803450432829755, 0.8210547996132866, 0.8210547996132866, 0.7385389803748089, 0.7385389803748089, 0.8210547996132866, 0.8210547996132866, 0.8210547996132866, 0.8210547996132866, 0.8210547996132866, 0.7385389803748089, 0.8080253445786072, 0.8210547996132866, 0.7385389803748089, 0.8210547996132866, 0.8195162948916838, 0.8195162948916838, 0.8210547996132866, 0.8210547996132866, 0.8210547996132866, 0.6576126933664452, 0.8080253445786072, 0.8210547996132866, 0.8210547996132866, 0.8210547996132866, 0.8210547996132866, 0.5791479824517963, 0.8210547996132866, 0.8210547996132866, 0.8195162948916838, 0.7385389803748089, 0.7804117726908383, 0.8210547996132866, 0.8210547996132866, 0.8210547996132866, 0.8210547996132866, 0.8080253445786072, 0.8210547996132866, 0.23927006228149794, 0.7992723801079418, 0.15604441481027914, 0.8210547996132866, 0.8210547996132866, 0.8195162948916838, 0.7295294627097934, 0.7898907143921771, 0.5, 0.5, 0.5, 0.5, 0.5, 0.5, 0.5, 0.5]}}