{"metrics": {"test": {"fp": [11], "f1_score": [0.5625000000000001], "risk": [0.16666666666666666], "recall": [0.75], "sensitivity": [0.75], "precision": [0.45], "tp": [9], "tn": [61], "specificity": [0.8472222222222222], "fn": [3]}, "train": {"fp": [39], "f1_score": [0.6249999999999999], "risk": [0.1242603550295858], "recall": [0.9210526315789473], "sensitivity": [0.9210526315789473], "precision": [0.47297297297297297], "tp": [35], "tn": [261], "specificity": [0.87], "fn": [3]}}, "model": {"n_features": 31466580}, "data": {"path": "/scratch/adrouin/patric_data/single_species_datasets/tobramycin___7053822222416630118/dataset.kover", "split": "train_0.800_seed_0_10_folds", "uuid": "2ca1e864-05af-11e8-a59f-001b2193b764"}, "predictions": {"binary": [0, 0, 0, 0, 0, 0, 0, 0, 0, 0, 0, 0, 0, 1, 0, 0, 0, 0, 0, 0, 0, 0, 0, 0, 0, 0, 0, 0, 0, 0, 0, 0, 0, 0, 0, 0, 0, 0, 0, 0, 1, 0, 0, 0, 0, 0, 0, 0, 0, 0, 0, 1, 1, 0, 0, 0, 1, 1, 1, 1, 1, 1, 1, 1, 0, 0, 0, 0, 0, 0, 0, 0, 0, 0, 0, 0, 0, 0, 0, 0, 0, 0, 0, 0, 0, 0, 0, 1, 1, 1, 0, 0, 0, 0, 0, 0, 0, 0, 0, 0, 0, 0, 0, 0, 0, 0, 0, 0, 0, 0, 0, 0, 0, 0, 0, 0, 0, 0, 0, 0, 0, 0, 0, 1, 0, 0, 0, 0, 0, 0, 0, 0, 0, 0, 0, 0, 0, 0, 0, 0, 0, 0, 0, 0, 0, 0, 0, 0, 0, 0, 0, 0, 0, 1, 0, 0, 0, 0, 0, 0, 0, 0, 0, 0, 0, 0, 0, 0, 0, 1, 1, 1, 1, 0, 1, 0, 0, 0, 0, 0, 0, 0, 0, 0, 1, 0, 0, 0, 1, 1, 1, 0, 1, 1, 1, 1, 1, 0, 1, 1, 0, 1, 1, 1, 0, 0, 0, 0, 0, 1, 0, 0, 1, 0, 0, 1, 0, 1, 0, 1, 0, 1, 1, 0, 1, 0, 1, 0, 0, 0, 1, 0, 1, 0, 0, 0, 0, 0, 0, 0, 0, 0, 0, 0, 0, 0, 0, 0, 0, 0, 0, 0, 0, 0, 0, 0, 0, 0, 0, 0, 0, 0, 0, 0, 0, 0, 0, 0, 0, 0, 0, 0, 0, 0, 0, 0, 0, 0, 0, 1, 0, 1, 0, 0, 0, 0, 0, 0, 0, 0, 0, 0, 0, 0, 0, 0, 0, 0, 0, 0, 0, 0, 0, 0, 0, 0, 0, 0, 0, 0, 0, 0, 0, 0, 0, 0, 0, 0, 0, 0, 0, 0, 0, 0, 1, 0, 0, 0, 0, 0, 0, 0, 0, 0, 0, 0, 0, 0, 0, 0, 0, 0, 0, 0, 0, 0, 0, 0, 0, 0, 0, 0, 0, 0, 0, 0, 0, 0, 0, 0, 0, 0, 0, 0, 0, 0, 0, 0, 0, 0, 0, 0, 1, 1, 1, 1, 0, 1, 1, 1, 1, 1, 1, 1, 0, 1, 1, 1, 1, 1, 1, 1, 1, 1, 1, 1, 0, 1, 1, 1, 1, 1, 1, 1, 1, 1, 1, 1, 0, 1, 0, 0, 1, 1, 1, 1, 1, 1, 1, 1, 1, 1], "proba": [0.5152314859258175, 0.5049159027174074, 0.5827950333615094, 0.5028401530518759, 0.5547279034969355, 0.5555256159749906, 0.5455075853713792, 0.5562758839685105, 0.5113525925287392, 0.5185298711111662, 0.5901352710541671, 0.5921125036576684, 0.5887559537158683, 0.4860622633571117, 0.5385888612516921, 0.5440821537437586, 0.5260426662609083, 0.5895714826326953, 0.5866287400888149, 0.5898271574058732, 0.5787036965567951, 0.5804741862564423, 0.5839345933546242, 0.5976501729084014, 0.5859943252481244, 0.5017976815190175, 0.5047026429795679, 0.6212366225812956, 0.502231388362964, 0.5299430486722823, 0.5169602701688046, 0.5245551552343317, 0.5286479242684866, 0.5293404160451828, 0.5180131444208355, 0.5285413180859169, 0.5279592469918906, 0.5308628982401703, 0.5057832663664, 0.5022335236614841, 0.427264984604187, 0.5518423523088016, 0.6309060694037683, 0.5040640752752463, 0.5873690002191552, 0.5875601261183012, 0.5884784725599492, 0.5568583763850165, 0.5875569893964265, 0.5852683611377881, 0.5009648685811442, 0.49863837753138934, 0.49982120610101904, 0.5332189522210878, 0.5326860945125812, 0.5031253550058828, 0.43498317506379564, 0.43509997914388, 0.42987108414731195, 0.49008060179844615, 0.43828960117306187, 0.36438944918335997, 0.36902658549224177, 0.49793124679620293]}}