{"metrics": {"test": {"fp": [3], "f1_score": [0.7333333333333334], "risk": [0.24242424242424243], "recall": [0.6875], "sensitivity": [0.6875], "precision": [0.7857142857142857], "tp": [11], "tn": [14], "specificity": [0.8235294117647058], "fn": [5]}, "train": {"fp": [11], "f1_score": [0.7049180327868853], "risk": [0.26865671641791045], "recall": [0.6323529411764706], "sensitivity": [0.6323529411764706], "precision": [0.7962962962962963], "tp": [43], "tn": [55], "specificity": [0.8333333333333334], "fn": [25]}}, "model": {"n_features": 4626600}, "data": {"path": "/scratch/adrouin/patric_data/single_species_datasets/nicotinamide___260162261243005161/dataset.kover", "split": "train_0.800_seed_6_10_folds", "uuid": "2407f734-0767-11e8-a171-001b2193b764"}, "predictions": {"binary": [1, 0, 0, 0, 1, 0, 0, 0, 0, 0, 0, 0, 0, 0, 0, 0, 0, 0, 0, 0, 0, 0, 0, 0, 1, 0, 1, 0, 0, 0, 0, 0, 0, 0, 0, 1, 0, 0, 0, 0, 0, 0, 0, 1, 0, 0, 0, 0, 0, 0, 0, 0, 0, 1, 1, 0, 1, 0, 1, 1, 0, 0, 0, 1, 0, 0, 0, 0, 0, 0, 1, 0, 0, 0, 1, 0, 0, 0, 0, 0, 0, 0, 0, 1, 0, 0, 0, 1, 0, 1, 0, 0, 1, 1, 0, 1, 0, 0, 0, 0, 1, 0, 1, 0, 0, 1, 1, 1, 0, 0, 1, 1, 1, 1, 1, 0, 1, 1, 1, 1, 0, 1, 1, 0, 1, 1, 1, 1, 1, 1, 1, 1, 1, 0, 1, 1, 0, 1, 1, 1, 1, 0, 1, 0, 1, 0, 1, 1, 1, 0, 1, 1, 1, 1, 1, 1, 1, 1, 1, 0, 1, 1, 1, 0, 0, 0, 0], "proba": [0.494654309912143, 0.5249000900052294, 0.5734150616610538, 0.5808910300537486, 0.4958012712605935, 0.5860641851882568, 0.575293263434668, 0.5802245573276853, 0.6044576959794032, 0.5835379904611493, 0.589406702395732, 0.5860506131155409, 0.6078516699916079, 0.6031402087379254, 0.5619491998917863, 0.5610929642659189, 0.5258777898747428, 0.6082587649026263, 0.5889264874548034, 0.6193199140234035, 0.6202499240859097, 0.5666773254313932, 0.5784143649439673, 0.5637710083711419, 0.4947657115977135, 0.6196957176564284, 0.49833030694306263, 0.6193291240690789, 0.5795893782175777, 0.5379992680624208, 0.6195573986141325, 0.5874393986900948, 0.5805406999071833, 0.5615922668384358, 0.6161054351633141, 0.49492760731457447, 0.5888911789796212, 0.5684104339027622, 0.5893127867919614, 0.6189043223268572, 0.5001717572760331, 0.5833535826464176, 0.5841237337068103, 0.49480416256215426, 0.6090333760568729, 0.6091012643360512, 0.5767933547255286, 0.5830995754261323, 0.5814180885918013, 0.5828124659106039, 0.6041685409236951, 0.5769836153529901, 0.5669180419395699, 0.4923385938667808, 0.49946741182789284, 0.5486010839892606, 0.4940507110890775, 0.5614992465101623, 0.49431473141482063, 0.49278220931924877, 0.6197602758639462, 0.6202983582954571, 0.5826817695401396, 0.49897704776714324]}}