{"metrics": {"test": {"fp": [2], "f1_score": [0.6], "risk": [0.04819277108433735], "recall": [0.6], "sensitivity": [0.6], "precision": [0.6], "tp": [3], "tn": [76], "specificity": [0.9743589743589743], "fn": [2]}, "train": {"fp": [0], "f1_score": [1.0], "risk": [0.0], "recall": [1.0], "sensitivity": [1.0], "precision": [1.0], "tp": [22], "tn": [312], "specificity": [1.0], "fn": [0]}}, "model": {"n_features": 999124}, "data": {"path": "/scratch/adrouin/data/patric/single_species_datasets/cefoxitin___7053822222416630118/dataset.kover", "split": "train_0.800_seed_6_10_folds", "uuid": "99a3ee38-095d-11e8-8779-001b2193b764"}, "predictions": {"binary": [0, 0, 0, 0, 0, 0, 0, 0, 0, 0, 0, 0, 0, 0, 0, 0, 0, 0, 0, 0, 0, 0, 0, 0, 0, 0, 0, 0, 0, 0, 0, 0, 0, 0, 0, 0, 0, 0, 0, 0, 0, 0, 0, 0, 0, 0, 0, 0, 0, 0, 0, 0, 0, 0, 0, 0, 0, 0, 0, 0, 0, 0, 0, 0, 0, 0, 0, 0, 0, 0, 0, 0, 0, 0, 0, 0, 0, 0, 0, 0, 0, 0, 0, 0, 0, 0, 0, 0, 0, 0, 0, 0, 0, 0, 0, 0, 0, 0, 0, 0, 0, 0, 0, 0, 0, 0, 0, 0, 0, 0, 0, 0, 0, 0, 0, 0, 0, 0, 0, 0, 0, 0, 0, 0, 0, 0, 0, 0, 0, 0, 0, 0, 0, 0, 0, 0, 0, 0, 0, 0, 0, 0, 0, 0, 0, 0, 0, 0, 0, 0, 0, 0, 0, 0, 0, 0, 0, 0, 0, 0, 0, 0, 0, 0, 0, 0, 0, 0, 0, 0, 0, 0, 0, 0, 0, 0, 0, 0, 0, 0, 0, 0, 0, 0, 0, 0, 0, 0, 0, 0, 0, 0, 0, 0, 0, 0, 0, 0, 0, 0, 0, 0, 0, 0, 0, 0, 0, 0, 0, 0, 0, 0, 0, 0, 0, 0, 0, 0, 0, 0, 0, 0, 0, 0, 0, 0, 0, 0, 0, 0, 0, 0, 0, 0, 0, 0, 0, 0, 0, 0, 0, 0, 0, 0, 0, 0, 0, 0, 0, 0, 0, 0, 0, 0, 0, 0, 0, 0, 0, 0, 0, 0, 0, 0, 0, 0, 0, 0, 0, 0, 0, 0, 0, 0, 0, 0, 0, 0, 0, 0, 0, 0, 0, 0, 0, 0, 0, 0, 0, 0, 0, 0, 0, 0, 0, 0, 0, 0, 0, 0, 0, 0, 0, 0, 0, 0, 0, 0, 0, 0, 0, 0, 0, 0, 0, 0, 0, 0, 0, 0, 0, 0, 0, 0, 0, 0, 0, 0, 0, 0, 0, 0, 0, 0, 0, 0, 0, 0, 0, 0, 0, 1, 0, 0, 0, 0, 0, 0, 0, 0, 0, 0, 0, 0, 0, 0, 0, 0, 0, 0, 0, 0, 0, 0, 0, 0, 0, 0, 0, 0, 0, 0, 0, 0, 0, 0, 0, 0, 0, 0, 0, 0, 1, 0, 0, 0, 0, 0, 0, 0, 1, 1, 0, 1, 0, 1, 1, 1, 1, 1, 1, 1, 1, 1, 1, 1, 1, 1, 1, 1, 1, 1, 1, 1, 1, 1, 1, 0, 0, 0, 0, 0, 0, 0, 0, 0, 0, 0, 0, 0, 0, 0, 0, 0, 0, 0, 0, 0, 0, 0, 0, 0, 0, 0, 0, 0, 0, 0], "proba": [4.2533151032663415e-09, 3.049798936272497e-06, 1.7825617314012668e-12, 1.351957089159636e-11, 4.060852641150678e-09, 2.301268829569064e-12, 4.108162913338915e-11, 6.420070116334385e-10, 2.995845492609146e-15, 3.619453599783475e-15, 4.729774139337664e-09, 3.145965685684853e-15, 2.9077291051549718e-09, 9.992569254754434e-08, 2.8640464721368505e-08, 7.933067229152289e-15, 2.5108430379518238e-08, 8.699596029687309e-10, 5.813628135401997e-10, 4.4271324955128864e-14, 4.413340055107521e-12, 6.788316559554594e-08, 7.944395801549062e-07, 1.435619343894398e-14, 8.663949755719369e-11, 2.384805690378565e-09, 0.21561198299955472, 6.539872805992559e-12, 1.324967622027637e-15, 3.902324876818435e-13, 3.77083396813623e-08, 1.8891890559312295e-08, 1.2463260167801418e-07, 1.8416055860917555e-06, 2.2800436822920028e-12, 1.302146685090124e-07, 9.14983215730847e-09, 1.2994350031419192e-07, 7.905383464984765e-09, 3.622582313130139e-07, 3.8582314505169016e-08, 1.8817767288176178e-07, 6.401122997903092e-14, 8.878208319723798e-15, 2.333507816478236e-10, 5.836534596957814e-08, 4.75675853214905e-09, 2.549016753114881e-09, 2.320773155034286e-17, 6.653318885885414e-11, 2.3925461080497023e-09, 4.997642092164262e-09, 1.3384147695077505e-14, 4.774128351159128e-10, 2.5782300147440652e-09, 2.5338851282302275e-16, 2.4766754743652292e-08, 6.226672849497714e-09, 6.158416390371434e-09, 7.356135890437554e-15, 6.662725814835583e-10, 1.6821534229304264e-10, 3.6103397158537717e-06, 3.522830890314845e-12, 2.6535906050348804e-18, 1.1646675560041334e-09, 1.9006314674737037e-16, 1.0682076208231438e-12, 1.641042460959478e-13, 3.986832145429595e-07, 9.936847204624625e-09, 3.847281646453677e-18, 5.1489687144190395e-08, 1.5840235426194483e-10, 4.450223722347197e-08, 2.2105855324573767e-10, 1.0952745016719572e-08, 2.3696689019952593e-08, 3.353357807747395e-08, 1.9477103961911105e-16, 2.6735826484744475e-10, 1.7395314810733502e-15, 9.568351210354611e-10, 8.045764771947914e-14, 2.006005395780337e-08, 5.584100799480604e-17, 9.102434348818303e-08, 3.1951392492837943e-11, 5.979490364771927e-08, 2.312287047701746e-10, 1.0614605867117674e-18, 2.2564755844110554e-09, 4.399156467606122e-08, 1.7294561249812124e-08, 1.3144196003833524e-07, 9.716237080667727e-09, 1.0894479626950396e-14, 2.8837457998499282e-08, 4.3713358421087945e-17, 5.381647499822585e-13, 1.3311193019241848e-07, 1.7765396263817323e-08, 1.9857546904688964e-08, 3.1368840221973034e-08, 1.1165284996056672e-08, 2.0314845873555512e-09, 3.992281906397665e-10, 4.244948838040497e-08, 1.0194016046326098e-07, 1.0481314573409562e-07, 3.062821531501339e-11, 1.8940702133678348e-08, 7.306160236457707e-14, 1.1608248822018456e-13, 2.169505233531512e-09, 2.1498641751671242e-10, 7.039312776922141e-08, 1.8916285040761637e-20, 2.0558856346385286e-12, 7.216076226325702e-11, 1.1811457787852984e-08, 7.166539049494957e-08, 1.997172774189172e-07, 1.9566915601970027e-10, 1.1429811273437345e-13, 3.092650374804467e-14, 6.253709334926553e-09, 9.81551901576031e-07, 3.103196147511537e-11, 1.859031288767431e-06, 5.527601570264493e-20, 1.1688895738168333e-08, 3.20228787409352e-11, 5.50755737611807e-08, 2.862625849599528e-10, 5.908032401867448e-10, 1.4104691892640575e-16, 1.5658849375541988e-14, 4.441099963770612e-12, 2.581458108112702e-07, 4.130299888784698e-14, 1.4353151791553384e-08, 1.0937456776202482e-16, 1.7030142629079445e-08, 3.3593478115360923e-10, 4.832522263911823e-08, 2.458994436578068e-13, 1.8955590046493918e-06, 1.9961746735300564e-11, 1.893761384979558e-30, 4.4498477619865336e-17, 1.0779253115310126e-07, 5.995601872408573e-08, 2.417142101563774e-07, 1.1290438190016985e-21, 1.3295871112165814e-10, 1.8919622803315067e-09, 8.62416503916491e-09, 1.1806813373846811e-13, 2.258575946326286e-14, 7.493728655853471e-07, 1.216840242817572e-07, 2.1962691082988787e-12, 9.208903666878902e-13, 3.6981758783853718e-19, 5.490239243772785e-12, 1.88009215572937e-07, 4.971113015816073e-13, 1.2573373368965962e-06, 6.348118761721316e-08, 5.676432628913724e-06, 6.185404120671558e-08, 2.589273465143239e-13, 7.579882698422297e-16, 9.062487310755964e-08, 2.434182801697341e-08, 4.384019103939989e-17, 4.928291210713868e-13, 2.0167613668082364e-17, 4.645979808390584e-15, 5.327031543354346e-09, 2.0798503709880227e-12, 4.785775737122227e-08, 9.142409991000184e-08, 4.585218645676202e-17, 1.828848974853017e-16, 1.1782578455926588e-08, 3.2571835881811763e-13, 8.330740125327321e-12, 1.1522387218188143e-14, 3.946918021257589e-07, 7.917808190137536e-14, 5.241563345884202e-12, 2.701470814336802e-10, 2.460452142123662e-08, 4.642961309740783e-14, 2.075004938130245e-14, 1.276289105010107e-07, 9.68549915373213e-19, 1.2953610449734564e-09, 5.991075606419823e-16, 1.4120862260283139e-12, 7.860708348488521e-15, 5.549823359541572e-08, 5.784883463921816e-20, 2.790901720226042e-10, 8.405709166212708e-21, 2.388259025643799e-08, 1.2198427519802797e-08, 3.593091201962595e-08, 7.147791161657222e-08, 1.148520995371631e-13, 9.726356097438637e-17, 9.570029285848743e-13, 1.4683111967838827e-09, 1.0052140541940102e-11, 9.976203873157656e-10, 1.0949656086939182e-13, 1.9251657790342793e-15, 3.5024326731778434e-14, 2.8073342912352924e-09, 8.085967227120307e-10, 1.011529958791822e-07, 1.2595890763113783e-07, 2.519438602227766e-08, 3.859754842903919e-08, 3.78225132262945e-08, 3.369500199911145e-17, 6.227224721274011e-11, 1.3262461536598447e-10, 8.963676470108352e-09, 2.003082760878617e-08, 9.76512535578481e-09, 3.2529037841953554e-17, 8.346000645403466e-10, 1.1939830511827017e-08, 3.407673172524115e-07, 4.0418942408932076e-08, 4.252805848111812e-09, 2.149576977256094e-13, 3.516975810643301e-07, 3.774841112091991e-11, 1.2086510915932598e-08, 3.804380001647973e-14, 1.036084128596213e-06, 1.3919543859650817e-09, 1.9275669171218856e-14, 9.154942175275942e-13, 1.2465343856737496e-07, 5.1875355984528446e-18, 3.2669934978969888e-15, 7.097605172696228e-08, 5.519420405014435e-11, 1.3142053483329788e-08, 8.88740146356929e-11, 3.782210349627517e-18, 