{"metrics": {"test": {"fp": [3], "f1_score": [0.8823529411764706], "risk": [0.11428571428571428], "recall": [0.9375], "sensitivity": [0.9375], "precision": [0.8333333333333334], "tp": [15], "tn": [16], "specificity": [0.8421052631578947], "fn": [1]}, "train": {"fp": [9], "f1_score": [0.9221556886227545], "risk": [0.09090909090909091], "recall": [0.9506172839506173], "sensitivity": [0.9506172839506173], "precision": [0.8953488372093024], "tp": [77], "tn": [53], "specificity": [0.8548387096774194], "fn": [4]}}, "model": {"n_features": 128}, "data": {"path": "/scratch/adrouin/patric_data/single_species_datasets/erythromycin___672792900560953954/dataset.kover", "split": "train_0.800_seed_2_10_folds", "uuid": "cda8b11e-07a0-11e8-b0b1-001b2193b764"}, "predictions": {"binary": [0, 0, 0, 0, 0, 0, 1, 1, 0, 0, 0, 0, 0, 0, 0, 0, 0, 0, 1, 0, 0, 0, 0, 0, 0, 0, 0, 0, 0, 1, 0, 0, 0, 1, 1, 0, 0, 1, 0, 0, 0, 0, 0, 0, 0, 0, 0, 0, 0, 1, 0, 0, 0, 0, 0, 0, 0, 0, 0, 0, 0, 1, 0, 0, 0, 0, 0, 0, 0, 0, 0, 0, 0, 1, 1, 0, 0, 0, 0, 1, 0, 1, 1, 1, 1, 1, 1, 1, 1, 1, 1, 1, 1, 1, 1, 1, 1, 1, 1, 1, 1, 0, 1, 1, 1, 1, 1, 1, 1, 1, 1, 1, 1, 1, 1, 1, 1, 1, 1, 1, 1, 1, 1, 1, 1, 1, 1, 1, 1, 1, 1, 1, 0, 1, 1, 1, 1, 1, 1, 1, 1, 1, 1, 1, 1, 1, 1, 1, 1, 1, 0, 1, 1, 1, 1, 1, 1, 1, 1, 1, 1, 1, 1, 1, 1, 1, 1, 1, 1, 1, 1, 1, 1, 1, 1, 0, 1, 0, 0, 0, 0, 0, 0, 0, 0, 0, 0, 0, 0, 0, 0, 0], "proba": [0.10498701482160835, 0.13814797688743785, 0.24095086502039134, 0.19417758735550267, 0.31642411992314756, 0.10953626967203603, 0.6214108899545173, 0.7741166683385212, 0.13872807189188427, 0.10498701482160835, 0.10498701482160835, 0.10498701482160835, 0.10448399220408865, 0.13872807189188427, 0.13872807189188427, 0.21207208103960598, 0.19571551139473145, 0.10498701482160835, 0.6001518599063743, 0.217064996993024, 0.2861896363994921, 0.18254101253340907, 0.3649806721265901, 0.14979009492806394, 0.10448399220408865, 0.11900107551081787, 0.13814797688743785, 0.10448399220408865, 0.29879081721414785, 0.7307311922585296, 0.10742584594907469, 0.10906777198015467, 0.2888740959132915, 0.7761863309920086, 0.6001518599063743, 0.12127710100341525, 0.10448399220408865, 0.5972989152712848, 0.17147850173313614, 0.21540451592721352, 0.14538491286175087, 0.11537795882245713, 0.10498701482160835, 0.11537795882245713, 0.10498701482160835, 0.10498701482160835, 0.10498701482160835, 0.10498701482160835, 0.44193461956008634, 0.7604775928131531, 0.10498701482160835, 0.10498701482160835, 0.10448399220408865, 0.13872807189188427, 0.19417758735550267, 0.1569626808638008, 0.10742584594907469, 0.13872807189188427, 0.35962754445279294, 0.10498701482160835, 0.11537795882245713, 0.8118891918065642, 0.11177490277882679, 0.10448399220408865, 0.1893387914663583, 0.13618012272933472, 0.13872807189188427, 0.1534584225358575, 0.1786604144328584, 0.35391407510910744, 0.13565642394689864, 0.20122714010890091, 0.48568843843133985, 0.6721133055861345, 0.5396002306788177, 0.13872807189188427, 0.19697049973079625, 0.10448399220408865, 0.19612333243414126, 0.5132375057698378, 0.11177490277882679, 0.8623932788482462, 0.8644263510744029, 0.8644263510744029, 0.8220179373400632, 0.8644263510744029, 0.84615098281995, 0.6151126679310037, 0.8644263510744029, 0.8644263510744029, 0.8226055992217904, 0.8644263510744029, 0.8644263510744029, 0.7761863309920086, 0.8108252095155047, 0.5774167403970906, 0.5988638133228193, 0.8544763255176945, 0.8580291658174594, 0.8644263510744029, 0.677226081996518, 0.45901872119825937, 0.8644263510744029, 0.8644263510744029, 0.7730871867364396, 0.8457243713618582, 0.8580291658174594, 0.8637964169986193, 0.8644263510744029, 0.7636963159695563, 0.8637964169986193, 0.8644263510744029, 0.8644263510744029, 0.8644263510744029, 0.6407037135507232, 0.6001518599063743, 0.5097437234185836, 0.7095877605033444, 0.6001518599063743, 0.8580291658174594, 0.8607132217165973, 0.8468480566740892, 0.6001518599063743, 0.7637142370095762, 0.8415928909033188, 0.5438800296823558, 0.7604775928131531, 0.8637964169986193, 0.8644263510744029, 0.8630286733373205, 0.5404758877129775, 0.846882713402503, 0.28983853156118256, 0.523353050860629, 0.8088829962464974, 0.7234687770331019, 0.8637964169986193, 0.8416943308094049, 0.6505684597308655, 0.8637964169986193, 0.8644263510744029, 0.8644263510744029, 0.8644263510744029, 0.8644263510744029, 0.7894808658433886, 0.8644263510744029, 0.7741166683385212, 0.7731772226996865, 0.7708957159482448, 0.8644263510744029, 0.19417758735550267, 0.5589225282468264, 0.8644263510744029, 0.8212317059803195, 0.8150822361667681, 0.8644263510744029, 0.8508667629025422, 0.8607132217165973, 0.7637142370095762, 0.7594990455682966, 0.8453015893968385, 0.8158706251488865, 0.7719585281275744, 0.8644263510744029, 0.7708957159482448, 0.7632186173333322, 0.7710127618591935, 0.8644263510744029, 0.7719585281275744, 0.7708957159482448, 0.8562890879459134, 0.8634849028085015, 0.6001518599063743, 0.8644263510744029, 0.8607132217165973, 0.495523128445642, 0.846882713402503, 0.2800455464918021, 0.5, 0.5, 0.5, 0.5, 0.5, 0.5, 0.5, 0.5, 0.5, 0.5, 0.5, 0.5, 0.5, 0.5]}}