{"metrics": {"test": {"fp": [2], "f1_score": [0.9130434782608695], "risk": [0.12903225806451613], "recall": [0.9130434782608695], "sensitivity": [0.9130434782608695], "precision": [0.9130434782608695], "tp": [21], "tn": [6], "specificity": [0.75], "fn": [2]}, "train": {"fp": [3], "f1_score": [0.935672514619883], "risk": [0.08870967741935484], "recall": [0.9090909090909091], "sensitivity": [0.9090909090909091], "precision": [0.963855421686747], "tp": [80], "tn": [33], "specificity": [0.9166666666666666], "fn": [8]}}, "model": {"n_features": 70}, "data": {"path": "/scratch/adrouin/patric_data/single_species_datasets/ampicillin_sulbactam___-3225223558739261696/dataset.kover", "split": "train_0.800_seed_0_10_folds", "uuid": "b4df14cc-0578-11e8-aea5-001b2193b764"}, "predictions": {"binary": [1, 1, 0, 0, 0, 0, 0, 0, 0, 1, 0, 0, 0, 0, 0, 0, 0, 0, 0, 0, 0, 1, 0, 0, 1, 0, 0, 0, 0, 0, 0, 0, 0, 0, 0, 0, 0, 0, 0, 0, 0, 0, 0, 0, 1, 1, 1, 1, 1, 1, 1, 1, 1, 1, 1, 1, 1, 1, 1, 0, 1, 1, 1, 1, 1, 1, 1, 1, 1, 1, 1, 1, 1, 1, 1, 1, 1, 1, 1, 0, 1, 1, 0, 1, 0, 1, 1, 1, 1, 1, 1, 1, 1, 1, 1, 1, 1, 1, 0, 1, 1, 1, 1, 1, 1, 0, 0, 0, 1, 1, 1, 1, 1, 1, 1, 1, 1, 1, 1, 1, 1, 1, 1, 1, 1, 1, 1, 1, 1, 1, 1, 1, 1, 1, 1, 1, 1, 1, 1, 1, 1, 1, 0, 1, 1, 1, 1, 1, 1, 1, 1, 1, 0, 1, 1, 0, 0, 0, 0, 0, 0, 0, 0, 0, 0, 0, 0, 0, 0, 0, 0, 0, 0, 0, 0, 0, 0, 0, 0, 0, 0, 0, 0, 0, 0, 0, 0, 0, 0, 0, 0, 0], "proba": [0.5278744221141434, 0.5607760170890859, 0.3763785893959831, 0.19343788767689682, 0.19343788767689682, 0.19343788767689682, 0.24394604662686456, 0.1779171550425095, 0.1779171550425095, 0.770036627006146, 0.1779171550425095, 0.25139380898629443, 0.1779171550425095, 0.2354804948749569, 0.2324890438443219, 0.1463128950927266, 0.40874992367611035, 0.1463128950927266, 0.1779171550425095, 0.3113132571489346, 0.2427930297444996, 0.8907236011042415, 0.1779171550425095, 0.36041826284442663, 0.6315775955529968, 0.37192212664582625, 0.2600512505868721, 0.1455325163639538, 0.2697024708260583, 0.4650203533252612, 0.2354804948749569, 0.3694636602304499, 0.19343788767689682, 0.2324890438443219, 0.4423522706502535, 0.36041826284442663, 0.3251737524730558, 0.2500663590268279, 0.1518055685993177, 0.36041826284442663, 0.15274957107032805, 0.1518055685993177, 0.1592757208547905, 0.1455325163639538, 0.8903697272542593, 0.8907236011042415, 0.8907236011042415, 0.8806365548434827, 0.8850626610601664, 0.8864065630230826, 0.5674593530176842, 0.8907236011042415, 0.8810176478419077, 0.8863068510629992, 0.7442869075428533, 0.7778380426471944, 0.8907236011042415, 0.8142999344364499, 0.8142999344364499, 0.1518055685993177, 0.6517844638382029, 0.7429637857420344, 0.733384143719569, 0.7442869075428533, 0.7011674575587468, 0.5773770935254677, 0.8907236011042415, 0.7248580676132601, 0.8907236011042415, 0.7248580676132601, 0.8863068510629992, 0.8907236011042415, 0.8810176478419077, 0.8810176478419077, 0.8066872001525157, 0.8907236011042415, 0.8907236011042415, 0.8907236011042415, 0.8907236011042415, 0.2600512505868721, 0.8907236011042415, 0.8907236011042415, 0.16811678595081284, 0.8790722437340011, 0.16811678595081284, 0.7738184019614595, 0.7100404801891281, 0.8810176478419077, 0.8907236011042415, 0.8810176478419077, 0.8810176478419077, 0.8907236011042415, 0.8907236011042415, 0.8907236011042415, 0.8907236011042415, 0.770036627006146, 0.7707696812364305, 0.8907236011042415, 0.2810518127289253, 0.8888756993922405, 0.8810176478419077, 0.8810176478419077, 0.5918832286394505, 0.7432755298995548, 0.5918832286394505, 0.43764636140832874, 0.1779171550425095, 0.1779171550425095, 0.5706990412638346, 0.8810176478419077, 0.8142999344364499, 0.8888756993922405, 0.7778380426471944, 0.5842787758125723, 0.5842787758125723, 0.5842787758125723, 0.770036627006146, 0.770036627006146, 0.8907236011042415, 0.8850626610601664, 0.8907236011042415, 0.8142999344364499, 0.6129134713879605, 0.756566709457761, 0.8142999344364499, 0.8888756993922405, 0.8810176478419077, 0.8810176478419077, 0.8888756993922405, 0.8907236011042415, 0.8907236011042415, 0.8907236011042415, 0.8907236011042415, 0.8907236011042415, 0.8907236011042415, 0.8907236011042415, 0.8703784195521825, 0.8907236011042415, 0.5674593530176842, 0.5842787758125723, 0.8810176478419077, 0.756566709457761, 0.1592757208547905, 0.8907236011042415, 0.6848159557305593, 0.5727747248197834, 0.8142999344364499, 0.756566709457761, 0.8762630979016311, 0.8907236011042415, 0.8835375638453005, 0.8907236011042415, 0.48784164804972135, 0.8888756993922405, 0.5706990412638346, 0.5, 0.5, 0.5, 0.5, 0.5, 0.5, 0.5, 0.5, 0.5, 0.5, 0.5, 0.5, 0.5, 0.5, 0.5, 0.5, 0.5, 0.5, 0.5, 0.5, 0.5, 0.5, 0.5, 0.5, 0.5, 0.5, 0.5, 0.5, 0.5, 0.5, 0.5, 0.5, 0.5, 0.5, 0.5, 0.5, 0.5]}}