{"metrics": {"test": {"fp": [1], "f1_score": [0.9565217391304348], "risk": [0.06944444444444445], "recall": [0.9322033898305084], "sensitivity": [0.9322033898305084], "precision": [0.9821428571428571], "tp": [55], "tn": [12], "specificity": [0.9230769230769231], "fn": [4]}, "train": {"fp": [0], "f1_score": [1.0], "risk": [0.0], "recall": [1.0], "sensitivity": [1.0], "precision": [1.0], "tp": [229], "tn": [60], "specificity": [1.0], "fn": [0]}}, "model": {"n_features": 999933}, "data": {"path": "/scratch/adrouin/data/patric/single_species_datasets/ertapenem___2202579077548954665/dataset.kover", "split": "train_0.800_seed_5_10_folds", "uuid": "392f4212-068a-11e8-a7b5-001b2193b764"}, "predictions": {"binary": [0, 0, 0, 0, 0, 0, 0, 0, 0, 0, 0, 0, 0, 0, 0, 0, 0, 0, 0, 0, 0, 0, 0, 0, 0, 0, 0, 0, 0, 0, 0, 0, 0, 0, 0, 0, 0, 0, 0, 0, 0, 0, 0, 0, 0, 0, 0, 0, 0, 0, 0, 0, 0, 0, 0, 0, 0, 0, 0, 0, 0, 0, 0, 0, 0, 1, 0, 0, 0, 0, 0, 0, 0, 1, 1, 1, 1, 1, 1, 1, 1, 1, 1, 1, 1, 1, 1, 1, 1, 1, 1, 1, 1, 1, 1, 1, 1, 1, 1, 1, 1, 1, 1, 1, 1, 1, 1, 1, 1, 1, 1, 1, 1, 1, 1, 1, 1, 1, 1, 1, 1, 1, 1, 1, 1, 1, 1, 1, 1, 1, 1, 1, 1, 1, 1, 1, 1, 1, 1, 1, 1, 1, 1, 1, 0, 1, 1, 1, 1, 1, 1, 1, 1, 1, 1, 1, 1, 1, 1, 1, 1, 1, 1, 1, 1, 1, 1, 1, 1, 1, 1, 1, 1, 1, 1, 1, 1, 1, 1, 1, 1, 1, 1, 1, 1, 1, 1, 1, 1, 1, 1, 1, 1, 1, 1, 1, 1, 1, 1, 1, 1, 1, 1, 1, 1, 0, 0, 1, 1, 1, 1, 1, 1, 1, 0, 1, 1, 1, 1, 1, 1, 1, 1, 1, 1, 1, 1, 1, 1, 1, 1, 1, 1, 1, 1, 1, 1, 1, 1, 1, 1, 1, 1, 1, 1, 1, 1, 1, 1, 1, 1, 1, 1, 1, 1, 1, 1, 1, 1, 1, 1, 1, 1, 1, 1, 1, 1, 1, 1, 1, 1, 1, 1, 1, 1, 1, 1, 1, 1, 1, 1, 1, 1, 1, 1, 1, 1, 1, 1, 1, 1, 1, 1, 1, 1, 1, 1, 1, 1, 1, 1, 1, 1, 1, 1, 1, 1, 1, 1, 1, 1, 1, 1, 1, 1, 1, 1, 1, 1, 1, 1, 1, 1, 1, 1, 1, 1, 1, 1, 1, 1, 1, 1, 1, 1, 1, 1, 1, 1, 1, 1, 1, 1, 1, 1, 1, 1, 1, 1, 1, 1, 1, 1, 1, 1, 1, 1, 1, 1, 1, 1, 1, 1, 1, 1, 1, 1, 1, 1, 1, 1, 1, 1, 1, 1, 1, 1, 1, 1, 1, 1, 1, 1, 1], "proba": [0.0012908234777271948, 0.005867163612964741, 9.191419950218902e-05, 0.0008265580451429324, 8.696634247365835e-05, 1.316997062777611e-05, 0.0036617457526610226, 0.003302993639161532, 0.0005665408585181794, 0.008124759841888663, 0.0016176845978824624, 0.0015795693274539397, 0.0016197794662423705, 0.008419782866039945, 0.0031993082240995827, 0.0020372270105156296, 0.0012932351505457783, 0.008441899847622182, 0.0016233311458278994, 0.0018604713147110706, 0.0029346656153291808, 0.0014959798117522168, 0.0009216923359405116, 0.00696974562973145, 0.0004308187008230572, 1.1665214355147564e-05, 0.0011393064325902493, 0.0658956850635063, 0.0034921952922549264, 0.001222896625961086, 0.009232549536656346, 0.0016214906746413024, 0.0016171896775717674, 0.002933575446585308, 0.021459539675258002, 0.00010791293132407462, 0.001039495098633658, 0.00329080142770444, 0.2588515265301733, 0.0015923062534373238, 0.0017854248522578586, 0.11239113752343109, 0.005527516803767054, 0.0013370093068619943, 0.00015302057901793174, 0.008970834918569648, 0.009438802356617763, 0.00301625881490543, 0.00018268590814823153, 0.00023330927312145334, 0.0024330267322135338, 0.005537977364941154, 2.7689326261734252e-05, 0.0015481398248353327, 0.00022202486477837876, 0.002247278342613535, 0.0009501889212072383, 0.007337786379096942, 0.0010724931665320903, 0.0013585514262436378, 0.0006913950870124925, 0.0013151109657207859, 0.001361513672142843, 0.01435373711485692, 0.0008773771405411466, 0.525278078628267, 0.0033814472896030005, 0.0019177364296009017, 0.0006198894685826742, 0.06816624309828058, 0.006559424203032761, 0.0017896460700632557, 0.00015794536390135183, 0.9982225465215065, 0.9811690803779831, 0.9992911761254037, 0.9992941883065182, 0.9996547318501, 0.9987647984732572, 0.9970542625928561, 0.9993299372457202, 0.9993422685327936, 0.9993500885115705, 0.9965616084926112, 0.9992199173772279, 0.9993067019338854, 0.9993114860588501, 0.9992631075285371, 0.971600693991035, 0.99876881426978, 0.9993223410703996, 0.9677522491714902, 0.9678742353630709, 0.9987739507999708, 0.9903398247573593, 0.9903398247573593, 0.990320618873727, 0.9963206897940695, 0.9992310882536903, 0.9992346889962338, 0.9988898576392266, 0.9999919721701654, 0.9994622256644556, 0.9988245629233885, 0.9995361202267322, 0.9993178578736995, 0.9993189315804163, 0.9992349890692996, 0.9993313476674778, 0.9993586334909974, 0.9992251030711584, 0.999313141149769, 0.9987266992140661, 0.9993130700202443, 0.9993149368133396, 0.9993247838477342, 0.9993125972042243, 0.9996577781960224, 0.9708361584197597, 0.9983077574078726, 0.9992850728657177, 0.9992610161741781, 0.9078047258164936, 0.9993487571529887, 0.9993456714535006, 0.944300159724079, 0.9992960761842237, 0.9990671228916341, 0.9992123141595557, 0.9988636091782567, 0.9994407685085939, 0.9990655277745494, 0.9989624054649076, 0.9993277574645596, 0.9994764332027375, 0.9990324915634697, 0.9983701937419219, 0.9990309682477865, 0.9992889624555198, 0.9992844446790753, 0.9992151701472459, 0.9994914127291045, 0.9856745163178164, 0.9994629496104437, 0.1604449057877667, 0.9970639279720346, 0.9988639022766057, 0.5045314776852049, 0.9987529454685516, 0.99947430897926, 0.9994468703675441, 0.9993721447554346, 0.9994968070508361, 0.99946402550002, 0.9987604376578374, 0.9986676854871983, 0.9987338612456069, 0.9994785493372136, 0.9994655610175287, 0.9989504460211857, 0.9993984923713286, 0.995913266085102, 0.9994411161025123, 0.9994493174174546, 0.9987195111464161, 0.9993164973247315, 0.998832807217271, 0.9979329006521572, 0.9988328854476234, 0.9795688245076769, 0.9978414430052818, 0.9991525680251202, 0.9994392663902577, 0.9994166745442029, 0.999134149292189, 0.9991491506555646, 0.9987330813887539, 0.9987294644489658, 0.9989945372891972, 0.9993173012177873, 0.9993806338972883, 0.9992183917110167, 0.999808298819913, 0.9972083059978158, 0.9976951646870921, 0.9995385260329354, 0.9992338045165329, 0.9508712448989228, 0.9992368649844579, 0.6373970247170634, 0.9927737268292285, 0.9910949688035046, 0.9978107444467453, 0.9943522640152564, 0.9536233794524339, 0.9442350383218507, 0.999531856312777, 0.9996091573576551, 0.9933789890139814, 0.9994604524596304, 0.9987897757138718, 0.9994479693243593, 0.9986154316899825, 0.9987113108816053, 0.9970589584674122, 0.16393632066726666, 0.17651462441638519, 0.9985907943733985, 0.9969171339158213, 0.9698269678030736, 0.942796516575731, 0.9793344236832991, 0.9782757748575666, 0.9899378234126494, 0.20103838468101043, 0.9993510539438498, 0.999613376758355, 0.9989884960508225, 0.9981359234724619, 0.9988763368616626, 0.9992293871050575, 0.998903076080189, 0.980479569687377, 0.9992272950164034, 0.9995128606907088, 0.9988748245567427, 0.9992270583620844, 0.999672474504237, 0.9995226667668267, 0.9998353558331877, 0.9996694264527515, 0.9992281962546425, 0.9992278280228816, 0.9990999763719447, 0.9995333773064359, 0.9971321628255014, 0.9982432316722003, 0.9998358129464163, 0.9982721006958117, 0.9986437712656878, 0.9983957976624236, 0.9983359932712876, 0.999533723565278, 0.9970225302022755, 0.9970848849176415, 0.9971176867359707, 0.9995360996776221, 0.9983354822505942, 0.9763071765192037, 0.9995312398588833, 0.9971004052696081, 0.9978438396931131, 0.9992282096860116, 0.9992126560469439, 0.9994577781310698, 0.99922940299668, 0.9995378853879775, 0.9995306441421642, 0.9995398393332329, 0.994347537197346, 0.9995665093616414, 0.9992246037670282, 0.9992279624775241, 0.9950740736876758, 0.9893519238719299, 0.999534631209561, 0.9995332401819419, 0.9998445562053278, 0.9994741672184543, 0.9999647542775387, 0.9995348294764309, 0.9992296792920707, 0.9995472329690968, 0.9995396548548917, 0.9995376869832722, 0.9995382141816911, 0.9995290617951499, 0.9941908816613049, 0.9995135259786219, 0.9994570225635877, 0.9998064522601057, 0.9995303278314351, 0.9995339853334841, 0.9992284530428927, 0.9995351550781951, 0.9995321294332867, 0.9995320151464798, 0.9978497242077415, 0.9971110151387512, 0.9970056451504672, 0.9931437171694644, 0.9993032322952022, 0.9996287568702374, 0.9983297901709588, 0.9992966379402144, 0.9992228104367739, 0.9963317859726223, 