{"metrics": {"test": {"fp": [8], "f1_score": [0.7391304347826089], "risk": [0.32432432432432434], "recall": [0.8095238095238095], "sensitivity": [0.8095238095238095], "precision": [0.68], "tp": [17], "tn": [8], "specificity": [0.5], "fn": [4]}, "train": {"fp": [42], "f1_score": [0.725], "risk": [0.2913907284768212], "recall": [0.9666666666666667], "sensitivity": [0.9666666666666667], "precision": [0.58], "tp": [58], "tn": [49], "specificity": [0.5384615384615384], "fn": [2]}}, "model": {"n_features": 35088418}, "data": {"path": "/scratch/adrouin/patric_data/single_species_datasets/trimethoprim___2202579077548954665/dataset.kover", "split": "train_0.800_seed_3_10_folds", "uuid": "90cb0312-06e4-11e8-bece-001b2193b764"}, "predictions": {"binary": [0, 0, 1, 1, 1, 1, 1, 0, 1, 1, 0, 0, 0, 0, 1, 0, 0, 0, 0, 1, 0, 0, 1, 0, 1, 0, 1, 1, 0, 0, 0, 0, 0, 1, 0, 0, 0, 1, 1, 0, 1, 0, 1, 0, 0, 1, 0, 1, 1, 0, 1, 0, 0, 0, 1, 0, 1, 1, 1, 1, 0, 0, 0, 0, 0, 0, 1, 1, 1, 1, 0, 0, 1, 0, 1, 0, 1, 1, 1, 1, 0, 1, 0, 0, 0, 1, 1, 1, 1, 1, 0, 0, 0, 1, 0, 1, 0, 0, 0, 1, 0, 1, 1, 1, 0, 0, 1, 1, 1, 1, 1, 1, 1, 1, 1, 1, 0, 1, 1, 1, 0, 1, 1, 1, 1, 1, 1, 1, 1, 1, 1, 1, 1, 1, 1, 1, 1, 1, 1, 1, 1, 1, 1, 1, 1, 1, 1, 1, 0, 0, 1, 1, 1, 1, 1, 1, 1, 1, 1, 1, 1, 1, 1, 1, 1, 1, 1, 0, 1, 1, 1, 1, 1, 1, 1, 1, 1, 1, 1, 1, 1, 1, 1, 1, 1, 1, 0, 1], "proba": [0.5106194810609067, 0.5026466770596882, 0.47745354279663593, 0.4331085493586798, 0.48898910887007613, 0.4965216847933356, 0.48513766606292885, 0.5069744092472539, 0.486528386801448, 0.49493728482347565, 0.5094251567337068, 0.5054905048020358, 0.5056066581057868, 0.5075821347490321, 0.49253646383898486, 0.5035749766640586, 0.5951110911085814, 0.5883999790414192, 0.5896445182000318, 0.49835697862896844, 0.5992477386159734, 0.5883593317737545, 0.49240183906558654, 0.5987812906658676, 0.4905877768221174, 0.5141621961010514, 0.4868217019504279, 0.47157656587851227, 0.5048459416117228, 0.5012862323243945, 0.5960617518583219, 0.5992662725328869, 0.5040324691953079, 0.4966707477474583, 0.5027238072799399, 0.5220873025338627, 0.5122973014214158, 0.4902300719309973, 0.4654561505330887, 0.5994584349668372, 0.47147266311630875, 0.5069364680173727, 0.495154553151781, 0.5045219363141094, 0.5997092681250091, 0.49230532599442844, 0.588366335122177, 0.4980980205145259, 0.4934324826538237, 0.60036844694476, 0.49880634578756583, 0.5112217252471484, 0.5992250065932351, 0.5030241379182786, 0.49186179971920624, 0.5002522702319466, 0.4910496768788018, 0.49299173252845435, 0.4943512916175691, 0.4860949695930011, 0.5884011362253245, 0.5131719652069924, 0.5967277046863873, 0.5074348498089678]}}