{"metrics": {"test": {"fp": [5], "f1_score": [0.375], "risk": [0.38461538461538464], "recall": [0.375], "sensitivity": [0.375], "precision": [0.375], "tp": [3], "tn": [13], "specificity": [0.7222222222222222], "fn": [5]}, "train": {"fp": [10], "f1_score": [0.5909090909090909], "risk": [0.16981132075471697], "recall": [0.6190476190476191], "sensitivity": [0.6190476190476191], "precision": [0.5652173913043478], "tp": [13], "tn": [75], "specificity": [0.8823529411764706], "fn": [8]}}, "model": {"n_features": 22502045}, "data": {"path": "/scratch/adrouin/patric_data/single_species_datasets/ciprofloxacin___-9072632565547958275/dataset.kover", "split": "train_0.800_seed_5_10_folds", "uuid": "913e09f2-07c0-11e8-8cac-001b2193b764"}, "predictions": {"binary": [1, 0, 0, 0, 0, 0, 0, 1, 0, 0, 1, 1, 0, 0, 0, 1, 1, 0, 0, 0, 0, 1, 0, 0, 0, 0, 0, 0, 0, 0, 0, 0, 0, 1, 0, 0, 0, 0, 0, 0, 1, 0, 0, 0, 1, 1, 0, 0, 0, 0, 1, 0, 0, 0, 0, 0, 0, 0, 0, 0, 0, 0, 0, 0, 0, 0, 0, 0, 0, 0, 0, 0, 1, 0, 0, 0, 1, 0, 0, 0, 0, 0, 0, 0, 0, 0, 0, 0, 0, 0, 0, 0, 0, 0, 0, 0, 0, 0, 0, 0, 1, 0, 0, 0, 0, 1, 1, 1, 1, 0, 0, 1, 0, 0, 1, 0, 1, 0, 1, 1, 1, 1, 0, 1, 0, 1, 1, 0, 1, 1, 0, 0], "proba": [0.49346772035914577, 0.5597228627913419, 0.5467673270850866, 0.5611023941216102, 0.5615363404146986, 0.5595593589550758, 0.5705358005214414, 0.4800313099242458, 0.5625245044321258, 0.5324367096981432, 0.44138098984042345, 0.4387097289877828, 0.5012062059696973, 0.5496424942663121, 0.5092942482755815, 0.4813846033589477, 0.44667240708814876, 0.5039408399248071, 0.5095385197823306, 0.5077847097369399, 0.5667000345186654, 0.49639617320523827, 0.5377667517687321, 0.5326802430508484, 0.5666093288833217, 0.5592833084863031, 0.5477497978706288, 0.5434290223978788, 0.560268945190325, 0.5398239522293558, 0.5089165240489785, 0.5095303283743624, 0.5554562718281891, 0.4422189743174265, 0.5710350708487022, 0.5559077620405254, 0.5734205522252928, 0.5590307899707071, 0.5548618433393616, 0.5059066190917596, 0.47220362426129187, 0.5764521438255645, 0.5578161932161501, 0.5435172093406746, 0.4856088690170002, 0.4728879056380935, 0.5622106306947737, 0.547723999056461, 0.5642415661725193, 0.5567028285883694, 0.431636950958792, 0.5665556760692115, 0.5723653325122561, 0.55253252814778, 0.558031017732002, 0.5568935782356865, 0.5833880939216026, 0.5626704375632595, 0.5846484106763089, 0.5627610546801622, 0.5583707474026985, 0.5693756300453823, 0.5604734073752057, 0.5542630753789687]}}