{"metrics": {"test": {"fp": [14], "f1_score": [0.848], "risk": [0.1919191919191919], "recall": [0.9137931034482759], "sensitivity": [0.9137931034482759], "precision": [0.7910447761194029], "tp": [53], "tn": [27], "specificity": [0.6585365853658537], "fn": [5]}, "train": {"fp": [37], "f1_score": [0.8864468864468864], "risk": [0.155], "recall": [0.9063670411985019], "sensitivity": [0.9063670411985019], "precision": [0.8673835125448028], "tp": [242], "tn": [96], "specificity": [0.7218045112781954], "fn": [25]}}, "model": {"n_features": 42406238}, "data": {"path": "/scratch/adrouin/patric_data/single_species_datasets/imipenem___-3225223558739261696/dataset.kover", "split": "train_0.800_seed_2_10_folds", "uuid": "b4e39f74-0578-11e8-932f-001b2193b764"}, "predictions": {"binary": [0, 1, 0, 1, 1, 1, 0, 1, 0, 0, 1, 0, 0, 0, 0, 0, 0, 0, 0, 0, 0, 1, 1, 0, 1, 0, 1, 0, 1, 0, 0, 1, 1, 1, 0, 1, 1, 1, 1, 1, 1, 0, 0, 0, 1, 0, 1, 0, 1, 0, 0, 0, 0, 0, 0, 0, 1, 0, 1, 0, 0, 0, 1, 0, 0, 1, 1, 1, 0, 0, 0, 0, 0, 0, 0, 0, 1, 0, 0, 0, 0, 0, 0, 0, 0, 0, 0, 0, 0, 0, 0, 0, 0, 0, 1, 0, 0, 1, 0, 1, 0, 0, 0, 0, 0, 0, 0, 1, 0, 0, 0, 0, 0, 0, 0, 0, 1, 0, 1, 0, 0, 0, 1, 0, 1, 0, 0, 0, 0, 0, 0, 0, 0, 1, 1, 0, 1, 1, 1, 0, 0, 0, 0, 0, 0, 1, 0, 0, 0, 0, 1, 1, 0, 1, 0, 1, 0, 0, 0, 0, 0, 0, 0, 0, 1, 0, 0, 0, 0, 0, 0, 0, 1, 1, 1, 1, 1, 1, 1, 1, 1, 1, 1, 1, 1, 1, 1, 1, 1, 1, 1, 1, 1, 1, 1, 1, 0, 1, 1, 1, 1, 1, 1, 1, 1, 1, 1, 1, 1, 1, 1, 1, 1, 1, 1, 1, 1, 0, 1, 1, 1, 1, 1, 1, 1, 1, 1, 1, 1, 1, 1, 1, 1, 1, 1, 1, 1, 1, 1, 1, 1, 1, 1, 1, 1, 1, 1, 1, 1, 1, 0, 1, 1, 1, 1, 1, 1, 1, 1, 1, 1, 1, 1, 1, 1, 1, 1, 1, 1, 0, 0, 1, 0, 1, 1, 1, 1, 1, 1, 0, 1, 1, 1, 1, 0, 1, 0, 1, 0, 0, 1, 1, 1, 1, 1, 1, 1, 1, 1, 1, 1, 1, 1, 1, 1, 1, 1, 1, 1, 1, 1, 1, 1, 1, 1, 1, 1, 1, 1, 1, 1, 1, 1, 1, 1, 1, 1, 1, 1, 1, 1, 1, 1, 1, 1, 1, 1, 0, 1, 1, 1, 1, 1, 1, 1, 1, 1, 1, 1, 1, 1, 1, 1, 1, 1, 1, 1, 1, 0, 0, 1, 1, 1, 1, 1, 1, 1, 1, 1, 1, 1, 1, 1, 1, 1, 1, 1, 1, 1, 1, 1, 1, 1, 1, 1, 1, 0, 1, 1, 1, 1, 1, 1, 1, 0, 0, 1, 1, 1, 1, 0, 1, 1, 1, 1, 1, 1, 1, 1, 1, 1, 1, 1, 1, 1, 1, 1, 0, 0, 1, 1, 1, 1, 1, 1, 1, 1, 1, 1, 1, 1, 1, 1, 1, 1, 1, 1, 1, 1, 1, 1, 0, 1, 1, 1, 1, 1, 1, 0, 1, 1, 1, 0, 0, 1, 1, 1, 1, 1, 1, 1, 0, 1, 1, 1, 1, 1, 1, 1, 1, 1, 0, 1, 1, 1, 0, 1, 1, 1, 1, 1, 1, 1, 1, 1, 1, 1, 1, 1, 1, 0, 0, 1, 1, 1, 1, 1, 1, 0], "proba": [0.6228530323425969, 0.31302401325171114, 0.5029117152690599, 0.3092411004630226, 0.2885394908812626, 0.4728195156374358, 0.5347510207607455, 0.280320245580384, 0.502784225211465, 0.5025083627306025, 0.4776015336223505, 0.5129107294547776, 0.6546208155956242, 0.5201515181994575, 0.5282879787055272, 0.5196553731433923, 0.6438392198813505, 0.6547996524474194, 0.6703535160795757, 0.5523026511795371, 0.537743964331796, 0.47378719457038276, 0.26232939333646965, 0.5524419588748185, 0.2971295751919709, 0.6792803457717816, 0.30808454811683583, 0.5054366243426889, 0.31424370646296496, 0.5306866232062378, 0.642672402768363, 0.28985847193347897, 0.28086562620969885, 0.27311049090073397, 0.54071431195507, 0.30283342069097, 0.26728494068843506, 0.2682326453203713, 0.2663253917248078, 0.3124340695818805, 0.2702833927850681, 0.5409443007184661, 0.5524400069468255, 0.6279643632567005, 0.30852326623413173, 0.5248469277660086, 0.31994962008394995, 0.6662558316870891, 0.31419378479463445, 0.6465188179324759, 0.5399467198556158, 0.5243189211957526, 0.5451859214061604, 0.6721725747106967, 0.5414886841534162, 0.5274700790027292, 0.30310053861643893, 0.6732013535127198, 0.46477422380522215, 0.5488272477456951, 0.6226276761656253, 0.6501063308310943, 0.47013621624220336, 0.5224352327249984]}}