{"metrics": {"test": {"fp": [0], "f1_score": [0.9333333333333333], "risk": [0.09090909090909091], "recall": [0.875], "sensitivity": [0.875], "precision": [1.0], "tp": [14], "tn": [6], "specificity": [1.0], "fn": [2]}, "train": {"fp": [1], "f1_score": [0.9400000000000001], "risk": [0.06593406593406594], "recall": [0.9038461538461539], "sensitivity": [0.9038461538461539], "precision": [0.9791666666666666], "tp": [47], "tn": [38], "specificity": [0.9743589743589743], "fn": [5]}}, "model": {"n_features": 5654370}, "data": {"path": "/scratch/adrouin/patric_data/single_species_datasets/cefuroxime___49420779660966717/dataset.kover", "split": "train_0.800_seed_0_10_folds", "uuid": "5cf5178c-086d-11e8-a038-001b2193b764"}, "predictions": {"binary": [0, 0, 0, 0, 0, 0, 0, 0, 0, 0, 0, 0, 0, 0, 0, 0, 0, 0, 0, 1, 0, 0, 0, 0, 0, 0, 0, 0, 0, 0, 0, 0, 0, 0, 0, 0, 0, 0, 0, 0, 0, 0, 0, 0, 0, 1, 1, 1, 1, 1, 1, 1, 1, 1, 1, 1, 0, 1, 1, 0, 1, 1, 1, 1, 0, 0, 1, 1, 1, 1, 1, 0, 1, 0, 1, 1, 1, 1, 1, 1, 1, 1, 1, 1, 1, 1, 1, 1, 1, 1, 1, 1, 1, 1, 1, 1, 1, 0, 1, 1, 1, 1, 1, 1, 1, 1, 1, 1, 1, 1, 1, 1, 1], "proba": [0.5625739274945576, 0.5539362497007145, 0.5637114655933362, 0.5621923237965345, 0.5254807235898282, 0.5457707223860693, 0.5277279526108855, 0.5503947485165307, 0.5292223211510251, 0.5290310354054728, 0.5371506477565186, 0.5740600730616723, 0.5110706861147593, 0.5693922600069449, 0.5672459789179182, 0.5499848552002957, 0.5493944513509535, 0.5378684305535048, 0.5712223534141714, 0.4243209541205022, 0.5514065504214726, 0.571123639498524, 0.5328127722678084, 0.5412886568569399, 0.532553075772491, 0.5724017031593035, 0.556884362202736, 0.566917775574105, 0.550804795784272, 0.5229209356434451, 0.5709588479198999, 0.5490112891891282, 0.5197107663353683, 0.5515189084050142, 0.5597384983900944, 0.5613343175621173, 0.5671467160846915, 0.5368304040987741, 0.5307717166860942, 0.5155837247432066, 0.5502123858685195, 0.5737400381610922, 0.5761464459834092, 0.5427136875006601, 0.5507242756689397, 0.4854810032906519, 0.41271143275584765, 0.4511495473167221, 0.40784034016181303, 0.4063282799755093, 0.4845073827598144, 0.4840593898084398, 0.41667315457160425, 0.4048019053908829, 0.48205887938015457, 0.39800061864073566, 0.5108056314070872, 0.42914993246488836, 0.48259398354313987, 0.5078335562406155, 0.4757004784792342, 0.42514231705366473, 0.4067937240978775, 0.44785035454552796]}}