{"metrics": {"test": {"fp": [0], "f1_score": [0.3636363636363636], "risk": [0.10294117647058823], "recall": [0.2222222222222222], "sensitivity": [0.2222222222222222], "precision": [1.0], "tp": [2], "tn": [59], "specificity": [1.0], "fn": [7]}, "train": {"fp": [0], "f1_score": [1.0], "risk": [0.0], "recall": [1.0], "sensitivity": [1.0], "precision": [1.0], "tp": [36], "tn": [237], "specificity": [1.0], "fn": [0]}}, "model": {"n_features": 1000000}, "data": {"path": "/scratch/adrouin/data/patric/single_species_datasets/trimethoprim___-736338835843459561/dataset.kover", "split": "train_0.800_seed_3_10_folds", "uuid": "9b19236e-0804-11e8-816f-001b2193b764"}, "predictions": {"binary": [0, 0, 0, 0, 0, 0, 0, 0, 0, 0, 0, 0, 0, 0, 0, 0, 0, 0, 0, 0, 0, 0, 0, 0, 0, 0, 0, 0, 0, 0, 0, 0, 0, 0, 0, 0, 0, 0, 0, 0, 0, 0, 0, 0, 0, 0, 0, 0, 0, 0, 0, 0, 0, 0, 0, 0, 0, 0, 0, 0, 0, 0, 0, 0, 0, 0, 0, 0, 0, 0, 0, 0, 0, 0, 0, 0, 0, 0, 0, 0, 0, 0, 0, 0, 0, 0, 0, 0, 0, 0, 0, 0, 0, 0, 0, 0, 0, 0, 0, 0, 0, 0, 0, 0, 0, 0, 0, 0, 0, 0, 0, 0, 0, 0, 0, 0, 0, 0, 0, 0, 0, 0, 0, 0, 0, 0, 0, 0, 0, 0, 0, 0, 0, 0, 0, 0, 0, 0, 0, 0, 0, 0, 0, 0, 0, 0, 0, 0, 0, 0, 0, 0, 0, 0, 0, 0, 0, 0, 0, 0, 0, 0, 0, 0, 0, 0, 0, 0, 0, 0, 0, 0, 0, 0, 0, 0, 0, 0, 0, 0, 0, 0, 0, 0, 0, 0, 0, 0, 0, 0, 0, 0, 0, 0, 0, 0, 0, 0, 0, 0, 0, 0, 0, 0, 0, 0, 0, 0, 0, 0, 0, 0, 0, 0, 0, 0, 0, 0, 0, 0, 0, 0, 0, 0, 0, 0, 0, 0, 0, 0, 0, 0, 0, 0, 0, 0, 0, 0, 0, 0, 0, 0, 0, 0, 0, 0, 0, 0, 0, 0, 0, 0, 0, 0, 0, 0, 0, 0, 0, 0, 0, 0, 0, 0, 0, 0, 0, 0, 0, 0, 0, 0, 0, 0, 0, 0, 0, 0, 0, 0, 0, 0, 0, 0, 0, 0, 0, 0, 0, 0, 0, 0, 0, 0, 0, 0, 1, 1, 0, 1, 1, 1, 1, 1, 0, 0, 1, 1, 1, 1, 1, 1, 1, 1, 1, 0, 0, 1, 1, 1, 1, 1, 1, 1, 1, 1, 1, 1, 1, 1, 1, 1, 1, 1, 1, 1, 0, 1, 1, 1, 0, 1, 1, 1, 1, 1, 1, 1, 1, 1, 1, 1, 1, 1, 1, 1, 1, 1, 1, 1, 1, 1, 1, 1, 1, 1, 1, 1, 1, 1, 1, 1, 1, 1, 1, 1, 1, 1, 1, 1, 1, 1, 1, 1], "proba": [6.756223486326489e-05, 7.183115996807074e-05, 7.407909923509049e-05, 3.6647572921421334e-05, 3.1302674813828724e-05, 7.617439798042876e-05, 9.284001097275207e-07, 0.00011082664315308977, 9.455414854729339e-05, 6.23961744394113e-05, 0.000280642233519591, 0.0032501479705644935, 0.00045749162945786634, 0.00011163314527362949, 0.0008860722499234278, 2.519864158951812e-05, 0.001603542284557552, 4.420505020330958e-05, 4.647751794103864e-05, 3.070864150678521e-05, 7.619351949829503e-05, 9.506200154081441e-05, 3.8597515963786294e-05, 2.176349381505404e-05, 3.096148231841422e-05, 9.351046036957035e-06, 1.4552728840911956e-06, 3.899813654987157e-06, 9.707338528787244e-05, 7.518977123978833e-05, 7.333068389117023e-05, 1.3990088051240744e-06, 2.453960707730718e-06, 3.593628484420652e-06, 0.00020541794342036036, 0.00212292739024503, 3.8450895577279396e-05, 0.0014602241766591537, 0.0001278712856510106, 5.7880632929706314e-05, 8.952547446322246e-05, 0.003091539294972655, 0.0009632056299232663, 0.00017524819344469066, 0.002296849254632445, 0.0004333519964186588, 0.0030130085993904645, 0.0004258318587619182, 0.10329007283172321, 0.13493596939216326, 0.0007001155090913813, 0.0008906280100674755, 0.001881770831457657, 0.000688887139889184, 5.9480500683229014e-05, 0.0003511237350875249, 4.566859487329975e-05, 0.0030961918529321475, 0.0003141965597071246, 0.0005526625390452996, 0.0037000104970842645, 0.0005522947480362338, 0.0010297086659798711, 0.0072642538538636465, 0.00047919280151836565, 0.02013009416981078, 0.0006432964649088355, 0.000146219134469958, 0.005878923154376475, 3.049092882103303e-05, 3.558476297990174e-05, 3.968669752644882e-05, 4.881741462497238e-05, 0.00013222180177634664, 4.900555290180036e-05, 0.002959235094141517, 0.00011462517710089151, 4.77738922198506e-05, 5.2971869762021565e-05, 6.567935465303206e-05, 0.0002135376570572492, 4.515407979643598e-05, 0.0003915340729315742, 0.0011384681732868622, 0.0002522547658931403, 0.0006802711396758607, 0.001733361050129473, 0.00020680122671034464, 0.000820563135434219, 0.0013742186498122153, 5.08490262273043e-05, 0.00014333795156179139, 2.9751441209553288e-05, 4.4233340133193314e-05, 0.00029274544659695545, 0.00013731188677001, 0.00011504080552070397, 0.0004156946050410708, 1.0479862835269058e-05, 0.0008306467442884404, 0.00010717539840774769, 0.0001231136300492364, 0.0001597599250533413, 2.696071540479833e-05, 9.901309817936451e-05, 0.00017200654395239665, 0.00011867478875023987, 0.0035340402973667215, 0.002186101827447162, 0.00037809475689199124, 3.7608549463690003e-06, 6.209242267209623e-05, 0.0006134689834442146, 2.9706557522483055e-05, 0.00036434424728319675, 0.00025636910881850737, 1.910581864830207e-05, 1.0675027761066253e-05, 1.8835115933242473e-05, 3.649152437018453e-05, 1.0265020379298827e-05, 5.0177391826901306e-05, 3.0145760307041928e-05, 5.4095463134547155e-05, 0.00012715835406966537, 7.625972005262872e-05, 0.0030973873693774996, 0.0006643534383974932, 0.003714292748329135, 3.3466117802689886e-05, 0.0004975687365221001, 0.00018288317320466313, 0.0020994102494398003, 0.009699206664686542, 0.0005374573819958216, 9.974271111445453e-05, 0.0010753909882145459, 8.004602657060841e-05, 0.0006470959189726048, 0.00015702092050127466, 0.0008065981610661784, 9.833545953847117e-05, 5.720115592914827e-05, 0.00012415446359248254, 7.511913251797345e-05, 0.00014796220997484596, 2.4467922138164457e-05, 0.006666929525566786, 2.0446548420279262e-05, 0.002152395091681851, 0.0011422982907344373, 0.0012366267076223134, 0.004067793172069668, 0.00880343961391371, 0.0021388428030548008, 0.00012074925240294924, 0.006964726107851941, 6.162338826976048e-05, 0.001051934849925657, 0.0022500143820283524, 0.0025909598601960037, 0.0002452704241836731, 0.0016761196600856038, 0.0017978305622875878, 0.00237785171228265, 0.07593546078755756, 0.0006963695911623316, 0.0012876558203448747, 0.003251411676304493, 0.0035606954180491127, 0.0006155127128704719, 0.002072806031598623, 0.34037326318517613, 0.0006882833889874447, 0.00035337672950496596, 0.0010382915447253267, 0.0009854531442413765, 0.001487521982833545, 0.0007342547229455476, 1.3554611163187803e-05, 0.00011304501151923596, 0.00016411658270751092, 0.00017475534829271446, 0.00042238147166244195, 0.00014179362172529741, 0.0028519498167369245, 1.0140928895930851e-05, 5.932713092376579e-06, 5.498077310041298e-05, 2.4073350769578512e-05, 0.000591444532634176, 1.0592962608906608e-05, 0.00013252315251441573, 0.00010130996103236273, 2.4725389687206248e-05, 1.935953503229097e-05, 8.77301145920347e-06, 9.807320737307745e-07, 0.000151375192009197, 6.305766603852402e-05, 0.0008336211682838529, 0.0001981621556560946, 0.00017791361791981758, 0.0008544140244291866, 3.112245786065278e-05, 0.0006844033487583359, 4.405533771925476e-05, 0.0033535409032403136, 0.00645370429049248, 0.0001768412887348196, 0.001779715465961178, 0.00017919109926822484, 0.004170313795904785, 6.716500559326721e-05, 2.1845197363193058e-05, 5.321282694251296e-05, 5.794737592152096e-05, 0.00022467707839565193, 3.5302289888243945e-05, 8.013386330183342e-05, 3.209169179271744e-06, 2.275455705350676e-05, 0.0018316596141539257, 0.005071156240445579, 0.0008854665244155138, 2.4340766799601084e-05, 0.004454994393185901, 0.0030818223840105036, 0.0003428002166430429, 0.0012152855769670089, 0.0003823378919308076, 0.0001605134275872411, 1.2700907411195607e-06, 0.0002848236875056158, 0.00029980672154306755, 0.008257144975737082, 0.002998894331259888, 0.0006775432486342192, 0.0011717625472237325, 0.001362998618703225, 2.027702340245793e-05, 0.00011666639971749998, 0.0012514085479500463, 0.002767543277989298, 1.6106530021991396e-05, 0.0016191038839740023, 0.002464208385977339, 0.0007375462998265563, 0.0013764663611335456, 8.845806062435052e-05, 0.002355464685843243, 0.0007076503509137699, 4.607034237902893e-05, 0.00028521104545990706, 0.0008488106573980513, 0.0024221751402997834, 5.481449120158763e-05, 0.0020564164061850766, 0.0007605327111256082, 0.0003475183532832001, 0.0021396637937711703, 8.144041246140266e-05, 0.0016811038885939313, 0.0006805477346420601, 0.0020721135734475342, 0.00011849012226765268, 