{"metrics": {"test": {"fp": [8], "f1_score": [0.8571428571428572], "risk": [0.15384615384615385], "recall": [0.9], "sensitivity": [0.9], "precision": [0.8181818181818182], "tp": [36], "tn": [30], "specificity": [0.7894736842105263], "fn": [4]}, "train": {"fp": [0], "f1_score": [1.0], "risk": [0.0], "recall": [1.0], "sensitivity": [1.0], "precision": [1.0], "tp": [174], "tn": [140], "specificity": [1.0], "fn": [0]}}, "model": {"n_features": 4766702}, "data": {"path": "/scratch/adrouin/data/patric/single_species_datasets/azithromycin___672792900560953954/dataset.kover", "split": "train_0.800_seed_3_10_folds", "uuid": "27963fe0-0790-11e8-8774-001b2193b764"}, "predictions": {"binary": [1, 0, 0, 0, 0, 0, 0, 0, 0, 0, 0, 0, 0, 0, 0, 0, 0, 0, 0, 0, 0, 0, 0, 0, 0, 0, 0, 0, 0, 0, 0, 0, 0, 1, 0, 0, 0, 0, 0, 0, 0, 0, 0, 0, 0, 0, 0, 0, 0, 0, 0, 0, 0, 0, 0, 0, 0, 0, 0, 0, 0, 0, 0, 0, 0, 0, 0, 0, 0, 0, 0, 0, 0, 0, 0, 0, 0, 0, 0, 0, 0, 0, 0, 0, 0, 0, 0, 0, 0, 0, 0, 0, 0, 0, 0, 0, 0, 0, 0, 0, 0, 0, 0, 0, 0, 0, 1, 0, 0, 0, 1, 0, 0, 1, 0, 0, 0, 0, 0, 0, 0, 0, 0, 0, 0, 0, 0, 0, 0, 0, 0, 0, 0, 0, 0, 0, 0, 0, 0, 0, 0, 0, 0, 0, 0, 0, 0, 0, 0, 0, 0, 0, 0, 0, 0, 0, 0, 0, 0, 0, 0, 0, 0, 0, 0, 0, 0, 0, 0, 1, 0, 0, 1, 0, 1, 0, 0, 0, 1, 1, 1, 1, 1, 1, 1, 1, 1, 1, 1, 1, 1, 1, 1, 1, 1, 1, 1, 1, 1, 1, 1, 1, 1, 1, 1, 1, 1, 1, 1, 1, 1, 1, 1, 1, 1, 1, 1, 1, 1, 1, 1, 1, 1, 1, 1, 1, 1, 1, 1, 1, 1, 1, 1, 1, 1, 1, 1, 1, 1, 1, 1, 1, 1, 1, 1, 1, 1, 1, 1, 1, 1, 1, 1, 1, 1, 1, 1, 1, 1, 1, 1, 1, 1, 1, 1, 1, 1, 1, 1, 1, 1, 1, 1, 1, 1, 1, 1, 1, 1, 1, 1, 1, 1, 1, 1, 1, 1, 1, 1, 1, 1, 1, 1, 1, 1, 1, 1, 1, 1, 1, 1, 1, 1, 1, 1, 1, 1, 1, 0, 1, 1, 1, 1, 1, 1, 1, 1, 1, 1, 1, 1, 1, 1, 1, 1, 1, 1, 1, 1, 1, 1, 1, 1, 1, 1, 0, 1, 1, 1, 1, 1, 1, 1, 1, 1, 1, 1, 1, 1, 1, 1, 1, 1, 1, 1, 1, 1, 1, 1, 1, 1, 1, 0, 1, 1, 1, 1, 1, 1, 1, 1, 1, 1, 1, 1, 1, 1, 1, 1, 1, 1, 1, 1, 1, 1, 1, 1, 1, 1, 1, 0, 1], "proba": [0.9630596974014614, 0.03480231328490646, 0.08095159715554046, 0.03617617276979763, 0.008957645315182646, 0.03609377701029835, 0.03613052098407118, 0.07804303323839532, 0.03608931158277202, 0.036155410332959444, 0.03428155048273212, 0.013360474146528908, 0.028343313870823776, 0.03231925043347262, 0.03614981042268978, 0.03616437430917055, 0.03611501491472317, 0.020823510064205943, 0.03217585173346983, 0.03615060881985913, 0.02434964697533095, 0.036108777412149254, 0.01594682007665065, 0.03614922987777597, 0.036129265496310445, 0.036138784204513046, 0.07459919921583208, 0.028448408523541354, 0.009014726884042219, 0.020546832917923093, 0.03615151319103527, 0.0361283129862554, 0.03617055543049689, 0.6482843009957775, 0.036131572045661996, 0.03612549561238375, 0.1961283308894488, 0.03615849291172507, 0.029506961288194182, 0.036115666514855704, 0.006267042455475801, 0.036097078888707584, 0.03613031808828102, 0.03616388205198681, 0.03615828290758895, 0.00916172436497253, 0.036585813071464905, 0.03610575744345636, 0.031399176912230604, 0.10303435533856674, 0.03611214868487019, 0.03611627613748785, 0.030995099785521545, 0.03616112712557877, 0.015346462129963899, 0.490189211752079, 0.03611299410522441, 0.02842760573034265, 0.03616872967501333, 0.03612310534124094, 0.018728884947176963, 0.03614680199155439, 0.03615426164501173, 0.03612741454676719, 0.03613545677390311, 0.036185669061075613, 0.036125596270056695, 0.036107583695974, 0.03612137124807705, 0.017396670802085033, 0.03610787697055984, 0.042268309994895385, 0.006968933950886863, 0.03614040770566179, 0.03613047103204045, 0.036130155667180384, 0.016639646015006615, 0.03614637278103373, 0.03609964758651736, 0.008096510926483103, 0.03614939805334772, 0.029097904123759788, 0.03197439073524071, 0.03614931256988406, 0.03614387580958863, 0.036119821542199525, 0.03615858751083339, 0.023266795526897067, 0.01912647753516926, 0.03613545663443408, 0.03614887939483, 0.010225112057865318, 0.012598247257647806, 0.03428248799707606, 0.015467594597952345, 0.010067415821302982, 0.006574156889462074, 0.005256287444111361, 0.005599187052582956, 0.00396435602073025, 0.03615833253329309, 0.036142585242922416, 0.03617085968431543, 0.036164993104473436, 0.03611027270701527, 0.03614597074312071, 0.574265909731754, 0.03614565289167167, 0.03606978696320703, 0.036109503327207595, 0.6625297684126575, 0.03609852322711698, 0.03610578904174802, 0.7661657354960851, 0.03614409320905896, 0.036098241642056966, 0.03614544855453321, 0.08393071130960995, 0.036138395126171716, 0.11068526644382491, 0.0361182266633178, 0.036098133833141276, 0.036141762675052855, 0.026322064682456563, 0.010895963349664872, 0.03615171458419016, 0.010227050482654489, 0.03616369879328833, 0.03615269181495088, 0.1358418134569024, 0.027582166308058997, 0.10136566074324108, 0.03612810525132724, 0.011885466340900349, 0.03616390347757102, 0.03616945092581871, 0.03614791691712338, 0.04053161527452767, 0.1132534774957368, 0.03617168000158927, 0.036114669609745506, 0.31632273601330646, 0.03613647588446939, 0.01655981381684441, 0.036126901393388, 0.03422152401633092, 0.007587552768908888, 0.00878299929295254, 0.06808959858542497, 0.03615653732955922, 0.013825403082582139, 0.012193120020775003, 0.07447935397882285, 0.0361771187418581, 0.019404507759716902, 0.03613217074276799, 0.013520069784740069, 0.03614326455659587, 0.03611278464349217, 0.03611262338509603, 0.0043265308024946795, 0.03608982644315453, 0.03614648335449124, 0.03609781012661134, 0.0361756686831503, 0.03962726463519958, 0.019887503687835636, 0.011699048866351414, 0.0036469884532630286, 0.9599699835879897, 0.036170929162096827, 0.06063644440201881, 0.9264603475230963, 0.036140864440016476, 0.9701326276548649, 0.03608555454669838, 0.016581551331794765, 0.0361318930178262, 0.9777257004656836, 0.9777080351226268, 0.98575009205629, 0.9873718610660311, 0.9894284163519987, 0.9814404559835106, 0.9844982146048915, 0.9819759829234276, 0.9863127134550993, 0.9836688118984238, 0.9869675146941679, 0.9777167039240423, 0.9777697357647129, 0.9887329927524049, 0.9861410523459331, 0.9777533593600638, 0.9777013513024663, 0.9868375672857037, 0.9777322817202131, 0.9777127172374973, 0.986689373089764, 0.9777344409624928, 0.9958474906684479, 0.9887181218754275, 0.983421556313901, 0.9957852635333359, 0.9776994823467225, 0.9777182681893308, 0.9839728669238723, 0.9957820454630709, 0.9929732418049632, 0.9958513363993807, 0.9955574824254972, 0.9950450665478455, 0.9877608907458361, 0.9803560600210507, 0.9903708001440351, 0.9919867843768084, 0.9858630973771761, 0.9869072731377148, 0.9884559416654438, 0.8671035309300531, 0.9844593508037011, 0.9802595451000515, 0.9879990100332567, 0.9943413034563735, 0.9938354945873692, 0.9879035068060102, 0.9876037541456752, 0.9776965255338695, 0.9897464993069846, 0.9961357649549443, 0.9808674433321499, 0.9973775079373625, 0.6200193959682818, 0.9777189849116333, 0.9847650332724228, 0.9780964952173281, 0.9871370502625479, 0.9928562520944255, 0.9903801598991939, 0.9889726459530133, 0.9795236201101276, 0.9777236267182322, 0.8082221584118563, 0.9883509023351308, 0.9847031019058416, 0.9777351590608093, 0.9838990790316506, 0.9795747368249678, 0.9794739816937647, 0.9858328121725808, 0.9906202910009965, 0.977723794508803, 0.9777250394867446, 0.9917321579709254, 0.9863784458083023, 0.9777246876029166, 0.9893910166751658, 0.9777232079758805, 0.9888726783910704, 0.9874392914434938, 0.9821625914056672, 0.9884116083910769, 0.9895378059843141, 0.9908763301352014, 0.9777119309341351, 0.9864048908530975, 0.9777339086110907, 0.8850421055964933, 0.9777189922724279, 0.9829732224020027, 0.977721843071056, 0.9777165386520813, 0.9777080120086235, 0.9777308236411834, 0.9617647642418881, 0.977714597279476, 0.9777340647964999, 0.749379218827182, 0.977692775585088, 0.988429490905375, 0.9914101665321824, 0.9905909706260517, 0.9777035226722054, 0.9777101988974548, 0.9777020673078037, 0.9799945876334043, 0.9777299754276797, 0.9777417365417401, 0.9777219369190945, 0.5916159039231961, 0.9777031206662947, 0.9776925172109189, 0.977698537605397, 0.9774031452121025, 0.9777153830239835, 