{"metrics": {"test": {"fp": [1], "f1_score": [0.9743589743589743], "risk": [0.041666666666666664], "recall": [0.9661016949152542], "sensitivity": [0.9661016949152542], "precision": [0.9827586206896551], "tp": [57], "tn": [12], "specificity": [0.9230769230769231], "fn": [2]}, "train": {"fp": [0], "f1_score": [1.0], "risk": [0.0], "recall": [1.0], "sensitivity": [1.0], "precision": [1.0], "tp": [229], "tn": [60], "specificity": [1.0], "fn": [0]}}, "model": {"n_features": 858}, "data": {"path": "/scratch/adrouin/patric_data/single_species_datasets/ertapenem___2202579077548954665/dataset.kover", "split": "train_0.800_seed_3_10_folds", "uuid": "392f4212-068a-11e8-a7b5-001b2193b764"}, "predictions": {"binary": [0, 0, 0, 0, 0, 0, 0, 0, 0, 0, 0, 0, 0, 0, 0, 0, 0, 0, 0, 0, 0, 0, 0, 0, 0, 0, 0, 0, 0, 0, 0, 0, 0, 0, 0, 0, 0, 0, 0, 0, 0, 0, 0, 0, 0, 0, 0, 0, 0, 0, 0, 0, 0, 0, 0, 0, 0, 0, 0, 0, 0, 0, 0, 0, 0, 0, 0, 0, 0, 1, 0, 0, 0, 1, 1, 1, 1, 1, 1, 1, 1, 1, 1, 1, 1, 1, 1, 1, 1, 1, 1, 1, 1, 1, 1, 1, 1, 1, 1, 1, 1, 1, 1, 1, 1, 1, 1, 1, 1, 1, 1, 1, 1, 1, 1, 1, 1, 1, 1, 1, 1, 1, 1, 1, 1, 1, 1, 1, 1, 1, 1, 1, 1, 1, 1, 1, 1, 1, 1, 1, 1, 1, 1, 1, 1, 1, 1, 0, 1, 1, 1, 1, 1, 1, 1, 1, 1, 1, 1, 1, 1, 1, 1, 1, 1, 1, 1, 1, 1, 1, 1, 1, 1, 1, 1, 1, 1, 1, 1, 1, 1, 1, 1, 1, 1, 1, 1, 1, 1, 1, 1, 1, 1, 1, 1, 1, 1, 1, 1, 1, 1, 1, 1, 1, 1, 1, 0, 1, 1, 1, 1, 1, 1, 1, 1, 1, 1, 1, 1, 1, 1, 1, 1, 1, 1, 1, 1, 1, 1, 1, 1, 1, 1, 1, 1, 1, 1, 1, 1, 1, 1, 1, 1, 1, 1, 1, 1, 1, 1, 1, 1, 1, 1, 1, 1, 1, 1, 1, 1, 1, 1, 1, 1, 1, 1, 1, 1, 1, 1, 1, 1, 1, 1, 1, 1, 1, 1, 1, 1, 1, 1, 1, 1, 1, 1, 1, 1, 1, 1, 1, 1, 1, 1, 1, 1, 1, 1, 1, 1, 1, 1, 1, 1, 1, 1, 1, 1, 1, 1, 1, 1, 1, 1, 1, 1, 1, 1, 1, 1, 1, 1, 1, 1, 1, 1, 1, 1, 1, 1, 1, 1, 1, 1, 1, 1, 1, 1, 1, 1, 1, 1, 1, 1, 1, 1, 1, 1, 1, 1, 1, 1, 1, 1, 1, 1, 1, 1, 1, 1, 1, 1, 0, 0, 0, 0, 0, 0, 0, 0, 0, 0, 0, 0, 0, 0, 0, 0, 0, 0, 0, 0, 0, 0, 0], "proba": [0.0012427681371090422, 0.045861804605991666, 0.0006428638742143553, 0.0032714256628113406, 0.0006428638742143553, 0.0002640684825640106, 0.016549658960196518, 0.005139346483717183, 0.00231580009829884, 0.009428013838498076, 0.0019353970847814169, 0.0019353970847814169, 0.0019353970847814169, 0.006732102869441445, 0.0018596085696390313, 0.0007457794276525291, 0.0012427681371090422, 0.006732102869441445, 0.0019353970847814169, 0.010544822477852555, 0.02976984343177161, 0.0025263336324735392, 0.0032632265440641042, 0.013207187207593292, 0.00013555684374304714, 0.00020786115175147786, 0.03606030220589897, 0.006326925196527024, 0.009249681152772318, 0.007324989532419404, 0.014594955015268979, 0.0019353970847814169, 0.0019353970847814169, 0.39733994054527433, 0.009843360920557587, 0.0005841341977922896, 0.009045270538504928, 0.005866375945015715, 0.0028091656528947996, 0.0019515119648006395, 0.005329570324399486, 0.00507113455924647, 0.01085346380028411, 0.0039962448696165215, 0.0004951552602040656, 0.0053428057311192345, 0.008368157162151942, 0.0028797184163538484, 0.0012482670226273654, 0.0015314993360381697, 0.000992347717374194, 0.004189337264866577, 0.0007817187593283637, 0.002780601381725033, 0.0017497371642160085, 0.0015278215900358981, 0.003848405643885581, 0.005429738071543937, 0.004763905992880619, 0.0016872083114571267, 0.0010202934723161923, 0.0067127468673212586, 0.0020916255602053905, 0.01096260721986127, 0.0014968176278795594, 0.002798481799379872, 0.007095657008271297, 0.00412276060494257, 0.0006507072336587661, 0.9996754956829336, 0.003731857442071691, 0.0027537669733739495, 0.004485589341738004, 0.9999314825611325, 0.9760715752097151, 0.9998268484566408, 0.999959412683145, 0.9955416722376564, 0.9999843243714228, 0.9999371967278365, 0.9999856254245669, 0.9999902261101781, 0.9999902631212816, 0.9998921693838455, 0.999974152868455, 0.9999856254245669, 0.9999856254245669, 0.9999774955349504, 0.9920070617854972, 0.9839826420773282, 0.9999386706677246, 0.9916890023509497, 0.9737293214564736, 0.9999451775786209, 0.9996737368981844, 0.9996737368981844, 0.9996737368981844, 0.9998145609901062, 0.9977656046951013, 0.9999482749596784, 0.9997559880851133, 0.9998004852292511, 0.9989672873228664, 0.9933027629905228, 0.9994695664073493, 0.999927294874691, 0.9999386706677246, 0.9999513483527346, 0.9999857837151476, 0.9999857837151476, 0.999959412683145, 0.9999856254245669, 0.9999841812788678, 0.9999856254245669, 0.9999856254245669, 0.9998854592903873, 0.9999857837151476, 0.9999583934793166, 0.9527009530593291, 0.9999603652539446, 0.9999603652539446, 0.9999827692375285, 0.9998457718155251, 0.9999904916494647, 0.9999904916494647, 0.9996524275707163, 0.9999603652539446, 0.9999101558690344, 0.9997509383581715, 0.9996212851065578, 0.9992650309758168, 0.9991985606735315, 0.9982781322736533, 0.9999737825799894, 0.9992650309758168, 0.9980651541072795, 0.9983733811111624, 0.9975383928838424, 0.9999603652539446, 0.9999603652539446, 0.9999603652539446, 0.9990457058489527, 0.9951070339638828, 0.9991716983092889, 0.9626449842557304, 0.9999603652539446, 0.9949893462611232, 0.03547827572935945, 0.9890419713942744, 0.9992650309758168, 0.9991984953954157, 0.9999411947044017, 0.9992629278628995, 0.9992650309758168, 0.9956107297478929, 0.9923724574232958, 0.9956107297478929, 0.9992650309758168, 0.9982254606830437, 0.9983703706149337, 0.9989076125629076, 0.9995458033256822, 0.9992650309758168, 0.9982254606830437, 0.9980625412281318, 0.9974270244468474, 0.9928993503206728, 0.9565082209491511, 0.9956502620049508, 0.9996501176806392, 0.9930011099845362, 0.9987156622009753, 0.998825495602469, 0.9987682966190482, 0.9987156622009753, 0.999196267508916, 0.9890419713942744, 0.9929846392752598, 0.9933027629905228, 0.9999857837151476, 0.9989076125629076, 0.9990720461538406, 0.999388229373091, 0.983316042610912, 0.9839871980271824, 0.9989623446393615, 0.9985134288803192, 0.9785184323433306, 0.9981853898008819, 0.990070139885261, 0.9902516785488744, 0.9962657572978326, 0.9999120357161984, 0.9851348487079344, 0.9785184323433306, 0.9305856006517365, 0.998931147771777, 0.994408256605322, 0.9964134455028525, 0.9992622392997045, 0.9956107297478929, 0.9992650309758168, 0.9915396973547571, 0.9956107297478929, 0.9999559476934032, 0.9647911592427106, 0.3893719780335238, 0.997817185928306, 0.9982394824370124, 0.9906296319396908, 0.9975078768973799, 0.9942357675829842, 0.9630103475700451, 0.9962657572978326, 0.9678451881091285, 0.9999737825799894, 0.9938556615524778, 0.9999896310372635, 0.9981418572188245, 0.9981853898008819, 0.9981853898008819, 0.9993602841358338, 0.9836547770238561, 0.9981853898008819, 0.9991175168487035, 0.9977911492291309, 0.9981853898008819, 0.9997382059847614, 0.9980435232712533, 0.9983278995936586, 0.9998042304853317, 0.9981853898008819, 0.9981418572188245, 0.9981853898008819, 0.9993786932952233, 0.9998451493533298, 0.9999518417443239, 0.9979938763786961, 0.9999783118107544, 0.9999783118107544, 0.9999856254245669, 0.9999603652539446, 0.9997319155294335, 0.9998451493533298, 0.9999444536977845, 0.9998451493533298, 0.9996176191546834, 0.9999603652539446, 0.9737366737700166, 0.9989498471898246, 0.9998451493533298, 0.9999302585392098, 0.9981418572188245, 0.9969653172145759, 0.9993786932952233, 0.9990720461538406, 0.9993786932952233, 0.9993786932952233, 0.9993637698720984, 0.9865017686173115, 0.9996824621811732, 0.9981418572188245, 0.9974238817394073, 0.9952896302373769, 0.9878761535932172, 0.999138211405365, 0.999138211405365, 0.9992715138524187, 0.9996824621811732, 0.9998581940472149, 0.9993786932952233, 0.9990720461538406, 0.9992518653590858, 0.9989623446393615, 0.9989623446393615, 0.9989623446393615, 0.9982637573017944, 0.9618643016503072, 0.999520026964221, 0.998825495602469, 0.9995112069241489, 0.9996824621811732, 0.9993786932952233, 0.9974841926595055, 0.9996824621811732, 0.9993786932952233, 0.9996824621811732, 0.9999302585392098, 0.9998451493533298, 0.9998451493533298, 0.9878356292072475, 0.9999857296774995, 0.9997872393189259, 0.9999603652539446, 0.9999603652539446, 0.999959412683145, 0.9997291887094879, 0.9999737825799894, 