{"metrics": {"test": {"fp": [2], "f1_score": [0.8484848484848485], "risk": [0.20833333333333334], "recall": [0.8235294117647058], "sensitivity": [0.8235294117647058], "precision": [0.875], "tp": [14], "tn": [5], "specificity": [0.7142857142857143], "fn": [3]}, "train": {"fp": [2], "f1_score": [0.9174311926605504], "risk": [0.09375], "recall": [0.8771929824561403], "sensitivity": [0.8771929824561403], "precision": [0.9615384615384616], "tp": [50], "tn": [37], "specificity": [0.9487179487179487], "fn": [7]}}, "model": {"n_features": 5341646}, "data": {"path": "/scratch/adrouin/patric_data/single_species_datasets/ciprofloxacin___946434054234721145/dataset.kover", "split": "train_0.800_seed_6_10_folds", "uuid": "8b1fb550-0867-11e8-b4d8-001b2193b764"}, "predictions": {"binary": [0, 0, 0, 0, 0, 0, 0, 0, 1, 0, 1, 1, 0, 0, 1, 0, 0, 0, 0, 0, 0, 0, 0, 0, 0, 0, 0, 0, 0, 0, 0, 0, 0, 0, 0, 0, 0, 0, 0, 0, 0, 0, 0, 0, 0, 0, 0, 1, 1, 1, 1, 0, 1, 1, 1, 1, 1, 0, 1, 1, 1, 1, 1, 0, 1, 1, 1, 1, 1, 1, 1, 1, 1, 0, 0, 0, 1, 1, 0, 1, 1, 1, 1, 1, 1, 1, 1, 1, 1, 1, 1, 1, 1, 1, 1, 1, 1, 1, 1, 1, 1, 1, 1, 1, 1, 1, 1, 1, 1, 1, 1, 1, 0, 1, 0, 1, 1, 1, 1, 1], "proba": [0.621134134462164, 0.5267707015483281, 0.526154436447896, 0.5385944123846602, 0.525011935875471, 0.5125009259904735, 0.5147019181838315, 0.5150318264441481, 0.46963407652676753, 0.6274261947844294, 0.49731906828155853, 0.42026735018687356, 0.5524035041967793, 0.6227226250266991, 0.3851213916017398, 0.6246293127672815, 0.6294727776279644, 0.617475961557134, 0.6190316796448949, 0.5710080607109252, 0.6281246711889572, 0.6280457330104994, 0.5397548052681715, 0.6297631085612141, 0.5292458019695403, 0.5207344382013254, 0.5153545514977449, 0.5271700109187286, 0.5311666773653491, 0.53581422458887, 0.5408887517232652, 0.5377368976402754, 0.5633440608225506, 0.5102751596656153, 0.522233370652018, 0.5123556518153318, 0.6195750202155549, 0.6152067668774407, 0.5707763692891202, 0.5439197356704777, 0.5569427629714584, 0.5400769629303355, 0.5294839122346648, 0.5646889117088156, 0.5504531236023955, 0.5707684264665422, 0.5130988482786146, 0.4699724617949468, 0.49677064213111993, 0.3450066573510729, 0.3832650863578454, 0.5207575181008519, 0.4215605841442536, 0.374599211320179, 0.4291710632546136, 0.49799088853639595, 0.4161454890647024, 0.5208539732400514, 0.44752675150012794, 0.3633898718702382, 0.3645402141515441, 0.3563292139504357, 0.3524744532288409, 0.5103054585172491]}}