{"metrics": {"test": {"fp": [4], "f1_score": [0.5], "risk": [0.35294117647058826], "recall": [0.6], "sensitivity": [0.6], "precision": [0.42857142857142855], "tp": [3], "tn": [8], "specificity": [0.6666666666666666], "fn": [2]}, "train": {"fp": [15], "f1_score": [0.7105263157894737], "risk": [0.3235294117647059], "recall": [0.7941176470588235], "sensitivity": [0.7941176470588235], "precision": [0.6428571428571429], "tp": [27], "tn": [19], "specificity": [0.5588235294117647], "fn": [7]}}, "model": {"n_features": 6095164}, "data": {"path": "/scratch/adrouin/patric_data/single_species_datasets/oxacillin___6654735289702248879/dataset.kover", "split": "train_0.800_seed_1_10_folds", "uuid": "5e68fc00-084a-11e8-a17e-001b2193b764"}, "predictions": {"binary": [1, 1, 0, 0, 0, 0, 0, 1, 1, 0, 1, 1, 1, 1, 0, 0, 0, 1, 1, 0, 0, 1, 1, 0, 0, 0, 1, 0, 0, 1, 0, 0, 0, 0, 0, 0, 0, 0, 0, 1, 1, 0, 1, 1, 1, 0, 1, 1, 1, 1, 0, 1, 1, 1, 1, 1, 0, 0, 1, 0, 1, 0, 1, 1, 1, 1, 0, 1, 1, 1, 1, 1, 1, 1, 1, 0, 1, 1, 1, 1, 1, 1, 1, 0, 0], "proba": [0.37368650211863, 0.3901018674818964, 0.6200422141774579, 0.5821021754243911, 0.5902188817866906, 0.534191474649797, 0.5905898085714898, 0.39210126370622084, 0.3552466442976495, 0.557714385269415, 0.40288749533762924, 0.3713495793945158, 0.37709992078432053, 0.37107878966489377, 0.5808853799962831, 0.5899442710883008, 0.5791282255728412, 0.388786812900521, 0.43202319427266683, 0.5392722022530999, 0.5798450661505283, 0.371253701805192, 0.3778658026911775, 0.5898915018381677, 0.5793597346776209, 0.5715255822041606, 0.3806697018889909, 0.6251110002790861, 0.531849019659725, 0.3750918576419269, 0.6242557833415067, 0.5704245989038506, 0.6265429207962236, 0.5803088819354728, 0.536586819203797, 0.582369468660817, 0.5900737087968854, 0.5767834651974727, 0.5746389312737866, 0.43439723231038874, 0.38852923388262417, 0.5396626061865295, 0.38989347885741393, 0.38573448846782343, 0.384139181977182, 0.5810442868859543, 0.32686028110540005, 0.3269845446365704, 0.33339640255467534, 0.3276148563717848, 0.5187730626347138, 0.33954357315362726, 0.3230627449953632, 0.32227920698451984, 0.32299029726614087, 0.3230243471730292, 0.5139711280322238, 0.5224269638058353, 0.3250561918597068, 0.5100824202523377, 0.340286935796821, 0.5186901946448069, 0.32170924845593396, 0.3260968582054104]}}