{"metrics": {"test": {"fp": [0], "f1_score": [0.99009900990099], "risk": [0.015625], "recall": [0.9803921568627451], "sensitivity": [0.9803921568627451], "precision": [1.0], "tp": [50], "tn": [13], "specificity": [1.0], "fn": [1]}, "train": {"fp": [0], "f1_score": [1.0], "risk": [0.0], "recall": [1.0], "sensitivity": [1.0], "precision": [1.0], "tp": [196], "tn": [64], "specificity": [1.0], "fn": [0]}}, "model": {"n_features": 6252305}, "data": {"path": "/scratch/adrouin/data/patric/single_species_datasets/erythromycin___49420779660966717/dataset.kover", "split": "train_0.800_seed_3_10_folds", "uuid": "b6efed36-0870-11e8-a4f3-001b2193b764"}, "predictions": {"binary": [0, 0, 0, 0, 0, 0, 0, 0, 0, 0, 0, 0, 0, 0, 0, 0, 0, 0, 0, 0, 0, 0, 0, 0, 0, 0, 0, 0, 0, 0, 0, 0, 0, 0, 0, 0, 0, 0, 0, 0, 0, 0, 0, 0, 0, 0, 0, 0, 0, 0, 0, 0, 0, 0, 0, 0, 0, 0, 0, 0, 0, 0, 0, 0, 0, 0, 0, 0, 0, 0, 0, 0, 0, 0, 0, 0, 0, 1, 1, 1, 1, 1, 1, 1, 1, 1, 1, 1, 1, 1, 1, 1, 1, 1, 1, 1, 1, 1, 1, 1, 1, 1, 1, 1, 1, 1, 0, 1, 1, 1, 1, 1, 1, 1, 1, 1, 1, 1, 1, 1, 1, 1, 1, 1, 1, 1, 1, 1, 1, 1, 1, 1, 1, 1, 1, 1, 1, 1, 1, 1, 1, 1, 1, 1, 1, 1, 1, 1, 1, 1, 1, 1, 1, 1, 1, 1, 1, 1, 1, 1, 1, 1, 1, 1, 1, 1, 1, 1, 1, 1, 1, 1, 1, 1, 1, 1, 1, 1, 1, 1, 1, 1, 1, 1, 1, 1, 1, 1, 1, 1, 1, 1, 1, 1, 1, 1, 1, 1, 1, 1, 1, 1, 1, 1, 1, 1, 1, 1, 1, 1, 1, 1, 1, 1, 1, 1, 1, 1, 1, 1, 1, 1, 1, 1, 1, 1, 1, 1, 1, 1, 1, 1, 1, 1, 1, 1, 1, 1, 1, 1, 1, 1, 1, 1, 1, 1, 1, 1, 1, 1, 1, 1, 1, 1, 1, 1, 1, 1, 1, 1, 1, 1, 1, 1, 1, 1, 1, 1, 1, 1, 1, 1, 1, 1, 1, 1, 1, 1, 1, 1, 1, 1, 1, 1, 1, 1, 1, 1, 1, 1, 1, 1, 1, 1, 1, 1, 1, 1, 1, 1, 1, 1, 1, 1, 1, 1, 1, 1, 1, 1, 1, 1, 1, 1, 1, 1, 1, 1, 1, 1, 1, 1, 1, 1], "proba": [0.032844931071681925, 0.0340988800057357, 0.005707519406314542, 0.026549327883446137, 0.02653592358647014, 0.02653769035382387, 0.02651514393526844, 0.05069434971751427, 0.025737923632023537, 0.026520289642854408, 0.026509934303258355, 0.026482556837667523, 0.026486455321885243, 0.026478283102171665, 0.026481043753728117, 0.02648086378004225, 0.026487692109687374, 0.026550302549300082, 0.026501169090670636, 0.02650716099325405, 0.11312832993395312, 0.026477660769291464, 0.026486896465208135, 0.006895074074016867, 0.026529139257421928, 0.026541349655487087, 0.017500744149874778, 0.02652662984050838, 0.028609254698548785, 0.026496486786309524, 0.026515500283191155, 0.026514322092638286, 0.026479553964145055, 0.05986713281954659, 0.02649634267940291, 0.026481955662494557, 0.1289840953333378, 0.026519336664990623, 0.005455716800711544, 0.02654326660006136, 0.026544754841449, 0.02654744900147849, 0.026547835576257773, 0.026501266042107875, 0.02654019410327637, 0.026502296037559388, 0.0265489673375842, 0.026506168488714718, 0.01718646372877155, 0.057655791517789184, 0.026504043411564825, 0.026488173428595514, 0.02651964266378924, 0.026500798109030558, 0.11120091863724485, 0.026543536353471703, 0.026470040927316578, 0.026499877467288768, 0.02653373117165478, 0.02650372712661979, 0.024461184286115635, 0.02650232059622911, 0.02648104170313812, 0.02650518837032725, 0.0265039013492982, 0.02649932578132067, 0.026503431290617788, 0.026495864415421993, 0.026481213137804667, 0.05996313222690303, 0.02650791983643391, 0.026513232210085478, 0.02648557165895326, 0.026479005351587256, 0.026488404756065637, 0.012054599344833654, 0.026533334458491202, 0.9862471615630346, 0.9735951569606828, 0.9735500239171966, 0.9928611351281915, 0.9967781940216113, 0.999985436139, 0.9766791049792414, 0.9791550237594487, 0.9999996986409264, 0.9735690842783713, 0.9869683020582495, 0.9921858273187542, 0.9999993571004303, 0.9735529363883683, 0.9831582436716071, 0.9735904289189051, 0.780882221760631, 0.9915189765588149, 0.9825823381501585, 0.9735374222715086, 0.8438548861469778, 0.9909538459877324, 0.9887254033625563, 0.9769683019539933, 0.9935516774730601, 0.9735489675475454, 0.9735376617182804, 0.9999975047591632, 0.9969342702237605, 0.08719753843345183, 0.9947576541808698, 0.9821027820605962, 0.9999991382439104, 0.9859538151497095, 0.9889996289390538, 0.9885405210527831, 0.9962054596578831, 0.9893436850592224, 0.9735801312524984, 0.9735905329274883, 0.9743242396967414, 0.9957966629807535, 0.9969934317273061, 0.9736011563044636, 0.9936925767602195, 0.9947081718481965, 0.975311900301094, 0.9878473288779926, 0.9735711860521631, 0.9735614671637934, 0.9741742304169821, 0.9735436198144707, 0.9853244681899559, 0.9999982607259743, 0.9967030073694237, 0.9955930187791147, 0.9962262844789701, 0.9962573304441378, 0.9954419435982397, 0.9735190998568976, 0.973584536770883, 0.9757780627227275, 0.9918513616610861, 0.9735828671356148, 0.9788801010173834, 0.9752863830217282, 0.9735747139697619, 0.9735709306021768, 0.9815681058683019, 0.9735401180944516, 0.995099812009918, 0.9776387826434139, 0.9955739905371493, 0.8584913564112124, 0.9966011966168783, 0.9801065722282577, 0.9796818437903417, 0.9735198957875908, 0.97355782379622, 0.9733183280501849, 0.9946913469296768, 0.9897966019646796, 0.990655262845652, 0.986426801724892, 0.9735587136849104, 0.9958594332597308, 0.9735648038490962, 0.9902054229782863, 0.9968463673073787, 0.9964399331707369, 0.9885697750742534, 0.9839211311161176, 0.971352813148008, 0.9735690404172619, 0.9594782574840066, 0.8026266167036833, 0.9735809200388064, 0.7104942823195497, 0.9735522174565567, 0.9771806264230506, 0.9735603421362269, 0.9735674137162474, 0.9793714343893912, 0.9846167382755989, 0.9735295022338001, 0.9849363688964203, 0.9745862611045989, 0.9683931026359204, 0.9844680045486616, 0.9738678193641149, 0.9827781815537532, 0.9800770948850517, 0.9906812869910537, 0.9832114607520561, 0.9735596825967379, 0.9832011510608615, 0.9735436016443931, 0.9936486237990833, 0.9759993691577816, 0.973560471141993, 0.9760988559760476, 0.9964153971988114, 0.9857257802319863, 0.981930182525052, 0.9913601622140874, 0.9667298663321657, 0.9735263625428942, 0.9735744418373036, 0.9817931727598924, 0.795828122816044, 0.9735591703323132, 0.9735522434273762, 0.9840643339610147, 0.9822387785614168, 0.9735609100973744, 0.9735174323606953, 0.9874063140963387, 0.9735711611734248, 0.9735785294114065, 0.9751637123670813, 0.979452960145171, 0.9735842010554064, 0.5631079953928859, 0.9780343651682831, 0.9735596986946478, 0.9736063149354954, 0.9561682562574849, 0.9735986069296023, 0.9837021203860272, 0.9816702011393544, 0.9736056651784981, 0.9735328202140063, 0.9813796759261747, 0.9735581958395886, 0.9749305974559503, 0.9495916218715406, 0.9910454997378961, 0.9820325783787276, 0.9730433972949863, 0.982141722186174, 0.973514546152722, 0.9793389060667095, 0.9735603059614332, 0.984792850612024, 0.9837774615058215, 0.9024478391702511, 0.9735667868911445, 0.9812310408121862, 0.9859202983032173, 0.9735641941859495, 0.9866037911975537, 0.975837554419051, 0.982942200205014, 0.9931775252819458, 0.9804319658585516, 0.9774543520532271, 0.7605375547070636, 0.9735371489181095, 0.9735333343253635, 0.9849459150924655, 0.9835144197708119, 0.9803800316540052, 0.973565990892895, 0.9735814116169101, 0.9755687215819143, 0.9735926134476486, 0.9778908284594727, 0.9846610515374719, 0.9833028662907314, 0.9735698418521551, 0.9850743190101183, 0.9762984227864913, 0.9783174982631055, 0.9863256043191165, 0.9735675248878287, 0.9735535152310129, 0.973584638979223, 0.9832290464963078, 0.9999957294654931, 0.9928303075290037, 0.9874384578895044, 0.9735887119519933, 0.9842761724261231, 0.9857801865404217, 0.9926253152541933, 0.9859369910240661, 0.7967002603150851, 0.973561299110907, 0.9895407261989181, 0.9882149149886764, 0.9735414452740235, 0.9735459047815952, 0.9962626396374321, 0.6056384470726479, 0.9781074955279793, 0.9735679097240558, 0.9635152518425724, 0.9735650547206133, 0.9735671203815319, 0.973562203277769, 0.9735534608545274, 0.9735685248056766, 0.9537172905377902, 0.9791787949751578, 0.9735488100590975, 0.973562614843529, 0.9735279973227187, 0.9735687703187477, 0.973580307025632, 0.9865218454193669, 0.9735695688646505, 0.9788700594594746, 0.9796921057816623, 0.9735317742682448, 0.9735724900885823, 