{"metrics": {"test": {"fp": [21], "f1_score": [0.6229508196721311], "risk": [0.48936170212765956], "recall": [0.9047619047619048], "sensitivity": [0.9047619047619048], "precision": [0.475], "tp": [19], "tn": [5], "specificity": [0.19230769230769232], "fn": [2]}, "train": {"fp": [58], "f1_score": [0.7539682539682541], "risk": [0.328042328042328], "recall": [0.9595959595959596], "sensitivity": [0.9595959595959596], "precision": [0.6209150326797386], "tp": [95], "tn": [32], "specificity": [0.35555555555555557], "fn": [4]}}, "model": {"n_features": 37176168}, "data": {"path": "/scratch/adrouin/patric_data/single_species_datasets/amoxicillin_clavulanic_acid___2202579077548954665/dataset.kover", "split": "train_0.800_seed_8_10_folds", "uuid": "b775749e-05da-11e8-8d40-001b2193b764"}, "predictions": {"binary": [0, 1, 1, 1, 1, 1, 1, 1, 1, 1, 1, 1, 0, 1, 0, 1, 1, 1, 0, 1, 1, 0, 1, 1, 0, 0, 0, 1, 1, 1, 0, 1, 1, 1, 0, 1, 1, 0, 1, 0, 0, 1, 1, 0, 0, 1, 0, 1, 1, 0, 0, 1, 1, 1, 1, 1, 0, 1, 1, 1, 1, 1, 1, 0, 1, 0, 1, 1, 0, 0, 0, 1, 1, 1, 0, 0, 1, 0, 0, 0, 1, 1, 1, 1, 1, 1, 1, 1, 0, 0, 1, 0, 1, 1, 1, 1, 1, 1, 1, 1, 1, 0, 0, 1, 1, 1, 1, 1, 0, 1, 1, 0, 1, 1, 1, 0, 1, 1, 1, 1, 1, 1, 1, 1, 1, 1, 1, 1, 1, 1, 1, 1, 1, 1, 1, 1, 1, 1, 1, 1, 1, 1, 1, 1, 1, 1, 1, 1, 1, 1, 1, 1, 1, 1, 1, 1, 1, 1, 1, 1, 1, 1, 1, 1, 1, 1, 1, 1, 1, 1, 1, 1, 1, 1, 1, 1, 1, 0, 1, 1, 1, 1, 1, 0, 1, 1, 1, 1, 1, 1, 1, 1, 1, 1, 1, 1, 1, 1, 1, 1, 1, 1, 0, 1, 1, 1, 1, 1, 1, 1, 1, 1, 1, 1, 1, 1, 0, 0, 1, 1, 1, 1, 1, 1, 1, 1, 1, 1, 1, 0, 1, 1, 1, 1, 1, 1], "proba": [0.5032100075166974, 0.48197613972676323, 0.47941015603982184, 0.45826377804749724, 0.48388226785641825, 0.4798330947546626, 0.46346115646882596, 0.48728960670815435, 0.44213119750939783, 0.4685927846326743, 0.4864394671466722, 0.48093896849441836, 0.6637308830751296, 0.47588214866009226, 0.6668563576643216, 0.4573795717434247, 0.48911322562024523, 0.4780262651677658, 0.5259443778567122, 0.48688360924847396, 0.49446046478652583, 0.6679405090772502, 0.4625436105467415, 0.483512045218124, 0.5014005692421217, 0.6635841532663127, 0.5034135964763836, 0.3865675693433464, 0.4933878492088024, 0.49261777760762493, 0.6725378485467703, 0.47829953095430344, 0.47392303174604467, 0.46115524571068134, 0.510831939188831, 0.48142739865326384, 0.4928308682996551, 0.6622010450411274, 0.4889286494671189, 0.6736162451875386, 0.5203912277154336, 0.49862440668182534, 0.4973051694626648, 0.5326498317567413, 0.5013968154193527, 0.47293867119032273, 0.6724961550686822, 0.4803038754576009, 0.4787853132473088, 0.5511652012994718, 0.5095375756603675, 0.4742606252135383, 0.4548584912011749, 0.46856272367883717, 0.4927456883919027, 0.4766451327585769, 0.6712666970469268, 0.4728899301752715, 0.47876245531155853, 0.45278771299476045, 0.4675968211862013, 0.4772442191294177, 0.49784014842175256, 0.6725101238940934]}}