{"metrics": {"test": {"fp": [1], "f1_score": [0.9318181818181818], "risk": [0.09375], "recall": [0.8913043478260869], "sensitivity": [0.8913043478260869], "precision": [0.9761904761904762], "tp": [41], "tn": [17], "specificity": [0.9444444444444444], "fn": [5]}, "train": {"fp": [0], "f1_score": [1.0], "risk": [0.0], "recall": [1.0], "sensitivity": [1.0], "precision": [1.0], "tp": [201], "tn": [59], "specificity": [1.0], "fn": [0]}}, "model": {"n_features": 999974}, "data": {"path": "/scratch/adrouin/data/patric/single_species_datasets/erythromycin___49420779660966717/dataset.kover", "split": "train_0.800_seed_1_10_folds", "uuid": "b6efed36-0870-11e8-a4f3-001b2193b764"}, "predictions": {"binary": [0, 0, 0, 0, 0, 0, 0, 0, 0, 0, 0, 0, 0, 0, 0, 0, 0, 0, 0, 0, 0, 0, 0, 0, 0, 0, 0, 0, 0, 0, 1, 0, 0, 0, 0, 0, 0, 0, 0, 0, 0, 0, 0, 0, 0, 0, 0, 0, 0, 0, 0, 0, 0, 0, 0, 0, 0, 0, 0, 0, 0, 0, 0, 0, 0, 0, 0, 0, 0, 0, 0, 0, 0, 0, 0, 0, 0, 1, 1, 1, 1, 1, 1, 1, 1, 1, 0, 1, 1, 1, 1, 1, 1, 1, 1, 1, 1, 1, 1, 1, 1, 1, 1, 1, 1, 1, 1, 1, 1, 1, 1, 1, 1, 1, 1, 1, 1, 1, 1, 1, 1, 1, 1, 1, 1, 1, 0, 1, 1, 1, 1, 1, 1, 1, 1, 1, 0, 1, 1, 1, 1, 1, 1, 1, 1, 1, 1, 1, 1, 1, 1, 1, 1, 1, 1, 1, 1, 1, 1, 1, 1, 1, 1, 1, 1, 1, 1, 1, 1, 1, 1, 1, 1, 1, 1, 1, 1, 1, 1, 1, 1, 1, 1, 1, 1, 1, 1, 1, 1, 1, 1, 1, 1, 1, 1, 1, 1, 1, 1, 1, 1, 1, 1, 1, 1, 1, 1, 1, 1, 1, 1, 1, 1, 1, 1, 1, 1, 1, 1, 1, 1, 1, 1, 1, 1, 1, 1, 1, 1, 1, 1, 1, 1, 1, 1, 1, 1, 0, 1, 0, 1, 1, 1, 1, 1, 1, 1, 1, 1, 1, 1, 1, 1, 1, 1, 1, 1, 1, 1, 1, 1, 1, 1, 1, 1, 1, 1, 1, 1, 1, 1, 1, 1, 1, 1, 1, 1, 1, 1, 1, 1, 1, 1, 1, 1, 1, 1, 1, 1, 1, 1, 1, 1, 1, 1, 1, 1, 1, 1, 1, 1, 1, 1, 1, 1, 1, 1, 1, 1, 1, 1, 1, 1, 1, 1, 1, 1, 1, 1, 1, 1, 1, 1, 1, 1, 1, 1, 1, 1, 1, 1, 1, 1, 1, 1, 1, 1, 1, 1, 1, 1, 1, 1, 1, 1, 1, 1, 1, 1, 1, 1, 1, 1, 1, 1, 1, 1, 1, 1, 1, 1, 1, 1, 1, 1, 1, 1, 1, 1, 1, 1, 1, 1, 1, 1, 1, 1, 1, 1, 1, 1, 1, 1, 1], "proba": [0.0002454878293324515, 0.0065566556300589475, 0.004167671025256447, 0.00312593606527573, 0.005163104839861932, 0.001539744228438086, 0.003160102252802096, 0.028054528202237916, 0.004094774648923609, 0.04308313737576765, 0.0030536549863795564, 0.0016015522622805174, 0.004716756837901078, 0.014331058745503823, 0.011390310361111532, 0.02254523887225076, 0.11133163379324268, 0.0035329144014178593, 0.20826696064948558, 0.006830379840746302, 0.0018008447070588644, 0.001670521043658818, 0.027572404234491824, 0.0009968378855001326, 0.00749358299988568, 0.12807484944879904, 0.0003028962291181179, 0.0015239614128063224, 0.0029448007555021327, 0.0066733478874999004, 0.507353758929448, 0.15341115550171985, 0.006377990630988468, 0.00589595556155109, 0.013890024013616846, 0.33431869290010263, 0.007791782151578793, 0.10804174110064384, 0.0007095903520058362, 0.004332391669514049, 0.019592913633358428, 0.0032440574868772606, 0.002390941844849675, 0.20382604983548758, 0.011248831663600384, 0.007437320302872655, 0.002809745731244405, 0.004728942931821812, 0.002332187136735636, 0.015132430579904545, 0.24371563848991043, 0.0030932813818145355, 0.00369172390860891, 0.001499844587017308, 0.01319486231134961, 0.0035861506576746324, 0.009189300582026156, 0.0016408583417929891, 0.0020795208886370525, 0.00892321862079943, 0.004271582788322299, 0.008540393834635725, 0.013491246561433955, 0.00021851415607330657, 0.04422157817719722, 0.01533188562038555, 0.0002517592324884467, 0.0008496931471852594, 0.02445147698734516, 0.0033506874470448306, 0.018520376293813742, 0.02150559724646326, 0.027425923673234265, 0.01179446859743027, 0.016322536379223106, 0.0025691435373201843, 0.0072344653171989145, 0.9990822607329597, 0.9783720666998178, 0.9995673033844724, 0.9995338678532626, 0.995102269631133, 0.9999775233635957, 0.9988746114971584, 0.9953132609008306, 0.9999799948480566, 0.05297378254821447, 0.9995848000729827, 0.9964720168102897, 0.999845277815967, 0.990729588571864, 0.9991361087899397, 0.9805196893757591, 0.9940913913542615, 0.9976305410554399, 0.9993246760360607, 0.9797903579306589, 0.907047480694446, 0.9999573655412968, 0.999933661556559, 0.9988534691113546, 0.9999765232934883, 0.9919024895247637, 0.9830730972208109, 0.9992849217250314, 0.9999793903675033, 0.845458829701488, 0.9999735079585859, 0.9958153319392132, 0.9999612379816751, 0.9995344181114555, 0.9995092918650452, 0.9944362977809742, 0.9999748741695358, 0.99956447125093, 0.8379381729012171, 0.9746445575737944, 0.9987839068359334, 0.9999738406951572, 0.9999770725122719, 0.9872697422516918, 0.9997195764149862, 0.9967535861375536, 0.9996204742032738, 0.999414911197253, 0.9986417280486218, 0.228368599530004, 0.9905730657878153, 0.9985281233539391, 0.9934971531133703, 0.9999785597573723, 0.9999681604173671, 0.9999790429233228, 0.9999783752891586, 0.9999766194839529, 0.999974175267119, 0.08253998870304027, 0.9818993942659028, 0.9891474933191643, 0.9997689669359467, 0.9874596488552801, 0.9875423191489406, 0.9991955963958833, 0.9952428906615239, 0.9994576562237627, 0.9994488747764677, 0.9766312641113165, 0.999976283637692, 0.9984806367199549, 0.9960832321193468, 0.9856415373277153, 0.9999802427296286, 0.9990327429076872, 0.9988380091274743, 0.9969832526012858, 0.9868618522267876, 0.9980940839613778, 0.9999278920908384, 0.9995973465775493, 0.9994552740235747, 0.999350755137225, 0.9923001960914096, 0.9999732606044843, 0.9752112732619406, 0.9994704743504981, 0.9999878943997892, 0.9999781347536926, 0.9995667807742932, 0.9994203488754633, 0.9985254996511846, 0.997487774904184, 0.9984259349012623, 0.9895435301638139, 0.9792214856443324, 0.9823468634465703, 0.988737314731266, 0.9965334481010486, 0.9937294877942474, 0.9648199260664462, 0.997793164384972, 0.9979640277258791, 0.9990255107092401, 0.9969362377346557, 0.9986032080988275, 0.9969420821634806, 0.9979238171975909, 0.9944173453976775, 0.9965691395101463, 0.9966032673178403, 0.9983598905668037, 0.9978528788169205, 0.9962159671406945, 0.9974318010520369, 0.9957668661579915, 0.999974074810786, 0.9981028084726095, 0.8841269252031881, 0.9993315064335665, 0.9962732156215252, 0.9977688083368194, 0.9993465340353026, 0.998299961462129, 0.9671795172818264, 0.8192149966415667, 0.9265493038355418, 0.9969772455520349, 0.891272996909685, 0.9587716239475587, 0.942945811034266, 0.9979465960739216, 0.9978282304997371, 0.90862150019829, 0.957783578327824, 0.9977151535450461, 0.9195250442572211, 0.9967573926165972, 0.9929071052669084, 0.9970391460020653, 0.9916321614563709, 0.955025630321042, 0.9876417041696268, 0.9969923789295948, 0.9955477811080585, 0.9873033525395196, 0.9884264127677346, 0.9972733237597123, 0.9904377037231747, 0.9780841254955465, 0.9693704744256575, 0.9964467692371671, 0.9130856472942629, 0.9962935109462311, 0.9813424228833579, 0.998252331094081, 0.9968775932958841, 0.9955779132705486, 0.9974700794958681, 0.30598416735694123, 0.9995657838705052, 0.2670637242287459, 0.9974357580380129, 0.9973869358807748, 0.9783480301861904, 0.9937120780880511, 0.9971652168888369, 0.997752769734533, 0.9769966173448167, 0.9976873273839966, 0.996277251613956, 0.9975762060465764, 0.9982988847151407, 0.9975842269086291, 0.9978433690105535, 0.9525693089702285, 0.9040587577910759, 0.9523083947793715, 0.9969006092105066, 0.997248995803332, 0.9975925235976407, 0.9389497374871679, 0.9944171293130819, 0.9751893549253167, 0.9860544120366203, 0.9954056085971437, 0.997739092280123, 0.9970647286444273, 0.9963467097298764, 0.997328923155502, 0.9974477289527129, 0.9994893734540984, 0.997580398592953, 0.9918643567582941, 0.9790104712701643, 0.9960241040044961, 0.9992206315301474, 0.9999808953132847, 0.9997607457424453, 0.9982663812448492, 0.9997006528267602, 0.9993090569515528, 0.9988522499735129, 0.9995942541575822, 0.9993994967560291, 0.9871125960830311, 0.9985265919090678, 0.9998038544824863, 0.998952809600195, 0.9997681024642169, 0.9969579881962267, 0.9999735501252136, 0.8530903655660147, 0.9952528321987489, 0.9775210810801657, 0.9960094076564768, 0.8713142586466399, 0.7610239910185083, 0.5809030168275897, 0.9887863528413261, 0.9794563477553091, 0.989072524848175, 