{"metrics": {"test": {"fp": [2], "f1_score": [0.9784172661870504], "risk": [0.024193548387096774], "recall": [0.9855072463768116], "sensitivity": [0.9855072463768116], "precision": [0.9714285714285714], "tp": [68], "tn": [53], "specificity": [0.9636363636363636], "fn": [1]}, "train": {"fp": [8], "f1_score": [0.9696969696969696], "risk": [0.034], "recall": [0.9679715302491103], "sensitivity": [0.9679715302491103], "precision": [0.9714285714285714], "tp": [272], "tn": [211], "specificity": [0.9634703196347032], "fn": [9]}}, "model": {"n_features": 224}, "data": {"path": "/scratch/adrouin/patric_data/single_species_datasets/clindamycin___6654735289702248879/dataset.kover", "split": "train_0.800_seed_7_10_folds", "uuid": "0de5b0d0-080d-11e8-831c-001b2193b764"}, "predictions": {"binary": [1, 0, 0, 0, 0, 0, 0, 0, 0, 0, 0, 0, 0, 0, 0, 0, 0, 0, 0, 0, 0, 0, 0, 0, 0, 0, 0, 0, 0, 0, 0, 0, 0, 0, 0, 0, 0, 0, 0, 0, 0, 0, 0, 1, 0, 0, 0, 0, 0, 0, 0, 0, 0, 0, 0, 0, 0, 0, 0, 0, 0, 0, 0, 0, 0, 0, 0, 0, 0, 0, 0, 1, 0, 0, 0, 0, 0, 0, 0, 0, 0, 0, 0, 0, 0, 0, 0, 0, 0, 0, 0, 0, 0, 0, 0, 0, 0, 0, 0, 0, 0, 1, 0, 0, 0, 0, 0, 0, 1, 0, 0, 0, 0, 0, 0, 0, 0, 0, 0, 0, 0, 0, 0, 0, 0, 0, 0, 0, 0, 0, 0, 0, 0, 0, 0, 0, 0, 0, 0, 0, 0, 0, 0, 0, 0, 0, 0, 0, 0, 0, 0, 0, 1, 0, 0, 0, 0, 0, 0, 0, 0, 0, 0, 0, 0, 0, 0, 0, 0, 0, 0, 0, 0, 0, 0, 0, 0, 0, 0, 0, 0, 0, 1, 0, 0, 0, 0, 0, 0, 0, 0, 0, 0, 0, 0, 0, 0, 0, 1, 0, 0, 0, 0, 0, 0, 0, 0, 0, 0, 0, 0, 0, 0, 0, 0, 0, 0, 0, 0, 0, 0, 0, 0, 0, 0, 0, 0, 0, 0, 0, 0, 0, 0, 0, 0, 0, 0, 0, 0, 0, 0, 0, 0, 0, 1, 0, 0, 0, 0, 0, 0, 0, 0, 0, 0, 0, 0, 0, 0, 0, 0, 0, 0, 0, 0, 0, 0, 0, 0, 0, 0, 0, 0, 1, 1, 1, 1, 1, 1, 1, 1, 1, 1, 1, 1, 1, 1, 1, 1, 1, 0, 1, 1, 1, 1, 1, 1, 1, 1, 1, 1, 1, 1, 1, 1, 1, 1, 1, 1, 1, 1, 1, 1, 1, 1, 1, 1, 1, 1, 1, 1, 1, 1, 1, 1, 1, 1, 1, 1, 1, 1, 1, 1, 1, 1, 1, 1, 1, 1, 1, 1, 0, 1, 1, 1, 1, 1, 1, 1, 1, 1, 1, 1, 1, 1, 1, 1, 1, 1, 1, 1, 1, 1, 1, 1, 1, 1, 1, 1, 1, 1, 1, 1, 1, 1, 1, 1, 0, 1, 1, 1, 1, 1, 1, 1, 1, 1, 1, 1, 1, 1, 1, 1, 1, 1, 1, 1, 1, 1, 1, 1, 1, 1, 1, 1, 1, 1, 1, 1, 1, 1, 1, 0, 1, 1, 1, 1, 1, 1, 1, 1, 1, 1, 1, 1, 1, 1, 1, 1, 1, 1, 1, 1, 1, 1, 1, 1, 1, 1, 1, 1, 1, 1, 1, 1, 1, 1, 1, 1, 1, 1, 1, 0, 1, 1, 1, 1, 1, 1, 1, 1, 1, 1, 1, 1, 1, 1, 1, 1, 1, 1, 1, 1, 1, 1, 1, 1, 1, 1, 0, 1, 1, 1, 1, 1, 1, 1, 1, 1, 1, 1, 1, 1, 1, 1, 1, 1, 1, 1, 1, 1, 1, 1, 1, 1, 1, 1, 1, 1, 1, 1, 1, 1, 1, 1, 1, 1, 1, 0, 0, 1, 1, 1, 1, 1, 1, 1, 1, 1, 1, 1, 1, 1, 1, 1, 1, 1, 1, 1, 1, 1, 1, 1, 1, 1, 1, 1, 1, 1, 1, 1, 0, 1, 1, 1, 1, 1, 1, 1, 1, 0, 1, 1, 1, 1, 1, 1, 1, 1, 1, 1, 1, 1, 1, 1, 1, 1, 1, 1, 1, 1, 1, 1, 1, 1, 1, 1, 1, 1, 1, 1, 1, 1, 1, 1, 1, 1, 1, 1, 1, 1, 1, 1, 1, 1, 1, 1, 1, 1, 1, 1, 1, 1, 1, 1, 1, 1, 1, 1, 1, 1, 1, 1, 1, 0, 0, 0, 0, 0, 0, 0, 0, 0, 0, 0, 0, 0, 0, 0, 0], "proba": [0.890066903524325, 0.04838019968377918, 0.04683689219187229, 0.04683689219187229, 0.13923478593675706, 0.04683689219187229, 0.05190348359127004, 0.045566231571053765, 0.042453866857222404, 0.04683689219187229, 0.042453866857222404, 0.042453866857222404, 0.042453866857222404, 0.042453866857222404, 0.052916636965826186, 0.04905066194206552, 0.052916636965826186, 0.044941146335470014, 0.044941146335470014, 0.052916636965826186, 0.042453866857222404, 0.06720980664246821, 0.045566231571053765, 0.042453866857222404, 0.042453866857222404, 0.06720980664246821, 0.06720980664246821, 0.06720980664246821, 0.06720980664246821, 0.5, 0.06720980664246821, 0.052916636965826186, 0.06387323050556332, 0.1821934116363081, 0.16226447561846902, 0.04571169486153975, 0.042453866857222404, 0.06839517753355073, 0.3737751655698224, 0.21126607788178348, 0.06720980664246821, 0.23097215376980978, 0.07349090817953727, 0.890066903524325, 0.2705281693986168, 0.07222406889807882, 0.04322285196919097, 0.04322285196919097, 0.04322285196919097, 0.04322285196919097, 0.04571169486153975, 0.04322285196919097, 0.044941146335470014, 0.06720980664246821, 0.07734265282873751, 0.045566231571053765, 0.042453866857222404, 0.042453866857222404, 0.07631650899712716, 0.042453866857222404, 0.04322285196919097, 0.042453866857222404, 0.04653682249824842, 0.042453866857222404, 0.15352990206843067, 0.042453866857222404, 0.044941146335470014, 0.044941146335470014, 0.06720980664246821, 0.06720980664246821, 0.045566231571053765, 0.890066903524325, 0.2705281693986168, 0.2705281693986168, 0.3057223404186897, 0.3185034348912296, 0.2705281693986168, 0.2705281693986168, 0.2705281693986168, 0.2705281693986168, 0.045566231571053765, 0.04683689219187229, 0.25894076534256094, 0.045566231571053765, 0.2131922782511909, 0.04683689219187229, 0.045566231571053765, 0.057944946471254706, 0.042453866857222404, 0.2705281693986168, 0.044941146335470014, 0.045566231571053765, 0.20764473185697135, 0.042453866857222404, 0.049567670654597135, 0.05831407688372259, 0.06103558439368483, 0.04683689219187229, 0.04683689219187229, 0.1753328166147507, 0.057944946471254706, 0.890066903524325, 0.1769607408269107, 0.1769607408269107, 0.045566231571053765, 0.06839517753355073, 0.08468577139627437, 0.06720980664246821, 0.8099128880815554, 0.0791783118941953, 0.042453866857222404, 0.042453866857222404, 0.16226447561846902, 0.06387323050556332, 0.052916636965826186, 0.044941146335470014, 0.04838019968377918, 0.06839517753355073, 0.042453866857222404, 0.04683689219187229, 0.04683689219187229, 0.2705281693986168, 0.04683689219187229, 0.05831407688372259, 0.05831407688372259, 0.05831407688372259, 0.04905066194206552, 0.07222406889807882, 0.14061580936949347, 0.04683689219187229, 0.05831407688372259, 0.049567670654597135, 0.04683689219187229, 0.04905066194206552, 0.04683689219187229, 0.04683689219187229, 0.07631650899712716, 0.042453866857222404, 0.06720980664246821, 0.048226673847141265, 0.1769607408269107, 0.045566231571053765, 0.045566231571053765, 0.045566231571053765, 0.055981070009800585, 0.06387323050556332, 0.06387323050556332, 0.052916636965826186, 0.06387323050556332, 0.052916636965826186, 0.04905066194206552, 0.052916636965826186, 0.6015620829873556, 0.049567670654597135, 0.04683689219187229, 0.0567505849184793, 0.044941146335470014, 0.06387323050556332, 0.04905066194206552, 0.06387323050556332, 0.045566231571053765, 0.045566231571053765, 0.04683689219187229, 0.04683689219187229, 0.048226673847141265, 0.042453866857222404, 0.04838019968377918, 0.042453866857222404, 0.04683689219187229, 0.042453866857222404, 0.04838019968377918, 0.042453866857222404, 0.05190348359127004, 0.06720980664246821, 0.06387323050556332, 0.044941146335470014, 0.4141062224746717, 0.05190348359127004, 0.045566231571053765, 0.045566231571053765, 0.045566231571053765, 0.045566231571053765, 0.5444569838089317, 0.04683689219187229, 0.045566231571053765, 0.042453866857222404, 0.06387323050556332, 0.044941146335470014, 0.044941146335470014, 0.044941146335470014, 0.049567670654597135, 0.042453866857222404, 0.06387323050556332, 0.045566231571053765, 0.045566231571053765, 0.045566231571053765, 0.055981070009800585, 0.06387323050556332, 0.7391913648906867, 0.052916636965826186, 0.042453866857222404, 0.04905066194206552, 0.044941146335470014, 0.044941146335470014, 0.23097215376980978, 0.045566231571053765, 0.15202333156436437, 0.044941146335470014, 0.04838019968377918, 0.047006868138826645, 0.042453866857222404, 0.4983113419124639, 0.060211675586107696, 0.05190348359127004, 0.18579938301863996, 0.045566231571053765, 0.048226673847141265, 0.04322285196919097, 0.04322285196919097, 0.06839517753355073, 0.07222406889807882, 0.09981733911629186, 0.06839517753355073, 0.07734265282873751, 0.09981733911629186, 0.06720980664246821, 0.04683689219187229, 0.06839517753355073, 0.06720980664246821, 0.07200060368174235, 0.09981733911629186, 0.06387323050556332, 0.06839517753355073, 0.23907391584518223, 0.07734265282873751, 0.06839517753355073, 0.044941146335470014, 0.08324329289481978, 0.06839517753355073, 0.06839517753355073, 0.05190348359127004, 0.06839517753355073, 0.044941146335470014, 0.18579938301863996, 0.6457839881070264, 0.042453866857222404, 0.049567670654597135, 0.1769607408269107, 0.04838019968377918, 