{"metrics": {"test": {"fp": [7], "f1_score": [0.8571428571428571], "risk": [0.22580645161290322], "recall": [1.0], "sensitivity": [1.0], "precision": [0.75], "tp": [21], "tn": [3], "specificity": [0.3], "fn": [0]}, "train": {"fp": [16], "f1_score": [0.8602150537634408], "risk": [0.20967741935483872], "recall": [0.8888888888888888], "sensitivity": [0.8888888888888888], "precision": [0.8333333333333334], "tp": [80], "tn": [18], "specificity": [0.5294117647058824], "fn": [10]}}, "model": {"n_features": 11112937}, "data": {"path": "/scratch/adrouin/patric_data/single_species_datasets/ampicillin_sulbactam___-3225223558739261696/dataset.kover", "split": "train_0.800_seed_7_10_folds", "uuid": "b4df14cc-0578-11e8-aea5-001b2193b764"}, "predictions": {"binary": [1, 1, 1, 0, 0, 0, 0, 0, 0, 1, 0, 0, 0, 1, 0, 1, 0, 1, 0, 0, 0, 1, 0, 1, 1, 1, 1, 1, 1, 0, 1, 0, 0, 0, 1, 1, 0, 0, 1, 1, 1, 1, 1, 1, 1, 1, 1, 1, 1, 1, 1, 1, 1, 1, 1, 1, 1, 1, 1, 1, 1, 1, 1, 1, 1, 0, 1, 1, 1, 1, 1, 1, 1, 1, 1, 1, 1, 1, 1, 1, 1, 1, 1, 1, 1, 1, 1, 1, 1, 1, 1, 1, 1, 1, 1, 1, 1, 1, 1, 1, 1, 1, 0, 1, 0, 0, 0, 0, 0, 1, 1, 1, 1, 1, 1, 1, 1, 1, 1, 1, 1, 1, 0, 1, 1, 1, 1, 1, 1, 1, 1, 1, 1, 1, 1, 1, 1, 1, 1, 1, 1, 1, 1, 1, 1, 1, 1, 1, 1, 1, 1, 1, 0, 1, 0], "proba": [0.2807578940627777, 0.27609482566628635, 0.27996340666981423, 0.6481175957553283, 0.6509049491988405, 0.6509508039094787, 0.6638313185083747, 0.6612136481265231, 0.6612246706511304, 0.22666085350348805, 0.6612408088448304, 0.6297110090830046, 0.6612455890262716, 0.44330734800633015, 0.6673944396844742, 0.4292116766926929, 0.6467362720887584, 0.440260263113711, 0.6612225600326999, 0.5778362119437074, 0.6655378404884043, 0.22501229638531348, 0.6612375869653128, 0.2785794768234718, 0.2825019104740718, 0.27857018949036283, 0.43376816587394257, 0.44027331903273875, 0.4355868824621369, 0.5829028877729774, 0.43133956784530036, 0.6208402027834959, 0.6509390425307172, 0.667417567134873, 0.28805477845866895, 0.2917360765334985, 0.6298535488996844, 0.6666092116123191, 0.43777996538820113, 0.2933594493232654, 0.43722840056896656, 0.43708182220974734, 0.4440360067973787, 0.4510287552954423, 0.23927212828320643, 0.22472044399007293, 0.2245439296477424, 0.22731000804666066, 0.22657414637870554, 0.242313975356818, 0.3028705012006336, 0.21599124471298736, 0.2201210552130586, 0.2287974498978415, 0.27730385033562255, 0.223440068862234, 0.21613780272330194, 0.2571199145092712, 0.25660427510123746, 0.4479829024679704, 0.253512489607672, 0.26954764942616954, 0.2725626418270241, 0.25647802082228705]}}