{"metrics": {"test": {"fp": [1], "f1_score": [0.9538461538461539], "risk": [0.03260869565217391], "recall": [0.9393939393939394], "sensitivity": [0.9393939393939394], "precision": [0.96875], "tp": [31], "tn": [58], "specificity": [0.9830508474576272], "fn": [2]}, "train": {"fp": [0], "f1_score": [0.9562289562289563], "risk": [0.03513513513513514], "recall": [0.9161290322580645], "sensitivity": [0.9161290322580645], "precision": [1.0], "tp": [142], "tn": [215], "specificity": [1.0], "fn": [13]}}, "model": {"n_features": 19753432}, "data": {"path": "/scratch/adrouin/patric_data/single_species_datasets/moxifloxacin___-8916328542551230855/dataset.kover", "split": "train_0.800_seed_2_10_folds", "uuid": "188637c8-547d-11e8-9fd4-f0921c053df8"}, "predictions": {"binary": [0, 0, 0, 0, 0, 0, 0, 0, 0, 0, 0, 0, 0, 0, 0, 0, 0, 0, 0, 0, 0, 0, 0, 0, 0, 0, 0, 0, 0, 0, 0, 0, 0, 0, 0, 0, 0, 0, 0, 0, 0, 0, 0, 0, 0, 0, 0, 0, 0, 0, 0, 0, 0, 0, 0, 0, 0, 0, 0, 0, 0, 0, 0, 0, 0, 0, 0, 0, 0, 0, 0, 0, 0, 0, 0, 0, 0, 0, 0, 0, 0, 0, 0, 0, 0, 0, 0, 0, 0, 0, 0, 0, 0, 0, 0, 0, 0, 0, 0, 0, 0, 0, 0, 0, 0, 0, 0, 0, 0, 0, 0, 0, 0, 0, 0, 0, 0, 0, 0, 0, 0, 0, 0, 0, 0, 0, 0, 0, 0, 0, 0, 0, 0, 0, 0, 0, 0, 0, 1, 0, 0, 0, 0, 0, 0, 0, 0, 0, 0, 0, 0, 0, 0, 0, 0, 0, 0, 0, 0, 0, 0, 0, 0, 0, 0, 0, 0, 0, 0, 0, 0, 0, 0, 0, 0, 0, 0, 0, 0, 0, 0, 0, 0, 0, 0, 0, 0, 0, 0, 0, 0, 0, 0, 0, 0, 0, 0, 0, 0, 0, 0, 0, 0, 0, 0, 0, 0, 0, 0, 0, 0, 0, 0, 0, 0, 0, 0, 0, 0, 0, 0, 0, 0, 0, 0, 0, 0, 0, 0, 0, 0, 0, 0, 0, 0, 0, 0, 0, 0, 0, 0, 0, 0, 0, 0, 0, 0, 0, 0, 0, 0, 0, 0, 0, 0, 0, 0, 0, 0, 0, 0, 0, 0, 0, 0, 0, 0, 0, 0, 0, 0, 0, 0, 0, 1, 1, 1, 1, 1, 1, 1, 1, 1, 1, 1, 1, 1, 1, 1, 1, 1, 1, 1, 1, 0, 1, 1, 1, 1, 1, 1, 1, 1, 1, 1, 1, 1, 1, 1, 1, 1, 0, 1, 1, 1, 1, 1, 0, 1, 1, 1, 1, 1, 1, 0, 1, 0, 1, 0, 1, 1, 1, 1, 1, 0, 1, 1, 1, 1, 1, 0, 1, 1, 1, 1, 1, 1, 0, 0, 1, 1, 1, 1, 1, 1, 1, 1, 1, 1, 1, 1, 1, 1, 1, 1, 1, 1, 1, 1, 1, 1, 1, 1, 1, 1, 1, 1, 1, 1, 1, 1, 1, 1, 1, 1, 1, 1, 1, 1, 1, 1, 1, 1, 1, 1, 1, 1, 1, 1, 0, 1, 1, 1, 1, 1, 1, 1, 1, 1, 1, 1, 1, 0, 1, 1, 1, 1, 1, 1, 1, 1, 1, 1, 1, 1, 1, 1, 1, 1, 1, 1, 1, 1, 1, 1, 1, 1, 1, 1, 0, 1, 1, 1, 1, 1, 1, 1, 1, 0, 1, 1, 1, 1, 1, 0, 1, 1, 1, 1, 1, 1, 1], "proba": [0.10164665632273442, 0.061034944620286406, 0.06102980216058012, 0.061023251260919634, 0.061018255638318745, 0.05524902449229462, 0.05775024191538731, 0.05530769308912309, 0.04170578587380509, 0.06099750447874274, 0.0508948325911247, 0.06083088700736269, 0.060959012365669446, 0.05622288989217657, 0.05584856996767064, 0.10655582639455212, 0.06099093007167459, 0.056315348388105896, 0.06099172102178688, 0.09427856157584273, 0.053621999008592935, 0.06101182773911778, 0.060358574339278596, 0.06105747373818917, 0.061011077688852146, 0.06105403877502435, 0.0655742291583288, 0.041390313385016385, 0.06170886027267887, 0.06031910837776462, 0.061037846157140634, 0.07512583550112241, 0.06099979185203762, 0.041380141572119514, 0.06788345331774266, 0.05806379799338253, 0.06104560501947938, 0.05137122253724272, 0.07909077609245779, 0.0609987287798726, 0.05985932907495075, 0.048952165952332996, 0.0609694025821924, 0.0565867675507946, 0.28154242393269346, 0.060819526632815195, 0.058097948491628006, 0.06005349790842504, 0.061075701239380754, 0.03893364167941618, 0.029002936159704503, 0.0484361200504732, 0.057048915416400794, 0.05705529621809787, 0.05527178700541838, 0.0610425262874052, 0.06077342498965445, 0.02964761492093019, 0.07059811890769349, 0.06105361731205991, 0.05258151594018145, 0.06089665584730577, 0.06103423094281305, 0.06106653286033229, 0.059798541414694685, 0.051956164103182774, 0.0608348366808299, 0.06100618025165181, 0.055258533378105865, 0.06101973918183918, 0.05684134008864443, 0.06107522174522872, 0.06023013239806018, 0.06038552772865197, 0.0609891092599417, 0.061525847641046134, 0.08990348860915293, 0.05328795521131421, 0.06094953069797379, 0.06102319468135218, 0.14035925737899183, 0.08492032544089434, 0.05426404991784232, 0.12300216659700135, 0.0605999406233205, 0.06104780956788731, 0.03440335148474551, 0.06038975266310705, 0.09102980653413716, 0.06104721242986395, 0.05623160991897715, 0.06107907673167596, 0.060979199351031105, 0.06010240017508456, 0.056551628436699905, 0.05092195602719102, 0.05676138183706906, 0.06334135377074789, 0.05816472727643372, 0.046851444153292565, 0.06064145951048561, 0.030342024195345485, 0.04925139270202579, 0.061066000521591335, 0.05952886661281114, 0.04752629261392567, 0.06108523090041636, 0.06099987978282622, 0.053563572260264765, 0.051353781441324915, 0.05917594458435458, 0.04599278268373564, 0.06097144000901317, 0.06101424590250888, 0.061066319368523705, 0.061013794210149574, 0.06084262690249983, 0.0590436354253179, 0.045492966608475155, 0.05053599071776075, 0.06107277851664439, 0.08049336575476745, 0.061044957049066706, 0.05392820981212814, 0.049779607329595424, 0.07656468438723238, 0.06103544773814632, 0.060927206621978834, 0.05705451352258807, 0.06107517524453944, 0.058993247185238254, 0.055714129289216874, 0.09570438836262433, 0.054959996253683134, 0.05522592667941023, 0.06142319787696604, 0.06484926568590765, 0.0443393055526726, 0.9641440529382914, 0.05329635195055257, 0.061020350615826106, 0.060223981260734874, 0.058794847909078685, 0.06101533106086237, 0.061009267830624075, 0.05898184095952152, 0.04943965953726062, 0.05808590400552603, 0.05788369329610967, 0.06097184282975486, 0.04893924120197274, 0.056206048124996924, 0.06097270851352903, 0.06101210552237569, 0.0511722020836902, 0.057309870158407564, 0.06092179875145312, 0.05314399855269994, 0.06151582282164936, 0.060940782340825214, 0.05494534037514172, 0.060632801701487084, 0.05151305489708392, 0.06105552838948809, 0.057652008842819034, 0.048798645737540655, 0.06098416299972668, 0.08534892563540403, 0.07087190812844137, 0.055443458735659736, 0.0456500335374219, 0.06150809991856047, 0.06096108246043078, 0.02992467976239004, 0.0610572257242955, 0.04558670732424849, 0.06105752184688518, 0.056309952347045784, 0.061054922228114386, 0.06102279510554416, 0.061022828726398526, 0.060974459144548035, 0.06105081798614467, 0.0509200019715633, 0.05284924987403658, 0.04989947248530297, 0.06102129883402921, 0.0318611103773657, 0.05695053149652556, 0.05960363692759757, 0.030099985109360645, 0.06407081390360958, 0.06104540125727262, 0.0609803336781029, 0.04912152871292603, 0.1680200067551461, 0.061835580650698246, 0.05815663616302882, 0.06103023311754317, 0.051934048903060366, 0.04942497166638316, 0.04720682376876762, 0.02986496888076599, 0.060971911188942324, 0.05168519804203169, 0.061052123150642824, 0.061017707113883955, 0.0564819944563809, 0.058552784510057604, 0.06105185600924956, 0.06108644836494807, 0.06593794426562848, 0.04798789795993096, 0.030552645834379725, 0.05250198863877222, 0.031504602258128775, 0.06101860785751264, 0.0609781898043771, 0.05231446947400563, 0.060360790179486985, 0.05419530952619303, 0.0610558640714244, 0.04231798191690651, 0.06108656023704918, 0.057998168862587164, 0.043725265473726606, 0.060984596578110783, 0.061022221884876826, 0.030738273786798498, 0.061035076191361226, 0.06108357347825687, 0.06104838056804345, 0.055904506345171696, 0.0695745755970156, 0.05914083384018726, 0.061033781422180224, 0.029839876147485445, 0.059463552317953285, 0.09411767328033287, 0.06100225365356535, 0.06094954539513003, 0.052696762525753386, 0.06103139532371279, 0.05539366550026826, 0.061055957359704593, 0.06094897633529733, 0.051623694871963985, 0.0950963976616849, 0.08194001608735084, 0.061041818264474475, 0.06097594215004257, 0.047933057453348596, 0.058862732679690145, 0.04659340162747351, 0.06894980480057084, 0.07860979464152802, 0.04573078288481886, 0.057655666648537766, 0.061022546883688356, 0.06102820437317006, 0.12884162336911095, 0.05952700578412659, 0.061076696194257055, 0.05524924021098185, 0.06103368845348372, 0.0481783116195258, 0.05497130328255736, 0.05350334120227889, 0.0529536901960556, 0.061035811407997395, 0.08968800631877684, 0.0634073393254753, 0.06100061296792667, 0.05237308971764622, 0.9628736135300676, 