{"metrics": {"test": {"fp": [2], "f1_score": [0.8], "risk": [0.05952380952380952], "recall": [0.7692307692307693], "sensitivity": [0.7692307692307693], "precision": [0.8333333333333334], "tp": [10], "tn": [69], "specificity": [0.971830985915493], "fn": [3]}, "train": {"fp": [1], "f1_score": [0.9866666666666666], "risk": [0.0029585798816568047], "recall": [1.0], "sensitivity": [1.0], "precision": [0.9736842105263158], "tp": [37], "tn": [300], "specificity": [0.9966777408637874], "fn": [0]}}, "model": {"n_features": 1000000}, "data": {"path": "/scratch/adrouin/data/patric/single_species_datasets/tobramycin___7053822222416630118/dataset.kover", "split": "train_0.800_seed_1_10_folds", "uuid": "2ca1e864-05af-11e8-a59f-001b2193b764"}, "predictions": {"binary": [0, 0, 0, 0, 0, 0, 0, 0, 0, 0, 0, 0, 0, 0, 0, 0, 0, 0, 0, 0, 0, 0, 0, 0, 0, 0, 0, 0, 0, 0, 0, 0, 0, 0, 0, 0, 0, 0, 0, 0, 0, 0, 0, 0, 0, 0, 0, 0, 0, 0, 0, 0, 0, 0, 0, 0, 0, 0, 0, 0, 0, 0, 0, 0, 0, 0, 0, 0, 0, 0, 0, 0, 0, 0, 0, 0, 0, 0, 0, 0, 0, 0, 0, 0, 0, 0, 0, 1, 0, 0, 0, 0, 0, 0, 0, 0, 0, 0, 0, 0, 0, 0, 0, 0, 0, 0, 0, 0, 0, 0, 0, 0, 0, 0, 0, 0, 0, 0, 0, 0, 0, 0, 0, 0, 0, 0, 0, 0, 0, 0, 0, 0, 0, 0, 0, 0, 0, 0, 0, 0, 0, 0, 0, 0, 0, 0, 0, 0, 0, 0, 0, 0, 0, 0, 0, 0, 0, 0, 0, 0, 0, 0, 0, 0, 0, 0, 0, 0, 0, 0, 0, 0, 0, 0, 0, 0, 0, 0, 0, 0, 0, 0, 0, 0, 0, 0, 0, 0, 0, 0, 1, 0, 0, 0, 0, 0, 0, 0, 0, 0, 0, 0, 0, 0, 0, 0, 0, 0, 0, 1, 0, 0, 0, 0, 0, 0, 0, 0, 0, 0, 0, 0, 0, 0, 0, 0, 0, 0, 0, 0, 0, 0, 0, 0, 0, 0, 0, 0, 0, 0, 0, 0, 0, 0, 0, 0, 0, 0, 0, 0, 0, 0, 0, 0, 0, 0, 0, 0, 0, 0, 0, 0, 0, 0, 0, 0, 0, 0, 0, 0, 0, 0, 0, 0, 0, 0, 0, 0, 0, 0, 0, 0, 0, 0, 0, 0, 0, 0, 0, 0, 0, 0, 0, 0, 0, 0, 0, 0, 0, 0, 0, 0, 0, 0, 0, 0, 0, 0, 0, 0, 0, 0, 0, 0, 0, 0, 0, 0, 0, 0, 0, 0, 0, 0, 0, 0, 0, 0, 0, 0, 0, 0, 0, 0, 0, 0, 0, 0, 0, 0, 0, 0, 0, 0, 0, 0, 0, 0, 0, 0, 0, 0, 0, 0, 0, 0, 0, 0, 0, 0, 0, 0, 0, 0, 0, 0, 0, 0, 0, 0, 0, 0, 1, 1, 1, 1, 1, 1, 1, 1, 1, 1, 1, 1, 1, 1, 1, 1, 1, 1, 1, 1, 1, 1, 1, 1, 0, 1, 1, 1, 1, 1, 1, 1, 1, 1, 1, 0, 1, 1, 0, 1, 1, 1, 1, 1, 1, 1, 1, 1, 1, 1, 0, 0, 0, 0, 0, 0, 0, 0, 0, 0, 0, 0, 0, 0, 0, 0, 0, 0, 0, 0, 0, 0, 0, 0, 0, 0], "proba": [0.010054275659479273, 0.0017842853995902212, 0.00014083706005738376, 0.0004655545018878502, 9.181369468790184e-07, 0.0004426761075641011, 0.0016605013272771212, 0.0018255116411063199, 1.626549698397198e-05, 0.0002620308790529809, 0.0008427258762724376, 7.278797253682961e-05, 0.0005449017821197083, 0.018735175080425014, 0.00017091104833943778, 0.0027442860476544497, 0.0001052254563751513, 0.0011522885932629444, 0.0003006499944797103, 0.0012076791862650977, 0.00015544468858447945, 5.221336616882345e-05, 7.673083238171258e-05, 0.0013545542893021506, 0.00013239722415315489, 4.388922911900342e-06, 0.0011053262149997778, 0.010786951445907206, 0.00033632320110286095, 0.0002407827195792607, 0.00022971588254474864, 4.4294569238637204e-05, 0.0006008591817364317, 0.00019584956108807805, 5.226232606453689e-06, 0.00032722587835248417, 1.453718716103662e-05, 0.00035206276094147665, 0.0006616552199597218, 0.0006744599566194077, 0.002081460021931803, 0.00019739943451011488, 0.009836098999613204, 0.0005622686166011184, 0.0005750662523011152, 0.0004933771486062531, 0.00028957522378053136, 0.0008183360125241084, 0.0007908710659670304, 5.669023030162719e-06, 1.3505138912799248e-06, 0.00012579201244473248, 0.0034481217828736263, 0.0002800571828909171, 7.274952427043416e-05, 0.001459538557490813, 0.005459421338124436, 0.0009640656164392647, 0.006374542631293483, 0.10369490187201987, 0.000141494206777177, 0.016512064267792767, 0.00954285319571591, 8.715296931992417e-05, 0.013247730271511257, 0.0029754340023128802, 0.0008230790568214129, 0.0008001309290476869, 0.0001714217907904298, 0.00029611643549255144, 0.00010627506909099819, 0.0028173944782245806, 0.00010190454205039603, 0.00027208967528716694, 9.829895061019753e-05, 0.001522526484111194, 0.00017875643738359695, 0.0002486333599395841, 0.0006201566405034764, 0.000946193557812972, 6.58163577940168e-05, 2.4748490808925343e-05, 0.00017239112391286167, 3.17197256364789e-05, 0.0002284378382362439, 0.0046323102547735145, 0.0002921177507497423, 0.6801120867465709, 0.003805979304667498, 2.9826035218861917e-05, 0.0009456523069400474, 0.0003480495308406586, 0.00015177899671907832, 5.887383298448401e-05, 0.0005459506801224132, 0.002410346689152339, 0.009410183908276776, 0.019343998980807926, 0.00015529826385451859, 9.630984959151444e-05, 0.003320597784769564, 0.00011577668397289729, 0.0018846927654456603, 0.010511114597999313, 0.0008029480082292797, 0.004069210464597215, 0.009483303257192025, 0.0007625424986061573, 0.0011963389480254692, 0.00048060799995945804, 0.0006195530129157091, 0.0003761778120765533, 0.0019688811358819693, 0.0003441627089191566, 0.0002546534040333261, 0.0029159559092891293, 0.00034874956953409266, 0.000525986231710338, 0.004429770873612553, 0.0007550513875452969, 1.407968173739425e-05, 0.0041906342036770895, 0.0001691725906935979, 0.01762904325296327, 0.0026557873623697425, 0.001198204387146311, 0.0003645871311035313, 0.00036020106417992216, 0.0009844669662866224, 0.0001038318550333551, 0.0005448547949573882, 0.0012467606223576075, 4.293111723272275e-06, 0.0037220737809811836, 0.0007530863609188422, 0.0010500431627463783, 0.0002265669502105807, 8.928000825652596e-05, 0.006152596360257187, 7.555512147122613e-05, 0.0006988358311342871, 0.00011153316102597113, 0.002761816771402104, 0.0015308584449718525, 0.0015396647529153239, 0.0015680448254659848, 0.004168055837682794, 0.001905038231187054, 0.004036969547631239, 0.004569284919971145, 0.006308963779983963, 4.6206044188415315e-05, 0.0006007564783326716, 9.180265491564253e-07, 0.0009424035852251175, 0.0003019426568960825, 0.0012284033084277602, 0.0010255756595806474, 0.00048470497474560045, 0.0005993217874181012, 3.5162399472418568e-06, 0.00035876694800298633, 0.0008434719268466011, 4.8917645015476136e-05, 2.447011205682786e-05, 0.0024612851074556088, 0.004874385509396186, 1.3531451563413845e-08, 3.83892009309752e-08, 0.005920554486016979, 0.006985058409052606, 0.0015204842400956282, 0.031709921412361085, 1.142271863139385e-06, 0.012106674557647574, 0.0007715259714886673, 0.00219382545435863, 3.6746940325950545e-05, 0.001548559447349446, 0.0011661864227380493, 0.002020149941329199, 0.001536744170951289, 3.333104671055672e-05, 0.00012884565036643908, 0.002520139207133639, 0.0013709273776511797, 6.41521025075487e-05, 0.0012114746084843934, 0.03257289030252225, 0.0038557584724226166, 0.5692082312830442, 0.00014887101500998026, 0.0023588392907113436, 0.018613956709756043, 0.007083932688151583, 0.031875570461792097, 0.0027717026106004183, 0.0005165174540217823, 1.766779958346406e-05, 0.00420027309850735, 0.00036383056575006034, 0.008780547162267989, 0.006214592297054713, 0.0258199748334477, 0.000116245973322666, 3.7789690215822024e-05, 0.0009683113703814396, 2.2903025764880366e-05, 0.0017814874594830766, 0.9239530653239287, 0.008661515410319714, 0.00010029687517530124, 6.273544435148884e-07, 6.6094512480932145e-06, 0.00014491820452387368, 0.0029222820250307947, 2.3548106254888305e-06, 0.00018553063871750144, 0.0009548175403557216, 0.0033693641516079433, 0.003116179343535954, 0.11062146698889089, 0.002114924167596938, 7.562708249371932e-05, 5.8738697430845056e-05, 0.00022822513154867249, 0.16622389391362924, 0.0009121372299840182, 0.0006973112647209105, 0.0002543587308159795, 0.017704805397188075, 8.177546925273679e-06, 0.0015066300319018361, 0.0004085330304241463, 0.001353806172501176, 0.00011091569072297983, 0.0018379046504142977, 0.0006243754296548439, 0.0012332190980295634, 0.001972191804659462, 0.0004122374424561864, 0.00017450649703997973, 0.0006807659970805422, 4.1628083645797864e-05, 0.0001342568694256255, 0.008460332111801293, 0.0016196314042746852, 0.0024205964376040985, 4.173975834996723e-05, 0.01314991951549771, 0.0009222711072053568, 0.02244769648284253, 0.002863682470881235, 4.171072629522352e-05, 0.0018358006668269247, 0.00013953407367905393, 0.0019828564730590315, 