{"metrics": {"test": {"fp": [0], "f1_score": [0.9333333333333333], "risk": [0.09722222222222222], "recall": [0.875], "sensitivity": [0.875], "precision": [1.0], "tp": [49], "tn": [16], "specificity": [1.0], "fn": [7]}, "train": {"fp": [12], "f1_score": [0.8781609195402299], "risk": [0.18339100346020762], "recall": [0.8232758620689655], "sensitivity": [0.8232758620689655], "precision": [0.9408866995073891], "tp": [191], "tn": [45], "specificity": [0.7894736842105263], "fn": [41]}}, "model": {"n_features": 31773653}, "data": {"path": "/scratch/adrouin/patric_data/single_species_datasets/ertapenem___2202579077548954665/dataset.kover", "split": "train_0.800_seed_1_10_folds", "uuid": "392f4212-068a-11e8-a7b5-001b2193b764"}, "predictions": {"binary": [0, 0, 0, 0, 0, 0, 0, 0, 0, 0, 1, 1, 1, 0, 1, 0, 0, 0, 1, 0, 0, 0, 0, 0, 0, 0, 0, 0, 1, 0, 0, 1, 1, 0, 0, 0, 0, 0, 0, 0, 0, 0, 0, 0, 0, 0, 1, 1, 0, 0, 0, 0, 0, 0, 0, 0, 0, 0, 0, 0, 0, 0, 0, 0, 0, 0, 1, 0, 0, 1, 0, 0, 0, 1, 0, 1, 1, 1, 1, 1, 1, 1, 1, 1, 1, 1, 1, 1, 1, 0, 1, 0, 0, 1, 1, 1, 1, 1, 0, 1, 1, 0, 1, 1, 1, 1, 1, 1, 1, 1, 1, 1, 1, 1, 1, 1, 1, 1, 0, 1, 1, 1, 1, 1, 1, 1, 1, 1, 1, 1, 1, 1, 1, 1, 1, 1, 1, 1, 1, 1, 1, 1, 0, 1, 0, 1, 1, 0, 1, 1, 1, 1, 1, 1, 1, 1, 1, 1, 1, 1, 1, 0, 1, 1, 1, 1, 1, 0, 1, 0, 1, 1, 1, 1, 1, 1, 1, 1, 1, 1, 1, 1, 1, 1, 1, 1, 1, 0, 1, 0, 0, 0, 1, 0, 0, 0, 1, 1, 0, 1, 1, 1, 1, 1, 1, 0, 0, 1, 0, 1, 1, 0, 0, 0, 0, 1, 1, 1, 1, 1, 1, 1, 0, 1, 1, 1, 1, 1, 1, 1, 1, 1, 1, 1, 1, 1, 1, 1, 1, 1, 1, 1, 1, 1, 1, 1, 1, 1, 0, 1, 1, 1, 1, 1, 1, 1, 1, 1, 1, 0, 1, 1, 1, 0, 0, 1, 1, 1, 1, 1, 1, 1, 1, 1, 1, 1, 1, 0, 1, 1, 0, 1, 1, 1, 1, 1, 1, 1, 1, 1, 0, 1, 1, 1, 1, 1, 1, 1, 1, 1, 1, 1, 1, 1, 1, 0, 1, 1, 1, 1, 1, 0, 1, 1, 1, 0, 1, 1, 1, 1, 1, 0, 1, 1, 1, 1, 1, 1, 1, 1, 1, 1, 1, 1, 0, 0, 0, 0, 0, 0, 0, 1, 1, 1, 1, 1, 1, 1, 1, 1, 1, 1, 1, 1, 1, 1, 1, 1, 1, 1, 0], "proba": [0.5746787946728016, 0.5745669771387804, 0.6038071186159385, 0.5410827780902048, 0.6038711805029394, 0.6046252540655629, 0.5504580924079076, 0.5421411181458493, 0.5787662795843208, 0.5546670569179086, 0.4595848804408225, 0.4595310506933101, 0.459443234925029, 0.6156670823294158, 0.4687637179185947, 0.5534341113334814, 0.5770509204143721, 0.6156716582046495, 0.45952540784635315, 0.555100255015328, 0.5519406864084416, 0.5675531174243998, 0.562633648618258, 0.5551314025800935, 0.5591591240645845, 0.6045994198832428, 0.5764221509387761, 0.5555759954356241, 0.4542764399006747, 0.5661599873308507, 0.5601371507196362, 0.45959369836554287, 0.4595292360212853, 0.5468986211577362, 0.5611455075137392, 0.5930994143069022, 0.5627684095975652, 0.5548488820069936, 0.5495664837623935, 0.5523299427941181, 0.5539205103430529, 0.5631084945431394, 0.6088466126800887, 0.5485554048314081, 0.5933760570487256, 0.5601600115187354, 0.42477418555489516, 0.43531075724648355, 0.5943037084847207, 0.5667680908027088, 0.5582887906021605, 0.5517996793937682, 0.6024261988000303, 0.5757504551656301, 0.566947710505507, 0.5501076539199499, 0.5873693456768283, 0.5498873240281598, 0.5605523615598037, 0.5840665469849101, 0.5607871848183525, 0.576129812021712, 0.5659917685407887, 0.5603170362566595]}}