{"metrics": {"test": {"fp": [1], "f1_score": [0.5714285714285714], "risk": [0.23076923076923078], "recall": [0.4444444444444444], "sensitivity": [0.4444444444444444], "precision": [0.8], "tp": [4], "tn": [16], "specificity": [0.9411764705882353], "fn": [5]}, "train": {"fp": [0], "f1_score": [0.88], "risk": [0.08333333333333333], "recall": [0.7857142857142857], "sensitivity": [0.7857142857142857], "precision": [1.0], "tp": [33], "tn": [66], "specificity": [1.0], "fn": [9]}}, "model": {"n_features": 10341091}, "data": {"path": "/scratch/adrouin/patric_data/single_species_datasets/vancomycin___-8850046431738590682/dataset.kover", "split": "train_0.800_seed_3_10_folds", "uuid": "99660f46-095d-11e8-b2a7-001b2193b764"}, "predictions": {"binary": [0, 0, 1, 0, 0, 0, 0, 0, 0, 0, 0, 0, 0, 0, 0, 0, 0, 0, 0, 0, 0, 0, 0, 0, 0, 0, 0, 0, 0, 0, 0, 0, 0, 0, 0, 0, 0, 0, 0, 0, 0, 0, 0, 0, 0, 0, 0, 0, 0, 0, 0, 0, 0, 0, 0, 0, 0, 0, 0, 0, 0, 0, 0, 0, 0, 0, 0, 0, 0, 0, 0, 0, 0, 0, 0, 0, 0, 0, 0, 0, 0, 0, 0, 0, 0, 1, 1, 1, 1, 0, 1, 1, 1, 0, 1, 1, 0, 1, 0, 1, 1, 1, 1, 1, 1, 1, 0, 1, 0, 0, 1, 1, 1, 0, 1, 1, 1, 1, 1, 0, 0, 1, 1, 1, 0, 1, 1, 1, 1, 1, 0, 1, 1, 1], "proba": [0.5303651262612302, 0.5616150624497223, 0.4992273084455184, 0.5465986137769289, 0.5432101929604422, 0.5485765839146368, 0.5283582015481614, 0.5447057588327673, 0.557966489090145, 0.5556356083767723, 0.5269369960810864, 0.5630734855401343, 0.5145731100129646, 0.5478433686330232, 0.5636234500169796, 0.5554860747536265, 0.5454437144350744, 0.5649029002889234, 0.5310095189310219, 0.5559161015329133, 0.5678454350712289, 0.5454103472726797, 0.5433544562559645, 0.5461636985956078, 0.545491492560093, 0.5242577235555999, 0.5373357123311228, 0.5770752260504555, 0.5454211156413566, 0.5260804007341632, 0.5353206173074597, 0.5283538657004313, 0.515884009272927, 0.5345660415045672, 0.5575383371503095, 0.5430598372923654, 0.5288081575202871, 0.5167060233583793, 0.5337616226170518, 0.5594061693074848, 0.562724513981763, 0.5447151209987025, 0.5511353845176364, 0.5152756907135014, 0.5589628832716654, 0.5529258802573839, 0.5630208649173796, 0.5231342491398033, 0.5638947658463749, 0.5638832398371985, 0.5662092227437986, 0.5642055683981385, 0.563204533990793, 0.5634286662933106, 0.5819019576694076, 0.563224442008016, 0.582489609596684, 0.5237507695091268, 0.5440319636293334, 0.524894556266769, 0.512881821479144, 0.5539861104593792, 0.5657659542405581, 0.5424618695032947]}}