{"metrics": {"test": {"fp": [5], "f1_score": [0.8514851485148515], "risk": [0.20833333333333334], "recall": [0.8113207547169812], "sensitivity": [0.8113207547169812], "precision": [0.8958333333333334], "tp": [43], "tn": [14], "specificity": [0.7368421052631579], "fn": [10]}, "train": {"fp": [7], "f1_score": [0.8924485125858124], "risk": [0.16262975778546712], "recall": [0.8297872340425532], "sensitivity": [0.8297872340425532], "precision": [0.9653465346534653], "tp": [195], "tn": [47], "specificity": [0.8703703703703703], "fn": [40]}}, "model": {"n_features": 31773653}, "data": {"path": "/scratch/adrouin/patric_data/single_species_datasets/ertapenem___2202579077548954665/dataset.kover", "split": "train_0.800_seed_8_10_folds", "uuid": "392f4212-068a-11e8-a7b5-001b2193b764"}, "predictions": {"binary": [0, 0, 0, 0, 0, 0, 0, 0, 0, 0, 1, 1, 1, 0, 1, 0, 0, 0, 1, 0, 0, 0, 0, 0, 0, 0, 0, 0, 1, 0, 0, 1, 1, 0, 0, 0, 0, 0, 0, 0, 0, 0, 0, 0, 0, 0, 1, 1, 0, 0, 0, 0, 0, 0, 0, 0, 0, 0, 0, 0, 0, 0, 0, 0, 0, 0, 1, 0, 0, 1, 0, 0, 0, 1, 0, 1, 1, 1, 1, 1, 1, 1, 1, 1, 1, 1, 1, 1, 1, 0, 1, 0, 0, 1, 1, 1, 1, 1, 0, 1, 1, 0, 1, 1, 1, 1, 1, 1, 1, 1, 1, 1, 1, 1, 1, 1, 1, 1, 0, 1, 1, 1, 1, 1, 1, 1, 1, 1, 1, 1, 1, 1, 1, 1, 1, 1, 1, 1, 1, 1, 1, 1, 0, 1, 0, 1, 1, 0, 1, 1, 1, 1, 1, 1, 1, 1, 1, 1, 1, 1, 1, 0, 1, 1, 1, 1, 1, 0, 1, 0, 1, 1, 1, 1, 1, 1, 1, 1, 1, 1, 1, 1, 1, 0, 1, 1, 1, 0, 1, 0, 0, 0, 1, 0, 0, 0, 1, 1, 0, 1, 1, 1, 1, 1, 1, 0, 0, 1, 0, 1, 1, 0, 0, 0, 0, 1, 1, 1, 1, 1, 1, 1, 0, 1, 1, 1, 1, 1, 1, 1, 1, 1, 1, 1, 1, 1, 1, 1, 1, 1, 1, 1, 1, 1, 1, 1, 1, 1, 0, 1, 1, 1, 1, 1, 1, 1, 1, 1, 1, 0, 1, 1, 1, 0, 0, 1, 1, 1, 1, 1, 1, 1, 1, 1, 1, 1, 1, 0, 1, 1, 0, 1, 1, 1, 1, 1, 1, 1, 1, 1, 0, 1, 1, 1, 1, 1, 1, 1, 1, 1, 1, 1, 1, 1, 1, 0, 1, 1, 1, 1, 1, 0, 1, 1, 1, 0, 1, 1, 1, 1, 1, 0, 1, 1, 1, 1, 1, 1, 1, 1, 1, 1, 1, 1, 0, 0, 0, 0, 0, 0, 0, 1, 1, 1, 1, 1, 1, 1, 1, 1, 0, 1, 1, 1, 1, 1, 1, 1, 1, 1, 0], "proba": [0.5645100583478404, 0.5888289736932961, 0.60180435207591, 0.5518954280133406, 0.6018834695560182, 0.6055092808363358, 0.5394495451403433, 0.5386386518744336, 0.5861368828817209, 0.5492740076790634, 0.4279320111248479, 0.42789045633589295, 0.4277953260757899, 0.6129629996180332, 0.440432615166964, 0.5632351500042095, 0.5634425959177999, 0.6129705657884577, 0.427878702363584, 0.5403413604919605, 0.5397850116085502, 0.5512153183278076, 0.5618847613155825, 0.5523856737269239, 0.5581030960357981, 0.6054871281069607, 0.5867070440102953, 0.5600012669548861, 0.4233011354575512, 0.5589662025383124, 0.5659850282079131, 0.4279496812974621, 0.427894919854474, 0.5444918051277553, 0.5584728147349524, 0.5889231995926226, 0.5617747918860806, 0.5625450138819882, 0.5375166556190943, 0.5480487373533222, 0.5532284862856022, 0.5618746440318366, 0.605731947314252, 0.5563613100835691, 0.5890586127235241, 0.5660047670497005, 0.3891962967597047, 0.40236958900548125, 0.5895711283142001, 0.5763968573366958, 0.5646061637511415, 0.5380712317068708, 0.602733361364387, 0.5859343175505457, 0.5766213499063162, 0.5540622840423016, 0.5845640621204875, 0.5551844722243652, 0.5587858751630318, 0.5802993454642076, 0.5608014850180957, 0.5626719298824964, 0.5640114228718945, 0.5660488527519772]}}