{"metrics": {"test": {"fp": [2], "f1_score": [0.7368421052631577], "risk": [0.03597122302158273], "recall": [0.7], "sensitivity": [0.7], "precision": [0.7777777777777778], "tp": [7], "tn": [127], "specificity": [0.9844961240310077], "fn": [3]}, "train": {"fp": [0], "f1_score": [1.0], "risk": [0.0], "recall": [1.0], "sensitivity": [1.0], "precision": [1.0], "tp": [47], "tn": [513], "specificity": [1.0], "fn": [0]}}, "model": {"n_features": 968016}, "data": {"path": "/scratch/adrouin/data/patric/single_species_datasets/moxifloxacin___260162261243005161/dataset.kover", "split": "train_0.800_seed_7_10_folds", "uuid": "f1efab30-0765-11e8-ac0b-001b2193b764"}, "predictions": {"binary": [0, 0, 0, 0, 0, 0, 0, 0, 0, 0, 0, 0, 0, 0, 0, 0, 0, 0, 0, 0, 0, 0, 0, 0, 0, 0, 0, 0, 0, 0, 0, 0, 0, 0, 0, 0, 0, 0, 0, 0, 0, 0, 0, 0, 0, 0, 0, 0, 0, 0, 0, 0, 0, 0, 0, 0, 0, 0, 0, 0, 0, 0, 0, 0, 0, 0, 0, 0, 0, 0, 0, 0, 0, 0, 0, 0, 0, 0, 0, 0, 0, 0, 0, 0, 0, 0, 0, 0, 0, 0, 0, 0, 0, 0, 0, 0, 0, 0, 0, 0, 0, 0, 0, 0, 0, 0, 0, 0, 0, 0, 0, 0, 0, 0, 0, 0, 0, 0, 0, 0, 0, 0, 0, 0, 0, 0, 0, 0, 0, 0, 0, 0, 0, 0, 0, 0, 0, 0, 0, 0, 0, 0, 0, 0, 0, 0, 0, 0, 0, 0, 0, 0, 0, 0, 0, 0, 0, 0, 0, 0, 0, 0, 0, 0, 0, 0, 0, 0, 0, 0, 0, 0, 0, 0, 0, 0, 0, 0, 0, 0, 0, 0, 0, 0, 0, 0, 0, 0, 0, 0, 0, 0, 0, 0, 0, 0, 0, 0, 0, 0, 0, 0, 0, 0, 0, 0, 0, 0, 0, 0, 0, 0, 0, 0, 0, 0, 0, 0, 0, 0, 0, 0, 0, 0, 0, 0, 0, 0, 0, 0, 0, 0, 0, 0, 0, 0, 0, 0, 0, 0, 0, 0, 0, 0, 0, 0, 0, 0, 0, 0, 0, 0, 0, 0, 0, 0, 0, 0, 0, 0, 0, 0, 0, 0, 0, 0, 0, 0, 0, 0, 0, 0, 0, 0, 0, 0, 0, 0, 0, 0, 0, 0, 0, 0, 0, 0, 0, 0, 1, 0, 0, 0, 0, 0, 0, 0, 0, 0, 0, 0, 0, 0, 0, 0, 0, 0, 0, 0, 0, 0, 0, 0, 0, 0, 0, 0, 0, 0, 0, 0, 0, 0, 0, 0, 0, 0, 0, 0, 0, 0, 0, 0, 0, 0, 0, 0, 0, 0, 0, 0, 0, 0, 0, 0, 0, 0, 0, 0, 0, 1, 0, 0, 0, 0, 0, 0, 0, 0, 0, 0, 0, 0, 0, 0, 0, 0, 0, 0, 0, 0, 0, 0, 0, 0, 0, 0, 0, 0, 0, 0, 0, 0, 0, 0, 0, 0, 0, 0, 0, 0, 0, 0, 0, 0, 0, 0, 0, 0, 0, 0, 0, 0, 0, 0, 0, 0, 0, 0, 0, 0, 0, 0, 0, 0, 0, 0, 0, 0, 0, 0, 0, 0, 0, 0, 0, 0, 0, 0, 0, 0, 0, 0, 0, 0, 0, 0, 0, 0, 0, 0, 0, 0, 0, 0, 0, 0, 0, 0, 0, 0, 0, 0, 0, 0, 0, 0, 0, 0, 0, 0, 0, 0, 0, 0, 0, 0, 0, 0, 0, 0, 0, 0, 0, 0, 0, 0, 0, 0, 0, 0, 0, 0, 0, 0, 0, 0, 0, 0, 0, 0, 0, 0, 0, 0, 0, 0, 0, 0, 0, 0, 0, 0, 0, 0, 0, 0, 0, 0, 0, 0, 0, 0, 0, 0, 0, 0, 0, 0, 0, 0, 0, 0, 0, 0, 0, 0, 0, 0, 0, 0, 0, 0, 0, 0, 0, 0, 0, 0, 0, 0, 0, 0, 0, 0, 0, 0, 0, 0, 0, 0, 0, 0, 0, 0, 0, 0, 0, 0, 0, 0, 0, 0, 0, 0, 0, 0, 0, 0, 0, 0, 0, 0, 0, 0, 0, 0, 0, 0, 0, 0, 0, 0, 0, 0, 0, 0, 0, 0, 0, 0, 0, 0, 0, 0, 0, 0, 0, 0, 0, 0, 0, 0, 0, 0, 0, 0, 0, 0, 0, 0, 0, 0, 0, 0, 0, 0, 0, 0, 0, 0, 0, 0, 0, 0, 0, 0, 0, 0, 0, 0, 0, 0, 0, 0, 0, 0, 0, 0, 0, 0, 0, 0, 1, 0, 1, 1, 1, 1, 1, 1, 1, 1, 1, 1, 1, 1, 1, 1, 1, 1, 1, 1, 1, 1, 1, 1, 1, 1, 1, 1, 1, 0, 1, 1, 1, 1, 1, 1, 1, 1, 1, 1, 1, 1, 1, 1, 1, 1, 1, 1, 1, 1, 0, 1, 1, 1, 1, 1, 1, 0, 0, 0, 0, 0], "proba": [1.0162294980910486e-12, 7.512046042708166e-14, 2.8963566788169257e-08, 7.421840674930363e-11, 4.5744013867271884e-11, 1.3154032245502383e-08, 2.2852617386139554e-05, 1.395013215312641e-06, 3.622981631492908e-08, 1.4232106328618232e-07, 1.7014852088826614e-07, 1.03210254290748e-11, 0.31893830825375585, 2.2937434401377832e-05, 5.408779417673678e-17, 1.4783559189998728e-12, 5.568377464426198e-20, 1.4934392243316983e-08, 9.490710636237776e-09, 6.487922565703179e-10, 3.1169154329493918e-15, 0.4998895399419879, 6.662495530725664e-05, 1.1969580781502468e-06, 1.651296552519979e-06, 2.279192660096525e-07, 1.4180789952748937e-06, 3.9457763304558453e-07, 1.248484974455013e-08, 4.4797315509905766e-07, 3.774579272970793e-09, 1.1680534925946237e-05, 4.689302734898564e-12, 6.17369217277466e-11, 3.0672834895751276e-15, 5.516831142241332e-13, 5.524558613341656e-10, 5.54213446021388e-06, 2.1458852418161182e-07, 0.4473199868147614, 2.862618741111588e-07, 4.259235890602936e-08, 7.143795839438225e-07, 1.8370482607861254e-13, 0.012399124904562329, 1.5072586980317242e-13, 1.579954312827139e-17, 7.853636488400888e-15, 1.4861929784268872e-09, 2.696897131125042e-22, 9.57266876774527e-08, 3.5039531306677323e-13, 5.634754583792371e-07, 5.440782460284324e-07, 1.2541404715291092e-08, 3.8318067830489904e-13, 9.56390039171099e-08, 2.971037364617664e-14, 6.891216489662828e-08, 2.2577942634220894e-07, 3.6311208707063845e-07, 1.0829569071136405e-14, 1.087809877038387e-07, 1.1014114322449028e-07, 4.36312473130825e-09, 3.6349619496693753e-10, 2.4417074070839902e-11, 4.222892567813639e-18, 2.7301028015484503e-10, 9.808114028254047e-09, 4.94453014857697e-08, 3.321918114246067e-07, 9.664180279257896e-10, 1.6594633458813358e-09, 8.346730224581684e-16, 5.6507116556706343e-05, 1.1872025978254748e-12, 7.306156094297707e-07, 2.5870524686030953e-07, 9.259580614540422e-14, 7.76810165848834e-16, 3.3957640820480587e-15, 7.838511128475673e-10, 1.4845638395376932e-17, 8.250312807145814e-08, 0.0006873637586159729, 2.5052523086045687e-06, 2.7279275511047503e-06, 2.2756124680996222e-09, 9.928843356572575e-06, 4.4799759522090323e-07, 5.378353439365943e-08, 2.5361139591063e-10, 1.4562960150841718e-06, 1.5968594105463581e-06, 2.6295449213924814e-07, 1.1701308894306174e-05, 1.7651815668985216e-06, 1.7746146492464877e-07, 1.9461027849227124e-09, 8.141874881709738e-16, 8.354159470378599e-14, 3.7774927920948795e-12, 1.076476778838987e-14, 1.0014318546455646e-24, 7.974463912737578e-20, 3.57079162194516e-13, 6.468589468777743e-07, 4.3770435484032055e-10, 1.3364503493784418e-18, 1.3982540880327115e-15, 4.730998966714222e-10, 4.832350072069351e-12, 3.431059392664551e-12, 4.558841565835176e-10, 5.118851416179484e-08, 3.7868053354857805e-14, 1.6989334195988003e-17, 3.782161582386746e-08, 3.546994746237496e-07, 5.202906055571375e-07, 2.3745303359836676e-15, 1.623121285018256e-11, 8.889168774922311e-13, 1.7235582946925695e-20, 1.785366764964321e-10, 2.6596227938531024e-16, 4.128579595350484e-07, 2.867951481174737e-17, 8.00424116794836e-14, 4.071095605596696e-08, 5.460834506089238e-15, 1.7190932716292362e-20, 4.0232331399001304e-08, 7.777799091381572e-08, 8.587488947969126e-10, 4.916589116332126e-10, 1.2110781951064245e-16, 5.837562438982448e-07, 3.732670864899107e-08, 2.5354812919843977e-06, 8.101997147278452e-06, 4.1092331078462987e-16, 9.816943220973686e-17, 3.423213595534946e-15, 2.4057129284072706e-13, 2.3275480881823792e-09, 1.2886986103037422e-07, 5.768699371885244e-16, 2.7257301273589183e-07, 6.846627009762696e-07, 4.80121928625501e-06, 0.011681760661509095, 2.2044482893518152e-05, 2.083553962866375e-06, 1.996675837041714e-05, 6.231452306701025e-06, 6.877868511795177e-07, 5.255578716690924e-14, 4.0585528859105245e-10, 1.0633654124010071e-13, 5.194522648586109e-22, 4.1721619676473257e-07, 1.6839312701639106e-14, 8.610315061958594e-11, 6.067828467069987e-08, 1.8105746349878538e-11, 1.668283050266923e-08, 2.1296498324510882e-11, 7.60368106649487e-10, 8.192507014845026e-11, 2.449855545909319e-14, 3.5816781833134475e-08, 3.3027030438320127e-09, 5.394288783834408e-15, 1.0253546198612103e-10, 2.295049157131258e-13, 4.7783713592707544e-08, 1.3522467686112864e-17, 6.087924716796528e-15, 8.882156831681321e-07, 7.650352683188594e-13, 1.650385322221349e-11, 3.130467057717858e-13, 6.70962789288526e-08, 7.819208398645416e-13, 4.2072095160665086e-10, 6.108276964870276e-09, 2.0713571184916653e-20, 3.2218413700476134e-12, 1.0565307118303125e-07, 7.036121117509051e-13, 1.6081541056358078e-13, 9.104240856056333e-08, 1.7406900024403077e-19, 2.733240725951857e-16, 3.0905062083896273e-15, 8.582326942555228e-09, 1.939852656778603e-13, 6.570997809811988e-12, 1.144553683052307e-10, 1.1216493810193503e-12, 4.533308968801832e-20, 6.72955244791656e-05, 2.761483160009496e-09, 9.148516780195083e-10, 1.5304847523065752e-11, 5.208121769597506e-15, 6.361694759548157e-13, 8.95731047605961e-17, 1.2268929427097525e-10, 8.036516601137921e-13, 2.874984146977014e-10, 9.403105310396525e-18, 4.844083265702336e-08, 5.67221713403866e-12, 2.4480288270427134e-15, 1.288910829118063e-10, 1.0819630792305753e-08, 2.821527121373362e-22, 2.8563192251913492e-15, 5.2030025989697226e-08, 