{"metrics": {"test": {"fp": [3], "f1_score": [0.9557522123893805], "risk": [0.07246376811594203], "recall": [0.9642857142857143], "sensitivity": [0.9642857142857143], "precision": [0.9473684210526315], "tp": [54], "tn": [10], "specificity": [0.7692307692307693], "fn": [2]}, "train": {"fp": [7], "f1_score": [0.9845474613686533], "risk": [0.025179856115107913], "recall": [1.0], "sensitivity": [1.0], "precision": [0.9695652173913043], "tp": [223], "tn": [48], "specificity": [0.8727272727272727], "fn": [0]}}, "model": {"n_features": 6864155}, "data": {"path": "/scratch/adrouin/data/patric/single_species_datasets/ampicillin___-736338835843459561/dataset.kover", "split": "train_0.800_seed_5_10_folds", "uuid": "df5b8ec2-07cd-11e8-a4fc-001b2193b764"}, "predictions": {"binary": [1, 0, 0, 0, 0, 0, 0, 0, 1, 1, 0, 0, 0, 0, 0, 0, 0, 0, 0, 0, 0, 0, 0, 0, 0, 0, 1, 0, 0, 0, 1, 0, 0, 1, 0, 0, 0, 0, 1, 0, 0, 0, 0, 0, 0, 0, 0, 0, 0, 0, 0, 1, 0, 0, 0, 0, 0, 0, 1, 0, 0, 0, 0, 1, 0, 0, 0, 0, 1, 1, 1, 1, 1, 1, 1, 1, 1, 1, 1, 1, 1, 1, 1, 1, 1, 1, 1, 1, 1, 1, 1, 1, 1, 1, 1, 1, 1, 1, 1, 1, 1, 1, 1, 1, 1, 1, 1, 1, 1, 1, 1, 1, 1, 1, 1, 1, 1, 1, 1, 1, 1, 1, 1, 1, 1, 1, 1, 1, 1, 1, 1, 1, 1, 1, 1, 1, 1, 1, 1, 1, 1, 1, 1, 1, 1, 1, 1, 1, 1, 1, 1, 1, 1, 1, 1, 1, 1, 1, 1, 1, 1, 1, 1, 1, 1, 1, 1, 1, 1, 1, 1, 1, 1, 1, 1, 0, 1, 1, 1, 1, 1, 1, 1, 1, 1, 1, 1, 1, 1, 1, 1, 1, 1, 1, 1, 1, 1, 1, 1, 1, 1, 1, 1, 1, 1, 1, 1, 1, 1, 1, 1, 1, 1, 1, 1, 1, 1, 1, 1, 1, 1, 1, 1, 1, 1, 1, 1, 1, 1, 1, 1, 0, 1, 1, 1, 1, 1, 1, 1, 1, 1, 1, 1, 1, 1, 1, 1, 1, 1, 1, 1, 1, 1, 1, 1, 1, 1, 1, 1, 1, 1, 1, 1, 1, 1, 1, 1, 1, 1, 1, 1, 1, 1, 1, 1, 1, 1, 1, 1, 1, 1, 1, 1, 1, 1, 1, 1, 1, 1, 1, 1, 1, 1, 1, 1, 1, 1, 1, 1, 1, 1, 1, 1, 1, 1, 1, 1, 1, 1, 1, 1, 1, 1, 1, 1, 1, 1, 1, 1, 1, 1, 1, 1, 1, 1, 1, 1, 1, 1, 1, 1, 1, 1, 1, 1, 1, 1, 1, 1, 1, 1, 1, 1, 1, 1, 1, 1], "proba": [0.6441799863825209, 0.04416300295217151, 0.05602201234771797, 0.07237587891084149, 0.1821596471611491, 0.34621120679604933, 0.12836679858673528, 0.5504784452075506, 0.6443255928800072, 0.9767864053173476, 0.15872431681723415, 0.27753263408821627, 0.1150963727147623, 0.40005041229965177, 0.13390859317294262, 0.11507533016637678, 0.2667137052378074, 0.1150552782333439, 0.05613109669755183, 0.11498273261845621, 0.13213979816967425, 0.3846706838679766, 0.11352249699308273, 0.06903688651539916, 0.14951001901937708, 0.11498632429777023, 0.9175089260089403, 0.1422365980926832, 0.07828304577867726, 0.10082499686413955, 0.5753814963993692, 0.14129951292109597, 0.16585160850216837, 0.850069358702524, 0.11507781618950524, 0.11508486299615267, 0.1410728343997996, 0.43699458316425016, 0.711096221945791, 0.11507001288979107, 0.07320503704192821, 0.4763082166789221, 0.12299599097351822, 0.047976664751979, 0.04736459996282409, 0.03534177474629198, 0.11508382433647686, 0.04435099160470035, 0.11507845544269733, 0.11504576583908058, 0.11509746855336363, 0.7000814941391432, 0.11508836551915284, 0.043346274147925724, 0.06994050600689619, 0.18216018502264755, 0.11503190433500692, 0.16373169467746962, 0.6347410020170622, 0.11508121255434581, 0.1292936778180308, 0.11510498321911211, 0.03782960738704685, 0.5781217703011086, 0.1150902440470107, 0.007414615468812609, 0.10902212174863879, 0.053755773821932445, 0.9903922079204827, 0.9677230816614216, 0.9752815585211247, 0.9675820028809674, 0.9203410101872794, 0.971481151632213, 0.9999963331348122, 0.977811242617406, 0.9635105311240904, 0.9416115248877911, 0.9742977211911988, 0.9786131479252683, 0.9895465162330122, 0.9202708285528974, 0.9853481525482304, 0.9503185404969392, 0.98888429168852, 0.9793690951307695, 0.9878725701862058, 0.9230726848411501, 0.9203649424362329, 0.984303620763497, 0.9780178423905441, 0.976374153652982, 0.9885458866139937, 0.9811138105388956, 0.9999832068653753, 0.9203024782048029, 0.8744278306550664, 0.9849530318616618, 0.9889686671753931, 0.9872010374919271, 0.981999361783608, 0.920373092411204, 0.963733502584986, 0.9238888231067865, 0.9420145436900831, 0.9523076408011784, 0.9526169209173712, 0.9371831377421409, 0.9535564073221493, 0.9475177194445457, 0.9835782293729798, 0.988029312790384, 0.8557719622676856, 0.9814906944746565, 0.9793387371388929, 0.9649088556212086, 0.9856105246889526, 0.9701851755992291, 0.9888027602658228, 0.9854747762911696, 0.9685968617863364, 0.9781794942215651, 0.9625921148884129, 0.9415590062555412, 0.979463736991656, 0.973582646640243, 0.9830029516620841, 0.9761021872262672, 0.9203253607952353, 0.9203102611302498, 0.9309349266456115, 0.9203703228110857, 0.9203733296081081, 0.9203505228354968, 0.9509668202133508, 0.9227976300300116, 0.9689471241304827, 0.6602305778777879, 0.988679936189346, 0.9924640740941072, 0.9380214062781831, 0.9203735192373896, 0.9841710251767455, 0.9843322574799325, 0.9901365891257026, 0.989218830047237, 0.9849390634215641, 0.9798443404415614, 0.9828654655720611, 0.9866588251034386, 0.9866111921510129, 0.9855701412415093, 0.980043048047744, 0.984536225931615, 0.9837059644204201, 0.9407632958780906, 0.9873493839125149, 0.7338739803494665, 0.9839742993324206, 0.9850358774182825, 0.9870997325255687, 0.9921828266801491, 0.9883241414556568, 0.9893919331875645, 0.8860790295661003, 0.9856452609778062, 0.920368939944946, 0.9866030614794835, 0.9787029353663146, 0.9862860242218229, 0.9203523820598134, 0.9791722499613673, 0.946144194800999, 0.9454357998649872, 0.9800158220087841, 0.5214009092790248, 0.9203492778087745, 0.9372803185630985, 0.6149290776047169, 0.8906967632409069, 0.9203700605290551, 0.9521458188278942, 0.9203547230852357, 0.9124945535307047, 0.9203585751946448, 0.9301538860524525, 0.9203572169592812, 0.7146637465771584, 0.920363308187121, 0.9021883061281692, 0.8769390722987723, 0.9203540625871368, 0.9278795588190685, 0.9708492738516881, 0.9203615167923477, 0.9854466402368202, 0.9945407063973251, 0.9203713474760103, 0.9209938740726871, 0.927945454154242, 0.9370433488633667, 0.9002620442561137, 0.9460158701690933, 0.9089259605683269, 0.8855822908861205, 0.9501677237944256, 0.9878828611146502, 0.9203499845097524, 0.5726331717704436, 0.9203568187571426, 0.9849066102452212, 0.9571403618888173, 0.9334743834841567, 0.99047786313662, 0.9203634712776733, 0.9697039894515151, 0.9873994741649017, 0.9883990512434516, 0.8806016447705255, 0.9829387369801877, 0.9853402474273547, 0.9690460394256184, 0.9370156617645784, 0.9690966868814065, 0.9889184948082804, 0.9203738963038454, 0.9203703978704508, 0.9218803536992459, 0.9300653015571655, 0.9211602758867762, 0.9209193807820403, 0.25024298809333434, 0.9662321388100114, 0.9413363032991382, 0.9903989639978265, 0.9606848638525273, 0.9892171111626845, 0.983186089397938, 0.9908373228005074, 0.9878619542810114, 0.9885431861493341, 0.9203489827948527, 0.9203678122555583, 0.8809138734907749, 0.9879869759867936, 0.9585301133315551, 0.9939241441362981, 0.9601718162450465, 0.9824314460993032, 0.9640705094640059, 0.9814613511060829, 0.9868849546448795, 0.9760184235769092, 0.9910549818546617, 0.98802548113187, 0.9750114250971796, 0.964319180145761, 0.9203145297989864, 0.9204007788788647, 0.8955466010807117, 0.8902200469550979, 0.9885183220345322, 0.8818025724758206, 0.9203623974530797, 0.9595965062639441, 0.9726818625530469, 0.9203651969480969, 0.9798409612480687, 0.9851628354511972, 0.9860728418449684, 0.9203581167898366, 0.9334845185382712, 0.9229164775249363, 0.9203328329378504, 0.9570950874294781, 0.9203417654865153, 0.9203598178989918, 0.9203655758942259, 0.9864515869755666, 0.9870313741300759, 0.9828851637877543, 0.9504925153412411, 0.9833963978878846, 0.9203710296756759, 0.9874949990751445, 0.9879884606509518, 0.9844049280380999, 0.8754207897852601, 0.9386490293356622, 0.9233645250016245, 0.9276155422498561, 0.9221562371209511, 0.9601018540953767, 0.987234502009456, 0.9277243639621481, 0.9337939460479372, 0.9622650575604286, 0.928238515469255, 0.9241378527580202, 0.9560292500508486, 0.939743732206584, 0.985511713027789, 0.920339481041372, 0.9202729041910159, 0.9883475960871452, 0.9945498186716619, 0.9203622913747689, 