{"metrics": {"test": {"fp": [4], "f1_score": [0.8799999999999999], "risk": [0.07317073170731707], "recall": [0.9166666666666666], "sensitivity": [0.9166666666666666], "precision": [0.8461538461538461], "tp": [22], "tn": [54], "specificity": [0.9310344827586207], "fn": [2]}, "train": {"fp": [13], "f1_score": [0.9206349206349207], "risk": [0.060790273556231005], "recall": [0.943089430894309], "sensitivity": [0.943089430894309], "precision": [0.8992248062015504], "tp": [116], "tn": [193], "specificity": [0.9368932038834952], "fn": [7]}}, "model": {"n_features": 216}, "data": {"path": "/scratch/adrouin/data/patric/single_species_datasets/trimethoprim___7053822222416630118/dataset.kover", "split": "train_0.800_seed_5_10_folds", "uuid": "deaf402a-05d1-11e8-8bfc-001b2193b764"}, "predictions": {"binary": [0, 0, 0, 1, 0, 0, 0, 0, 0, 0, 0, 0, 0, 1, 0, 0, 0, 0, 0, 0, 1, 0, 0, 0, 0, 0, 0, 0, 0, 0, 0, 0, 0, 0, 0, 0, 0, 0, 0, 0, 0, 0, 0, 0, 0, 0, 0, 0, 0, 0, 0, 0, 0, 0, 0, 0, 0, 1, 0, 0, 0, 0, 0, 0, 0, 0, 0, 0, 0, 0, 0, 0, 0, 0, 0, 0, 0, 1, 0, 0, 1, 0, 0, 0, 0, 0, 0, 0, 0, 0, 0, 0, 0, 0, 0, 0, 0, 0, 0, 0, 0, 0, 0, 0, 0, 0, 0, 0, 0, 0, 0, 0, 0, 0, 0, 0, 0, 0, 0, 0, 0, 0, 0, 0, 0, 0, 0, 0, 0, 0, 0, 0, 0, 0, 0, 0, 0, 0, 1, 0, 0, 0, 0, 0, 0, 0, 0, 0, 1, 0, 0, 0, 1, 0, 0, 0, 0, 0, 0, 0, 0, 0, 0, 0, 0, 0, 0, 0, 0, 0, 0, 0, 0, 0, 0, 0, 0, 0, 1, 1, 0, 0, 0, 0, 1, 0, 0, 1, 0, 0, 1, 0, 0, 0, 0, 1, 0, 0, 0, 0, 0, 0, 0, 0, 0, 0, 0, 0, 0, 0, 0, 0, 0, 0, 0, 0, 0, 0, 0, 0, 0, 1, 0, 0, 0, 0, 0, 0, 0, 0, 0, 0, 0, 0, 0, 0, 0, 0, 0, 1, 0, 0, 0, 0, 0, 0, 0, 0, 0, 0, 0, 0, 0, 0, 0, 0, 0, 0, 0, 0, 0, 0, 0, 0, 1, 1, 1, 1, 1, 1, 1, 0, 1, 1, 1, 0, 0, 1, 1, 1, 1, 1, 1, 1, 1, 1, 1, 1, 1, 1, 1, 1, 1, 1, 1, 1, 1, 1, 1, 1, 1, 1, 1, 1, 1, 1, 1, 1, 1, 1, 1, 1, 1, 1, 1, 1, 1, 1, 1, 1, 1, 1, 1, 1, 1, 1, 1, 1, 1, 1, 1, 1, 1, 1, 1, 1, 1, 1, 1, 1, 1, 1, 1, 1, 1, 1, 1, 1, 0, 1, 1, 1, 1, 0, 1, 1, 1, 1, 1, 1, 1, 1, 1, 1, 1, 1, 0, 1, 1, 0, 1, 1, 1, 1, 1, 1, 1, 1, 0, 1, 1, 1, 0, 1, 1, 1, 1, 1, 1, 1, 1, 1, 1, 1, 1, 1, 1, 1, 1, 1, 1, 1, 1, 1, 1, 1, 1, 1, 1, 1, 1, 0, 0, 0, 0, 0, 0, 0, 0, 0, 0, 0, 0, 0, 0, 0, 0, 0, 0, 0, 0, 0, 0, 0, 0, 0, 0, 0, 0, 0, 0, 0, 0, 0, 0, 0, 0, 0], "proba": [0.5, 0.09906887916531301, 0.1590952115888133, 0.5193981893012115, 0.0752743281851328, 0.08455752077502299, 0.0897368492969644, 0.09302183769098693, 0.12524218999868425, 0.13220932694464224, 0.08200893673956913, 0.07446719918016947, 0.2070295761532859, 0.9063305040173594, 0.417224214887778, 0.4557146463785895, 0.3296275538422644, 0.1719343924672701, 0.15152914430741038, 0.2790769579856712, 0.5045260966163442, 0.08950407262254939, 0.08002366685212063, 0.08034770559725385, 0.1013346016471803, 0.43140348376725174, 0.13873040462134253, 0.2544196006942672, 0.14092921814058465, 0.17484621367162909, 0.3483464379026054, 0.28693342451075493, 0.25123679287329176, 0.32751140789316463, 0.1031661747799633, 0.1031661747799633, 0.07446719918016947, 0.07985189434993277, 0.16924979617987246, 0.315381121512958, 0.07185549534410873, 0.0791582687340661, 0.07185549534410873, 0.12524218999868425, 0.12524218999868425, 0.12524218999868425, 0.0897368492969644, 0.12524218999868425, 0.12524218999868425, 0.12322655828389262, 0.1258560548918462, 0.07446719918016947, 0.20353393859483562, 0.07529465349339551, 0.17990266986793177, 0.24316445951268428, 0.1893499021834888, 0.6159077688499658, 0.45337770205048944, 0.14012699616010613, 0.1899749777870246, 0.26139433174192267, 0.32751140789316463, 0.1590952115888133, 0.2110892125873345, 0.07355243395233403, 0.11592525012030504, 0.08609880556891383, 0.07272294523774572, 0.08042542358893147, 0.12820042941123888, 0.07148348032256881, 0.12820042941123888, 0.07229993382091113, 0.0859689955896041, 0.4628583355861018, 0.11733127305868703, 0.6123173344353512, 0.09459328461560704, 0.25911254894863256, 0.6928523917201399, 0.1966927264971899, 0.13620113529593877, 0.26260333031757327, 0.15303768144579474, 0.0815658197339344, 0.30905413952297917, 0.21285973775318182, 0.07886125560343636, 0.12495582518768776, 0.19390722592459103, 0.0815658197339344, 0.15705161245806698, 0.09437418882841046, 0.4899340718327745, 0.22387707702327825, 0.09906887916531301, 0.11787933547776985, 0.13873040462134253, 0.0755141541863607, 0.11592525012030504, 0.11715506037310897, 0.36215331469945783, 0.2560802534246959, 0.12446482933856569, 0.214190929179386, 0.234123840425844, 0.13817621295690982, 0.07148348032256881, 0.0859689955896041, 0.07148348032256881, 0.07148348032256881, 0.09615468535927639, 0.09097502306567891, 0.1031661747799633, 0.07148348032256881, 0.07320035259993359, 0.15761126262985922, 0.07229993382091113, 0.08455752077502299, 0.07531496719184516, 0.0859689955896041, 0.09097502306567891, 0.07148348032256881, 0.07148348032256881, 0.1252609273492098, 0.07185549534410873, 0.09906887916531301, 0.13873040462134253, 0.07185549534410873, 0.09097502306567891, 0.17846720001256708, 0.2613979618920986, 0.17846720001256708, 0.14078750062091983, 0.23565097638633023, 0.09906887916531301, 0.09906887916531301, 0.7535316255181695, 0.09906887916531301, 0.16027828091791024, 0.07272294523774572, 0.07320035259993359, 0.07185549534410873, 0.17053284770917032, 0.13873040462134253, 0.07185549534410873, 0.08022699361916591, 0.7285390288471895, 0.07185549534410873, 0.19730046113464594, 0.27572278246551823, 0.7418894496583232, 0.07272294523774572, 0.07272294523774572, 0.07272294523774572, 0.07148348032256881, 0.07867032768840942, 0.11376321721240902, 0.07867032768840942, 0.15164139538898797, 0.07148348032256881, 0.19935063545343126, 0.10124240679116317, 0.23565097638633023, 0.07148348032256881, 0.5, 0.07148348032256881, 0.5, 0.107955187148347, 0.08010332064334948, 0.23565097638633023, 0.16701116935405633, 0.12237856860010381, 0.0791582687340661, 0.107955187148347, 0.107955187148347, 0.16277521112337695, 0.9358410537574504, 0.5337293349565659, 0.07148348032256881, 0.23565097638633023, 0.23565097638633023, 0.180266248389342, 0.9366003895123871, 0.1781438169277845, 0.23565097638633023, 0.6932162427293472, 0.23565097638633023, 0.107955187148347, 0.5045260966163442, 0.07148348032256881, 0.16277521112337695, 0.07148348032256881, 0.07148348032256881, 0.9435330956832764, 0.23565097638633023, 0.08803893700767118, 0.0791582687340661, 0.07446719918016947, 0.11664482561312067, 0.18124367179750778, 0.3459918289733427, 0.12813798645825802, 0.26342195714125705, 0.26342195714125705, 0.25911254894863256, 0.0791582687340661, 0.23565097638633023, 0.23565097638633023, 0.5, 0.23565097638633023, 0.16277521112337695, 0.1686795288118692, 0.10137595422473389, 0.16277521112337695, 0.20383614108406728, 0.10975229199116496, 0.5, 0.10975229199116496, 0.07148348032256881, 0.5045260966163442, 0.0791582687340661, 0.107955187148347, 0.1740937547192839, 0.39834321475962325, 0.08034770559725385, 0.16498788714022808, 0.07462832791004771, 0.18041541026811903, 0.10975229199116496, 0.10137595422473389, 0.16356952737235872, 0.12728754111148607, 0.297552601118961, 0.48329498466104426, 0.0805192682027822, 0.07265620744626325, 0.5, 0.5118797548767338, 0.1161384465168809, 0.08135694610147613, 0.11117011608003546, 0.1161384465168809, 0.2070295761532859, 0.25911254894863256, 0.0922430092283394, 0.368293266006269, 0.08022699361916591, 0.3063140802344125, 0.10137595422473389, 0.07748891488183132, 0.10137595422473389, 0.2596355769530337, 0.0788236693559946, 0.17584612049982887, 0.0791582687340661, 0.0791582687340661, 0.12939262561618126, 0.0805192682027822, 0.08022699361916591, 0.07272294523774572, 0.10137595422473389, 0.0995690597722364, 0.9865870608115914, 0.9695005150568765, 0.8810604132048401, 0.9358873955968364, 0.9366003895123871, 0.9366003895123871, 0.8742195506766444, 0.4414233786541309, 0.9366003895123871, 0.9358873955968364, 0.9510306788639047, 0.1031661747799633, 0.27548157686627983, 0.9366003895123871, 0.8380878037510601, 0.9027060963263372, 0.8970184882741159, 0.9700313364904307, 0.7561321228022401, 0.8327484607916608, 0.9562542714240799, 0.9311316417568373, 0.9208639391075806, 0.9450431269940374, 