{"metrics": {"test": {"fp": [2], "f1_score": [0.6153846153846153], "risk": [0.05952380952380952], "recall": [0.5714285714285714], "sensitivity": [0.5714285714285714], "precision": [0.6666666666666666], "tp": [4], "tn": [75], "specificity": [0.974025974025974], "fn": [3]}, "train": {"fp": [1], "f1_score": [0.9885057471264368], "risk": [0.0029585798816568047], "recall": [1.0], "sensitivity": [1.0], "precision": [0.9772727272727273], "tp": [43], "tn": [294], "specificity": [0.9966101694915255], "fn": [0]}}, "model": {"n_features": 31466580}, "data": {"path": "/scratch/adrouin/data/patric/single_species_datasets/tobramycin___7053822222416630118/dataset.kover", "split": "train_0.800_seed_2_10_folds", "uuid": "2ca1e864-05af-11e8-a59f-001b2193b764"}, "predictions": {"binary": [0, 0, 0, 0, 0, 0, 0, 0, 0, 0, 0, 0, 0, 0, 0, 0, 0, 0, 0, 0, 0, 0, 0, 0, 0, 0, 0, 0, 0, 0, 0, 0, 0, 0, 0, 0, 0, 0, 0, 0, 0, 0, 0, 0, 0, 0, 0, 0, 0, 0, 0, 0, 0, 0, 0, 0, 0, 0, 0, 0, 0, 0, 0, 0, 0, 0, 0, 0, 0, 0, 0, 0, 0, 0, 0, 0, 0, 0, 0, 0, 0, 0, 0, 0, 0, 0, 0, 0, 0, 0, 0, 0, 0, 0, 0, 0, 0, 0, 0, 0, 0, 0, 0, 0, 0, 0, 0, 0, 0, 0, 0, 0, 0, 0, 0, 0, 0, 0, 0, 0, 0, 0, 0, 0, 1, 0, 0, 0, 0, 0, 0, 0, 0, 0, 0, 0, 0, 0, 0, 0, 0, 0, 0, 0, 0, 0, 0, 0, 0, 0, 0, 0, 0, 0, 0, 0, 0, 0, 0, 0, 0, 0, 0, 0, 0, 0, 0, 0, 0, 0, 0, 0, 0, 0, 0, 0, 0, 0, 0, 0, 0, 0, 0, 0, 0, 0, 0, 0, 0, 0, 1, 0, 0, 0, 0, 1, 0, 0, 0, 0, 0, 0, 0, 0, 0, 0, 0, 0, 0, 0, 0, 0, 0, 0, 0, 0, 0, 0, 0, 0, 0, 0, 0, 0, 0, 0, 0, 0, 0, 0, 0, 0, 0, 0, 0, 0, 0, 0, 0, 0, 0, 0, 0, 0, 0, 0, 0, 0, 0, 0, 0, 0, 0, 0, 0, 0, 0, 0, 0, 0, 0, 0, 0, 0, 0, 0, 0, 0, 0, 0, 0, 0, 0, 0, 0, 0, 0, 0, 0, 0, 0, 0, 0, 0, 0, 0, 0, 0, 0, 0, 0, 0, 0, 0, 0, 0, 0, 0, 0, 0, 0, 0, 0, 0, 0, 0, 0, 0, 0, 0, 0, 0, 0, 0, 0, 0, 0, 0, 0, 0, 0, 0, 0, 0, 0, 0, 0, 0, 0, 0, 0, 0, 0, 0, 0, 0, 0, 0, 0, 0, 0, 0, 0, 0, 0, 0, 0, 0, 0, 0, 0, 0, 0, 0, 0, 0, 0, 0, 0, 0, 0, 0, 0, 0, 0, 0, 0, 0, 0, 0, 0, 0, 1, 1, 1, 1, 1, 1, 1, 1, 0, 1, 1, 1, 1, 1, 1, 1, 1, 1, 1, 1, 1, 1, 1, 1, 1, 1, 1, 1, 1, 1, 1, 1, 1, 1, 1, 1, 0, 1, 1, 1, 1, 1, 1, 1, 1, 0, 1, 1, 1, 1], "proba": [0.0659594536708584, 0.07046051731018069, 0.014434999000105996, 0.07990594348085721, 0.03533103148486838, 0.010868704562359076, 0.07998504416561836, 0.07989211694830729, 0.04718019179605358, 0.06169737694060587, 0.030112345833524384, 0.03965435763156147, 0.034304622814520944, 0.07999187324876539, 0.05623788457932204, 0.049185801751961425, 0.07994372041572284, 0.02431168077595512, 0.05189766256201131, 0.03579672960913299, 0.06152496598995795, 0.012139490214422928, 0.05390140321373451, 0.04364637052165752, 0.009873165740684713, 0.07994194698473238, 0.08653918623556955, 0.0799801629619288, 0.07503318525649534, 0.049768280149396354, 0.06260221420184484, 0.047869498734469364, 0.05039074907757468, 0.06559641914411006, 0.0431864307804814, 0.05500781657565641, 0.05019347013511895, 0.0410147908795562, 0.1293403287179228, 0.0749409323404017, 0.0405636286925674, 0.031243650882764328, 0.05687093296105477, 0.0764635441082968, 0.012259971599154406, 0.0347297540317089, 0.06382143477982292, 0.008595065454754082, 0.01892470591277978, 0.012648556732011715, 0.09568574880659472, 0.08418872175075522, 0.08985041496512584, 0.02286716216314922, 0.030898236025269178, 0.06177712237893864, 0.25035410192112284, 0.07998056435547812, 0.2845571165546835, 0.07996943065818553, 0.04496137552194687, 0.3110259985626134, 0.07995911437594906, 0.06148359252016773, 0.03785249458545867, 0.05484014077216674, 0.01724153030889991, 0.016627203845110933, 0.019227021982603246, 0.07998692235322567, 0.07996231280691003, 0.04585462975251961, 0.024921573213168572, 0.015113229952452897, 0.03479856972610254, 0.01603076937226094, 0.027910897595471076, 0.01626281035995187, 0.04709340615270809, 0.02490899463229529, 0.02278357269078823, 0.035828199821643626, 0.026526974616040297, 0.02128630064261643, 0.04067098021686197, 0.005962282182734302, 0.03218337586233775, 0.08000206205218936, 0.10984370041956286, 0.07999367501580633, 0.015086502940130146, 0.03947072545381305, 0.03354305904428033, 0.04506581855999933, 0.01752776909111991, 0.03303760310014516, 0.019095674849896854, 0.05945832874830431, 0.07995635446439683, 0.07991851912607278, 0.07992073380311747, 0.07996801324974968, 0.028245657609211935, 0.029524211303037524, 0.01614940663219394, 0.029866191420193984, 0.027804910171083486, 0.035330762358537084, 0.026123829994434744, 0.0799498973841001, 0.024228170955778398, 0.08000197639657582, 0.03794540996039521, 0.07993372989516025, 0.0799944567045618, 0.04101276664660178, 0.021445334336785776, 0.07991936505552974, 0.029499423326282994, 0.04372456004971263, 0.07991059168929697, 0.0418705791472475, 0.04030209759634984, 0.07993327533361251, 0.7881665656233103, 0.031173218977032173, 0.07995042783548316, 0.05655016807323097, 0.07993340403870064, 0.05593117807080074, 0.06166546449751288, 0.06155699742927447, 0.09565197786740443, 0.040494892959571226, 0.07904625331741356, 0.041311957671206656, 0.06340443718390079, 0.03358228108062668, 0.05748278620385093, 0.0786295188204149, 0.07997700512258313, 0.07994370133169115, 0.07104525600920934, 0.06469137530439245, 0.0696726303441561, 0.07993731997526024, 0.022584147257311178, 0.07997428147182183, 0.030491263608523028, 0.033537003026688876, 0.061988054993938564, 0.05380261692874558, 0.07995969608602226, 0.05516363390239181, 0.023738268154036783, 0.037405818050340676, 0.033126055671736716, 0.02128394518587412, 0.029143998844590152, 0.06038800130908431, 0.021230883132014426, 0.051430427799760016, 0.06616942628974112, 0.022770697014475667, 0.05616727425637694, 0.052820406376181156, 0.0551234865394431, 0.011881499306585747, 0.009397530791083705, 0.07995369300185451, 0.0799829108811199, 0.07996742853197808, 0.07999166434754852, 0.03285994663534747, 0.07995468959426454, 0.05161181081991408, 0.0799671057400479, 0.05084243322582293, 0.05408155580120991, 0.030768104113093935, 0.04175926763783344, 0.03365130052326813, 0.07998729387449975, 0.05250966475395843, 0.04079063667693484, 0.0556504357266973, 0.07990993167561743, 0.05330947981418149, 0.07997876008664369, 0.07998965601391485, 0.47638938190159263, 0.05904077884290536, 0.0799625381209873, 0.07999103546191032, 0.07999842282295708, 0.43076461168261115, 0.1359564962889188, 0.06040875800019253, 0.034864326215952805, 0.0799462518457451, 0.05266841260803491, 0.07995498392904353, 0.07998450522735785, 0.04868426890834301, 0.07998317870346613, 0.07997137735436166, 0.047466282695528536, 0.20056292051931798, 0.0799527834732447, 0.07993314195149119, 0.03224338768095383, 0.08576834380801299, 0.07999829990212355, 0.10235307955162586, 0.07995522296938455, 0.0557690107800078, 0.05353561887779406, 0.0444949031840332, 0.06665504699278334, 0.06116618101805627, 0.038370695531348455, 0.07996753735558294, 0.07996446122853755, 0.06651204165795054, 0.04647605299955186, 0.052262276329834864, 0.07992537615883394, 0.07992028317709934, 0.06863046863424097, 0.07996362188964803, 0.07996272443381289, 0.02862643811645674, 0.07997545093443446, 0.0209726287285359, 0.042835294054029936, 0.032328934727317286, 0.031598020002596386, 0.019948428896305433, 0.03859807728125171, 0.06150972170443773, 0.04582299908115311, 0.02740119557063023, 0.005564821732268114, 0.01901752846588693, 0.01365502113409448, 0.05967663502728318, 0.11535465461299893, 0.040415105444409516, 0.03371793553184257, 0.05351275703094442, 0.033471571567141124, 0.07935434262881828, 0.09544425261237015, 0.0799784943542719, 0.05083656597918021, 0.006690617241857313, 0.04375991772629091, 0.07997501890822609, 0.034844116420705076, 0.029930992186475602, 0.03688865997278464, 0.06393298694820461, 0.06696573132952581, 0.03752311370922641, 0.03238097063946477, 0.07995278007467516, 0.07993265425148319, 0.047906837418161326, 0.0219935201991732, 0.04429458946093326, 0.020517875764921523, 0.059551204081322015, 0.0799076472933276, 0.07995976178273116, 0.07996325643487263, 0.05627285337595831, 0.07322682941628914, 0.03461843939584299, 0.046793769483359414, 0.07993461521156377, 0.07992921690335553, 