{"metrics": {"test": {"fp": [3], "f1_score": [0.9152542372881356], "risk": [0.06172839506172839], "recall": [0.9310344827586207], "sensitivity": [0.9310344827586207], "precision": [0.9], "tp": [27], "tn": [49], "specificity": [0.9423076923076923], "fn": [2]}, "train": {"fp": [3], "f1_score": [0.9876543209876543], "risk": [0.009146341463414634], "recall": [1.0], "sensitivity": [1.0], "precision": [0.975609756097561], "tp": [120], "tn": [205], "specificity": [0.9855769230769231], "fn": [0]}}, "model": {"n_features": 6380123}, "data": {"path": "/scratch/adrouin/data/patric/single_species_datasets/chloramphenicol___49420779660966717/dataset.kover", "split": "train_0.800_seed_1_10_folds", "uuid": "4e609d8e-086f-11e8-b7c4-001b2193b764"}, "predictions": {"binary": [0, 0, 0, 0, 0, 0, 0, 0, 0, 0, 0, 0, 0, 0, 0, 0, 0, 0, 0, 0, 0, 0, 0, 0, 0, 0, 0, 0, 0, 0, 0, 0, 0, 0, 0, 0, 0, 0, 0, 0, 0, 0, 0, 0, 0, 0, 0, 0, 0, 0, 0, 0, 0, 0, 0, 0, 0, 0, 0, 0, 0, 0, 0, 0, 0, 0, 0, 0, 0, 0, 0, 0, 0, 0, 0, 0, 0, 0, 0, 0, 0, 0, 0, 0, 0, 0, 0, 0, 0, 0, 0, 0, 0, 0, 0, 0, 0, 0, 0, 0, 0, 0, 0, 0, 0, 0, 0, 0, 0, 0, 0, 0, 0, 0, 0, 0, 0, 0, 0, 0, 0, 0, 0, 0, 0, 0, 0, 0, 0, 0, 0, 0, 0, 0, 0, 0, 0, 0, 0, 0, 0, 1, 0, 0, 0, 0, 0, 0, 0, 0, 1, 0, 0, 0, 0, 1, 0, 0, 0, 0, 0, 0, 0, 0, 0, 0, 0, 0, 0, 0, 0, 0, 0, 0, 0, 0, 0, 0, 0, 0, 0, 0, 0, 0, 0, 0, 0, 0, 0, 0, 0, 0, 0, 0, 0, 0, 0, 0, 0, 0, 0, 0, 0, 0, 0, 0, 0, 0, 0, 0, 0, 0, 0, 0, 0, 0, 0, 0, 0, 0, 0, 0, 0, 0, 0, 0, 1, 0, 0, 0, 0, 0, 0, 0, 0, 0, 0, 0, 0, 0, 0, 0, 0, 0, 0, 0, 1, 1, 0, 0, 0, 0, 0, 0, 0, 0, 0, 0, 0, 0, 1, 1, 1, 1, 1, 1, 1, 1, 1, 1, 1, 1, 1, 1, 1, 1, 1, 1, 1, 1, 1, 1, 1, 1, 1, 1, 1, 1, 1, 1, 1, 1, 1, 1, 1, 1, 1, 1, 1, 1, 1, 1, 1, 1, 1, 1, 1, 1, 1, 1, 1, 1, 1, 1, 1, 1, 1, 1, 1, 1, 1, 1, 1, 1, 1, 1, 1, 1, 1, 1, 1, 1, 1, 1, 1, 1, 0, 1, 1, 1, 1, 1, 1, 1, 1, 1, 1, 1, 1, 1, 1, 1, 1, 1, 1, 1, 1, 1, 1, 1, 1, 1, 1, 1, 1, 1, 1, 1, 1, 1, 1, 1, 1, 1, 1, 1, 1, 0, 1, 1, 1, 1, 1, 1, 1, 1, 1, 1, 1, 1, 1, 1, 1, 1, 1, 1, 1, 1, 1, 1, 1, 1, 1, 1, 1, 1, 1, 1, 1], "proba": [0.021373999496260617, 0.0665838562124376, 0.03547360295699989, 0.0335330344976896, 0.030117048642817675, 0.035483446943031106, 0.03550671999517466, 0.060964066517757556, 0.020144302239299024, 0.03394808577950043, 0.018354212962162216, 0.028997396791018263, 0.035489705594118355, 0.014244508675749463, 0.017955166214837903, 0.030192336297598907, 0.011356751273957529, 0.03548498736081102, 0.035503492398292556, 0.0354773048991458, 0.018115545379811894, 0.01772329899090409, 0.04946876927823051, 0.03551642249137541, 0.035469133409999694, 0.03055198629016404, 0.03829424021968875, 0.03550049345648197, 0.010533681606868388, 0.03549310014442576, 0.025104780822207177, 0.02834331935888617, 0.009922476324362882, 0.013615426425083347, 0.01788682041499205, 0.03548416239185088, 0.0354535882006118, 0.049508869115231245, 0.029751040935998396, 0.02594494559875777, 0.03547332354883791, 0.021559133075412993, 0.03549990440903065, 0.04609916171213509, 0.03552134903022552, 0.03064684452854852, 0.016729030505618244, 0.03549016889173411, 0.0354633439202616, 0.05340499866456277, 0.03037158800707307, 0.0251512639991496, 0.00671282538105078, 0.03552134903023418, 0.009367730107862448, 0.02100737177285841, 0.024709244316252793, 0.01952686633679806, 0.028023523427449095, 0.03547378246451904, 0.03545606412949149, 0.035482387372832117, 0.035489542668328135, 0.035487878439431714, 0.025280322425663495, 0.028788804478853767, 0.029607561191224152, 0.02648297903922109, 0.03498438302543612, 0.03549162524778541, 0.016844525842423092, 0.07689260585452316, 0.03612024945473957, 0.014163637263651266, 0.04250982174161744, 0.03275279742023953, 0.10330706192240362, 0.02915730369833066, 0.017277768283870634, 0.020061286208490323, 0.031165035500107848, 0.028161515766669514, 0.035473184017782516, 0.024437287464258186, 0.035473126559756374, 0.029264181854898288, 0.03317448744722182, 0.015679049319790566, 0.006399561077991373, 0.030471537277564676, 0.03548003252815149, 0.015081187124735716, 0.03547231640464933, 0.03550615978558762, 0.035481753100021336, 0.008095962881598464, 0.03213058087340944, 0.03375775301017229, 0.03135236789015754, 0.03548332176681518, 0.026003746368983477, 0.035501266124426396, 0.0322533741842321, 0.03364228450519322, 0.0408204952010551, 0.03548058727334154, 0.020344176847075447, 0.03550366524644535, 0.033275508023849765, 0.045932791080044014, 0.03548959402928337, 0.035464649371430304, 0.0352279042920746, 0.03552005406159747, 0.010346806759196811, 0.004148790833985014, 0.0253266528471765, 0.03549699794783426, 0.023281776804357744, 0.0229886373755147, 0.03392214882471135, 0.045978414629091816, 0.021691837430600224, 0.03380653596478354, 0.03407530950083063, 0.03548571162760073, 0.039772074685886234, 0.011353221357537144, 0.033389871157719686, 0.025685047010720885, 0.018239110500650323, 0.02050623783111688, 0.015233258701800183, 0.007545329525647552, 0.026619106645708667, 0.02441923491294488, 0.1450465879126464, 0.006207417750392886, 0.013956040037902078, 0.014386325196163039, 0.014361793917741374, 0.8884760780246754, 0.014615602807123254, 0.013170026918898575, 0.06755567775079657, 0.035433258529027845, 0.03549577658860368, 0.03545388716749656, 0.028894084565958808, 0.033159943157868764, 0.615083511076151, 0.03548229947216083, 0.035522806374695876, 0.05788190838943265, 0.03550489495987163, 0.9383215028238148, 0.04640497311900102, 0.0200557171095392, 0.02018149365457925, 0.016771000513069585, 0.03552313897201437, 0.023673516430756856, 0.028631669082191145, 0.025731411029231217, 0.03548153154657245, 0.03514217343132793, 0.05903674260022017, 0.027451093174483483, 0.011122340555511718, 0.03542765984111631, 0.03398580511608726, 0.0264982286404286, 0.018881634252819454, 0.03547686935237827, 0.0354764974247727, 0.02073255345761911, 0.029794946023772716, 0.035443125774528544, 0.015250161729322007, 0.016910355303979357, 0.035474086968667586, 0.01701992793316341, 0.015692174112234315, 0.015346675029034968, 0.01817126961112355, 0.019985083524689348, 0.01612056081317609, 0.03421841340423725, 0.035482346115610235, 0.035477706794460315, 0.015251826223572946, 0.0195602109818014, 0.014867308735985827, 0.015243979912608596, 0.01723233383234174, 0.013199688166561462, 0.031196340919255137, 0.03552874309322232, 0.018507312102348895, 0.015972611065146185, 0.030400471592560336, 0.017976442497981904, 0.014665811356684771, 0.01566226861809062, 0.02412027982818616, 0.02020869625710975, 0.03548975861316765, 0.018207445356873637, 0.024692957640499825, 0.020909208567892613, 0.01791797428830209, 0.025743454115078567, 0.03413079386624305, 0.019574554377595314, 0.03456666887376508, 0.021534262146286096, 0.027006712600498462, 0.00872680477029097, 0.023644986336983205, 0.018642733030552295, 0.01736570964054478, 0.018512392653215786, 0.008954157218644277, 0.032027540090045034, 0.01165636814173871, 0.03134391140864935, 0.9187605852314616, 0.03550167273857609, 0.015443237560852868, 0.03551080077815602, 0.03549788959960252, 0.03549209304067925, 0.03547830681886157, 0.02768193012488737, 0.021081080917918948, 0.023314695311313218, 0.0220470043157968, 0.02997367873757775, 0.023236846130328375, 0.03306923231339019, 0.03293515724280122, 0.015510824367360242, 0.035477778863741864, 0.015874555386038557, 0.036691218663870415, 0.026640615293417255, 0.5489548980012066, 0.5703815780387932, 0.03551758434090888, 0.03552025390584628, 0.002912687527953924, 0.03545144002930653, 0.09835963976582578, 0.035449268888822626, 0.20262262888798704, 0.1174899824000365, 0.035490209061548546, 0.01615319064534112, 0.03552377296278665, 0.03551142804009979, 0.9490025518740195, 0.45000738043440125, 0.966930653356427, 0.947761078281049, 0.9335252644394039, 0.9289021380982926, 0.936677775403154, 0.971598343809281, 0.9631934386839063, 0.935111572559537, 0.9561307380660494, 0.9468590793892511, 0.9351411033307312, 0.9351534378041033, 0.9437014161507197, 0.9351642477566289, 0.7819058662894337, 0.935145238723676, 0.9351766794019623, 0.9372423799441274, 0.8930398387233347, 