{"metrics": {"test": {"fp": [2], "f1_score": [0.9565217391304347], "risk": [0.07246376811594203], "recall": [0.9482758620689655], "sensitivity": [0.9482758620689655], "precision": [0.9649122807017544], "tp": [55], "tn": [9], "specificity": [0.8181818181818182], "fn": [3]}, "train": {"fp": [7], "f1_score": [0.9721627408993576], "risk": [0.046762589928057555], "recall": [0.9742489270386266], "sensitivity": [0.9742489270386266], "precision": [0.9700854700854701], "tp": [227], "tn": [38], "specificity": [0.8444444444444444], "fn": [6]}}, "model": {"n_features": 70}, "data": {"path": "/scratch/adrouin/patric_data/single_species_datasets/streptomycin___-736338835843459561/dataset.kover", "split": "train_0.800_seed_4_10_folds", "uuid": "3c54eb68-07f2-11e8-aaa1-001b2193b764"}, "predictions": {"binary": [0, 0, 0, 0, 0, 0, 0, 0, 0, 0, 0, 0, 0, 0, 0, 0, 0, 0, 0, 0, 0, 0, 0, 1, 0, 1, 1, 0, 0, 1, 0, 0, 0, 0, 0, 0, 1, 0, 0, 1, 0, 1, 0, 0, 1, 0, 0, 0, 0, 0, 0, 1, 0, 0, 0, 0, 1, 1, 1, 1, 1, 1, 1, 1, 1, 1, 1, 1, 1, 1, 1, 1, 1, 1, 1, 1, 1, 1, 1, 1, 1, 1, 1, 1, 1, 1, 1, 1, 1, 1, 1, 1, 1, 1, 1, 1, 1, 1, 1, 1, 1, 1, 1, 1, 1, 1, 1, 1, 1, 1, 1, 1, 1, 1, 1, 1, 1, 1, 1, 1, 0, 0, 1, 1, 1, 1, 1, 1, 1, 1, 1, 1, 1, 1, 1, 1, 1, 1, 1, 1, 1, 1, 1, 1, 1, 1, 1, 1, 1, 1, 1, 1, 1, 1, 1, 1, 1, 1, 1, 1, 1, 1, 1, 1, 1, 1, 1, 1, 1, 1, 1, 1, 1, 1, 1, 1, 1, 1, 1, 1, 1, 0, 1, 1, 1, 1, 1, 1, 1, 1, 1, 1, 1, 1, 0, 1, 1, 1, 1, 1, 1, 1, 1, 1, 1, 1, 1, 1, 1, 1, 1, 1, 1, 1, 1, 1, 1, 1, 1, 1, 1, 1, 1, 1, 1, 1, 1, 1, 1, 1, 1, 1, 1, 1, 1, 1, 1, 1, 1, 1, 1, 1, 1, 1, 1, 1, 1, 1, 1, 1, 1, 1, 1, 1, 0, 0, 1, 1, 1, 1, 1, 1, 1, 1, 1, 1, 0, 1, 1, 1, 1, 1, 1, 1, 1, 1, 1, 1, 1, 1, 1, 1, 1, 1, 1, 1, 1, 1, 1, 1, 1, 1, 1, 1, 1, 1, 1, 1, 1, 1, 1, 1, 0, 1, 1, 1, 1, 1, 1, 1, 1, 1, 1, 1, 1, 1, 1, 1, 1, 1, 1, 1, 1, 1, 1, 1, 1, 1, 1, 1, 1, 1, 1, 0, 1, 1, 1, 1, 1, 1, 1, 1, 1, 1, 1, 1, 1, 0, 0, 0, 0, 0, 0, 0, 0, 0, 0, 0, 0, 0, 0, 0, 0, 0, 0, 0, 0, 0, 0, 0, 0, 0, 0, 0, 0, 0, 0, 0, 0, 0, 0, 0, 0, 0], "proba": [0.14889553148442838, 0.33577458132509014, 0.09824028905724122, 0.2366456095140429, 0.09824028905724122, 0.09702646666921355, 0.4531676319146658, 0.33577458132509014, 0.09702646666921355, 0.09702646666921355, 0.09702646666921355, 0.09702646666921355, 0.07302671085430656, 0.270404446384125, 0.11383810858166243, 0.07302671085430656, 0.07302671085430656, 0.07302671085430656, 0.33577458132509014, 0.09702646666921355, 0.09702646666921355, 0.14889553148442838, 0.09702646666921355, 0.8120514270780462, 0.09702646666921355, 0.7832671203583467, 0.7832671203583467, 0.33577458132509014, 0.07302671085430656, 0.8549277811805844, 0.33577458132509014, 0.09824028905724122, 0.2366456095140429, 0.09702646666921355, 0.14889553148442838, 0.14889553148442838, 0.8549277811805844, 0.09702646666921355, 0.09702646666921355, 0.7249388671954538, 0.09702646666921355, 0.7823619257549306, 0.09702646666921355, 0.2366456095140429, 0.8549277811805844, 0.33577458132509014, 0.33577458132509014, 0.09824028905724122, 0.15064998740400107, 0.09824028905724122, 0.14889553148442838, 0.8549277811805844, 0.09824028905724122, 0.09824028905724122, 0.09702646666921355, 0.09824028905724122, 0.7832671203583467, 0.7832671203583467, 0.7832671203583467, 0.7832671203583467, 0.7832671203583467, 0.7832671203583467, 0.6879401449604864, 0.7832671203583467, 0.7832671203583467, 0.7832671203583467, 0.7832671203583467, 0.7832671203583467, 0.8549277811805844, 0.7832671203583467, 0.7832671203583467, 0.8549277811805844, 0.7832671203583467, 0.8549277811805844, 0.7832671203583467, 0.7823619257549306, 0.8549277811805844, 0.7832671203583467, 0.7832671203583467, 0.8549277811805844, 0.7832671203583467, 0.8549277811805844, 0.7832671203583467, 0.7823619257549306, 0.6879401449604864, 0.6879401449604864, 0.8549277811805844, 0.8549277811805844, 0.7832671203583467, 0.7832671203583467, 0.8549277811805844, 0.7832671203583467, 0.7832671203583467, 0.8549277811805844, 0.8549277811805844, 0.8549277811805844, 0.8549277811805844, 0.8549277811805844, 0.8549277811805844, 0.8549277811805844, 0.7823619257549306, 0.6882744431021868, 0.6882744431021868, 0.8549277811805844, 0.8549277811805844, 0.8549277811805844, 0.8549277811805844, 0.8549277811805844, 0.8549277811805844, 0.8549277811805844, 0.6879401449604864, 0.7832671203583467, 0.7832671203583467, 0.7832671203583467, 0.7832671203583467, 0.8549277811805844, 0.8549277811805844, 0.8549277811805844, 0.6879401449604864, 0.8549277811805844, 0.15064998740400107, 0.15064998740400107, 0.8549277811805844, 0.8549277811805844, 0.8549277811805844, 0.7832671203583467, 0.8549277811805844, 0.7832671203583467, 0.7832671203583467, 0.8549277811805844, 0.8549277811805844, 0.8549277811805844, 0.8549277811805844, 0.8549277811805844, 0.8549277811805844, 0.8549277811805844, 0.8549277811805844, 0.8549277811805844, 0.8549277811805844, 0.8549277811805844, 0.8549277811805844, 0.8549277811805844, 0.8549277811805844, 0.8549277811805844, 0.8549277811805844, 0.8549277811805844, 0.8549277811805844, 0.8549277811805844, 0.8549277811805844, 0.8549277811805844, 0.8549277811805844, 0.8549277811805844, 0.8549277811805844, 0.8549277811805844, 0.6879401449604864, 0.7823619257549306, 0.8549277811805844, 0.8549277811805844, 0.8549277811805844, 0.8549277811805844, 0.7823619257549306, 0.8549277811805844, 0.7823619257549306, 0.8549277811805844, 0.8549277811805844, 0.8549277811805844, 0.8549277811805844, 0.8549277811805844, 0.8549277811805844, 0.8549277811805844, 0.8549277811805844, 0.8549277811805844, 0.8549277811805844, 0.8549277811805844, 0.7832671203583467, 0.7823619257549306, 0.7823619257549306, 0.7823619257549306, 0.8549277811805844, 0.7823619257549306, 0.7823619257549306, 0.09824028905724122, 0.8549277811805844, 0.8549277811805844, 0.8549277811805844, 0.8549277811805844, 0.8549277811805844, 0.8549277811805844, 0.7823619257549306, 0.8549277811805844, 0.8549277811805844, 0.8549277811805844, 0.8549277811805844, 0.8120514270780462, 0.33577458132509014, 0.8549277811805844, 0.8549277811805844, 0.8549277811805844, 0.8549277811805844, 0.8549277811805844, 0.8549277811805844, 0.8549277811805844, 0.7832671203583467, 0.8549277811805844, 0.7832671203583467, 0.7832671203583467, 0.7832671203583467, 0.8549277811805844, 0.8549277811805844, 0.8549277811805844, 0.8549277811805844, 0.8549277811805844, 0.8549277811805844, 0.7832671203583467, 0.8549277811805844, 0.8549277811805844, 0.7832671203583467, 0.8549277811805844, 0.8549277811805844, 0.8549277811805844, 0.8549277811805844, 0.8549277811805844, 0.8549277811805844, 0.8549277811805844, 0.8549277811805844, 0.8549277811805844, 0.7823619257549306, 0.8549277811805844, 0.8549277811805844, 0.8549277811805844, 0.8549277811805844, 0.8549277811805844, 0.8549277811805844, 0.7832671203583467, 0.8549277811805844, 0.8549277811805844, 0.7823619257549306, 0.8549277811805844, 0.8549277811805844, 0.8549277811805844, 0.8549277811805844, 0.8549277811805844, 0.8549277811805844, 0.7832671203583467, 0.8549277811805844, 0.8549277811805844, 0.8549277811805844, 0.7832671203583467, 0.8549277811805844, 0.8549277811805844, 0.8549277811805844, 0.7832671203583467, 0.8549277811805844, 0.7823619257549306, 0.14889553148442838, 0.14889553148442838, 0.8549277811805844, 0.8549277811805844, 0.8549277811805844, 0.8549277811805844, 0.7823619257549306, 0.6879401449604864, 0.7823619257549306, 0.7823619257549306, 0.7823619257549306, 0.7832671203583467, 0.33577458132509014, 0.7832671203583467, 0.8549277811805844, 0.8549277811805844, 0.7832671203583467, 0.8549277811805844, 0.8120514270780462, 0.8549277811805844, 0.8549277811805844, 0.8549277811805844, 0.8549277811805844, 0.8549277811805844, 0.8549277811805844, 0.8549277811805844, 0.8549277811805844, 0.8549277811805844, 0.8549277811805844, 0.8549277811805844, 0.8549277811805844, 0.8549277811805844, 0.8549277811805844, 0.8549277811805844, 0.8549277811805844, 0.8549277811805844, 0.8549277811805844, 0.7259992497755263, 0.8543604115019457, 0.8549277811805844, 0.8120514270780462, 0.8549277811805844, 0.7823619257549306, 0.8549277811805844, 0.8549277811805844, 