{"metrics": {"test": {"fp": [6], "f1_score": [0.8888888888888888], "risk": [0.1414141414141414], "recall": [0.875], "sensitivity": [0.875], "precision": [0.9032258064516129], "tp": [56], "tn": [29], "specificity": [0.8285714285714286], "fn": [8]}, "train": {"fp": [14], "f1_score": [0.9622641509433963], "risk": [0.05], "recall": [0.9770114942528736], "sensitivity": [0.9770114942528736], "precision": [0.9479553903345725], "tp": [255], "tn": [125], "specificity": [0.8992805755395683], "fn": [6]}}, "model": {"n_features": 42406238}, "data": {"path": "/scratch/adrouin/data/patric/single_species_datasets/imipenem___-3225223558739261696/dataset.kover", "split": "train_0.800_seed_4_10_folds", "uuid": "b4e39f74-0578-11e8-932f-001b2193b764"}, "predictions": {"binary": [0, 0, 0, 1, 0, 0, 0, 1, 0, 0, 0, 0, 0, 0, 0, 0, 0, 0, 0, 0, 0, 1, 0, 0, 0, 0, 1, 0, 0, 0, 0, 0, 1, 1, 0, 1, 0, 0, 0, 1, 0, 0, 0, 0, 0, 0, 0, 0, 0, 0, 0, 0, 0, 0, 0, 0, 0, 0, 1, 0, 0, 0, 1, 0, 0, 1, 0, 0, 0, 0, 0, 0, 0, 0, 0, 0, 0, 0, 0, 0, 0, 0, 0, 0, 0, 0, 0, 0, 0, 0, 0, 0, 0, 0, 1, 0, 0, 0, 0, 0, 0, 0, 0, 0, 0, 0, 0, 0, 0, 0, 0, 0, 0, 0, 0, 0, 1, 0, 1, 0, 0, 0, 1, 0, 0, 0, 0, 0, 0, 0, 0, 0, 0, 1, 0, 0, 1, 0, 0, 0, 0, 0, 0, 0, 0, 0, 0, 0, 0, 0, 0, 0, 0, 1, 0, 1, 0, 0, 0, 0, 0, 0, 0, 0, 0, 0, 0, 0, 0, 0, 0, 0, 0, 1, 0, 1, 1, 1, 1, 1, 1, 1, 1, 1, 1, 1, 1, 1, 1, 1, 1, 1, 1, 1, 1, 1, 1, 1, 0, 1, 1, 1, 1, 1, 1, 1, 1, 1, 1, 1, 1, 1, 1, 1, 1, 1, 1, 0, 1, 1, 1, 1, 1, 1, 1, 1, 1, 1, 1, 1, 1, 1, 1, 1, 1, 1, 1, 1, 1, 1, 1, 1, 1, 1, 1, 1, 1, 1, 1, 1, 0, 1, 1, 1, 1, 1, 1, 1, 1, 1, 1, 1, 1, 1, 1, 1, 1, 1, 1, 1, 1, 1, 1, 1, 1, 1, 1, 1, 1, 0, 1, 1, 1, 1, 1, 1, 1, 1, 1, 1, 1, 1, 1, 1, 1, 1, 1, 1, 1, 1, 1, 1, 1, 1, 1, 1, 1, 1, 1, 1, 1, 1, 1, 1, 1, 1, 1, 1, 1, 1, 1, 1, 1, 1, 1, 1, 1, 1, 1, 1, 1, 0, 1, 1, 1, 1, 1, 1, 1, 1, 1, 1, 1, 1, 1, 1, 1, 1, 1, 1, 1, 1, 1, 1, 1, 1, 1, 1, 1, 1, 1, 0, 1, 1, 1, 1, 1, 1, 1, 1, 1, 1, 1, 1, 1, 1, 1, 1, 1, 1, 1, 1, 1, 1, 1, 1, 1, 1, 1, 1, 1, 1, 1, 1, 1, 1, 1, 1, 1, 1, 1, 1, 1, 1, 1, 1, 1, 1, 1, 1, 1, 1, 1, 1, 1, 1, 1, 1, 1, 1, 1, 1, 1, 1, 1, 1, 1, 1, 1, 1, 1, 1, 1, 1, 1, 1, 1, 1, 1, 1, 1, 0, 1, 1, 1, 1, 1, 1, 1, 1, 1, 1, 1, 1, 1, 1, 1, 1, 1, 1, 1, 0, 1, 1, 1, 1, 1, 1, 1, 1, 1, 0, 1, 1, 1, 0, 1, 1, 1, 1, 1, 0, 1, 1, 1, 1, 1, 1, 1, 1, 0, 0, 1, 1, 1, 1, 1, 1, 1], "proba": [0.07177853123312113, 0.07129859823878276, 0.07133450499746737, 0.5599092936977996, 0.34711462796940507, 0.07132799714521344, 0.07131134869501377, 0.5874076260491381, 0.0713389358012861, 0.07129486016402665, 0.07134206751185941, 0.12496147167439485, 0.07128392881187105, 0.07129002953411231, 0.07122542324913345, 0.07125096509452088, 0.07127877837883463, 0.07118898793937817, 0.0713273363249837, 0.06120808354692612, 0.07129839603713042, 0.7344927186476349, 0.4556996115830524, 0.07132786685616498, 0.12643090408837332, 0.07130554743290736, 0.5, 0.07129013039200134, 0.07128804731007775, 0.07134360281452572, 0.07686243107810653, 0.07671179238859414, 0.695227289418665, 0.8365538325355101, 0.07129061082915493, 0.730919588491607, 0.091931367062302, 0.07365854647850577, 0.11070413618099471, 0.912706207070996, 0.07126144654280941, 0.07125925583612897, 0.07133001606276744, 0.0712730778527523, 0.07281663041300383, 0.07126902447045047, 0.03613964769925788, 0.06622815031860355, 0.0856248819568763, 0.0743466051968255, 0.0811585037595171, 0.20186723295442494, 0.10063418374478272, 0.0713170298485697, 0.080703766148307, 0.07127044218883978, 0.0813181102674155, 0.07133022248459682, 0.925486875207923, 0.09735402512966435, 0.07125196216562898, 0.07000213161319845, 0.8040256851889943, 0.07128226529276437, 0.07124554395341919, 0.5240836650237005, 0.03626784713594402, 0.07129752129072547, 0.07126649669208242, 0.06752412873099893, 0.07128389231333793, 0.07134882219885565, 0.0712994319434172, 0.08234989810037405, 0.07132283712059483, 0.07724582254204683, 0.09098608665947489, 0.07126156865370911, 0.07126196210877359, 0.07123369434137275, 0.07124992075017558, 0.06486219065390525, 0.07124111532202616, 0.0637523571043811, 0.07134994520098116, 0.0788334820152887, 0.07021133500421736, 0.0737152860769046, 0.07144480547376712, 0.07124901988561763, 0.07131167099381792, 0.0713145159049495, 0.0712071915078989, 0.0712993904928458, 0.9160874265307556, 0.07834247634733164, 0.047084317320415486, 0.19255036693181324, 0.12332242122769237, 0.03796113983102721, 0.07119911450257617, 0.07124816723124176, 0.0713092085219503, 0.07131451737768975, 0.07130730757243783, 0.07125539696368069, 0.07126536290009734, 0.03926136699546126, 0.07130751793369884, 0.07760347768980287, 0.06154330728883584, 0.07072143116299845, 0.07127543637104622, 0.07124755827653408, 0.08736589428675322, 0.07127154936112273, 0.6552368654331897, 0.07122208923556132, 0.7801210219713292, 0.07127451153467607, 0.063428615162245, 0.0713512292847019, 0.9216369118780253, 0.06781573423655769, 0.0968001424376342, 0.07121374215819401, 0.07123962099854772, 0.07122893609865691, 0.07131849067434226, 0.07128820163878476, 0.06827067848420428, 0.07127281541558976, 0.07124271200163074, 0.8419066143994723, 0.12311860703310297, 0.06949207441419726, 0.960138796680066, 0.07130171022983574, 0.07130167763192777, 0.07121160261244218, 0.07126480580031828, 0.07121104334433866, 0.07127657525190123, 0.0712327546115032, 0.07133957189799775, 0.08184445305130479, 0.0713297474606959, 0.07159760540521508, 0.07135375984443215, 0.07061928771566683, 0.062440301798660745, 0.1207343109000581, 0.07133028319838244, 0.6214608817519544, 0.07131884326621801, 0.7888917665266106, 0.07132255348981409, 0.0711902322893052, 0.07013098892326021, 0.07131881142847114, 0.07127167515598865, 0.07467394658789249, 0.07126766948472768, 0.0713531138186251, 0.12309521659915733, 0.17089631094147958, 0.07126176007198425, 0.07134258191147663, 0.07237128267536529, 0.07123485007749207, 0.07127670950443574, 0.07131212777095652, 0.03608002910252733, 0.6649313017935771, 0.45223067327499766, 0.9189873745437478, 0.9439364239501157, 0.9484043137871198, 0.971941345517348, 0.9375372880826303, 0.9246978229584113, 0.984116569124748, 0.9239081007137868, 0.9115936903883624, 0.9189961018321515, 0.9189657487121539, 0.9333926721693427, 0.9652354582681743, 0.9189744109951815, 0.9273713553535874, 0.9651455805975258, 0.9189803373292558, 0.9189666256897401, 0.9788479737920562, 0.8759553293365162, 0.9724392915771565, 0.9071579234728473, 0.959715276140664, 0.33477587655284297, 0.9732848360468637, 0.9370167465664215, 0.9080748547249309, 0.919014913319155, 0.9548158948926926, 0.925061479930781, 0.9190104869215572, 0.9368705960902836, 0.9683787614772058, 0.9560890192587257, 0.9190106005717537, 0.9378311636799018, 0.9190292958553931, 0.961524608607396, 0.9190101655733646, 0.9189610795497399, 0.9628222592935775, 0.9795261891809214, 0.076001665035924, 0.9217904776129989, 0.9190841099378754, 0.920129992994661, 0.9189499137178105, 0.8582779259018483, 0.9570646723032139, 0.9189893172068093, 0.9729231351956791, 0.9226206154377876, 0.973196013123827, 0.9385864489757288, 0.9576401482795339, 0.9254496816730549, 0.9158161902440495, 0.9639378269853788, 0.9615252669539613, 0.9643345060122606, 0.9706186892170906, 0.9747573602296395, 0.9109222102209114, 0.9684895504193056, 0.9359316777143531, 0.9184891631707096, 0.9739527383749775, 0.9495600254920976, 0.9692622725473344, 0.959827595081938, 0.968972898017388, 0.918993236970164, 0.975712849960521, 0.9745378083474676, 0.9703148722952813, 0.22031261571608174, 0.9189983734218241, 0.8339434959895159, 0.9020590619624161, 0.8889940892195867, 0.921403534791962, 0.9877628985108095, 0.9805156291457149, 0.9190054649061109, 0.9743175459891094, 0.919091764521161, 0.9741469464783664, 0.919063414035871, 0.967805000827839, 0.9720614220659884, 0.9640209971877138, 0.9682366579613844, 0.9189483227440094, 0.9747267605797671, 0.9190070574481498, 0.9190382673131611, 0.9583368604704573, 0.9190613655586739, 0.959724892848998, 0.9784798973428096, 0.9668018541537271, 0.987814486047591, 0.9791529848468391, 0.9190580379167649, 0.09579175556993413, 0.9671148623434799, 