{"metrics": {"test": {"fp": [1], "f1_score": [0.9647058823529412], "risk": [0.046875], "recall": [0.9534883720930233], "sensitivity": [0.9534883720930233], "precision": [0.9761904761904762], "tp": [41], "tn": [20], "specificity": [0.9523809523809523], "fn": [2]}, "train": {"fp": [0], "f1_score": [1.0], "risk": [0.0], "recall": [1.0], "sensitivity": [1.0], "precision": [1.0], "tp": [204], "tn": [56], "specificity": [1.0], "fn": [0]}}, "model": {"n_features": 999993}, "data": {"path": "/scratch/adrouin/data/patric/single_species_datasets/erythromycin___49420779660966717/dataset.kover", "split": "train_0.800_seed_2_10_folds", "uuid": "b6efed36-0870-11e8-a4f3-001b2193b764"}, "predictions": {"binary": [0, 0, 0, 0, 0, 0, 0, 0, 0, 0, 0, 0, 0, 0, 0, 0, 0, 0, 0, 0, 0, 0, 0, 0, 0, 0, 0, 0, 0, 0, 0, 1, 0, 0, 0, 0, 0, 0, 0, 0, 0, 0, 0, 0, 0, 0, 0, 0, 0, 0, 0, 0, 0, 0, 0, 0, 0, 0, 0, 0, 0, 0, 0, 0, 0, 0, 0, 0, 0, 0, 0, 0, 0, 0, 0, 0, 0, 1, 1, 1, 1, 1, 1, 1, 1, 1, 0, 1, 1, 1, 1, 1, 1, 1, 1, 1, 1, 1, 1, 1, 1, 1, 1, 1, 1, 1, 1, 1, 1, 1, 1, 1, 1, 1, 1, 1, 1, 1, 1, 1, 1, 1, 1, 1, 1, 1, 1, 1, 1, 1, 1, 1, 1, 1, 1, 1, 0, 1, 1, 1, 1, 1, 1, 1, 1, 1, 1, 1, 1, 1, 1, 1, 1, 1, 1, 1, 1, 1, 1, 1, 1, 1, 1, 1, 1, 1, 1, 1, 1, 1, 1, 1, 1, 1, 1, 1, 1, 1, 1, 1, 1, 1, 1, 1, 1, 1, 1, 1, 1, 1, 1, 1, 1, 1, 1, 1, 1, 1, 1, 1, 1, 1, 1, 1, 1, 1, 1, 1, 1, 1, 1, 1, 1, 1, 1, 1, 1, 1, 1, 1, 1, 1, 1, 1, 1, 1, 1, 1, 1, 1, 1, 1, 1, 1, 1, 1, 1, 1, 1, 1, 1, 1, 1, 1, 1, 1, 1, 1, 1, 1, 1, 1, 1, 1, 1, 1, 1, 1, 1, 1, 1, 1, 1, 1, 1, 1, 1, 1, 1, 1, 1, 1, 1, 1, 1, 1, 1, 1, 1, 1, 1, 1, 1, 1, 1, 1, 1, 1, 1, 1, 1, 1, 1, 1, 1, 1, 1, 1, 1, 1, 1, 1, 1, 1, 1, 1, 1, 1, 1, 1, 1, 1, 1, 1, 1, 1, 1, 1, 1, 1, 1, 1, 1, 1, 1, 1, 1, 1, 1, 1, 1, 1, 1, 1, 1, 1, 1, 1, 1, 1, 1, 1, 1, 1, 1, 1, 1, 1, 1, 1, 1, 1, 1, 1, 1, 1, 1, 1, 1, 1, 1, 1, 1, 1, 1, 1, 1, 1, 1, 1, 1, 1, 1, 1, 1, 1, 1, 1, 1, 1, 1, 1, 1, 1], "proba": [4.7459592064118744e-06, 0.00018401240431668376, 0.000138093372210241, 6.584547154537613e-05, 0.00013788740566232887, 6.434526632787212e-05, 0.00015809742533749054, 0.0009713325997605389, 0.00012933967669539467, 0.005344024488530697, 0.00013836404394385643, 7.949945590877512e-05, 0.0002781710174031902, 0.000926376274339256, 0.0008049973961873061, 0.0024748891947265774, 0.03994450749730145, 7.45622567007064e-05, 0.09628717530171742, 0.0002291875006198632, 7.426497738017753e-05, 0.00017856103555324726, 0.002836763266711766, 1.7510633974802705e-05, 0.00036635424776361355, 0.0008893169350675278, 6.376913621947796e-06, 4.0073589404706256e-05, 6.439936190936419e-05, 0.00012614818419110112, 0.05158943856835844, 0.8571710392914106, 0.0006011984912330274, 0.00016041002001057451, 0.10401878116635885, 0.2619001374418108, 0.0003499644833810814, 0.000702135897861071, 6.9999949494971805e-06, 4.723934800492024e-05, 0.0014125254049901397, 0.00014098946348308828, 0.00012194351506621023, 0.023366566423589953, 0.00039484028518720434, 0.00042740704309403575, 0.00014800004800395692, 0.0022146521478504477, 8.551261936877509e-05, 0.0007044990724799535, 0.05716509391949752, 0.033631933314819465, 0.07588858827647062, 0.0001550385544946942, 0.0012372361323302642, 6.448480502854437e-05, 0.0009698086091284439, 5.49984623058423e-05, 0.00831449083084387, 0.000860720215978583, 4.450682879577259e-05, 0.0008484249621022934, 0.0009975360491456782, 3.404400279742941e-06, 0.00012121877967831822, 0.0011659856443040348, 4.49716553680797e-06, 1.60000050477175e-05, 0.000944152480835082, 0.00010618959022292748, 0.000924971844891673, 0.00136857014104047, 0.004057345743385291, 0.0015400082831996818, 0.0005990925237433366, 0.0003978218931205118, 0.0002873362218085033, 0.9999842001304344, 0.9985588488185304, 0.9998727809836937, 0.9999991033029112, 0.9999979892590506, 0.9999999668820947, 0.9999681528225243, 0.9998966472338429, 0.9999999065433786, 0.00951434495212063, 0.9999939110112467, 0.999914415306619, 0.9999972275640517, 0.9998672705502893, 0.99992554594842, 0.9989164300676561, 0.998516707399877, 0.9998474434771149, 0.9999886917709546, 0.9826377788375138, 0.9921215862849219, 0.9999998097056462, 0.9999995341621198, 0.9999306636785852, 0.9999999604504071, 0.9983362894168891, 0.9993699233172432, 0.9999912979258587, 0.9999999642790093, 0.9824354634861441, 0.9999999590983563, 0.9998675456264494, 0.999999881521684, 0.9999963479178979, 0.9999884842227736, 0.999961026561058, 0.9999999445950791, 0.999980255910156, 0.9998288984293421, 0.9841201594073149, 0.9999614633500226, 0.9999999623130681, 0.9999999525981662, 0.999142665353709, 0.9999970261750589, 0.9998965325175254, 0.9998933372251367, 0.9999917893196661, 0.9998565909662064, 0.9984227954338069, 0.9994409082999645, 0.999971495641736, 0.999946223008477, 0.9999999191939372, 0.9999999872852151, 0.9999999755561418, 0.9999999691104294, 0.9999999653933317, 0.9999999572026903, 0.006266656858121545, 0.9933032426450316, 0.9985889248241853, 0.9999890855815501, 0.9992266885130132, 0.9998611656213255, 0.9999798932569017, 0.9999348205377292, 0.999990531009883, 0.9999899898385278, 0.9985952048860797, 0.9999999658511737, 0.9999650583479208, 0.9999991534369018, 0.9999381642599734, 0.999999952502556, 0.9999791693620083, 0.9999712899577056, 0.9991434716277159, 0.9998902498595343, 0.9999605736642754, 0.9999993885807049, 0.9999941526270664, 0.9999861910043459, 0.9999030035559872, 0.9999310982074008, 0.9999999561486667, 0.9998822330946886, 0.9999934787634525, 0.9999999872945574, 0.9999999551062264, 0.9999959359637481, 0.9999876683797227, 0.9999399926226102, 0.9988967818836818, 0.9999669726742342, 0.9996991750500035, 0.998833695181669, 0.9993113640972865, 0.999896206917569, 0.9998869376885181, 0.9997346348300113, 0.9993462859474812, 0.9999320526074859, 0.9999606222663826, 0.9999691058951772, 0.9999724151404162, 0.9999570929869285, 0.9999024807546262, 0.9999455514063958, 0.9997365149254831, 0.9998918121951482, 0.9999092154721931, 0.9999885394387319, 0.9999508149690756, 0.9998785117893673, 0.9999597013771089, 0.9999123482225956, 0.9999999594963743, 0.9999114839328708, 0.9692438594038112, 0.9999871360890309, 0.9999992014038233, 0.9999311762151342, 0.9999881293712893, 0.9999777595752005, 0.9991021669475311, 0.9929283768968338, 0.9857455862427843, 0.9999212471126647, 0.9938815115021995, 0.989829887472669, 0.9966820082360197, 0.9999434878138458, 0.9999361159151464, 0.946513445291257, 0.9978700197738245, 0.9999504839447358, 0.9882361489526977, 0.9999223612779511, 0.9997143377147785, 0.9999260890945688, 0.9997571624267102, 0.9981051349254565, 0.9997131133839844, 0.9997802970362111, 0.9999052922134979, 0.9995587640934862, 0.9996341981478974, 0.9999004030425227, 0.9997770334731275, 0.9987705513446393, 0.9994647348627256, 0.9998623206749869, 0.9914195680092052, 0.9999053007409211, 0.9989621859388828, 0.9999392110745975, 0.9999089916907581, 0.9999325331566791, 0.9999386362141336, 0.9981998790743057, 0.9999964821886611, 0.9702671506390081, 0.9999269607380823, 0.9999335552241092, 0.9986764226434939, 0.9997709779575075, 0.999896434526524, 0.9999398707340271, 0.9987784952489192, 0.9999500048882856, 0.9998735383073735, 0.9999284666328303, 0.9999799254731017, 0.999920302990318, 0.9999392351170844, 0.9976436443299156, 0.9821464688598891, 0.9954654815356293, 0.9999100990938589, 0.9999138363758093, 0.9999279454337806, 0.9899482718193816, 0.9994603931704892, 0.9990648896704847, 0.9995391486273262, 0.9998277855021493, 0.9999420225182097, 0.9999177188772507, 0.9999104474091307, 0.9999154017955887, 0.999918451468635, 0.9999955844064436, 0.9999357627423833, 0.9993242587599132, 0.99911308025271, 0.9992451309471683, 0.9999803624261948, 0.9999999674778277, 0.9999987248692171, 0.9999394602162649, 0.999892650160008, 0.9999551853125613, 0.9999761550746364, 0.9999924214430747, 0.9999109529583275, 0.9993730801553361, 0.9999389490608911, 0.9999983665579011, 0.9999830738704544, 0.9999257837339987, 0.9998186377536927, 0.9999999361259903, 0.9487911086614831, 0.9997846676637769, 0.9990593793695893, 0.999815398746438, 0.9918623167061584, 0.9955612458684501, 