{"metrics": {"test": {"fp": [3], "f1_score": [0.7826086956521738], "risk": [0.22727272727272727], "recall": [0.8181818181818182], "sensitivity": [0.8181818181818182], "precision": [0.75], "tp": [9], "tn": [8], "specificity": [0.7272727272727273], "fn": [2]}, "train": {"fp": [5], "f1_score": [0.8813559322033899], "risk": [0.07608695652173914], "recall": [0.9285714285714286], "sensitivity": [0.9285714285714286], "precision": [0.8387096774193549], "tp": [26], "tn": [59], "specificity": [0.921875], "fn": [2]}}, "model": {"n_features": 999988}, "data": {"path": "/scratch/adrouin/data/patric/single_species_datasets/fusidic_acid___946434054234721145/dataset.kover", "split": "train_0.800_seed_6_10_folds", "uuid": "8b1fcb44-0867-11e8-8137-001b2193b764"}, "predictions": {"binary": [0, 1, 0, 0, 0, 0, 0, 0, 1, 0, 0, 0, 0, 0, 0, 0, 0, 0, 0, 0, 0, 0, 0, 0, 0, 1, 0, 1, 0, 0, 0, 0, 0, 0, 0, 1, 0, 0, 0, 0, 0, 0, 0, 1, 0, 0, 1, 0, 0, 0, 0, 0, 0, 0, 0, 0, 0, 0, 0, 0, 0, 1, 0, 0, 0, 0, 0, 0, 0, 0, 0, 0, 0, 0, 0, 1, 1, 1, 0, 1, 0, 1, 1, 0, 1, 1, 1, 1, 1, 1, 1, 1, 1, 1, 1, 1, 1, 1, 1, 0, 1, 1, 1, 1, 1, 1, 1, 1, 1, 1, 1, 1, 1, 1, 0, 0, 0, 0, 0, 0, 0, 0, 0, 0, 0, 0, 0, 0], "proba": [0.05272075842467675, 0.5785431234816295, 0.05664038085168433, 0.08022451802428501, 0.07613418701891968, 0.057278685757499816, 0.13110455210341784, 0.12818587054533628, 0.5511111725399831, 0.0567813582384078, 0.2735038636282578, 0.14152817368635812, 0.19806432168282545, 0.11962219982764287, 0.03995078152945245, 0.09083004006907897, 0.1391135118337577, 0.27101197968277746, 0.13843204674339227, 0.14225018420389593, 0.05857421681230502, 0.12440934274512977, 0.12850159805307768, 0.15937439526824224, 0.06208010553414019, 0.6745719122232431, 0.15152205883082628, 0.5997240271747396, 0.14247179660803003, 0.17290196731564353, 0.1226125824647089, 0.16931897873592033, 0.04767292483999568, 0.2908753865912172, 0.03417033660808712, 0.5793717233810888, 0.033778034776690176, 0.15199477924215632, 0.10985282664379797, 0.07338597992257945, 0.10377975596590545, 0.1270718861052967, 0.18724140837014494, 0.5460373249006949, 0.06949021859610985, 0.0828931245593103, 0.722050536788619, 0.3655958575839297, 0.1559486761479383, 0.11454504444591732, 0.0593170748479805, 0.034997066376970455, 0.07511552730388818, 0.16811524506819195, 0.03979148674442181, 0.06362886589581285, 0.06746147624042481, 0.22303133541720635, 0.06901878398026079, 0.03715299119745006, 0.013920590038681693, 0.7513579936845474, 0.030925939341757972, 0.20870385010999193, 0.05427704708437485, 0.05545154511554773, 0.06526292419959365, 0.1684747363961815, 0.2267045988664771, 0.1397629725713224, 0.15427149173777902, 0.26587599479420737, 0.06628750568777504, 0.11588706282786213, 0.0759321649665279, 0.5766816510903321, 0.6722079580483629, 0.927508288262648, 0.4030462712214466, 0.592223142284429, 0.206065072222308, 0.8943746755808266, 0.8781835687615227, 0.45549249744587417, 0.982141197739567, 0.8031430098584298, 0.9045546149716016, 0.7305540720554727, 0.9476954313757803, 0.6439300733498009, 0.8994336620211587, 0.8825480572126925, 0.8829238427855106, 0.8998223570343128, 0.958556819324066, 0.9462296353307318, 0.8652471121923454, 0.8616357857103222, 0.9447273570036542, 0.48722119853463575, 0.8729263791383178, 0.8397877410084404, 0.9157266096328778, 0.8878045527003116, 0.9452149243709025, 0.9511547357154776, 0.9246885449886382, 0.7688310549720413, 0.958272736659716, 0.9553845699480817, 0.9373371128807997, 0.9578888368462619, 0.9286210205231901, 0.8659705476673611, 0.4999993712049667, 0.4999993712049667, 0.4999993712049667, 0.4999993712049667, 0.4999993712049667, 0.4999993712049667, 0.4999993712049667, 0.4999993712049667, 0.4999993712049667, 0.4999993712049667, 0.4999993712049667, 0.4999993712049667, 0.4999993712049667, 0.4999993712049667]}}