{"metrics": {"test": {"fp": [0], "f1_score": [0.9787234042553191], "risk": [0.029411764705882353], "recall": [0.9583333333333334], "sensitivity": [0.9583333333333334], "precision": [1.0], "tp": [23], "tn": [10], "specificity": [1.0], "fn": [1]}, "train": {"fp": [1], "f1_score": [0.993939393939394], "risk": [0.007194244604316547], "recall": [1.0], "sensitivity": [1.0], "precision": [0.9879518072289156], "tp": [82], "tn": [56], "specificity": [0.9824561403508771], "fn": [0]}}, "model": {"n_features": 3018843}, "data": {"path": "/scratch/adrouin/data/patric/single_species_datasets/ciprofloxacin___672792900560953954/dataset.kover", "split": "train_0.800_seed_0_10_folds", "uuid": "fe42f54a-0797-11e8-b63e-001b2193b764"}, "predictions": {"binary": [0, 0, 0, 0, 0, 0, 0, 0, 0, 0, 0, 0, 0, 0, 0, 0, 0, 0, 0, 0, 0, 0, 0, 0, 0, 0, 0, 0, 0, 0, 0, 0, 0, 0, 0, 0, 0, 0, 0, 0, 0, 0, 0, 0, 0, 0, 0, 0, 0, 0, 0, 0, 0, 0, 1, 0, 0, 0, 0, 0, 0, 0, 0, 0, 0, 0, 0, 1, 1, 1, 1, 1, 1, 1, 1, 1, 1, 1, 1, 1, 1, 1, 1, 1, 1, 1, 1, 1, 1, 1, 1, 1, 1, 1, 1, 1, 1, 1, 1, 1, 1, 1, 1, 1, 1, 1, 1, 1, 1, 1, 1, 1, 1, 1, 1, 1, 1, 1, 1, 1, 1, 1, 1, 1, 1, 1, 1, 1, 1, 1, 1, 1, 1, 1, 1, 1, 1, 1, 1, 1, 1, 1, 1, 1, 0, 1, 1, 1, 1, 1, 1, 1, 1, 1, 1, 1, 1, 1, 1, 1, 1, 1, 1, 1, 1, 1, 1, 1, 1, 1, 1, 1, 1], "proba": [0.018517345670773556, 0.01850670697512881, 0.015026888368529919, 0.01854402926035482, 0.018518824923604592, 0.018483696069429043, 0.017728541056632036, 0.01852980043440695, 0.01850035282910985, 0.017300828347913518, 0.018024517124147682, 0.01850214826153657, 0.018521089553704892, 0.017285956278281837, 0.017825840406315775, 0.01852443709081285, 0.018487397763097022, 0.018527518995839574, 0.01593564290936809, 0.018506071803141743, 0.01851624052791, 0.021781476658215705, 0.0185000166880371, 0.018489498887350988, 0.018499248341771333, 0.02629953434440125, 0.01661559402780858, 0.018502199207382976, 0.016747980968699613, 0.048355856708842355, 0.018531636043073674, 0.018652048950312715, 0.03768377412160576, 0.018493884295259284, 0.01851702450357289, 0.018492119338278976, 0.017888849943229236, 0.01822514628662881, 0.01849409829352352, 0.0360963993592334, 0.018537044749418058, 0.01851349090670254, 0.012930426631737175, 0.013668455399403753, 0.018529990048024268, 0.018502212549510073, 0.017158157117907625, 0.016521327659128903, 0.017470570325457978, 0.01764308196114632, 0.018527631525261965, 0.017204015844308713, 0.01732037851894294, 0.01849531351733825, 0.9424533554752341, 0.01850617505371615, 0.018532953859035153, 0.013818719034812512, 0.05678010046609738, 0.025961275944626695, 0.017256378471609407, 0.01692556389452342, 0.018480364034546334, 0.018496692943939946, 0.0184847078884368, 0.01850476040383531, 0.018518802864242213, 0.9867065425789029, 0.9856389042099416, 0.9823265534086532, 0.9884332510134862, 0.9874317854474015, 0.9365888766464311, 0.988020160948416, 0.9869714554555701, 0.9856832383497546, 0.9868762885642752, 0.9875165121575538, 0.9834012620969881, 0.9845356334122969, 0.9823366499538234, 0.9801331019172106, 0.9876646686529512, 0.9869938742564719, 0.9823109392064909, 0.9823258126495376, 0.9874887322937509, 0.9883939359926265, 0.9857257863109989, 0.9880062981401263, 0.9869094248930929, 0.9862503092406577, 0.9822782448379827, 0.9840866224591516, 0.9842647323283222, 0.9823203021452452, 0.9841512454004, 0.9873506060858749, 0.9877114369984429, 0.9874857246647316, 0.9892446417453676, 0.9891773768908504, 0.9874180290409157, 0.9883403448512582, 0.9882772159952702, 0.9861173337238711, 0.9834245144987893, 0.9823114185595314, 0.9823143963384631, 0.9823323697948402, 0.9858421036789832, 0.982303793215002, 0.9850432189318794, 0.9837704870085132, 0.9827320719157823, 0.9796387905816775, 0.9823270198519128, 0.9741284832542761, 0.9849160131723881, 0.9857336276861336, 0.9827682153180668, 0.9830781614982308, 0.9823352332802743, 0.9872836123527956, 0.9823311823554858, 0.9823185179618368, 0.9890422239211074, 0.9852390050692407, 0.9882307664173673, 0.988469703882645, 0.9853678192556592, 0.9860702322439113, 0.9878568812413852, 0.9823259051912344, 0.9821745271451701, 0.9822736984839614, 0.9853228238149779, 0.9886978255969244, 0.9880246089658995, 0.9823418221614111, 0.9868012444335246, 0.9892794254197355, 0.9842600626198321, 0.9822817594380441, 0.08844932137854344, 0.9870497526162675, 0.9827415795515879, 0.9823299346062346, 0.9750381229647112, 0.9877424998568823, 0.9855961225464297, 0.9885437989708038, 0.9875369751662108, 0.9823254621396782, 0.9822940783017885, 0.9877247672263673, 0.9857056961227159, 0.9823383626985452, 0.9876723993782012, 0.9823428294403489, 0.987877204382234, 0.9823370110155801, 0.9849215077742837, 0.9859613831737328, 0.9879067940412486, 0.9855308469869155, 0.9876693272843797, 0.9870779806902831, 0.9822923992707515, 0.9845292249116424, 0.9823358635586394, 0.9753771889915719, 0.9874042670014345]}, "cv": {"hps": {"normalize_kernel": false, "degree": 1.0, "regularizer": 1e-05}, "score": 0.02857142857142857}}