{"metrics": {"test": {"fp": [2], "f1_score": [0.8571428571428571], "risk": [0.06896551724137931], "recall": [1.0], "sensitivity": [1.0], "precision": [0.75], "tp": [6], "tn": [21], "specificity": [0.9130434782608695], "fn": [0]}, "train": {"fp": [8], "f1_score": [0.8], "risk": [0.08620689655172414], "recall": [0.9090909090909091], "sensitivity": [0.9090909090909091], "precision": [0.7142857142857143], "tp": [20], "tn": [86], "specificity": [0.9148936170212766], "fn": [2]}}, "model": {"n_features": 5981592}, "data": {"path": "/scratch/adrouin/patric_data/single_species_datasets/clindamycin___49420779660966717/dataset.kover", "split": "train_0.800_seed_0_10_folds", "uuid": "b6ef5dd0-0870-11e8-90b7-001b2193b764"}, "predictions": {"binary": [0, 0, 0, 0, 0, 1, 0, 0, 0, 1, 0, 0, 0, 0, 0, 1, 0, 1, 0, 0, 0, 0, 0, 0, 0, 0, 0, 1, 0, 0, 1, 0, 0, 0, 0, 0, 0, 0, 1, 0, 0, 0, 0, 0, 0, 0, 0, 1, 0, 0, 0, 0, 0, 0, 0, 0, 0, 0, 0, 0, 0, 0, 0, 0, 0, 0, 0, 0, 0, 0, 0, 0, 0, 1, 0, 0, 0, 0, 0, 0, 0, 0, 0, 0, 0, 0, 0, 0, 0, 0, 0, 0, 0, 0, 0, 0, 0, 1, 0, 0, 0, 0, 0, 0, 0, 0, 0, 0, 0, 0, 0, 0, 0, 0, 0, 0, 0, 1, 1, 1, 1, 1, 1, 0, 1, 1, 1, 1, 0, 1, 1, 1, 1, 1, 1, 1, 1, 1, 1, 1, 1, 1, 1, 1, 1], "proba": [0.560225690696455, 0.5426209857914346, 0.539290366465243, 0.538938866232882, 0.6119100608995915, 0.4967431293472741, 0.5595568643368912, 0.5489567366581435, 0.5728299569813861, 0.38837441081207563, 0.6065704411300251, 0.6010756355666769, 0.5566580471687781, 0.547451780561821, 0.5612971261220213, 0.3886772052405694, 0.5326425684948961, 0.41078454151160054, 0.5554462668876087, 0.5791974044773986, 0.5467676754574164, 0.5816218337238321, 0.5577519436518579, 0.5580190161302447, 0.5829880522015007, 0.5417321886293185, 0.6086985522945859, 0.4275970314689621, 0.5392949651948232, 0.6095481414431356, 0.39122189822102893, 0.5410334552326221, 0.6024115186999284, 0.550336196661639, 0.5812858610679486, 0.5398021787285735, 0.5712503542207203, 0.5804886873611996, 0.40720785709462776, 0.5611552201134544, 0.5296392556196086, 0.604382122030873, 0.5511876481300945, 0.5979349228842096, 0.5667772641401505, 0.5439160976359504, 0.5709372550960343, 0.3862486432262096, 0.548902873547454, 0.609794775690476, 0.5656682473703543, 0.54574054359911, 0.5367986499069342, 0.557700711532175, 0.5526096336774832, 0.6090427850190878, 0.549615602446344, 0.5498969920846145, 0.5565184997459367, 0.5726747278836045, 0.5665238977154862, 0.5829291936464371, 0.6056576417179329, 0.5709513302153079]}}