{"metrics": {"test": {"fp": [6], "f1_score": [0.8607594936708861], "risk": [0.11956521739130435], "recall": [0.8717948717948718], "sensitivity": [0.8717948717948718], "precision": [0.85], "tp": [34], "tn": [47], "specificity": [0.8867924528301887], "fn": [5]}, "train": {"fp": [0], "f1_score": [0.9971181556195965], "risk": [0.0027100271002710027], "recall": [0.9942528735632183], "sensitivity": [0.9942528735632183], "precision": [1.0], "tp": [173], "tn": [195], "specificity": [1.0], "fn": [1]}}, "model": {"n_features": 999619}, "data": {"path": "/scratch/adrouin/patric_data/single_species_datasets/azithromycin___-8916328542551230855/dataset.kover", "split": "train_0.800_seed_4_10_folds", "uuid": "1873357e-547d-11e8-9998-f0921c053df8"}, "predictions": {"binary": [0, 0, 0, 0, 0, 0, 0, 0, 0, 0, 0, 0, 0, 0, 0, 0, 0, 0, 0, 0, 0, 0, 1, 0, 0, 0, 0, 0, 0, 0, 0, 0, 0, 0, 0, 0, 0, 0, 0, 0, 0, 0, 0, 0, 0, 0, 0, 0, 0, 0, 0, 0, 0, 0, 1, 0, 0, 0, 1, 0, 0, 0, 0, 0, 0, 0, 0, 0, 0, 0, 0, 0, 0, 0, 0, 0, 0, 0, 0, 0, 0, 0, 0, 0, 0, 0, 0, 0, 0, 0, 0, 0, 0, 0, 0, 0, 0, 0, 0, 0, 0, 0, 0, 0, 0, 0, 0, 0, 0, 0, 0, 0, 0, 0, 0, 0, 0, 0, 0, 0, 0, 0, 0, 0, 0, 0, 0, 0, 0, 0, 0, 0, 0, 0, 0, 0, 0, 0, 0, 0, 0, 0, 0, 0, 0, 1, 0, 0, 0, 1, 0, 0, 0, 0, 0, 0, 0, 0, 0, 0, 0, 0, 0, 0, 0, 0, 0, 0, 1, 0, 0, 0, 0, 0, 0, 0, 0, 0, 0, 0, 0, 0, 0, 0, 0, 0, 0, 0, 0, 0, 0, 0, 0, 0, 0, 0, 0, 0, 0, 0, 0, 0, 0, 0, 0, 0, 0, 0, 0, 0, 0, 0, 0, 0, 0, 0, 0, 0, 0, 0, 0, 0, 0, 0, 0, 0, 0, 0, 0, 0, 0, 0, 0, 0, 0, 0, 0, 0, 0, 0, 0, 0, 0, 0, 0, 0, 0, 0, 1, 1, 1, 1, 1, 1, 1, 1, 1, 1, 1, 1, 1, 1, 1, 1, 0, 1, 1, 1, 1, 1, 1, 1, 1, 1, 1, 1, 1, 1, 1, 0, 1, 1, 1, 1, 1, 1, 1, 1, 1, 1, 1, 1, 1, 1, 1, 1, 1, 1, 1, 1, 1, 1, 1, 1, 1, 1, 1, 1, 1, 1, 1, 1, 1, 1, 1, 1, 1, 1, 1, 1, 1, 1, 1, 1, 1, 1, 1, 1, 0, 1, 1, 1, 1, 1, 1, 1, 1, 1, 0, 1, 1, 1, 1, 1, 1, 1, 1, 1, 1, 1, 1, 1, 1, 1, 1, 1, 1, 1, 1, 1, 1, 1, 1, 1, 1, 1, 1, 1, 1, 1, 1, 1, 1, 1, 1, 1, 1, 1, 1, 1, 1, 1, 1, 1, 1, 1, 1, 1, 1, 1, 1, 1, 1, 1, 1, 1, 1, 1, 1, 1, 1, 1, 1, 1, 1, 1, 1, 1, 1, 1, 1, 1, 1, 1, 1, 1, 1, 1, 1, 1, 1, 1, 0, 1, 1, 1, 1, 1, 1, 1, 1, 1, 1, 1, 1, 1, 1, 1, 1, 1, 1, 1, 1, 1, 1, 1, 1, 1, 1, 1, 1, 1, 1, 1, 1, 1, 1, 1, 0, 1, 1, 0, 0, 0, 0, 0, 0, 0, 0, 0, 0, 0, 0, 0, 0, 0, 0, 0, 0, 0, 0, 0, 0, 0, 0, 0, 0, 0, 0, 0, 0, 0, 0, 0, 0, 0, 0, 0, 0, 0, 0, 0, 0, 0, 0, 0, 0, 0, 0, 0, 0, 0], "proba": [1.4362726725958782e-06, 1.2956276666515364e-07, 0.00028595814953262326, 2.791023537101349e-06, 0.012345056163004587, 0.003182092883457171, 0.00039519946533261434, 0.0007261138581383904, 0.00023462679724037554, 8.69131151068118e-06, 1.843227946277431e-05, 4.5974636073754526e-07, 3.762174350621351e-05, 0.015446743483875114, 1.6461647610855776e-06, 0.004899973340010846, 0.00016738202658788545, 0.00012854626938069264, 0.0017343746645407262, 1.591859400330459e-05, 6.258011284901131e-06, 3.652477826491073e-05, 0.747032307630527, 2.7076260165031154e-05, 3.175891275463803e-06, 1.272655151839046e-07, 4.4727485333379375e-05, 0.0010641302350266003, 6.58389560800069e-05, 4.153358302425877e-05, 2.294555742745957e-05, 1.3485276367997016e-06, 2.0199533785676245e-06, 0.00931856593303069, 0.005052476094632215, 3.6627848190137283e-06, 3.181674150647766e-05, 0.013341457361465496, 0.014065615108138077, 0.00025109728418092937, 3.163364478675926e-05, 2.0627793222901343e-06, 0.01533350277129008, 5.5358855846017876e-05, 0.004362021376325472, 5.820962400573716e-07, 0.020985459356225596, 2.066098228061741e-05, 2.3340157096472045e-06, 0.00334981104128426, 4.290441333981599e-07, 0.0066228539482769055, 3.4740165109297373e-06, 3.1114436052663514e-05, 0.9999541295692062, 0.00245841999539098, 0.00015534962051815332, 0.00045587632458065535, 0.6711842060277361, 0.00018935798144271824, 6.35369049866213e-06, 0.0009785667569224862, 0.012271514680822567, 0.0017247333219115842, 6.201783320596973e-07, 1.7707487347296562e-06, 0.0028155873093364636, 5.098466555941976e-05, 2.928728727790684e-05, 0.00023275856298176508, 0.0008579608857626283, 0.45455557645983236, 5.84757737976534e-07, 8.424674405139848e-07, 3.812801570662799e-05, 0.00014338701585478298, 4.4604349865810065e-05, 0.011011904860859153, 0.0012004620728645068, 3.965216827677334e-05, 7.802040023804913e-06, 3.309515028558711e-07, 3.0179371654174026e-05, 0.00016763667946632013, 0.0003865605026696114, 0.00035089259224379123, 3.597370072038175e-05, 7.994198659736294e-05, 0.0018434049612595206, 1.5880436956391366e-06, 1.3231496598205873e-05, 0.0003923650524395585, 0.0013463935681925895, 5.2340550050159965e-05, 1.8492136683322516e-09, 3.1145513331914284e-07, 0.005665640846686795, 0.0008624284008374511, 3.563344390601931e-07, 0.10032993580222876, 0.0024587518789328713, 0.0014708967644463482, 0.0015355537779439647, 6.79556829956859e-05, 1.934209874400065e-06, 0.0001670179911568667, 1.944782159619006e-05, 1.8561998207268586e-06, 2.9802402176044512e-05, 9.013481678527417e-06, 1.7742404831730568e-06, 7.427685796817619e-05, 0.0010378217493807055, 3.522258131686084e-07, 2.5608598643464606e-05, 9.102651696063209e-05, 0.0006141864741506798, 0.005419004523772918, 0.0031146328055019056, 1.1219122567703209e-05, 0.039482149139545945, 8.105679099226972e-06, 6.488337953178279e-07, 0.0032681316853913744, 0.002397151037645181, 1.664888174931346e-06, 0.0021746841820407124, 3.89382114225021e-05, 2.3875412662171365e-05, 0.008312223866868232, 2.9875745743652843e-05, 2.4709185086648475e-05, 7.555871114085654e-05, 6.339859278013606e-05, 1.5445572693731202e-05, 5.110432660247748e-06, 0.0002447932747249287, 2.663204854964649e-05, 0.000760709192423727, 0.0005722418966176355, 4.1337154752288276e-05, 5.052788983930664e-05, 0.0038091113214766556, 5.202326081890562e-06, 1.6255653857263143e-05, 0.9995518015636119, 3.28572614765748e-05, 2.4785844486933814e-06, 1.5249041459433797e-06, 0.9991765507716333, 0.00019942079394910358, 0.008727172030488263, 5.208126083461865e-05, 1.4092376781241086e-05, 0.0012915017136363022, 0.00020259681349263538, 1.0442075681209523e-05, 9.965238921245179e-05, 8.87329353943066e-07, 1.5346902050863826e-06, 1.5164575002079026e-05, 2.3346583512676654e-05, 7.536952958720989e-05, 3.844026047047534e-06, 0.0018912617910662615, 5.165212139987102e-05, 3.409936560071775e-06, 1.690239016137926e-05, 0.9809104618443809, 0.00015039977667387624, 0.0025691280836090324, 0.00013741216563067, 3.6372810403623274e-06, 0.00020150078182914533, 0.200015382472942, 4.539824838145075e-06, 3.3034358298822973e-06, 8.405300700441634e-05, 0.004820793458512727, 4.4134397095116515e-05, 0.0004293363142994136, 1.9839308037884924e-05, 0.0021116138497599044, 0.00015049780080839971, 0.0011254021995095447, 0.0008390083119057789, 0.0002328868145522287, 0.023648736301037615, 0.00024778551947594245, 0.001329970848551126, 0.0006990739858468172, 0.00023524453119598418, 4.46882651820424e-05, 0.007674545442770509, 0.02611911305117293, 4.407314580558488e-05, 0.0001958811494865576, 0.2829734527112362, 4.485698448328123e-06, 0.00020561906655440065, 0.00804616146440718, 0.0003685477901517195, 0.00015316071315830864, 1.2478311292483849e-06, 1.235182833601176e-05, 0.0014812120225950955, 0.0006642400082859696, 0.0014611908864956627, 5.445451816336216e-05, 0.000323601360913954, 0.00010471542162393297, 2.0010839768877138e-05, 4.1397631629269656e-05, 7.592542746452156e-05, 1.2857600234144411e-06, 1.4677683339352308e-06, 2.596132707572161e-07, 0.0003270811567083673, 1.2260757678471713e-06, 0.012665432628304484, 0.001333219191942646, 0.0005353828328905459, 0.00011800245289481445, 0.012583898153090762, 0.0015274103841509267, 1.078874980586297e-05, 0.0061691025214365295, 0.0002471326376824713, 0.0022953417669971114, 0.00030567826100008166, 4.337518228399064e-05, 7.104001732632417e-06, 8.068550276839172e-05, 0.0002267844158415885, 0.0012367605359669535, 2.628779358700479e-06, 1.1589702585710734e-05, 0.002220599214031147, 2.7448897600704693e-05, 7.650272701503786e-07, 2.3526436118983196e-06, 0.00013543027702417332, 4.5302642109727633e-05, 1.8131615806757305e-06, 6.748336692870429e-07, 4.843602720629231e-05, 4.9541845576846226e-06,