{"classifications": {"train_errors": ["470.649", "470.733", "470.703", "470.1557", "470.704", "470.687", "470.626", "470.761", "1398969.3", "470.1553"], "test_correct": ["470.1561", "470.1549", "470.631", "470.1359", "1398977.3", "470.661", "1398971.3", "470.644", "470.1336", "470.677", "470.678", "470.746", "470.715", "470.634", "470.701", "470.718", "470.702", "470.620", "470.739", "470.618", "470.752", "470.711", "470.705", "1398953.3", "470.729", "1398974.3"], "train_correct": ["470.731", "470.1564", "470.1562", "470.635", "470.1548", "470.1550", "470.758", "470.1551", "470.625", "470.658", "470.638", "470.1552", "1398962.3", "470.659", "1398950.3", "470.765", "470.767", "470.655", "1398944.3", "1398980.3", "1398979.3", "470.1565", "470.768", "470.762", "1398972.3", "1398970.3", "470.645", "470.647", "1398949.3", "470.683", "470.675", "470.679", "470.682", "470.674", "470.740", "470.722", "470.632", "470.721", "470.747", "470.720", "470.700", "470.696", "470.695", "470.630", "470.663", "470.651", "470.710", "470.736", "470.685", "470.642", "470.735", "470.734", "470.636", "470.633", "470.708", "470.698", "470.697", "470.730", "470.737", "470.744", "470.717", "470.713", "470.760", "470.750", "470.749", "470.612", "470.732", "470.641", "470.742", "1398990.4", "1398991.3", "470.2847", "470.1558", "1398957.3", "1398965.4", "1398986.3", "1398947.3", "470.712", "470.709", "470.706", "470.686", "470.681", "470.657", "1398948.3", "1398952.3", "470.662", "1398954.3", "1398985.3", "1398984.3", "1398956.3", "470.741", "470.763", "470.759", "470.757", "470.756", "470.755", "470.754", "470.748", "470.680", "470.613", "470.673", "470.1333", "1398958.3", "1398959.3", "1398963.3", "1398964.3", "470.629", "1398967.3", "470.1339", "1398973.3", "1398975.3", "1398983.3", "470.743", "470.1559"], "test_errors": ["470.2845", "470.2846", "470.2844", "470.1554", "470.1337"]}, "metrics": {"test": {"fp": [0], "f1_score": [0.8717948717948718], "risk": [0.16129032258064516], "recall": [0.7727272727272727], "sensitivity": [0.7727272727272727], "precision": [1.0], "tp": [17], "tn": [9], "specificity": [1.0], "fn": [5]}, "train": {"fp": [6], "f1_score": [0.9444444444444444], "risk": [0.08064516129032258], "recall": [0.9550561797752809], "sensitivity": [0.9550561797752809], "precision": [0.9340659340659341], "tp": [85], "bound": 0.5798356224217809, "tn": [29], "specificity": [0.8285714285714286], "fn": [4]}}, "model": {"rules": ["Presence(AAAAAGTTTTAGTTCGAGTTCTGAATATTAT)", "Presence(ATTCTGACTTATTCCATGATGGCAAGGTCTA)", "Absence(AAAAATTTTTATAACGGTAAAACTATGCCAA)"], "type": "disjunction", "n_rules": 3, "rule_importances": [0.8681318681318682, 0.7142857142857143, 0.07692307692307693]}, "data": {"path": "/scratch/adrouin/data/patric/single_species_datasets/ampicillin_sulbactam___-3225223558739261696/dataset.kover", "uuid": "b4df14cc-0578-11e8-aea5-001b2193b764", "split": "train_0.800_seed_2_10_folds"}, "cv": {"candidate_hp": {"model_type": ["conjunction", "disjunction"], "p": [1.0, 1.778, 3.162, 5.623, 10.0], "max_rules": 20}, "best_hp": {"score": 0.11923076923076922, "values": {"model_type": "disjunction", "p": 1.778, "max_rules": 3}}, "strategy": "cv"}, "running_time": 675}