{"metrics": {"test": {"fp": [3], "f1_score": [0.6666666666666667], "risk": [0.3125], "recall": [0.5882352941176471], "sensitivity": [0.5882352941176471], "precision": [0.7692307692307693], "tp": [10], "tn": [12], "specificity": [0.8], "fn": [7]}, "train": {"fp": [1], "f1_score": [0.9818181818181818], "risk": [0.015503875968992248], "recall": [0.9818181818181818], "sensitivity": [0.9818181818181818], "precision": [0.9818181818181818], "tp": [54], "tn": [73], "specificity": [0.9864864864864865], "fn": [1]}}, "model": {"n_features": 1000000}, "data": {"path": "/scratch/adrouin/data/patric/single_species_datasets/rifabutin___260162261243005161/dataset.kover", "split": "train_0.800_seed_8_10_folds", "uuid": "0c0af0ac-077e-11e8-81c0-001b2193b764"}, "predictions": {"binary": [0, 0, 0, 0, 0, 0, 0, 1, 0, 0, 0, 0, 0, 1, 0, 0, 0, 0, 1, 0, 0, 0, 0, 0, 0, 0, 0, 0, 0, 0, 0, 0, 0, 0, 0, 0, 0, 0, 0, 0, 0, 0, 0, 0, 0, 0, 0, 0, 0, 0, 0, 0, 0, 0, 0, 0, 0, 0, 0, 0, 0, 0, 0, 0, 0, 0, 1, 0, 0, 0, 0, 0, 0, 0, 0, 0, 0, 0, 0, 0, 0, 0, 0, 0, 0, 0, 0, 0, 0, 1, 1, 1, 1, 1, 1, 1, 1, 1, 1, 1, 1, 1, 1, 1, 0, 1, 1, 1, 0, 1, 1, 1, 1, 1, 1, 0, 1, 1, 1, 1, 1, 1, 1, 1, 1, 1, 1, 1, 1, 1, 1, 1, 1, 1, 1, 1, 1, 0, 1, 0, 1, 1, 0, 1, 1, 1, 1, 0, 1, 1, 1, 1, 1, 1, 1, 1, 1, 1, 0, 1, 1, 1, 1, 1, 1, 1, 1, 1, 1, 1, 1, 1, 1, 1, 1, 1, 1, 1, 1, 1, 1, 1, 1, 1, 1, 1, 1, 1, 1, 1, 1, 1], "proba": [0.015832405232469364, 0.29227058839528824, 0.002586535880611113, 0.020483738786148512, 0.053899981765439746, 0.12365222026370419, 0.010212915175114794, 0.793815777281543, 0.04564831456534389, 0.12169516333645325, 0.03587627386763892, 0.01648245440304585, 0.00840302102428741, 0.9170351996157008, 0.06059114344396695, 0.03847026013809103, 0.010242413013756023, 0.055991137136803065, 0.960193640395539, 0.012355260970779353, 0.0855354814792587, 0.07721786175991938, 0.0071110487963099165, 0.023381874565262816, 0.020514439554095064, 0.013098672858522996, 0.009136741779104104, 0.02610680125906189, 0.0503812654888361, 0.10159622291476637, 0.02393037792776414, 0.00686804068455791, 0.03143995910177133, 0.12736849697059788, 0.0036651153876608457, 0.020219289807649643, 0.014781396532184486, 0.10652351539293446, 0.05005794168641232, 0.01748778891440707, 0.24142319493329184, 0.006764170500477841, 0.26978266265685275, 0.031117548204360867, 0.28133122277771916, 0.18655389273848755, 0.03640461516638066, 0.01327590666928807, 0.13288398025071607, 0.2683677892260587, 0.038318969785107446, 0.11238898845466239, 0.19640963715250565, 0.3396757019508469, 0.013457635609736982, 0.006467520208098587, 0.01633631253231072, 0.020283520428900408, 0.14511290848690125, 0.200494916910131, 0.034515530677829975, 0.12220987833269975, 0.01676060334365316, 0.115806759699526, 0.057981687450097935, 0.017265786271104453, 0.7443022396368622, 0.1293355876911147, 0.028882854846791907, 0.008458499456679506, 0.0022262853144392972, 0.0011730705902905808, 0.026920077696942796, 0.015945940913399757, 0.10665186232391982, 0.008481338351714753, 0.010261043206229043, 0.013863353541431044, 0.08144719856095362, 0.06485425644230988, 0.3578263839388414, 0.1919247418807914, 0.25337733044123284, 0.008401523106909359, 0.09998237696557585, 0.18170263305648218, 0.11635282118174255, 0.0017086029961066382, 0.025184875452023508, 0.9771674409231179, 0.9653933399561002, 0.7380636703472252, 0.8595133646417221, 0.9750050805952158, 0.8315486997438468, 0.9575507891974536, 0.9716297881280243, 0.9731190155193167, 0.959540764782404, 0.9748929633728367, 0.9350974283194875, 0.9869770691989479, 0.7591548233826997, 0.6383533889501435, 0.224741677203388, 0.9196172446857579, 0.9141472309111681, 0.9279489899376698, 0.22276129742842155, 0.8514969213440176, 0.9485929063594667, 0.9015046368356454, 0.9061409492204051, 0.9520053183094005, 0.8619333751491566, 0.47085017992784245, 0.9630798733060082, 0.976789014957343, 0.9709860517880328, 0.9592551677649727, 0.9731950576213643, 0.9688826901771916, 0.7537294227908524, 0.932666875834181, 0.9015404677262333, 0.9894629184882142, 0.9717665616437642, 0.9660781611282314, 0.8779678862919749, 0.9533924460411629, 0.9887192775863076, 0.9809865006078924, 0.8969190283697257, 0.7375128742428645, 0.512253659954278, 0.9672722366013697, 0.9835872947876079, 0.010154635591445303, 0.9500582698177257, 0.03747890067565231, 0.9789623136062381, 0.9188030139975552, 0.3575483573797283, 0.9702365397679739, 0.9648435370010682, 0.976994296296801, 0.6487128451905226, 0.3302484323618607, 0.9492366600232672, 0.9701743643527209, 0.9733077140420665, 0.9489505814192889, 0.9810894479081274, 0.9800595324475246, 0.9746154864912028, 0.9691485067022406, 0.9464194914447912, 0.8909047767618588, 0.4795824342081818, 0.7464402861794688, 0.914541383931942, 0.5000017291053499, 0.5000017291053499, 0.5000017291053499, 0.5000017291053499, 0.5000017291053499, 0.5000017291053499, 0.5000017291053499, 0.5000017291053499, 0.5000017291053499, 0.5000017291053499, 0.5000017291053499, 0.5000017291053499, 0.5000017291053499, 0.5000017291053499, 0.5000017291053499, 0.5000017291053499, 0.5000017291053499, 0.5000017291053499, 0.5000017291053499, 0.5000017291053499, 0.5000017291053499, 0.5000017291053499, 0.5000017291053499, 0.5000017291053499, 0.5000017291053499, 0.5000017291053499, 0.5000017291053499, 0.5000017291053499, 0.5000017291053499, 0.5000017291053499, 0.5000017291053499]}}