{"metrics": {"test": {"fp": [0], "f1_score": [1.0], "risk": [0.0], "recall": [1.0], "sensitivity": [1.0], "precision": [1.0], "tp": [5], "tn": [12], "specificity": [1.0], "fn": [0]}, "train": {"fp": [0], "f1_score": [0.9850746268656716], "risk": [0.014705882352941176], "recall": [0.9705882352941176], "sensitivity": [0.9705882352941176], "precision": [1.0], "tp": [33], "tn": [34], "specificity": [1.0], "fn": [1]}}, "model": {"n_features": 54}, "data": {"path": "/scratch/adrouin/patric_data/single_species_datasets/oxacillin___6654735289702248879/dataset.kover", "split": "train_0.800_seed_1_10_folds", "uuid": "5e68fc00-084a-11e8-a17e-001b2193b764"}, "predictions": {"binary": [0, 0, 0, 0, 0, 0, 0, 0, 0, 0, 0, 0, 0, 0, 0, 0, 0, 0, 0, 0, 0, 0, 0, 0, 0, 0, 0, 0, 0, 0, 0, 0, 0, 0, 0, 0, 0, 0, 0, 0, 0, 0, 0, 0, 0, 0, 1, 1, 1, 1, 1, 1, 1, 1, 1, 1, 1, 1, 1, 0, 1, 1, 1, 1, 1, 1, 1, 1, 1, 1, 1, 1, 1, 1, 1, 1, 1, 1, 1, 1, 1, 1, 1, 1, 1, 0, 0, 0, 0, 0, 0, 0, 0, 0, 0, 0, 0, 0, 0, 0, 0, 0, 0, 0, 0, 0, 0, 0, 0, 0, 0, 0, 0, 0, 0, 0, 0, 0, 0, 0, 0, 0, 0, 0, 0, 0, 0, 0], "proba": [0.2722426285900653, 0.38225457023540826, 0.37676913824325015, 0.37676913824325015, 0.2722426285900653, 0.5, 0.2722426285900653, 0.2722426285900653, 0.37676913824325015, 0.2722426285900653, 0.2722426285900653, 0.38225457023540826, 0.38225457023540826, 0.2722426285900653, 0.2722426285900653, 0.2722426285900653, 0.37676913824325015, 0.38225457023540826, 0.2722426285900653, 0.37676913824325015, 0.37676913824325015, 0.2722426285900653, 0.2722426285900653, 0.2722426285900653, 0.37676913824325015, 0.2722426285900653, 0.2722426285900653, 0.37676913824325015, 0.5, 0.37676913824325015, 0.37676913824325015, 0.37676913824325015, 0.37676913824325015, 0.2722426285900653, 0.37676913824325015, 0.37676913824325015, 0.2722426285900653, 0.2722426285900653, 0.37676913824325015, 0.2722426285900653, 0.38225457023540826, 0.37676913824325015, 0.38225457023540826, 0.38225457023540826, 0.38225457023540826, 0.2722426285900653, 0.8524435347811862, 0.8524435347811862, 0.7774057269547753, 0.8524435347811862, 0.7774057269547753, 0.8524435347811862, 0.8524435347811862, 0.7774057269547753, 0.8524435347811862, 0.8524435347811862, 0.7774057269547753, 0.7774057269547753, 0.8524435347811862, 0.5, 0.8524435347811862, 0.8524435347811862, 0.8524435347811862, 0.8524435347811862, 0.7774057269547753, 0.8524435347811862, 0.7774057269547753, 0.7774057269547753, 0.7774057269547753, 0.7774057269547753, 0.7774057269547753, 0.8524435347811862, 0.7774057269547753, 0.7774057269547753, 0.8524435347811862, 0.7774057269547753, 0.7774057269547753, 0.8524435347811862, 0.8524435347811862, 0.8524435347811862, 0.7774057269547753, 0.8524435347811862, 0.7774057269547753, 0.7774057269547753, 0.7774057269547753, 0.5, 0.5, 0.5, 0.5, 0.5, 0.5, 0.5, 0.5, 0.5, 0.5, 0.5, 0.5, 0.5, 0.5, 0.5, 0.5, 0.5, 0.5, 0.5, 0.5, 0.5, 0.5, 0.5, 0.5, 0.5, 0.5, 0.5, 0.5, 0.5, 0.5, 0.5, 0.5, 0.5, 0.5, 0.5, 0.5, 0.5, 0.5, 0.5, 0.5, 0.5, 0.5, 0.5]}}