{"metrics": {"test": {"fp": [4], "f1_score": [0.9152542372881356], "risk": [0.10101010101010101], "recall": [0.9], "sensitivity": [0.9], "precision": [0.9310344827586207], "tp": [54], "tn": [35], "specificity": [0.8974358974358975], "fn": [6]}, "train": {"fp": [4], "f1_score": [0.9810606060606061], "risk": [0.025], "recall": [0.9773584905660377], "sensitivity": [0.9773584905660377], "precision": [0.9847908745247148], "tp": [259], "tn": [131], "specificity": [0.9703703703703703], "fn": [6]}}, "model": {"n_features": 42406238}, "data": {"path": "/scratch/adrouin/data/patric/single_species_datasets/imipenem___-3225223558739261696/dataset.kover", "split": "train_0.800_seed_6_10_folds", "uuid": "b4e39f74-0578-11e8-932f-001b2193b764"}, "predictions": {"binary": [0, 0, 0, 0, 0, 0, 0, 0, 0, 0, 0, 0, 0, 0, 0, 0, 0, 0, 0, 0, 0, 0, 0, 0, 0, 0, 0, 0, 0, 0, 0, 0, 0, 1, 0, 0, 0, 0, 0, 1, 0, 0, 0, 0, 0, 0, 0, 0, 0, 0, 0, 0, 0, 0, 0, 0, 0, 0, 1, 0, 0, 0, 1, 0, 0, 0, 0, 0, 0, 0, 0, 0, 0, 0, 0, 0, 0, 0, 0, 0, 0, 0, 1, 0, 0, 0, 0, 0, 0, 0, 0, 0, 0, 0, 0, 0, 0, 0, 0, 0, 0, 0, 0, 0, 0, 0, 0, 0, 0, 0, 0, 0, 0, 0, 0, 0, 0, 0, 0, 0, 0, 0, 0, 0, 0, 0, 0, 0, 0, 0, 0, 0, 0, 0, 0, 0, 1, 0, 0, 0, 0, 0, 0, 0, 0, 0, 0, 0, 0, 0, 0, 0, 0, 1, 0, 1, 0, 0, 0, 0, 0, 0, 0, 0, 0, 0, 0, 0, 0, 0, 0, 0, 0, 0, 1, 1, 1, 1, 1, 1, 1, 1, 1, 1, 1, 1, 1, 1, 1, 1, 1, 1, 1, 1, 1, 1, 1, 1, 1, 1, 1, 1, 1, 1, 1, 1, 1, 1, 1, 1, 1, 1, 1, 1, 1, 1, 1, 1, 1, 1, 1, 1, 1, 1, 1, 1, 1, 1, 1, 1, 1, 1, 1, 1, 1, 1, 1, 1, 1, 1, 1, 1, 1, 1, 1, 1, 1, 1, 1, 1, 1, 1, 1, 1, 1, 1, 1, 1, 1, 1, 1, 1, 1, 1, 1, 1, 1, 1, 1, 1, 1, 1, 1, 1, 1, 1, 1, 1, 1, 1, 1, 1, 1, 1, 1, 1, 1, 1, 1, 1, 1, 1, 1, 1, 1, 1, 1, 1, 1, 1, 1, 1, 1, 1, 1, 1, 1, 1, 1, 1, 1, 1, 1, 1, 1, 1, 1, 1, 1, 0, 1, 1, 1, 1, 1, 1, 1, 1, 1, 1, 1, 0, 1, 1, 1, 1, 1, 1, 1, 1, 1, 1, 1, 1, 1, 1, 1, 1, 1, 1, 1, 1, 1, 1, 1, 1, 1, 1, 1, 1, 1, 0, 1, 1, 1, 1, 1, 1, 1, 1, 1, 1, 1, 1, 1, 1, 1, 1, 1, 1, 1, 1, 1, 1, 1, 1, 1, 1, 1, 1, 1, 1, 1, 1, 1, 0, 1, 1, 1, 1, 1, 1, 1, 1, 1, 1, 1, 1, 1, 1, 1, 1, 1, 1, 1, 1, 1, 0, 1, 1, 1, 1, 1, 1, 1, 1, 1, 1, 1, 1, 1, 1, 1, 1, 1, 1, 1, 1, 1, 1, 1, 1, 1, 1, 1, 1, 1, 1, 1, 1, 1, 1, 1, 1, 1, 1, 1, 0, 1, 1, 1, 0, 1, 1, 1, 1, 1, 1, 1, 1, 1, 0, 1, 1, 1, 0, 1, 1, 1, 1, 1, 0, 1, 1, 1, 1, 1, 1, 1, 1, 0, 0, 1, 1, 1, 1, 1, 1, 1], "proba": [0.07452494475562166, 0.06340759047920885, 0.06303364603730384, 0.14828839536864558, 0.0745378802506687, 0.07446846253460941, 0.07449774929379176, 0.07452875088043719, 0.0745544022471649, 0.07960021376486387, 0.07439716296107382, 0.07444738280630735, 0.07441168944863046, 0.07448163884141079, 0.0744861868392211, 0.2803592370961572, 0.07441006868791783, 0.07454165723069986, 0.07445877846231735, 0.07447769427316576, 0.07447469730880317, 0.07454045492926868, 0.07455050451493393, 0.07447266251944817, 0.09495782087000786, 0.0744625681290591, 0.30497915689014243, 0.07439608667588486, 0.07445126917055454, 0.07444976255234621, 0.07444282223515575, 0.25791514028673046, 0.07450235159641266, 0.9271727205755518, 0.07450783771051765, 0.07452020535541386, 0.11459326196701917, 0.0745518421784129, 0.07454058854063292, 0.8661388837971983, 0.23077416584056826, 0.24437144359441315, 0.07587548495290238, 0.20903519527229752, 0.07452263586189162, 0.07443819379079898, 0.03401243262327848, 0.07440976284302107, 0.07446961203103405, 0.07444901248154435, 0.07447992663804716, 0.0744690157751428, 0.07448843953548138, 0.07455469580901285, 0.07448784431419711, 0.07448392366765562, 0.064951765624155, 0.10751799567766773, 0.8816891572531197, 0.07447469070638345, 0.07452494470508009, 0.07455957475616137, 0.8925739677749611, 0.2842727449491259, 0.07446861139025608, 0.07455174285236137, 0.035538085893525466, 0.07444452490664673, 0.09023946751290537, 0.07439328651670853, 0.2240708866022232, 0.07443167099857971, 0.07439484470006498, 0.1188669890682688, 0.07448394485278587, 0.1318306752750254, 0.07454820394029522, 0.28667438250440985, 0.07447493240658462, 0.07439091109883743, 0.2616726559168846, 0.07450335807336277, 0.589436334538629, 0.07447947193753776, 0.07451923765149587, 0.16153182067885655, 0.07425360284896321, 0.07444252690290841, 0.07564527858904141, 0.07444479832258938, 0.07449369935034952, 0.07455494056316897, 0.07449127107405937, 0.07448697655664559, 0.07446871057353563, 0.0745137659091327, 0.07441621062762, 0.07450044877619098, 0.07441837815958509, 0.03633884159339575, 0.07454147983429427, 0.18376625578031766, 0.07448621551655255, 0.07440268473148338, 0.07447191859897193, 0.07438546743618228, 0.22029841772916067, 0.04136656050875476, 0.07443284847788559, 0.074442827799863, 0.08775911129827771, 0.07444527627459967, 0.07445645714627908, 0.07447133519049322, 0.11652802655455072, 0.07444321842384295, 0.1441825564390013, 0.07438793112842397, 0.2786815743834863, 0.15467057761290365, 0.07446906594615256, 0.07444516342541509, 0.07452489184352144, 0.08780289003774912, 0.1398596138023914, 0.14994151116371096, 0.07449215234057611, 0.22086076280229458, 0.0744719186914, 0.25467397352401666, 0.08059804299571806, 0.0744883442271389, 0.09007232047972641, 0.387976221331296, 0.0811152307611997, 0.07349776044217354, 0.9175816914415318, 0.06631542131929642, 0.0652890778025556, 0.07450198225619209, 0.07448400902916612, 0.07449589458837065, 0.07445745560302756, 0.07443992229785731, 0.07440476030550919, 0.07454679313828039, 0.07447282817567058, 0.07941020513671072, 0.07441490386769102, 0.19356685947974397, 0.07450768720924657, 0.07452742201976888, 0.07443895502024268, 0.9245162818079353, 0.07452306661744444, 0.7483721078449614, 0.07445893311694729, 0.07447868817868042, 0.07450198173208285, 0.07452303644907825, 0.07448704424438721, 0.07663986606841985, 0.07442841826149725, 0.07440651525594144, 0.07447276677249585, 0.07447424372137225, 0.07453175561002251, 0.0744857438350505, 0.07444835496096887, 0.07453183515051104, 0.07449774207648957, 0.07445434413565032, 0.03541952790686511, 0.07452358715898026, 0.9321850994427188, 0.932216793142675, 0.9322489708619603, 0.9322292627990816, 0.9564904855908615, 0.9609675926791191, 0.9322138426289912, 0.9321968817687593, 0.9321774751929972, 0.9322082792007818, 0.9321890352307979, 0.8907755182718091, 0.9321870614714994, 0.9834429999592388, 0.9322212552742944, 0.940636813851995, 0.9747316761701672, 0.9321534392471182, 0.9321727441415998, 0.9634690733418145, 0.9675547049119413, 0.9883287736590276, 0.9322353173604425, 0.9365357325541656, 0.9322395381686228, 0.985472602592832, 0.9321599803022835, 0.9261962731823655, 0.9322350775187741, 0.9321844162324913, 0.891580419223796, 0.9322434124707919, 0.9354385043301807, 0.9747790891508868, 0.9321898448193566, 0.9321451795793249, 0.9452634594678739, 0.9354295564721171, 0.9683964261820814, 0.9322601484897858, 0.9322219604060171, 0.9659037986072992, 0.9939962479128661, 0.9322033442805309, 0.9389105553653855, 0.9321936580550869, 0.93961638033492, 0.9322254921128114, 0.9321797838365292, 0.9567868474398143, 0.9330025715588023, 0.9451543631464111, 0.9321707047666896, 0.9868788789714409, 0.9321783154610672, 0.9545409085210053, 0.932200125196186, 0.9321230380156916, 0.9568312136359417, 0.9765280303040869, 0.9789859766894937, 0.9798630258335763, 0.9876713095286715, 0.9352556823354279, 0.9725279055654801, 0.9322223592126613, 0.9322166585574899, 0.98224849572512, 0.9482888577893755, 0.9792240148441692, 0.9596752530762757, 0.9802623835937622, 0.9322498196828779, 0.9808726893921556, 0.9717068783007553, 0.9793657429163468, 0.9321940542430068, 0.7901218017147609, 0.9322635210248932, 0.9321798737521563, 0.9322623035027174, 0.9321584937569893, 0.9321876212997634, 0.9854225379922745, 0.9321692929551894, 0.9653869566119844, 0.9321902313165592, 0.9739270645127459, 0.9321550814876577, 0.9678544024957865, 0.9843272562340509, 0.9322273162443822, 0.9845584266890586, 0.932230346621278, 0.9761912037298788, 0.9322156517175242, 0.9321849627719032, 0.9742404454282169, 0.9321760541077199, 0.9322602074254713, 0.9611638009028923, 0.9777112728065581, 0.9564052938905364, 0.9376299615065795, 0.9322434295990869, 0.9322369713791958, 