{"metrics": {"test": {"fp": [0], "f1_score": [0.9361702127659575], "risk": [0.046875], "recall": [0.88], "sensitivity": [0.88], "precision": [1.0], "tp": [22], "tn": [39], "specificity": [1.0], "fn": [3]}, "train": {"fp": [0], "f1_score": [0.9646017699115045], "risk": [0.03125], "recall": [0.9316239316239316], "sensitivity": [0.9316239316239316], "precision": [1.0], "tp": [109], "tn": [139], "specificity": [1.0], "fn": [8]}}, "model": {"n_features": 85}, "data": {"path": "/scratch/adrouin/patric_data/single_species_datasets/trimethoprim_sulfamethoxazole___6654735289702248879/dataset.kover", "split": "train_0.800_seed_6_10_folds", "uuid": "aafc18c0-0856-11e8-a8cc-001b2193b764"}, "predictions": {"binary": [0, 0, 0, 0, 0, 0, 0, 0, 0, 0, 0, 0, 0, 0, 0, 0, 0, 0, 0, 0, 0, 0, 0, 0, 0, 0, 0, 0, 0, 0, 0, 0, 0, 0, 0, 0, 0, 0, 0, 0, 0, 0, 0, 0, 0, 0, 0, 0, 0, 0, 0, 0, 0, 0, 0, 0, 0, 0, 0, 0, 0, 0, 0, 0, 0, 0, 0, 0, 0, 0, 0, 0, 0, 0, 0, 0, 0, 0, 0, 0, 0, 0, 0, 0, 0, 0, 0, 0, 0, 0, 0, 0, 0, 0, 0, 0, 0, 0, 0, 0, 0, 0, 0, 0, 0, 0, 0, 0, 0, 0, 0, 0, 0, 0, 0, 0, 0, 0, 0, 0, 0, 0, 0, 0, 0, 0, 0, 0, 0, 0, 0, 0, 0, 0, 0, 0, 0, 0, 0, 0, 0, 0, 0, 0, 0, 0, 0, 0, 0, 0, 0, 0, 0, 0, 0, 0, 0, 0, 0, 0, 0, 0, 0, 0, 0, 0, 0, 0, 0, 0, 0, 0, 0, 0, 0, 0, 0, 0, 1, 1, 1, 1, 0, 1, 1, 1, 1, 1, 1, 1, 1, 1, 1, 0, 1, 1, 1, 0, 1, 1, 1, 1, 1, 1, 1, 1, 1, 1, 1, 0, 1, 1, 1, 1, 1, 1, 1, 1, 1, 1, 1, 1, 1, 1, 1, 1, 0, 1, 1, 1, 1, 1, 1, 1, 1, 1, 1, 0, 1, 1, 1, 1, 1, 1, 1, 1, 0, 1, 1, 1, 1, 1, 1, 1, 1, 1, 0, 1, 1, 1, 1, 1, 1, 1, 1, 1, 1, 1, 1, 1, 1, 1, 1, 1, 1, 1, 1, 1, 1, 1, 1, 0, 1, 1, 1, 1, 1, 1, 1, 1, 1, 1, 1, 1, 1, 1, 1, 1, 1, 1, 1, 1, 1, 1, 1, 1, 0, 1, 1, 1, 1, 1, 1, 1, 1, 1, 1, 1, 1, 0], "proba": [0.08027040714261266, 0.07259047405477757, 0.07259047405477757, 0.09330048956276493, 0.14357902647071188, 0.13884137795733265, 0.12190129744184086, 0.12190129744184086, 0.12190129744184086, 0.07259047405477757, 0.12190129744184086, 0.12190129744184086, 0.14357902647071188, 0.14357902647071188, 0.1340441775723567, 0.12190129744184086, 0.12190129744184086, 0.12190129744184086, 0.12190129744184086, 0.084235817287073, 0.0838853291960381, 0.11442626232562003, 0.08027040714261266, 0.08344842046632858, 0.14357902647071188, 0.1340441775723567, 0.10354349189699223, 0.07259047405477757, 0.09876719894932989, 0.07259047405477757, 0.08027040714261266, 0.08027040714261266, 0.08027040714261266, 0.07259047405477757, 0.07259047405477757, 0.07259047405477757, 0.09968341916224036, 0.07259047405477757, 0.09876719894932989, 0.08027040714261266, 0.0838853291960381, 0.07259047405477757, 0.12190129744184086, 0.1340441775723567, 0.12190129744184086, 0.1340441775723567, 0.12190129744184086, 0.12190129744184086, 0.14357902647071188, 0.12190129744184086, 0.12190129744184086, 0.12190129744184086, 0.12190129744184086, 0.1340441775723567, 0.12190129744184086, 0.1340441775723567, 0.12190129744184086, 0.12190129744184086, 0.12190129744184086, 0.12190129744184086, 0.12190129744184086, 0.14357902647071188, 0.1340441775723567, 0.1340441775723567, 0.12190129744184086, 0.12190129744184086, 0.12190129744184086, 0.12190129744184086, 0.12190129744184086, 0.14357902647071188, 0.12632732214562115, 0.12632732214562115, 0.12190129744184086, 0.12190129744184086, 0.12190129744184086, 0.12190129744184086, 0.12190129744184086, 0.12190129744184086, 0.12190129744184086, 0.12190129744184086, 0.1340441775723567, 0.14357902647071188, 0.1340441775723567, 0.12190129744184086, 0.12190129744184086, 0.12190129744184086, 0.12190129744184086, 0.12190129744184086, 0.16276066299785494, 0.12632732214562115, 0.07537980316655576, 0.11619854772863855, 0.07259047405477757, 0.08139170316313978, 0.08948976249157137, 0.08344842046632858, 0.08948976249157137, 0.08027040714261266, 0.07259047405477757, 0.07259047405477757, 0.12190129744184086, 0.14357902647071188, 0.14357902647071188, 0.12190129744184086, 0.12190129744184086, 0.1340441775723567, 0.12190129744184086, 0.12190129744184086, 0.1340441775723567, 0.12190129744184086, 0.10462595124503814, 0.08467646770399369, 0.1307995675696836, 0.22821115364233494, 0.0838853291960381, 0.09876719894932989, 0.08467646770399369, 0.07259047405477757, 0.07259047405477757, 0.07259047405477757, 0.12464671746592142, 0.08467646770399369, 0.08027040714261266, 0.08467646770399369, 0.07259047405477757, 0.07259047405477757, 0.10462595124503814, 0.07259047405477757, 0.07259047405477757, 0.07259047405477757, 0.07259047405477757, 0.07259047405477757, 0.13902934377587695, 0.07259047405477757, 0.11619854772863855, 0.08948976249157137, 0.19059937127931786, 0.17859313555740047, 0.19059937127931786, 0.19849060892264303, 0.19059937127931786, 0.17859313555740047, 0.17859313555740047, 0.17859313555740047, 0.09876719894932989, 0.09876719894932989, 0.09876719894932989, 0.09876719894932989, 0.19849060892264303, 0.09876719894932989, 0.09286343389686608, 0.07537980316655576, 0.07259047405477757, 0.07548938498830265, 0.09876719894932989, 0.19059937127931786, 0.19849060892264303, 0.12190129744184086, 0.17859313555740047, 0.07259047405477757, 0.08467646770399369, 0.07259047405477757, 0.07259047405477757, 0.08948976249157137, 0.10312171484184225, 0.5, 0.08467646770399369, 0.08467646770399369, 0.07537980316655576, 0.07259047405477757, 0.07259047405477757, 0.07259047405477757, 0.08467646770399369, 0.12190129744184086, 0.08948976249157137, 0.10011874980473752, 0.12190129744184086, 0.1340441775723567, 0.9515895146848451, 0.9551354554571947, 0.9533579293113545, 0.9515895146848451, 0.14357902647071188, 0.9551354554571947, 0.9551354554571947, 0.9515895146848451, 0.9551354554571947, 0.9551354554571947, 0.9515895146848451, 0.9551354554571947, 0.9551354554571947, 0.9515895146848451, 0.9551354554571947, 0.12190129744184086, 0.9515895146848451, 0.9551354554571947, 0.5854787966159167, 0.12190129744184086, 0.9551354554571947, 0.9551354554571947, 0.9551354554571947, 0.9551354554571947, 0.9515895146848451, 0.9551354554571947, 0.9515895146848451, 0.9551354554571947, 0.9472167504436166, 0.9551354554571947, 0.9510665142825753, 0.14865888204437816, 0.9515895146848451, 0.9551354554571947, 0.9551354554571947, 0.9551354554571947, 0.9551354554571947, 0.9551354554571947, 0.9551354554571947, 0.9551354554571947, 0.9551354554571947, 0.9551354554571947, 0.9515895146848451, 0.9551354554571947, 0.9551354554571947, 0.9515895146848451, 0.9515895146848451, 0.9551354554571947, 0.14357902647071188, 0.9551354554571947, 0.9551354554571947, 0.9551354554571947, 0.9515895146848451, 0.9551354554571947, 0.9551354554571947, 0.9551354554571947, 0.9551354554571947, 0.9551354554571947, 0.9515895146848451, 0.12632732214562115, 0.9515524721211799, 0.9515895146848451, 0.9551354554571947, 0.9551354554571947, 0.9551354554571947, 0.9515895146848451, 0.9551354554571947, 0.9551354554571947, 0.1340441775723567, 0.9551354554571947, 0.9515895146848451, 0.9551354554571947, 0.9527183370103323, 0.9551354554571947, 0.9551354554571947, 0.9551354554571947, 0.9551354554571947, 0.9551354554571947, 0.1594621954654055, 0.9515895146848451, 0.9515895146848451, 0.9533579293113545, 0.9551354554571947, 0.9551354554571947, 0.9551354554571947, 0.9551354554571947, 0.9551354554571947, 0.9515895146848451, 0.9551354554571947, 0.9551354554571947, 0.9551354554571947, 0.9551354554571947, 0.9551354554571947, 0.9551354554571947, 0.9551354554571947, 0.9551354554571947, 0.9551354554571947, 0.9515895146848451, 0.9551354554571947, 0.9551354554571947, 0.9551354554571947, 0.9551354554571947, 0.9551354554571947, 0.22307040826296073, 0.9551354554571947, 0.9510665142825753, 0.6652332308079266, 0.9551354554571947, 0.9551354554571947, 0.8954353702640206, 0.9515895146848451, 0.9551354554571947, 0.9551354554571947, 0.9551354554571947, 0.9515895146848451, 0.9551354554571947, 0.9551354554571947, 0.9551354554571947, 0.9510665142825753, 0.9551354554571947, 0.9551354554571947, 0.9551354554571947, 0.9551354554571947, 0.9551354554571947, 0.9551354554571947, 0.9551354554571947, 0.9551354554571947, 0.9551354554571947, 0.22821115364233494, 0.9551354554571947, 