{"metrics": {"test": {"fp": [3], "f1_score": [0.8169014084507042], "risk": [0.14130434782608695], "recall": [0.7435897435897436], "sensitivity": [0.7435897435897436], "precision": [0.90625], "tp": [29], "tn": [50], "specificity": [0.9433962264150944], "fn": [10]}, "train": {"fp": [15], "f1_score": [0.7923322683706071], "risk": [0.17615176151761516], "recall": [0.7126436781609196], "sensitivity": [0.7126436781609196], "precision": [0.8920863309352518], "tp": [124], "tn": [180], "specificity": [0.9230769230769231], "fn": [50]}}, "model": {"n_features": 19753177}, "data": {"path": "/scratch/adrouin/patric_data/single_species_datasets/azithromycin___-8916328542551230855/dataset.kover", "split": "train_0.800_seed_4_10_folds", "uuid": "1873357e-547d-11e8-9998-f0921c053df8"}, "predictions": {"binary": [0, 0, 0, 0, 0, 1, 0, 0, 0, 0, 0, 0, 0, 0, 0, 0, 0, 0, 0, 0, 0, 0, 0, 0, 0, 0, 0, 0, 1, 1, 0, 0, 0, 0, 0, 0, 0, 0, 0, 0, 0, 0, 0, 0, 0, 0, 0, 0, 0, 0, 0, 1, 0, 0, 0, 0, 0, 0, 0, 0, 0, 1, 0, 0, 0, 0, 0, 0, 0, 0, 0, 1, 0, 0, 0, 1, 0, 0, 0, 0, 0, 0, 0, 0, 1, 0, 0, 0, 0, 0, 0, 0, 1, 0, 0, 0, 0, 0, 0, 0, 1, 0, 0, 0, 0, 0, 0, 0, 0, 0, 0, 1, 0, 0, 0, 0, 0, 0, 0, 0, 0, 0, 0, 0, 0, 0, 0, 0, 0, 0, 0, 0, 0, 0, 0, 0, 0, 0, 0, 0, 0, 0, 0, 0, 0, 1, 0, 0, 0, 0, 0, 0, 0, 0, 1, 0, 0, 0, 0, 0, 0, 0, 0, 0, 0, 0, 0, 0, 0, 0, 1, 0, 0, 0, 0, 0, 0, 1, 0, 0, 0, 0, 0, 0, 0, 0, 0, 0, 0, 0, 0, 0, 0, 0, 0, 0, 0, 0, 0, 0, 0, 0, 1, 0, 0, 0, 0, 0, 0, 0, 0, 0, 0, 1, 0, 0, 0, 0, 0, 0, 0, 0, 0, 0, 0, 0, 0, 0, 0, 1, 0, 0, 0, 0, 0, 0, 0, 0, 0, 0, 0, 0, 0, 0, 0, 0, 0, 0, 1, 1, 1, 1, 1, 0, 1, 1, 1, 1, 1, 1, 1, 1, 0, 0, 0, 1, 0, 1, 1, 1, 1, 1, 1, 1, 1, 1, 0, 0, 0, 0, 0, 1, 1, 1, 1, 1, 1, 1, 1, 0, 1, 1, 1, 1, 1, 1, 1, 0, 0, 1, 1, 0, 1, 1, 1, 0, 0, 1, 1, 1, 1, 1, 1, 1, 0, 1, 1, 0, 1, 1, 0, 1, 1, 1, 1, 0, 1, 0, 0, 0, 1, 0, 1, 1, 1, 1, 1, 0, 0, 1, 1, 1, 1, 1, 1, 1, 1, 1, 1, 1, 1, 0, 1, 1, 1, 1, 1, 0, 0, 1, 1, 1, 1, 0, 1, 0, 1, 1, 0, 0, 1, 1, 1, 1, 0, 0, 0, 1, 0, 0, 1, 0, 0, 1, 1, 0, 1, 1, 0, 1, 1, 1, 0, 1, 1, 1, 1, 0, 1, 1, 1, 0, 1, 1, 1, 1, 1, 0, 1, 1, 1, 1, 1, 1, 0, 1, 1, 1, 0, 1, 1, 1, 0, 1, 0, 0, 1, 0, 1, 1, 1, 1, 1, 1, 1, 0, 1, 0, 1, 0, 0, 0, 1, 0, 1, 1, 1, 1, 1, 0, 1, 1, 1, 1, 1, 1, 1, 1, 0, 1, 1], "proba": [0.6498172449987963, 0.6500026840453454, 0.6837803290113548, 0.6945727094930141, 0.6241227597609094, 0.22731325475623357, 0.596592918297564, 0.6030289509060516, 0.5397318216084461, 0.657346435568162, 0.6922292256318132, 0.6219956202719584, 0.6153614908244873, 0.592623448678995, 0.6931161232532779, 0.6206779247949816, 0.6115729231406922, 0.6194843694895423, 0.5610603959501902, 0.5811409366328109, 0.6329384761055049, 0.5577830707005352, 0.5331241354360533, 0.6922093098274112, 0.6524480343101396, 0.6780731740302308, 0.6168935438799532, 0.6961164323405726, 0.49965922055432666, 0.4614656378336156, 0.6703974738135352, 0.6911177679620358, 0.6560356778319322, 0.560068425202428, 0.5981080187443997, 0.6976630208051066, 0.6153837493111052, 0.6207478004084706, 0.5489925824026314, 0.6073385085227523, 0.6445076511583989, 0.6801883461122241, 0.6223333557085587, 0.615844382143241, 0.6246773452847484, 0.6809299249811682, 0.5658092758441141, 0.6603721462168939, 0.6366875405441575, 0.6916425673490034, 0.6211130392082794, 0.2589858720771581, 0.6008105067802234, 0.6154177637020571, 0.5232885526801231, 0.6750762680883909, 0.6117382217776525, 0.5940858678660222, 0.5879594429455355, 0.6043264931720146, 0.651359274581191, 0.22298191597656986, 0.6252273660515434, 0.6022031747750313]}}