{"metrics": {"test": {"fp": [7], "f1_score": [0.380952380952381], "risk": [0.19402985074626866], "recall": [0.4], "sensitivity": [0.4], "precision": [0.36363636363636365], "tp": [4], "tn": [50], "specificity": [0.8771929824561403], "fn": [6]}, "train": {"fp": [5], "f1_score": [0.9279999999999999], "risk": [0.03345724907063197], "recall": [0.9354838709677419], "sensitivity": [0.9354838709677419], "precision": [0.9206349206349206], "tp": [58], "tn": [202], "specificity": [0.9758454106280193], "fn": [4]}}, "model": {"n_features": 4776616}, "data": {"path": "/scratch/adrouin/data/patric/single_species_datasets/cycloserine___260162261243005161/dataset.kover", "split": "train_0.800_seed_9_10_folds", "uuid": "5d40d132-074f-11e8-83ec-001b2193b764"}, "predictions": {"binary": [0, 0, 0, 0, 0, 0, 0, 0, 0, 0, 0, 0, 0, 0, 0, 0, 0, 0, 0, 0, 0, 0, 0, 0, 0, 0, 0, 0, 0, 0, 0, 0, 0, 0, 0, 0, 0, 0, 0, 0, 0, 0, 0, 0, 0, 0, 1, 0, 0, 0, 0, 0, 0, 0, 0, 0, 0, 0, 0, 1, 0, 0, 0, 0, 0, 0, 0, 0, 0, 0, 0, 0, 0, 0, 0, 0, 0, 0, 0, 0, 0, 0, 0, 0, 0, 0, 0, 0, 0, 0, 0, 0, 0, 0, 0, 0, 0, 0, 0, 0, 0, 0, 0, 0, 0, 0, 0, 0, 0, 0, 0, 0, 0, 0, 0, 0, 0, 0, 0, 0, 0, 0, 0, 0, 0, 0, 0, 0, 0, 0, 0, 0, 0, 0, 0, 0, 0, 0, 0, 0, 0, 0, 0, 0, 0, 0, 0, 0, 0, 0, 0, 0, 0, 0, 0, 0, 0, 0, 0, 0, 0, 0, 0, 0, 0, 0, 1, 0, 0, 0, 0, 0, 0, 0, 0, 0, 0, 0, 0, 0, 0, 0, 0, 0, 1, 0, 1, 1, 0, 0, 0, 0, 0, 0, 0, 0, 0, 1, 0, 0, 0, 0, 0, 0, 0, 1, 0, 0, 0, 0, 0, 0, 0, 0, 0, 0, 0, 0, 0, 1, 1, 0, 1, 0, 0, 0, 0, 0, 0, 0, 0, 0, 0, 0, 0, 0, 0, 0, 0, 0, 0, 0, 0, 1, 0, 0, 0, 0, 0, 0, 0, 0, 0, 0, 0, 0, 0, 0, 0, 0, 0, 0, 0, 0, 1, 1, 1, 1, 1, 1, 1, 1, 1, 1, 1, 0, 0, 1, 0, 1, 1, 1, 1, 1, 1, 1, 1, 1, 1, 1, 1, 1, 1, 1, 1, 0, 1, 1, 1, 1, 1, 1, 1, 1, 0, 1, 0, 1, 1, 1, 1, 1, 0, 1, 1, 1, 1, 1, 0, 1, 1, 1, 1, 0, 1, 1, 1, 1, 1, 1, 1, 1, 1, 1, 1, 0], "proba": [0.10936036303461777, 0.3438477491866856, 0.10938900683296883, 0.10941299331120954, 0.021586237512315597, 0.10940277739716321, 0.10943223916055361, 0.10940049812814064, 0.10933884755329543, 0.10938280045223646, 0.10931083158437067, 0.020647074716677358, 0.15930761125532142, 0.09407007012211911, 0.07361294305910979, 0.054120736915533825, 0.10935306985321747, 0.09242933343230714, 0.07932285224668366, 0.06933031101330223, 0.10934906425296573, 0.0628699230121666, 0.18243307123271327, 0.1093578540748253, 0.12692502524977256, 0.10543135960226643, 0.10938358298492648, 0.08910512018004411, 0.10931889853628929, 0.10942923181999278, 0.07412112902909151, 0.03599727749653497, 0.10941796140633618, 0.1094028645051331, 0.10935314286579265, 0.2824570051825387, 0.10936488920408459, 0.10941940347799303, 0.06394632968092381, 0.015033031960605335, 0.23496010040642412, 0.10934328387799544, 0.032188403408986405, 0.06262672701245413, 0.10945541687861347, 0.109441265982573, 0.847927256526791, 0.04649934138350936, 0.08984586340593928, 0.13224592929228768, 0.052092446932343196, 0.07084209057161807, 0.17710173856829572, 0.1094325936403867, 0.10940414403465004, 0.10936341952978029, 0.12263669716912874, 0.1093945166440749, 0.23297480821256777, 0.5173147988219391, 0.0903118249423951, 0.05258965765042833, 0.10932352133522485, 0.1473529003415817, 0.10940296889415695, 0.052549478540820496, 0.08574112805688153, 0.05664812266289941, 0.025828003059226882, 0.06472750469743373, 0.047082152245214434, 0.012841679761537049, 0.05059968440745622, 0.03483262006528943, 0.06526847717442803, 0.04098234327760303, 0.09715285262578503, 0.10937778900134348, 0.10929518534813183, 0.06356424755595082, 0.04343669798641633, 0.10939628118695001, 0.10939135768428358, 0.10935982744025159, 0.1094131335121388, 0.10943602146565566, 0.0652603992880765, 0.07537317002058404, 0.06191755120732917, 0.0845649871508325, 0.10941042945866081, 0.09661920257528359, 0.10934264573518446, 0.059535205627626264, 0.07480840995969129, 0.10937946682944696, 0.10763344796309994, 0.049253224535392576, 0.035983654980168096, 0.06097824703944329, 0.10934228502729385, 0.10934145229124186, 0.10941236324712918, 0.10943325287207417, 0.10936187115960522, 0.07143753949379039, 0.05573562787621165, 0.09222273138417873, 0.17012606783652348, 0.10942061761685125, 0.059839809148785165, 0.10935397660899031, 0.07601704673346882, 0.039192860561472455, 0.10693295631297217, 0.03732813746141847, 0.052344488101866836, 0.06348543514525586, 0.10946472352013283, 0.17001135424724212, 0.1700392453438793, 0.10944341425652991, 0.061197778086875376, 0.10941844110243354, 0.07211010446916066, 0.21188296273957052, 0.02614034751794379, 0.10933183340669052, 0.14402641000299854, 0.05769224376981706, 0.026514882410999308, 0.10940274125264061, 0.10939701242140262, 0.10940410835425655, 0.06003464368242616, 0.05659619346817258, 0.021934513208925695, 0.3731903622765015, 0.014549461393778461, 0.10932649953629972, 0.09447013045706186, 0.05044604827458136, 0.05788490397330469, 0.06212001219608675, 0.09663150639282786, 0.07851851300700975, 0.10938818995436772, 0.08243491826339902, 0.10942515036829145, 0.10858753309167116, 0.1094156089280243, 0.10943585159723761, 0.021637715839709137, 0.01108777755564027, 0.05771876993511985, 0.09879406372053365, 0.10937421458718853, 0.1094399568128166, 0.09051098395459838, 0.027557635904582486, 0.10941380204178387, 0.014798314508909519, 0.011585846673610034, 0.07508939234818529, 0.091629765609958, 0.10940642523251992, 0.6857820355366772, 0.0540592528746405, 0.10942902304922354, 0.16162766664649295, 0.07647545743709439, 0.10939164722801874, 0.10949962805732669, 0.04193849849214978, 0.10935677274424999, 0.06393362829616848, 0.042985547840855697, 0.10937879003523662, 0.10943916171986925, 0.1093854147008463, 0.0560818649234603, 0.10934351614216797, 0.04647840253507209, 0.1094108738997724, 0.44365600533749233, 0.18091911556807133, 0.770653733315057, 0.530088249258411, 0.10943758066612684, 0.09175699322643564, 0.03483679471280148, 0.019979047370578745, 0.10935235008147468, 0.016576997380619945, 0.1149727327955273, 0.10941956358707407, 0.10940260367199059, 0.5, 0.09753385572774337, 0.10937709661099505, 0.10944891579894722, 0.10946210443266541, 0.018298971042651865, 0.10938725012219035, 0.10933606957914263, 0.47684882961836145, 0.3506107233396395, 0.10942936583093953, 0.11010163957952777, 0.23113411536414205, 0.04320556360329582, 0.10938282271804552, 0.10937459799941388, 0.042307657330348775, 0.06651986425593769, 0.18612314064505253, 0.01063897089757367, 0.31264079052366633, 0.1094174518608322, 0.47583360859170537, 0.44720486574691226, 0.3628115184021421, 0.5128591166601596, 0.12906192785991266, 0.06154275610581251, 0.1447769574355483, 0.07387351911788817, 0.12090339860844009, 0.10940762759675, 0.1093787262507209, 0.11635368950299411, 0.13433343140678117, 0.23139641520794055, 0.10036968959817377, 0.13236047249363017, 0.09355030946386457, 0.08733269668213109, 0.1312132163051914, 0.026978092864332517, 0.25110342047848927, 0.1186111547881628, 0.12813091665080686, 0.10938235787721574, 0.4086231142361438, 0.11006001639387482, 0.09414180172829627, 0.01434916129358978, 0.15837844182855038, 0.1526544503750615, 0.008413417258524163, 0.13004684876787298, 0.1163813562682105, 0.18588462031278763, 0.08865844716203289, 0.038502452816704294, 0.10938771965534645, 0.032172532717263544, 0.027186415410138783, 0.2727229579349702, 0.10939017113631958, 0.15170914315428055, 0.1519907013456425, 0.035514545348980076, 0.10493258606559355, 0.77027089260843, 0.7703906227796871, 0.770200480202444, 0.6103183410051413, 0.5994021965610221, 0.7703497304897682, 0.7702603004631258, 0.678182998434371, 0.7703601858412855, 0.7703010560781407, 0.6932551936693307, 0.0267647439880976, 0.08720742910073122, 0.534910499515074, 0.07165625537576835, 0.7702097667813338, 0.665431455148578, 0.7703778739906066, 0.7703302688259097, 0.7702488527502996, 0.7703564590449962, 0.8110136940184557, 0.7704576240070619, 0.7658824088741475, 0.7702613573924754, 0.770408588160908, 0.7703657350294035, 0.7702137635950931, 0.7645641566185861, 0.845335728885767, 0.7703365609107656, 0.3222561739669212, 0.5142575544410237, 0.7703609641739636, 