{"metrics": {"test": {"fp": [7], "f1_score": [0.9183673469387755], "risk": [0.13793103448275862], "recall": [0.9782608695652174], "sensitivity": [0.9782608695652174], "precision": [0.8653846153846154], "tp": [45], "tn": [5], "specificity": [0.4166666666666667], "fn": [1]}, "train": {"fp": [1], "f1_score": [0.9973333333333333], "risk": [0.004310344827586207], "recall": [1.0], "sensitivity": [1.0], "precision": [0.9946808510638298], "tp": [187], "tn": [44], "specificity": [0.9777777777777777], "fn": [0]}}, "model": {"n_features": 1000000}, "data": {"path": "/scratch/adrouin/data/patric/single_species_datasets/spectinomycin___-736338835843459561/dataset.kover", "split": "train_0.800_seed_0_10_folds", "uuid": "e8e8b8ee-07ef-11e8-8609-001b2193b764"}, "predictions": {"binary": [0, 0, 0, 0, 0, 0, 0, 0, 0, 0, 0, 1, 0, 0, 0, 0, 0, 1, 0, 0, 0, 0, 0, 0, 0, 1, 0, 0, 1, 0, 0, 1, 0, 0, 0, 0, 0, 0, 1, 0, 0, 0, 1, 0, 0, 0, 0, 1, 0, 0, 0, 0, 0, 0, 0, 0, 0, 1, 1, 1, 1, 1, 1, 1, 1, 1, 1, 1, 1, 1, 1, 1, 1, 1, 1, 1, 1, 1, 1, 1, 1, 1, 1, 1, 1, 1, 1, 1, 1, 1, 1, 1, 1, 1, 1, 1, 1, 1, 1, 1, 1, 1, 1, 1, 1, 1, 1, 1, 1, 1, 1, 1, 1, 1, 1, 1, 1, 1, 1, 1, 1, 1, 1, 1, 1, 1, 1, 1, 0, 1, 1, 1, 1, 1, 1, 1, 1, 1, 1, 1, 1, 1, 1, 1, 1, 1, 1, 1, 1, 1, 1, 1, 1, 1, 1, 1, 1, 1, 1, 1, 1, 1, 1, 1, 1, 1, 1, 1, 1, 1, 1, 1, 1, 1, 1, 1, 1, 1, 1, 1, 1, 1, 1, 1, 1, 1, 1, 1, 1, 1, 1, 1, 1, 1, 1, 1, 1, 1, 1, 1, 1, 1, 1, 1, 1, 1, 1, 1, 1, 1, 1, 1, 1, 1, 1, 1, 1, 1, 1, 1, 1, 1, 1, 1, 1, 1, 1, 1, 1, 1, 1, 1, 1, 1, 1, 1, 1, 1, 1, 1, 1, 1, 1, 1, 1, 1, 1, 1, 1, 1, 1, 1, 1, 1, 1, 1, 1, 1, 1, 1, 1, 1, 1, 1, 1, 1, 1, 1, 1, 1, 1, 1, 1, 1, 1, 1, 1, 1, 1, 1, 1, 1, 1, 1, 1, 1, 1, 1, 1, 1, 0, 0, 0, 0, 0, 0, 0, 0, 0, 0, 0, 0, 0, 0, 0, 0, 0, 0, 0, 0, 0, 0, 0, 0, 0, 0, 0, 0, 0, 0], "proba": [0.0014058089064996006, 0.0008568519386811742, 0.00021160296640482717, 0.00045321855421073267, 0.0005646588595897321, 0.0004941154331699616, 0.001530410956909699, 0.0003544858833815615, 0.019319871811889464, 0.10847792303442158, 0.05408192191224296, 0.88760867178677, 0.039217158212899714, 0.11548362286006193, 0.00037518704591362693, 0.035201536774995275, 0.06285152357320012, 0.6190587488804675, 0.01848308971056295, 0.024980432775560113, 0.04539131947984379, 0.006182077903601412, 0.06146780096338006, 0.0049822170507560545, 0.08283889122776675, 0.9181477114271726, 0.015102728854772828, 0.12001742192427274, 0.9387454867749077, 0.032890297575714086, 0.000998512009863882, 0.7786488415424798, 0.05614343607126598, 0.01802166155179679, 0.0005216806518789814, 0.0006426195902119371, 0.0010230903082573046, 0.0012598801121613066, 0.8634170147347418, 0.00012559524157948295, 0.0013285511679355761, 0.008357144559839505, 0.597329086458624, 0.0010730428318784784, 0.0024139328848275287, 0.09775512544457231, 0.06474554397652878, 0.9686005628090206, 0.020882251689636932, 0.00843515973996579, 0.006962198421382565, 0.009791287695652278, 0.3010661329098524, 0.04669779510610458, 0.06415554276491592, 0.014397725715311687, 0.10624408844523432, 0.939851340324074, 0.9146857713814432, 0.9858243404484844, 0.9931455121866548, 0.9785296412387589, 0.8287130048684392, 0.9262161690532121, 0.9474866974766656, 0.9550420184385133, 0.9308000255617626, 0.978182291582137, 0.9360451244455005, 0.941931427484291, 0.8955627042269505, 0.9911999707227138, 0.9912335954883404, 0.9893855488486208, 0.9939279315159554, 0.9817399819218146, 0.9950016941288197, 0.988187395993055, 0.9736124373287339, 0.9603229384618087, 0.9863998024166645, 0.9728448990025277, 0.9929352597870363, 0.9864810139930476, 0.9904928443228462, 0.9367610136868891, 0.9666636143872315, 0.9845571787574569, 0.9743130715443298, 0.9801903558275498, 0.9944021960017606, 0.9969033561834952, 0.9940987501837267, 0.9873901398112618, 0.9901545163228528, 0.9907122697704395, 0.9903996104104419, 0.9955531251786425, 0.9893438332582714, 0.7384306842238558, 0.9534026446894595, 0.9890554069339934, 0.9904068448480905, 0.9906606269117667, 0.9902960868622702, 0.993189232464906, 0.9938160363816825, 0.9961564638223656, 0.992740974241329, 0.9962980582472247, 0.8896947826191889, 0.8678436492385541, 0.9659057319899076, 0.9662366253344628, 0.9384411110180455, 0.9934101271081923, 0.9660819243177509, 0.9772249939631987, 0.9703886061939723, 0.920114898650047, 0.9531627375803595, 0.9737077858034247, 0.9725632086974088, 0.9159743522372428, 0.9590532717007998, 0.9467542674152263, 0.9024317951015138, 0.87284151605497, 0.25706248580078594, 0.9803893897644105, 0.9805006511750867, 0.9690778848309031, 0.9436288241062467, 0.9258690159258216, 0.9754749497228764, 0.9937438892936737, 0.98494250223282, 0.9816140083681654, 0.9730209408016919, 0.9294368943772179, 0.9928595281190286, 0.995292098243567, 0.8897714704440224, 0.9811928502262585, 0.8993829769143427, 0.8609312051129809, 0.9741470677202081, 0.964880984582779, 0.9585323118187268, 0.9512700386893047, 0.9814117624532492, 0.7114374197031476, 0.9726325571140868, 0.9912228769722572, 0.9720462822061218, 0.9726911413555036, 0.9713382391592115, 0.9619858941923918, 0.9186618792209829, 0.9796922749100034, 0.972521508031269, 0.9943173435528612, 0.9969924936812584, 0.9780760283895858, 0.9644928147607496, 0.9928777195222981, 0.9901692435171747, 0.959848010834858, 0.9385745517972126, 0.9906878870986188, 0.948600496804156, 0.9944320266340814, 0.7810974254005935, 0.9915987084432879, 0.9917037948414925, 0.9965609852199003, 0.9924155094575957, 0.9870801639057537, 0.9957708900014578, 0.9940611673764633, 0.993526145733808, 0.9946655587061323, 0.9773191225272113, 0.7719024991576404, 0.9919429992890224, 0.8042061515805126, 0.9965355371768703, 0.9957385535392802, 0.9897905973123347, 0.9948682997917281, 0.9959275045670068, 0.9926461959057401, 0.9930806682947454, 0.9937125835044903, 0.9980313033593017, 0.9958959198637566, 0.994438957123564, 0.9844143973120277, 0.9759315937514874, 0.9717098438332231, 0.9224835381427838, 0.9693170541448999, 0.94516357518048, 0.9140774862157484, 0.9814008818353693, 0.9528480104862452, 0.99516648874533, 0.992454967622632, 0.9992736085565852, 0.9655559463640832, 0.9897999915373705, 0.9677929776281687, 0.998098904736573, 0.9950725210228027, 0.9676896420026168, 0.9862002999068359, 0.9870726644199519, 0.9853989588222958, 0.9860945956243393, 0.9958764392655096, 0.9845354526424347, 0.9788425637784635, 0.9746257448920072, 0.96204023898969, 0.9771867249382306, 0.9885621434017864, 0.9918060734846955, 0.9946385160610044, 0.9749725691289565, 0.9958812127411703, 0.991896699884197, 0.9806351428189197, 0.94048276063752, 0.9610400756585938, 0.9297822606033211, 0.9921800026704577, 0.9593631900990328, 0.9587447370631652, 0.9634752905632444, 0.9689875827029095, 0.9963353046738699, 0.9984478041943255, 0.9178803500762209, 0.9041485346254984, 0.9980967647945187, 0.9578516637870532, 0.8634334667065469, 0.9329255932799178, 0.9335732714587217, 0.9708878497960528, 0.9262601366922281, 0.9773627381337936, 0.9888912166488125, 0.9749833784534235, 0.9883910088088886, 0.9940286479813721, 0.989124585886475, 0.994247926292956, 0.9925588240754788, 0.9743527554157008, 0.8590503531781251, 0.9343828623431726, 0.996073205033916, 0.970863473497134, 0.9913970607768555, 0.9976622300294125, 0.9947412660680305, 0.9691125658744076, 0.9867584747086962, 0.9929451919408114, 0.982838904754738, 0.9945986853447557, 0.9963185470963294, 0.9933218714160557, 0.9939316898477657, 0.9927100351618615, 0.9637497071870254, 0.8868841456596908, 0.9475383134915284, 0.9679628753028583, 0.9675273015998243, 0.9290528421398955, 0.9904122024518612, 0.9879314626434571, 0.968832844113374, 0.9650990089580554, 0.9949708264804746, 0.9733786504727183, 0.9905161083076368, 0.994838102525049, 0.4999613966764141, 0.4999613966764141, 0.4999613966764141, 0.4999613966764141, 0.4999613966764141, 0.4999613966764141, 0.4999613966764141, 0.4999613966764141, 0.4999613966764141, 0.4999613966764141, 0.4999613966764141, 0.4999613966764141, 0.4999613966764141, 0.4999613966764141, 0.4999613966764141, 0.4999613966764141, 0.4999613966764141, 0.4999613966764141, 0.4999613966764141, 