{"metrics": {"test": {"fp": [0], "f1_score": [1.0], "risk": [0.0], "recall": [1.0], "sensitivity": [1.0], "precision": [1.0], "tp": [5], "tn": [80], "specificity": [1.0], "fn": [0]}, "train": {"fp": [0], "f1_score": [1.0], "risk": [0.0], "recall": [1.0], "sensitivity": [1.0], "precision": [1.0], "tp": [27], "tn": [314], "specificity": [1.0], "fn": [0]}}, "model": {"n_features": 1440}, "data": {"path": "/scratch/adrouin/patric_data/single_species_datasets/cefepime___7053822222416630118/dataset.kover", "split": "train_0.800_seed_8_10_folds", "uuid": "99785214-095d-11e8-8e35-001b2193b764"}, "predictions": {"binary": [0, 0, 0, 0, 0, 0, 0, 0, 0, 0, 0, 0, 0, 0, 0, 0, 0, 0, 0, 0, 0, 0, 0, 0, 0, 0, 0, 0, 0, 0, 0, 0, 0, 0, 0, 0, 0, 0, 0, 0, 0, 0, 0, 0, 0, 0, 0, 0, 0, 0, 0, 0, 0, 0, 0, 0, 0, 0, 0, 0, 0, 0, 0, 0, 0, 0, 0, 0, 0, 0, 0, 0, 0, 0, 0, 0, 0, 0, 0, 0, 0, 0, 0, 0, 0, 0, 0, 0, 0, 0, 0, 0, 0, 0, 0, 0, 0, 0, 0, 0, 0, 0, 0, 0, 0, 0, 0, 0, 0, 0, 0, 0, 0, 0, 0, 0, 0, 0, 0, 0, 0, 0, 0, 0, 0, 0, 0, 0, 0, 0, 0, 0, 0, 0, 0, 0, 0, 0, 0, 0, 0, 0, 0, 0, 0, 0, 0, 0, 0, 0, 0, 0, 0, 0, 0, 0, 0, 0, 0, 0, 0, 0, 0, 0, 0, 0, 0, 0, 0, 0, 0, 0, 0, 0, 0, 0, 0, 0, 0, 0, 0, 0, 0, 0, 0, 0, 0, 0, 0, 0, 0, 0, 0, 0, 0, 0, 0, 0, 0, 0, 0, 0, 0, 0, 0, 0, 0, 0, 0, 0, 0, 0, 0, 0, 0, 0, 0, 0, 0, 0, 0, 0, 0, 0, 0, 0, 0, 0, 0, 0, 0, 0, 0, 0, 0, 0, 0, 0, 0, 0, 0, 0, 0, 0, 0, 0, 0, 0, 0, 0, 0, 0, 0, 0, 0, 0, 0, 0, 0, 0, 0, 0, 0, 0, 0, 0, 0, 0, 0, 0, 0, 0, 0, 0, 0, 0, 0, 0, 0, 0, 0, 0, 0, 0, 0, 0, 0, 0, 0, 0, 0, 0, 0, 0, 0, 0, 0, 0, 0, 0, 0, 0, 0, 0, 0, 0, 0, 0, 0, 0, 0, 0, 0, 0, 0, 0, 0, 0, 0, 0, 0, 0, 0, 0, 0, 0, 0, 0, 0, 0, 0, 0, 0, 0, 0, 0, 0, 0, 0, 0, 0, 0, 0, 0, 0, 0, 0, 0, 0, 0, 0, 0, 0, 0, 0, 0, 0, 0, 0, 0, 0, 0, 0, 0, 0, 0, 0, 0, 0, 0, 0, 0, 0, 0, 0, 0, 0, 0, 0, 0, 0, 0, 0, 0, 0, 0, 0, 0, 0, 0, 0, 0, 0, 0, 1, 1, 1, 1, 1, 1, 1, 1, 1, 1, 1, 1, 1, 1, 1, 1, 1, 1, 1, 1, 1, 1, 1, 1, 1, 1, 1, 1, 1, 1, 1, 1, 0, 0, 0, 0, 0, 0, 0, 0, 0, 0, 0, 0, 0, 0, 0, 0, 0, 0, 0, 0, 0, 0], "proba": [0.0025406561702025474, 0.01667196897949645, 0.008579230796804624, 0.004852276531247113, 0.0021921969233698164, 0.001033383953847501, 0.021808662347790816, 0.012185050102708827, 0.006324350438187068, 0.008598420423116036, 0.03954363909588061, 0.007480368853141144, 0.002454473421147026, 0.0012439725922681133, 0.0201586404544381, 0.01383536536500783, 0.01373327639124903, 0.038128402393729936, 0.08404703313065631, 0.03766285176594245, 0.0021431026065984885, 0.004602207142325715, 0.04302593008101666, 0.16883174982771018, 0.015093146425077131, 0.014315989288850556, 0.016756343487867087, 0.018078410144150837, 0.0270309776126299, 0.0008164696310183676, 0.0008224231664593431, 0.0031045183194816405, 0.01921817123355229, 0.013398683463675036, 0.017129140837551834, 0.00584620763813573, 0.0618389858129261, 0.016255385363161703, 0.017220718293368745, 0.012694294415668505, 0.035261943350079546, 0.01834872443945584, 0.0013572089502061038, 0.0070252458594124816, 0.009866210936518223, 0.003985050540643367, 0.012393916356118685, 0.40627523851137853, 0.01499787663424035, 0.00762130760477177, 0.004103789403678541, 0.041802130922618225, 0.005529669156277929, 0.01205294233196254, 0.012340534866458277, 0.008580152916101445, 0.005579267263472824, 0.008560356936777177, 0.018564597308007077, 0.014549966530625048, 0.0009182286073269044, 0.006804361476730292, 0.03635865487311186, 0.005197994513835059, 0.024743250597554313, 0.03206549828039651, 0.003982988994754192, 0.0007441895793047792, 0.07623602786143666, 0.0033177499157542372, 0.00906177852077476, 0.002662187631822766, 0.015053743238652826, 0.03632965741740188, 0.0012303178777519689, 0.009233704433690345, 0.023953982262770162, 0.041963387821133374, 0.017749786408288018, 0.054970357461607965, 0.0010306281915470918, 0.05167719001133917, 0.014963100708850697, 0.025154219715502336, 0.017185507548319254, 0.00830306497921349, 0.04024001275837889, 0.007191807618694985, 0.0025160042228201864, 0.01523083438364537, 0.003203427519477567, 0.00021253394680931538, 0.0026148772950669668, 0.007194590953999891, 0.00721435703284691, 0.002713389632465337, 0.0018222798301337484, 0.01694515250395755, 0.04045834686007468, 0.01719634315985882, 0.020503215065631016, 0.022053801260264242, 0.007400831357359845, 0.018371334678782256, 0.0011983005745576562, 0.0008699726762038681, 0.023727136400824946, 0.02904094238357008, 0.08816304232764183, 0.03737212235395401, 0.00857550264234213, 0.03005613227598823, 0.04041777437688658, 0.0403182825486417, 0.0023610058740584504, 0.002540524145922882, 0.018746927458383272, 0.025256940998091157, 0.06669748451690288, 0.007080476821348957, 0.02890873705154329, 0.011258972053054773, 0.12763338446500386, 0.0814001100374781, 0.01659621058719515, 0.003718804277721378, 0.020274496112279137, 0.0046706196738967865, 0.0038864762373578246, 0.023418960423301494, 0.008112242223687536, 0.008810098635788521, 0.00641879348578704, 0.0049571569581650845, 0.028005342930960266, 0.004228741280263841, 0.012620326286981348, 0.032410517485465584, 0.012364376831909819, 0.028760793258561096, 0.009574825211495353, 0.007130037587354951, 0.0015385626615361304, 0.016011548504129166, 0.005946319998076069, 0.01008046914039936, 0.016691260839864597, 0.007646170601893187, 0.01601376458015557, 0.009688145534084862, 0.006519578561546251, 0.02445715746321585, 0.026236067783829167, 0.03840314203620204, 0.0369428316120484, 0.035094470011724346, 0.04796649366250035, 0.009106977855643768, 0.007750173436079788, 0.002815271832467077, 0.014837898715389344, 0.04496056120054845, 0.046840681700323045, 0.01590302162447351, 0.004478939277640487, 0.0029887059992680983, 0.0069156402625231315, 0.011739087157760016, 0.001185346117730756, 0.0033946070415830816, 0.014654405997647484, 0.006851854745069884, 0.005058402662404948, 0.000848453950260368, 0.04180781803715435, 0.008216271865568349, 0.022778488525607796, 0.0020700577987079775, 0.04550651141628301, 0.007108927092835825, 0.0023446451102129566, 0.04185291307088716, 0.026423283828785962, 0.009207948711248873, 0.011042563349940523, 0.018033709654056953, 0.0011606030037266569, 0.0024775603703471763, 0.04770846895142416, 0.0015202673394782587, 0.106048979837659, 0.0015524142917029617, 0.0058167999107619555, 0.008174315898515458, 0.058698241650515154, 0.011872022507829476, 0.01882644193694073, 0.0041767086977895045, 0.01181156227251377, 0.00493942887996537, 0.0011163199285512465, 0.002854497270712129, 0.0013596038141502728, 0.0006933730161811462, 0.013176652406161362, 0.14015025280396962, 0.004362649835762748, 0.020433755650139766, 0.0006274556829129953, 0.002093584950628006, 0.02536952027948211, 0.0018352688822664588, 0.005754531026336091, 0.0011162505903502035, 0.0022176184227291652, 0.005384755677345728, 0.03038520723929101, 0.008693085766636088, 0.0023498403090162477, 0.00591794272948474, 0.006997134292925945, 0.0012771564173445448, 0.006756031376210808, 0.000544921264994009, 0.002772596960261775, 0.019336105334087327, 0.014483311788332027, 0.02413065789550419, 0.0249994443353892, 0.010855571801966996, 0.0034753418872983614, 0.0017099112561539736, 0.0403711093867853, 0.01003680042251946, 0.011097892095310898, 0.011325136319036323, 0.007031918748107421, 0.03707410571613581, 0.004966479196460589, 0.018536585691105365, 0.016819641614618436, 0.011179650098772436, 0.014498719721002074, 0.0064304063844527765, 0.011845616261245612, 0.006593624020125135, 0.002746185398523119, 0.0034214367509502797, 0.0006810983699042, 0.025458417057540806, 0.023776682134065863, 0.0006197608329838707, 0.004316505165232491, 0.01567691759440753, 0.016181928846320238, 0.003582701595097781, 0.003945100097604326, 0.01536724906782678, 0.012418501104958967, 0.028612730843596813, 0.010746148223247862, 0.004659750219350199, 0.009876688805434727, 0.008957069862408944, 0.012737187837107991, 0.02125638093058876, 0.025034860175428327, 0.018003960537247128, 0.04164012879374789, 0.0002802171189553604, 0.0075207734194543815, 0.00484933065551962, 0.012361651297956817, 0.02225527217581166, 0.08410840844423538, 