{"metrics": {"test": {"fp": [0], "f1_score": [0.9090909090909091], "risk": [0.14285714285714285], "recall": [0.8333333333333334], "sensitivity": [0.8333333333333334], "precision": [1.0], "tp": [35], "tn": [7], "specificity": [1.0], "fn": [7]}, "train": {"fp": [1], "f1_score": [0.9937888198757764], "risk": [0.01], "recall": [0.9937888198757764], "sensitivity": [0.9937888198757764], "precision": [0.9937888198757764], "tp": [160], "tn": [38], "specificity": [0.9743589743589743], "fn": [1]}}, "model": {"n_features": 15168183}, "data": {"path": "/scratch/adrouin/data/patric/single_species_datasets/tobramycin___-3225223558739261696/dataset.kover", "split": "train_0.800_seed_0_10_folds", "uuid": "b4e09d2e-0578-11e8-b4cb-001b2193b764"}, "predictions": {"binary": [0, 0, 0, 0, 0, 0, 0, 0, 0, 0, 0, 0, 0, 0, 0, 0, 0, 0, 0, 0, 0, 0, 0, 0, 0, 0, 0, 0, 0, 0, 0, 0, 0, 0, 0, 1, 0, 0, 0, 0, 0, 0, 0, 0, 0, 0, 1, 1, 1, 1, 1, 1, 1, 1, 1, 1, 1, 1, 0, 1, 1, 1, 1, 1, 1, 1, 1, 1, 1, 1, 1, 1, 1, 1, 1, 1, 1, 1, 1, 1, 1, 1, 1, 1, 1, 1, 1, 0, 1, 1, 1, 1, 1, 1, 1, 1, 1, 1, 1, 0, 1, 1, 1, 1, 1, 1, 1, 1, 1, 1, 1, 1, 1, 1, 1, 1, 1, 1, 1, 1, 1, 1, 1, 1, 1, 1, 1, 1, 1, 1, 1, 1, 1, 1, 1, 1, 1, 1, 1, 1, 1, 1, 1, 1, 1, 1, 1, 1, 1, 1, 1, 1, 1, 1, 1, 1, 1, 1, 1, 1, 1, 1, 1, 1, 1, 1, 1, 1, 1, 1, 1, 1, 1, 1, 1, 1, 1, 1, 1, 1, 1, 1, 1, 1, 1, 0, 1, 1, 1, 1, 1, 1, 1, 0, 1, 1, 1, 1, 1, 1, 1, 1, 1, 1, 1, 1, 1, 1, 1, 1, 1, 1, 1, 1, 1, 1, 0, 1, 1, 1, 1, 1, 1, 1, 1, 1, 1, 1, 1, 1, 1, 1, 1, 1, 1, 1, 1, 1, 1, 0, 1, 1, 1, 1, 1, 0, 1, 1, 1], "proba": [0.12195577787321517, 0.06072180727083678, 0.12196242812756672, 0.1219312526407326, 0.1013122285577572, 0.121880893474269, 0.12188803202790659, 0.12180827666265369, 0.1218792482204688, 0.15615021505446905, 0.12189259856824256, 0.0711824867839934, 0.12180454618587847, 0.12178213502408085, 0.12186194368759616, 0.1219301137616504, 0.12183050193694127, 0.12181487423587009, 0.12192348812253503, 0.1189581474403762, 0.12193510768351953, 0.10920347934858265, 0.12190335736853931, 0.12186617534447225, 0.06858909830259706, 0.4086440565295995, 0.12194959061315609, 0.12192245494253978, 0.12192302055850032, 0.10219057577281314, 0.12182218885410975, 0.12190879327740266, 0.3083744522108402, 0.12180945495858947, 0.12189628839888443, 0.6972480694467764, 0.12703790855924163, 0.12189456410229593, 0.12191260821118101, 0.1808535673037577, 0.1219166356765573, 0.12191611442715725, 0.1219380020734836, 0.12191738240940858, 0.12186803671263162, 0.12182144049022603, 0.9311048316842748, 0.9298591113704018, 0.9241517324034604, 0.924140147687281, 0.9241469817992555, 0.933175794394126, 0.9669115850794483, 0.9242040206218786, 0.9241169249313949, 0.9494479464901151, 0.9571737642095407, 0.925711636311061, 0.20833571114477578, 0.9374471497194168, 0.9362246734105967, 0.9241531672227193, 0.9752280128410207, 0.9700390935510373, 0.9301985107480919, 0.97367382940221, 0.9241907576465102, 0.9310563799391706, 0.9241853485871311, 0.9240904271834579, 0.8831948560902975, 0.9352085264510532, 0.9663348376247485, 0.9658802635620036, 0.9663093536364379, 0.9566410846200846, 0.9241970478065693, 0.9654083137738281, 0.924185434824633, 0.9739853837938057, 0.9418393889991288, 0.581667229852809, 0.9702923395666925, 0.9707358503162936, 0.9338110570912561, 0.935521047552941, 0.936645594255171, 0.13542758505661087, 0.9758654255256733, 0.9241861198051269, 0.9241749346554367, 0.9241438551157993, 0.9241472357508578, 0.9241435574447618, 0.9570344097252884, 0.9394761196162089, 0.9702074241647921, 0.9671479542189412, 0.94837467682099, 0.13358285719418841, 0.9515127566041657, 0.950653371963549, 0.9895876468517787, 0.9936633343518885, 0.9241938681338011, 0.9776464879054083, 0.9241633741306281, 0.9366317808122598, 0.9411471193453979, 0.9241818179005208, 0.9241445150245066, 0.9285832872490852, 0.9466659006811362, 0.9388076661717134, 0.924178838764464, 0.9375059709482496, 0.9246063370923392, 0.9457638733115963, 0.9651785388339654, 0.9664821636914858, 0.9759515849174167, 0.9691920831285554, 0.9702523339586813, 0.9742783203921555, 0.9380904385585792, 0.9399838438749926, 0.9847295443725822, 0.986291648291603, 0.9618645485456183, 0.9340840269150676, 0.9438272088660833, 0.9241737929436654, 0.9702718604177107, 0.924166550880752, 0.9854266363648522, 0.9862493891850088, 0.9242212935695892, 0.9241286326862471, 0.9241248097381335, 0.94027657145218, 0.9472652841185549, 0.9734138429761993, 0.934705779280866, 0.9429676226590991, 0.924179701015829, 0.9277526836781478, 0.9241405335990229, 0.9033010604304427, 0.8990880199153815, 0.9241894826043545, 0.9242069092958297, 0.9242038130539294, 0.9241667407332949, 0.9241868853084237, 0.9543818122468171, 0.9242020614886872, 0.9241180785326738, 0.9420988908433975, 0.9254645488262978, 0.9422396105486728, 0.9431817978687248, 0.9267183022435216, 0.9407944738529836, 0.9243625012604457, 0.9241973222784224, 0.9282134124016098, 0.9262315065937338, 0.9754079025641429, 0.9544768006180634, 0.9550639447732685, 0.9242033620346065, 0.9631540910876903, 0.9646262473807569, 0.9767116487009089, 0.9456001953667412, 0.9238304456341396, 0.9375561649158414, 0.8866418391130636, 0.9241555725179407, 0.924207136071315, 0.9241619019953599, 0.9241796086979458, 0.9241572612883256, 0.9241775769173909, 0.9241457217826042, 0.14943669333865675, 0.9242037368755268, 0.9643112260092755, 0.9576867865381724, 0.9241700549319413, 0.9241768897559703, 0.9384723120498661, 0.8117489071006868, 0.16345786614267963, 0.9242112885085673, 0.9419319725337626, 0.9344287370118007, 0.9550642983378609, 0.9241923426498695, 0.9241853329549602, 0.9272624541483375, 0.924195850050761, 0.9373602318416346, 0.9431444890402007, 0.9241437699860131, 0.9241440921530881, 0.9241230314736537, 0.9248289584898757, 0.9495018226576645, 0.9241952376130508, 0.9241751713312517, 0.9542544770461383, 0.9714216944122225, 0.9378216267821259, 0.926543589111071, 0.9241712592294596, 0.34729585836610305, 0.7616914193001414, 0.9241445286559467, 0.9623117065591098, 0.9131855284009929, 0.9395473484524526, 0.9366147749613322, 0.9298394657055261, 0.9449528191162219, 0.9242145527687469, 0.9241918820400163, 0.9312298118490704, 0.9242205374849072, 0.9420108899205909, 0.8173447999332216, 0.966656002299694, 0.9241535941837806, 0.9242007619576152, 0.9107604456220918, 0.9241785841148183, 0.9271158834150888, 0.9315492349964584, 0.9315541374168124, 0.13833836170225974, 0.9241864746381112, 0.9058255552709067, 0.9305104338698319, 0.932308987669302, 0.9410939438776581, 0.05969701168745483, 0.9241490888689591, 0.9392333644234253, 0.9543131324323039]}, "cv": {"hps": {"normalize_kernel": true, "degree": 2.0, "regularizer": 100.0}, "score": 0.11000000000000003}}