{"metrics": {"test": {"fp": [13], "f1_score": [0.675], "risk": [0.23214285714285715], "recall": [0.675], "sensitivity": [0.675], "precision": [0.675], "tp": [27], "tn": [59], "specificity": [0.8194444444444444], "fn": [13]}, "train": {"fp": [11], "f1_score": [0.9476744186046513], "risk": [0.03982300884955752], "recall": [0.9588235294117647], "sensitivity": [0.9588235294117647], "precision": [0.9367816091954023], "tp": [163], "tn": [271], "specificity": [0.9609929078014184], "fn": [7]}}, "model": {"n_features": 1000000}, "data": {"path": "/scratch/adrouin/data/patric/single_species_datasets/ethionamide___260162261243005161/dataset.kover", "split": "train_0.800_seed_6_10_folds", "uuid": "a2cac942-0754-11e8-8bc4-001b2193b764"}, "predictions": {"binary": [0, 1, 0, 0, 0, 0, 0, 1, 0, 1, 0, 0, 0, 0, 0, 0, 0, 0, 0, 0, 0, 0, 0, 0, 0, 0, 1, 0, 1, 0, 0, 0, 0, 0, 0, 0, 0, 0, 0, 0, 0, 0, 0, 0, 0, 0, 0, 0, 0, 0, 0, 0, 0, 0, 0, 0, 0, 0, 0, 0, 0, 0, 0, 0, 0, 0, 0, 0, 0, 0, 0, 0, 0, 0, 0, 1, 0, 0, 0, 0, 0, 0, 1, 0, 0, 0, 0, 0, 0, 0, 0, 0, 0, 0, 0, 0, 0, 0, 0, 0, 0, 1, 0, 0, 0, 0, 0, 0, 0, 0, 0, 0, 0, 0, 0, 0, 0, 0, 0, 0, 0, 0, 0, 0, 0, 0, 0, 1, 0, 0, 0, 0, 1, 0, 0, 0, 0, 0, 0, 0, 0, 0, 0, 0, 0, 1, 0, 0, 0, 0, 0, 0, 0, 0, 0, 0, 0, 0, 0, 0, 0, 1, 0, 0, 0, 0, 0, 0, 0, 0, 0, 0, 0, 0, 0, 0, 0, 0, 0, 0, 0, 0, 1, 0, 0, 0, 0, 0, 0, 1, 0, 1, 0, 0, 0, 0, 0, 1, 0, 0, 0, 0, 0, 0, 0, 0, 0, 0, 0, 0, 0, 0, 0, 0, 0, 0, 0, 0, 0, 0, 0, 0, 0, 0, 0, 0, 0, 0, 1, 0, 0, 0, 0, 0, 0, 0, 0, 0, 0, 0, 0, 0, 1, 0, 0, 0, 0, 0, 0, 0, 0, 0, 0, 1, 0, 0, 1, 0, 0, 0, 0, 0, 0, 0, 0, 0, 0, 0, 1, 0, 0, 0, 0, 0, 0, 0, 0, 0, 0, 0, 0, 0, 0, 0, 0, 0, 0, 0, 0, 0, 0, 0, 0, 0, 0, 0, 0, 0, 0, 0, 0, 0, 0, 0, 0, 0, 1, 0, 0, 0, 0, 0, 0, 0, 0, 0, 0, 0, 0, 0, 0, 0, 0, 0, 0, 0, 0, 0, 0, 0, 1, 0, 0, 0, 0, 0, 0, 0, 0, 0, 0, 0, 1, 0, 0, 0, 0, 0, 0, 0, 0, 0, 0, 0, 1, 1, 1, 1, 1, 1, 1, 1, 1, 1, 1, 0, 1, 0, 1, 1, 1, 1, 1, 1, 1, 0, 1, 1, 1, 1, 1, 1, 1, 1, 1, 1, 1, 1, 1, 1, 1, 1, 1, 1, 1, 1, 1, 1, 1, 1, 1, 1, 1, 1, 0, 1, 1, 1, 1, 1, 1, 1, 1, 1, 1, 1, 1, 1, 1, 1, 1, 1, 1, 1, 1, 1, 1, 1, 1, 1, 1, 1, 1, 1, 1, 1, 1, 1, 1, 1, 1, 1, 1, 1, 1, 1, 1, 1, 1, 1, 0, 1, 1, 1, 1, 1, 1, 1, 0, 1, 0, 1, 1, 1, 1, 1, 1, 0, 1, 1, 1, 1, 1, 0, 1, 1, 1, 1, 1, 1, 1, 1, 1, 0, 1, 1, 1, 1, 1, 1, 0, 0, 1, 1, 1, 0, 1, 1, 1, 1, 1, 0, 1, 1, 1, 0, 1, 1, 0, 1, 1, 1, 1, 1, 1, 1, 1, 1, 1, 1, 1, 1, 1, 1, 1, 1, 1, 1, 1, 1, 1, 1, 1, 1, 0, 1, 1, 1, 1, 1, 1, 1, 1, 1, 1, 1, 1, 1, 1, 1, 1, 1, 0, 1, 1, 1, 0, 1, 0, 1, 1, 1, 1, 1, 0, 0, 0, 0, 0, 0, 0, 0, 0, 0, 0, 0], "proba": [0.008290186642087905, 0.8109751570506917, 0.030484848466486858, 0.03404233611992939, 0.22077221843066777, 0.02547186640381021, 0.12193490823525731, 0.9542587123809406, 0.3656147581519343, 0.9931848866063486, 0.0864983660662234, 0.027703741797371076, 0.1139374087831672, 0.02006169322446768, 0.00707537406549773, 0.02179105008746876, 0.03721526256617276, 0.053536570256151286, 0.1223335175690729, 0.12905415942282342, 0.1798331369042332, 0.04694399946670754, 0.003921314450169172, 0.20975724838889862, 0.20016780042951138, 0.15695521832243317, 0.8048584980423972, 0.05188002519654178, 0.5479865696596702, 0.039083471254336845, 0.04597290561322723, 0.008360270225290838, 0.1418118772341361, 0.02838921002308501, 0.07518245288782856, 0.03735436571614952, 0.0035477370098471045, 0.012499444285075068, 0.16307396216601602, 0.12602590846768502, 0.05598433692509149, 0.12353521869228115, 0.01511714239790892, 0.008963911523805176, 0.018772027010730042, 0.07080032097552333, 0.02131498771852502, 0.062348383143266614, 0.04472711899590272, 0.08212207429962454, 0.21435919678570375, 0.00295380041381759, 0.28266085043425687, 0.3140422010386943, 0.019313944996341977, 0.03322959993155345, 0.09979439485809057, 0.286855328393619, 0.05775832624331607, 0.0598342726269093, 0.07794958391512383, 0.0410260822513071, 0.08414211471666563, 0.1879562519028347, 0.04311073995417755, 0.19304069577394808, 0.0755637966561285, 0.019432738923297624, 0.17345242739478958, 0.01493667458653712, 0.023131938143256568, 0.024947746527499492, 0.034587815556550806, 0.034826557855272854, 0.2784449276047753, 0.8938917482048557, 0.10343386630776606, 0.22625917374567958, 0.13915874955772506, 0.12404813818914216, 0.2713192241419781, 0.010029635528585785, 0.825215492302998, 0.09755412753129455, 0.08612264416641456, 0.17318066343378138, 0.06596182401977203, 0.20102147708781468, 0.0232266524632348, 0.39803883796658246, 0.016847024914996688, 0.09507344114248992, 0.03345435955941507, 0.023266212568690856, 0.2934333871469159, 0.004279069582797305, 0.03004406697157151, 0.040344171066341784, 0.0841374564209912, 0.25229181287533964, 0.32351672754283733, 0.8334893287858466, 0.02907174637441187, 0.252099104291368, 0.26441652472470006, 0.2254833991609207, 0.2647546822794328, 0.02793512012332658, 0.23681064898106544, 0.03962320799680392, 0.06081464494257282, 0.0006183571007745736, 0.21038822992129108, 0.13369050360451537, 0.13289830570177003, 0.0046922348043988565, 0.028128567618760612, 0.0969360350444938, 0.009962936061313134, 0.12366805285891021, 0.03850440643775792, 0.13516060161845792, 0.03177710575049376, 0.02889740133389299, 0.07620273185834918, 0.054190658964565305, 0.04730572020239613, 0.6536334924801681, 0.0651853163539265, 0.30389216737007446, 0.2845035196575994, 0.009436109351282432, 0.9800894166626785, 0.4274098345252973, 0.01877242728954876, 0.024063053771890375, 0.00886756594561137, 0.12924529368456797, 0.09397267801496997, 0.2634961299155088, 0.13485708001744762, 0.220155477880046, 0.011098099556700823, 0.24014859586833542, 0.04812570113835236, 0.6547033634027262, 0.11833355330236205, 0.24813153619575884, 0.02238956695647692, 0.002283793680848903, 0.36746567565209143, 0.018532935912265402, 0.28166396572201957, 0.0013097922758685552, 0.2020408673387918, 0.07700603525318042, 0.0033679860287965948, 0.03702351414445575, 0.26122845590215277, 0.02206066112615547, 0.039085209316068154, 0.7666545642340608, 0.042287885234762, 0.09651438738865838, 0.005663277884545713, 0.0005975298889871591, 0.03474299549668404, 0.04008013882633709, 0.0932683830708828, 0.012173760625618982, 0.0005002776668488127, 0.0022493295368457597, 0.13399316211027346, 0.04229339317801928, 0.005838653763559048, 0.17682208934058743, 0.007869756686894337, 0.11555596482636654, 0.10772306447293573, 0.04988950193193356, 0.2987376295058809, 0.03356716390021668, 0.5463953268537343, 0.024718881028763472, 0.06476476373790395, 0.032695288167075155, 0.4237300489399134, 0.049272802820822324, 0.26921229106714545, 0.6527052020955385, 0.13101708546653226, 0.5658202071626885, 0.19761418375195192, 0.034046570506323114, 0.004776812905834517, 0.021733674866667805, 0.006184928271838296, 0.7309216496600426, 0.46014886484346296, 0.20044148721204458, 0.059561987573402635, 0.025442238098253023, 0.05001262010402554, 0.19366562247524444, 0.0935934716573809, 0.05312276516678795, 0.028562730460497694, 0.0697092286820138, 0.11290035263192104, 0.06487177746733717, 0.10406138831122391, 0.019035332232874843, 0.14544235060091726, 0.10167837034521912, 0.040572153963937485, 0.05869137832391778, 0.2056734385119505, 0.043093732857522826, 0.16052321551989993, 0.00501029634252902, 0.3812310127775873, 0.03397927490088371, 0.060471485778265534, 0.2106185620878242, 0.016078940577800526, 0.0033600096761909276, 0.1535728444347842, 0.0469028132862308, 0.6838889828213689, 0.10062123846686699, 0.03075875714164831, 0.0011022911681114903, 0.05667755894653205, 0.06882711953485232, 0.3321773154716526, 0.04226476488411933, 0.04743356021634041, 0.04062154899609287, 0.0042075384488652785, 0.12282806617185076, 0.04707560219330437, 0.0390996086037264, 0.6138798130089467, 0.06177225972622335, 0.07263686108560294, 0.4074438456476586, 0.0026754351102916294, 0.2263321667622403, 0.14545047653829737, 0.1026788049590864, 0.03359803753301697, 0.22067520440120825, 0.0816909234801522, 0.5231939487413505, 0.001075193332886888, 0.14704824040387257, 0.6233048476815811, 0.0314585437801574, 0.10396009940648103, 0.31816610182391186, 0.0787554156207001, 