{"metrics": {"test": {"fp": [3], "f1_score": [0.4], "risk": [0.10714285714285714], "recall": [0.3333333333333333], "sensitivity": [0.3333333333333333], "precision": [0.5], "tp": [3], "tn": [72], "specificity": [0.96], "fn": [6]}, "train": {"fp": [0], "f1_score": [1.0], "risk": [0.0], "recall": [1.0], "sensitivity": [1.0], "precision": [1.0], "tp": [41], "tn": [297], "specificity": [1.0], "fn": [0]}}, "model": {"n_features": 31466580}, "data": {"path": "/scratch/adrouin/data/patric/single_species_datasets/tobramycin___7053822222416630118/dataset.kover", "split": "train_0.800_seed_5_10_folds", "uuid": "2ca1e864-05af-11e8-a59f-001b2193b764"}, "predictions": {"binary": [0, 0, 0, 0, 0, 0, 0, 0, 0, 0, 0, 0, 0, 0, 0, 0, 0, 0, 0, 0, 0, 0, 0, 0, 0, 0, 0, 0, 0, 0, 0, 0, 0, 0, 0, 0, 0, 0, 0, 0, 0, 0, 0, 0, 0, 0, 0, 0, 0, 0, 0, 0, 0, 0, 0, 0, 0, 0, 0, 0, 0, 0, 0, 0, 0, 0, 0, 0, 0, 0, 0, 0, 0, 0, 0, 0, 0, 0, 0, 0, 0, 0, 0, 0, 0, 0, 0, 0, 0, 0, 0, 0, 0, 0, 0, 0, 0, 0, 0, 0, 0, 0, 0, 0, 0, 0, 0, 0, 0, 0, 0, 0, 0, 0, 0, 0, 0, 0, 0, 0, 0, 0, 0, 0, 0, 0, 0, 0, 0, 0, 0, 0, 0, 0, 0, 0, 0, 0, 0, 0, 0, 0, 0, 0, 0, 0, 0, 0, 0, 0, 0, 0, 0, 0, 0, 0, 0, 0, 0, 0, 0, 0, 0, 0, 0, 0, 0, 0, 0, 0, 0, 0, 1, 0, 0, 0, 0, 0, 0, 0, 0, 0, 0, 0, 0, 0, 0, 0, 0, 1, 1, 0, 0, 0, 0, 0, 0, 0, 0, 0, 0, 0, 0, 0, 0, 0, 0, 0, 0, 0, 0, 0, 0, 0, 0, 0, 0, 0, 0, 0, 0, 0, 0, 0, 0, 0, 0, 0, 0, 0, 0, 0, 0, 0, 0, 0, 0, 0, 0, 0, 0, 0, 0, 0, 0, 0, 0, 0, 0, 0, 0, 0, 0, 0, 0, 0, 0, 0, 0, 0, 0, 0, 0, 0, 0, 0, 0, 0, 0, 0, 0, 0, 0, 0, 0, 0, 0, 0, 0, 0, 0, 0, 0, 0, 0, 0, 0, 0, 0, 0, 0, 0, 0, 0, 0, 0, 0, 0, 0, 0, 0, 0, 0, 0, 0, 0, 0, 0, 0, 0, 0, 0, 0, 0, 0, 0, 0, 0, 0, 0, 0, 0, 0, 0, 0, 0, 0, 0, 0, 0, 0, 0, 0, 0, 0, 0, 0, 0, 0, 0, 0, 0, 0, 0, 0, 0, 0, 0, 0, 0, 0, 0, 0, 0, 0, 0, 0, 0, 0, 0, 0, 0, 0, 0, 0, 0, 0, 0, 0, 0, 0, 0, 1, 1, 1, 1, 1, 1, 1, 1, 1, 1, 1, 1, 1, 0, 1, 1, 1, 1, 1, 1, 1, 0, 1, 1, 1, 1, 1, 1, 0, 1, 1, 0, 1, 1, 1, 1, 1, 1, 0, 0, 1, 1, 1, 1, 1, 1, 1, 1, 1, 1], "proba": [0.06827100331855246, 0.0367785497945729, 0.01604219166323709, 0.033283827657211724, 0.0353548101529326, 0.008249817933496321, 0.06829925330399873, 0.015161225755835601, 0.09381921224597986, 0.03265331967463859, 0.013754958802432788, 0.011194079074240018, 0.014719055144684329, 0.03281768749622886, 0.07491292521640931, 0.020735711657341022, 0.01773755884273374, 0.010991416116638503, 0.01226795908382309, 0.05125296032071593, 0.06828308311590907, 0.013476568004420614, 0.06831913083641555, 0.022739061991415874, 0.06136335545568956, 0.06830887816835805, 0.059733233013681976, 0.023344769937194983, 0.020904711659446903, 0.02519273375573354, 0.022646635094682965, 0.019789025979292215, 0.021588389393952852, 0.03246402345277173, 0.01656957793187356, 0.031404032633566864, 0.02342364081786377, 0.020361024327098316, 0.1247954584723674, 0.06833828293647175, 0.053152643438567834, 0.009531325874290356, 0.039341026301922544, 0.06826169950926887, 0.02005428521866754, 0.03569535171158149, 0.05525617572010832, 0.041018146761953575, 0.026539077486827718, 0.06830860691131908, 0.06832929668059085, 0.053316525794467606, 0.0683219016912431, 0.013469868167711663, 0.05816801850401032, 0.017230045612076587, 0.06834618110663818, 0.05475509822792585, 0.06834618110659536, 0.009507997368664202, 0.06834299311019926, 0.06834319564623624, 0.06832683644988519, 0.06831590074016165, 0.024354838288661907, 0.0030413785256644716, 0.06444232455528275, 0.0627743251341305, 0.0637039377968768, 0.06829937714340109, 0.033698598139134985, 0.05251474515370197, 0.06831657717859611, 0.027381142401672557, 0.06832249798167792, 0.06160699035898784, 0.011395018625461533, 0.06830503800927452, 0.10872528131250579, 0.020898826379015092, 0.016219204688671576, 0.06834335063197412, 0.027125894366945517, 0.0649391914341501, 0.06389269617445442, 0.014449646619417923, 0.016676452250419842, 0.06833857915251593, 0.06832794183286517, 0.06836938988355797, 0.05688593316606446, 0.044395085772820995, 0.029866443131904074, 0.04629023017423753, 0.03768258926276983, 0.021628579900245706, 0.007922436039577522, 0.024802418395335927, 0.04242204219337754, 0.043696651583026616, 0.03205983734680566, 0.03651848296977375, 0.03712713324413752, 0.031652544567958116, 0.03242563759118659, 0.013439037122041156, 0.01915218158916545, 0.028959310320602703, 0.012556731779487658, 0.061239048530435755, 0.025178774977581194, 0.06829919714604077, 0.028213121153373842, 0.16330580561862, 0.02315580978884057, 0.022147075312069643, 0.012230060173583683, 0.04876461069700815, 0.009107229985056328, 0.06210355606428741, 0.05941346070472663, 0.05224664734892142, 0.06826861739446546, 0.06830863518337182, 0.06835932758059522, 0.02152161801302929, 0.06828057631156265, 0.03447145556393434, 0.05842546682630721, 0.059764310746140005, 0.02090164859952454, 0.053077533169304705, 0.04675736977653668, 0.015201420119060761, 0.06408859269790831, 0.01675486998544964, 0.05403122898642414, 0.032433196212218435, 0.021906666952862662, 0.06618062719456493, 0.0401523842702941, 0.048078250307768584, 0.0601330548178491, 0.03162993752898348, 0.02163443609410341, 0.06830500007193317, 0.016224700308268697, 0.05902438967470833, 0.012485607400119711, 0.014029142648003744, 0.020690994288257245, 0.06837477334186909, 0.06833243343896911, 0.06830217029327852, 0.06833025154971742, 0.017614227845240478, 0.06830557453670631, 0.015782769965188747, 0.02940276515293804, 0.04755401303267423, 0.010380162895220337, 0.029181951554682416, 0.03778016011046184, 0.0683545924874155, 0.02673171745778414, 0.040841280724694416, 0.030643750185275417, 0.06014427190861701, 0.03980791171312995, 0.0683295951697227, 0.05248189360816077, 0.06829934335164854, 0.6775217400607614, 0.016743189330701527, 0.06833606451954856, 0.02569187599504207, 0.02985599671857981, 0.06829363594517036, 0.019115327432626728, 0.008212056850615315, 0.008400174359695211, 0.013704048607459145, 0.06832306464540226, 0.024527631093825882, 0.03822321642585091, 0.005338812382737865, 0.06831828416898819, 0.0641708265711915, 0.06831225143081676, 0.6357335255120838, 0.8458645990196852, 0.06827001084467196, 0.06830812216223152, 0.0682981083374081, 0.06830727757994973, 0.06832454097504559, 0.06833609471285304, 0.022429024761619416, 0.032228989331740954, 0.0516152923732013, 0.0682525439848892, 0.06833340883340731, 0.06828620529160921, 0.08191860288328633, 0.22164735046842904, 0.1680677270527269, 0.013522938667284864, 0.06831664621439776, 0.004652331571967334, 0.06835675251349449, 0.005787332270675699, 0.04427476959982968, 0.06836726419824565, 0.06037878229880927, 0.06834411160038115, 0.06827380895230173, 0.0603140951875604, 0.03372021644112493, 0.024556316506524747, 0.03647626531226156, 0.01831306209462952, 0.06833177523129055, 0.06830043789136066, 0.06829721509685747, 0.068266195075673, 0.049078144116851, 0.06831238145053492, 0.06836136449873609, 0.05463253987019448, 0.0682741973961157, 0.04595728155205239, 0.07551715720655516, 0.2607709263308012, 0.0347380151887461, 0.029005362150674133, 0.029010703852220078, 0.008803343264344754, 0.007118988796728756, 0.020000025292139553, 0.018079589678822384, 0.013555567007686887, 0.013314825674838179, 0.001514144849445978, 0.010245445751134404, 0.011788253349738844, 0.08630815367309695, 0.057909141875518114, 0.04381307480767924, 0.015369509307357625, 0.05259098021121157, 0.04563078559340048, 0.06834494743854003, 0.04212517431573913, 0.06830849569200965, 0.013655378797464377, 0.010781845914088244, 0.021531283349466756, 0.0682980031563519, 0.023176099029100828, 0.014853522511574084, 0.007255108924552773, 0.0220696059271374, 0.06458207998850131, 0.007188446969444782, 0.0055104834120849105, 0.018667361890981025, 0.06833536849711547, 0.04992920126257297, 0.009770530308046211, 0.02249321370307411, 0.02592500988512152, 0.046486264525685814, 0.06836203227523645, 0.06499908397331251, 0.033041800340408434, 0.01166146776292008, 0.06661770536920962, 0.018901712899583662, 0.020977220448889666, 0.06832373473593573, 0.06831680748949848, 0.06829091021010841, 0.02339019314212331, 0.03379369319385162, 