{"metrics": {"test": {"fp": [2], "f1_score": [0.888888888888889], "risk": [0.03773584905660377], "recall": [1.0], "sensitivity": [1.0], "precision": [0.8], "tp": [8], "tn": [43], "specificity": [0.9555555555555556], "fn": [0]}, "train": {"fp": [1], "f1_score": [0.9615384615384616], "risk": [0.009433962264150943], "recall": [0.9615384615384616], "sensitivity": [0.9615384615384616], "precision": [0.9615384615384616], "tp": [25], "tn": [185], "specificity": [0.9946236559139785], "fn": [1]}}, "model": {"n_features": 17807816}, "data": {"path": "/scratch/adrouin/patric_data/single_species_datasets/clindamycin___-8916328542551230855/dataset.kover", "split": "train_0.800_seed_6_10_folds", "uuid": "6c54415e-07b8-11e8-8a66-001b2193b764"}, "predictions": {"binary": [0, 0, 0, 0, 0, 0, 0, 0, 0, 0, 0, 0, 0, 0, 0, 0, 0, 0, 0, 0, 0, 0, 0, 0, 0, 0, 0, 0, 0, 0, 0, 0, 0, 0, 0, 0, 0, 0, 0, 0, 0, 0, 0, 0, 0, 0, 0, 0, 0, 0, 0, 0, 0, 0, 0, 0, 0, 0, 0, 0, 0, 0, 0, 0, 0, 0, 0, 0, 0, 0, 0, 0, 0, 0, 0, 0, 0, 0, 0, 0, 0, 0, 0, 0, 0, 0, 0, 0, 0, 0, 0, 0, 0, 0, 0, 0, 0, 0, 0, 0, 1, 0, 0, 0, 0, 0, 0, 0, 0, 0, 0, 0, 0, 0, 0, 0, 0, 0, 0, 0, 0, 0, 0, 0, 1, 0, 0, 0, 0, 0, 0, 0, 0, 0, 0, 0, 0, 0, 0, 0, 0, 0, 0, 0, 0, 0, 0, 1, 0, 0, 0, 0, 0, 0, 0, 0, 0, 0, 0, 0, 0, 0, 0, 0, 0, 0, 0, 0, 0, 0, 0, 0, 0, 0, 0, 0, 0, 0, 0, 0, 0, 0, 0, 0, 0, 0, 0, 0, 0, 0, 0, 0, 0, 0, 0, 0, 0, 0, 0, 0, 0, 0, 0, 0, 0, 0, 0, 0, 0, 0, 0, 0, 0, 0, 0, 0, 0, 0, 0, 0, 0, 0, 0, 0, 0, 0, 0, 0, 0, 0, 0, 1, 1, 1, 1, 1, 1, 1, 1, 1, 1, 1, 0, 1, 1, 1, 1, 1, 1, 1, 1, 1, 1, 1, 1, 1, 1, 1, 1, 1, 1, 1, 1, 1, 1], "proba": [0.002870512010477723, 0.0031191252162309437, 0.03567117299073548, 0.034482064072629395, 0.014633232264176671, 0.03560375511378744, 0.0032427790124562278, 0.035669938257615635, 0.03865763340191259, 0.013294033915840262, 0.0029390214831105633, 0.0029734081456528113, 0.0032080497821285765, 0.0029851796043462472, 0.0029964702610377858, 0.03507879787743493, 0.0033843020344513806, 0.035640991556269055, 0.021482532538113417, 0.013459745400825973, 0.003112293805713515, 0.023466194015105146, 0.03444519283341469, 0.030177060070646255, 0.0029170610474133487, 0.033847579801415756, 0.02470871886049953, 0.03554098321116038, 0.026930413769931712, 0.002850430068398511, 0.035687075706198924, 0.0724954808872794, 0.0031053013669970005, 0.0029303648720349815, 0.0030658284340473784, 0.0031515355129937677, 0.0030597520554965056, 0.013841698116581503, 0.03457351830060521, 0.003104761330781827, 0.05943238688282685, 0.025726169969124392, 0.0030490102317747925, 0.07251340075646652, 0.0031339864655576823, 0.035684415823492105, 0.01779106676370522, 0.0029394731529913264, 0.002919075993288064, 0.03560532870932329, 0.035594833628003274, 0.034261770021333106, 0.03564199584574559, 0.00291032320828281, 0.003055934417208607, 0.035678704087529454, 0.0029524005656436786, 0.04564469068854008, 0.03565637387289986, 0.01354184332823648, 0.0029403314337769345, 0.03426806650050984, 0.003015089731077366, 0.03425785022572006, 0.035614768976871526, 0.035680405997258954, 0.003088510741140367, 0.003123011076578933, 0.002810656627009231, 0.003054473561679199, 0.00318462031073701, 0.002941680065005554, 0.03562938306688787, 0.0030979402533190723, 0.0077087381977782605, 0.03476121341531129, 0.0029101009719249803, 0.0850745224576544, 0.05859454221241592, 0.03284585335724702, 0.14049941706902946, 0.03539710432777028, 0.002908791839962505, 0.0030751919705863783, 0.0029522720232365803, 0.0028477856762720998, 0.03577820082568944, 0.035689724393232244, 0.03568114826430041, 0.0198124698009183, 0.01566924538602555, 0.03769983172807734, 0.0356810473068438, 0.003136819644665647, 0.002834144491052046, 0.03179871476701192, 0.0030604341629908737, 0.002984394575576671, 0.035642910378923726, 0.0030853530029462187, 0.8264292566124964, 0.045784919165803434, 0.0031462146179171598, 0.024052088980046127, 0.028824926958596658, 0.003088320872990566, 0.00306992295744128, 0.0356367058398561, 0.008083878560172808, 0.035662657745938506, 0.0032023467671781908, 0.0030581958583946124, 0.0027946193265666747, 0.03568767240116191, 0.0030190298439962777, 0.0030272997247605287, 0.00302969870415329, 0.0029988268928323133, 0.0333390726927418, 0.0031089637386216905, 0.019173610481046256, 0.0028423011101156278, 0.03565944737509169, 0.0031204062265548145, 0.9016375726075001, 0.003009666716973333, 0.03562467347417894, 0.002778195521303482, 0.0031669677109981893, 0.02618529251168683, 0.0029327438648546152, 0.02186568828550681, 0.0027982900772660518, 0.053356307180151295, 0.022706697666966716, 0.03562353423705123, 0.03568504147632914, 0.016640911774197065, 0.0031255567397499417, 0.026078589824088526, 0.03563761902185718, 0.003056867571224876, 0.0029759543621180728, 0.0031368691972383377, 0.026284863506381522, 0.002996018265639337, 0.0028746251458429376, 0.8907760229489065, 0.0882430723659033, 0.0077016156885517245, 0.002936837685304598, 0.002894226791669148, 0.03567907913259057, 0.02902212438409802, 0.20060786504996247, 0.00315069236096635, 0.031201931870663002, 0.035661643165377066, 0.0028489720916965457, 0.035507589874953324, 0.035674065880449086, 0.055376261925047084, 0.021965006166611827, 0.02764900605772699, 0.0030719371354822403, 0.003029196409414417, 0.0027833158515716675, 0.026476575694729266, 0.003065313137619316, 0.003075462222715573, 0.031609820270486186, 0.007498806990724179, 0.003017306833023906, 0.003086867833592842, 0.03540951391477056, 0.03159586079888983, 0.003150172802533638, 0.003210546388523016, 0.035674821900793234, 0.0024844335736905784, 0.019632945264138096, 0.0030626548661564475, 0.025385801149177677, 0.0030485080454375714, 0.0032356181956162276, 0.060615070744338126, 0.03564324494868106, 0.03568001900979233, 0.033626801967441326, 0.035638167029124306, 0.003081634378598126, 0.0028377874383409343, 0.022739932563456102, 0.035675163769756844, 0.0028550672424829393, 0.002976660898323231, 0.022168202625296413, 0.0220341115338773, 0.0030753414690259623, 0.0029909406963755042, 0.0030153621677395676, 0.016798878838136928, 0.003054581702256589, 0.0029571531759130633, 0.003435575492891907, 0.031646420415678174, 0.03255653173253934, 0.0030615110138498417, 0.015994065657582948, 0.002478440436181287, 0.03569350979272164, 0.03566915126166673, 0.0688440152668761, 0.0028073541174352414, 0.0029265477018459076, 0.003075731488107404, 0.031684731427845746, 0.0030014319983060695, 0.0028312613101959586, 0.03570728877249737, 0.003043588708108228, 0.03555484443765931, 0.029048803490457575, 0.002940782016327752, 0.030523620282824633, 0.003070731115565991, 0.028948107484377778, 0.0029166493924649615, 0.02970594374137247, 0.06021323870225393, 0.0030131123030905285, 0.9568833599949625, 0.9455669729292584, 0.9456360492479488, 0.947585444009995, 0.9456677092539992, 0.9428460861060631, 0.9414459166523514, 0.9030800098668057, 0.9456780954364498, 0.9455630539097664, 0.9456216366312837, 0.10731565961527847, 0.9435172660398293, 0.924642127240592, 0.941615675363295, 0.9483927370730285, 0.9456100400630673, 0.9456090168320817, 0.9576910397208128, 0.9482134624828896, 0.9456690764445151, 0.5083376437360353, 0.9509808754983261, 0.9456564537673373, 0.9586255124413324, 0.940272292425496, 0.5393763261725671, 0.7758233343374542, 0.9455789209136586, 0.8517949133253079, 0.9576349053129293, 0.9456789525721727, 0.9544016541953323, 0.9455919746739633]}, "cv": {"hps": {"normalize_kernel": true, "degree": 2.0, "regularizer": 10.0}, "score": 0.02813852813852815}}