{"metrics": {"test": {"fp": [2], "f1_score": [0.8974358974358975], "risk": [0.08695652173913043], "recall": [0.8536585365853658], "sensitivity": [0.8536585365853658], "precision": [0.9459459459459459], "tp": [35], "tn": [49], "specificity": [0.9607843137254902], "fn": [6]}, "train": {"fp": [15], "f1_score": [0.842857142857143], "risk": [0.11891891891891893], "recall": [0.8027210884353742], "sensitivity": [0.8027210884353742], "precision": [0.8872180451127819], "tp": [118], "tn": [208], "specificity": [0.9327354260089686], "fn": [29]}}, "model": {"n_features": 19753432}, "data": {"path": "/scratch/adrouin/patric_data/single_species_datasets/moxifloxacin___-8916328542551230855/dataset.kover", "split": "train_0.800_seed_3_10_folds", "uuid": "188637c8-547d-11e8-9fd4-f0921c053df8"}, "predictions": {"binary": [0, 0, 0, 0, 0, 0, 0, 0, 0, 0, 0, 0, 1, 0, 0, 0, 0, 0, 0, 0, 0, 0, 0, 0, 0, 0, 0, 0, 0, 0, 0, 0, 0, 0, 0, 0, 1, 0, 0, 0, 0, 0, 0, 0, 1, 0, 0, 0, 0, 0, 0, 0, 0, 0, 0, 0, 0, 0, 0, 0, 0, 0, 0, 0, 0, 0, 0, 0, 0, 0, 0, 0, 0, 0, 1, 1, 0, 0, 0, 0, 0, 0, 0, 1, 0, 0, 0, 0, 0, 0, 0, 0, 0, 0, 0, 0, 0, 0, 0, 0, 0, 0, 0, 0, 0, 0, 0, 0, 0, 0, 0, 0, 0, 0, 0, 0, 0, 0, 0, 0, 0, 0, 0, 0, 0, 1, 0, 0, 0, 0, 0, 0, 0, 0, 0, 0, 0, 0, 1, 0, 1, 0, 0, 0, 0, 0, 0, 0, 0, 1, 0, 0, 0, 0, 0, 0, 0, 0, 0, 1, 0, 0, 0, 0, 0, 0, 0, 0, 0, 0, 0, 0, 0, 0, 0, 0, 0, 0, 0, 0, 0, 0, 0, 0, 0, 0, 0, 0, 0, 0, 0, 1, 0, 0, 0, 1, 0, 0, 0, 0, 0, 0, 0, 0, 0, 0, 0, 0, 0, 0, 0, 0, 0, 0, 0, 0, 1, 0, 0, 0, 0, 0, 0, 0, 0, 0, 1, 0, 0, 0, 0, 0, 0, 0, 0, 0, 0, 0, 0, 0, 0, 0, 0, 0, 0, 0, 0, 0, 0, 0, 1, 0, 0, 0, 0, 0, 0, 0, 0, 0, 1, 0, 0, 0, 0, 0, 0, 0, 0, 0, 0, 0, 0, 0, 0, 1, 0, 1, 0, 1, 1, 1, 1, 1, 1, 1, 1, 1, 1, 1, 1, 1, 1, 1, 0, 1, 1, 1, 1, 1, 1, 1, 1, 1, 1, 1, 1, 1, 1, 1, 1, 0, 1, 1, 1, 1, 1, 0, 1, 1, 1, 1, 1, 1, 0, 1, 0, 1, 0, 1, 0, 1, 1, 1, 0, 1, 1, 1, 1, 1, 0, 0, 1, 0, 1, 1, 1, 0, 0, 1, 1, 1, 1, 1, 1, 1, 1, 1, 1, 1, 1, 1, 0, 1, 1, 1, 1, 1, 1, 1, 1, 1, 1, 1, 1, 1, 1, 1, 0, 0, 1, 0, 1, 1, 1, 1, 0, 1, 1, 1, 1, 1, 1, 1, 0, 0, 1, 1, 1, 0, 1, 1, 1, 1, 1, 1, 0, 0, 1, 1, 1, 1, 0, 1, 1, 1, 1, 1, 1, 1, 1, 1, 1, 1, 1, 0, 1, 1, 1, 1, 1, 1, 1, 1, 1, 1, 1, 0, 1, 0, 1, 0, 1, 1, 0, 1, 1, 1, 0, 1, 0, 1, 1, 1, 0, 1, 1, 1, 1, 1, 1, 1], "proba": [0.648812445793574, 0.6213865070965026, 0.7031553179094703, 0.5106767950452429, 0.7030577681543673, 0.6669455690447285, 0.6694803495111313, 0.6809761348543766, 0.6744869216547499, 0.6931312868875327, 0.7048851244980971, 0.6795085056486329, 0.1999269668501081, 0.7010045358952463, 0.6541188229657735, 0.6097435372279633, 0.6920533295124699, 0.6762794402611407, 0.702309788323259, 0.5708171396104962, 0.6822689968622181, 0.6406046383273079, 0.705870086977308, 0.7057964764106991, 0.6727113568461258, 0.6245083644928296, 0.7057453487035577, 0.5732455282430182, 0.7063325084941479, 0.6494903881152447, 0.6704871004787631, 0.5384968462951808, 0.566196688792236, 0.6076969652873327, 0.6347550318531494, 0.6676537240875466, 0.4410742993809073, 0.6770227611919791, 0.6764371846462978, 0.7010588485587658, 0.704269627418919, 0.6757611085540358, 0.640510354275204, 0.7068124924857137, 0.16844484563043677, 0.6411537944456085, 0.6756995531646097, 0.6731003870272692, 0.6820154525901776, 0.6548476464051917, 0.6744643886482868, 0.6772503477074222, 0.6951670688814081, 0.677942645925259, 0.7055897368988625, 0.6202606840908487, 0.5923022725223843, 0.6607690729479967, 0.7006757355792449, 0.6841417899880134, 0.645919061233273, 0.5922524667314555, 0.6455819155657574, 0.6434861429260887]}}