{"metrics": {"test": {"fp": [2], "f1_score": [0.8387096774193549], "risk": [0.13513513513513514], "recall": [0.8125], "sensitivity": [0.8125], "precision": [0.8666666666666667], "tp": [13], "tn": [19], "specificity": [0.9047619047619048], "fn": [3]}, "train": {"fp": [0], "f1_score": [0.9763779527559054], "risk": [0.019867549668874173], "recall": [0.9538461538461539], "sensitivity": [0.9538461538461539], "precision": [1.0], "tp": [62], "tn": [86], "specificity": [1.0], "fn": [3]}}, "model": {"n_features": 35088418}, "data": {"path": "/scratch/adrouin/data/patric/single_species_datasets/trimethoprim___2202579077548954665/dataset.kover", "split": "train_0.800_seed_5_10_folds", "uuid": "90cb0312-06e4-11e8-bece-001b2193b764"}, "predictions": {"binary": [0, 0, 1, 0, 0, 0, 0, 0, 0, 0, 0, 0, 0, 0, 0, 0, 0, 0, 0, 0, 0, 0, 0, 0, 0, 0, 0, 0, 0, 0, 0, 0, 0, 0, 0, 0, 0, 0, 1, 0, 0, 0, 0, 0, 0, 0, 0, 0, 0, 0, 0, 0, 0, 0, 0, 0, 0, 0, 0, 0, 0, 0, 0, 0, 0, 0, 0, 0, 0, 0, 0, 0, 0, 0, 0, 0, 0, 0, 0, 0, 0, 0, 0, 0, 0, 0, 0, 0, 0, 0, 0, 0, 0, 0, 0, 0, 0, 0, 0, 0, 0, 0, 0, 0, 0, 0, 0, 1, 1, 1, 1, 1, 1, 1, 1, 1, 0, 1, 1, 1, 1, 0, 0, 1, 1, 1, 1, 1, 1, 1, 1, 1, 1, 1, 1, 1, 1, 1, 1, 1, 1, 1, 1, 0, 1, 1, 1, 1, 0, 1, 1, 1, 1, 1, 1, 0, 1, 1, 1, 1, 1, 1, 1, 1, 1, 1, 1, 1, 1, 1, 1, 1, 1, 1, 1, 1, 1, 1, 1, 1, 1, 1, 1, 1, 1, 1, 1, 1], "proba": [0.11063567716142467, 0.08849930814179555, 0.590991983231805, 0.08843134319564898, 0.08845503326071463, 0.15949096202201304, 0.08847930474214782, 0.11175566053374321, 0.22582866446068306, 0.0884565078497584, 0.08839325516341351, 0.08846386315809687, 0.07286881187621709, 0.0884320541396974, 0.08848746647962356, 0.08848218200283674, 0.07982535126055332, 0.08852292238436302, 0.05418873436943208, 0.07094215345497012, 0.08850680226027663, 0.08852288507429207, 0.08845783367092303, 0.08853422297846114, 0.0884843221701976, 0.08847887900694275, 0.08850094423260103, 0.09801521985255002, 0.06929097711527206, 0.08849477142424825, 0.28173908787201096, 0.10193389769295443, 0.03610656140925899, 0.07938423354640989, 0.0884342245086227, 0.08265124980970157, 0.08485233592793076, 0.08843371032665233, 0.8510277644721068, 0.08854068979831403, 0.08843569597595793, 0.09306842747988509, 0.08844043755504971, 0.0885283673921136, 0.11921223941971829, 0.08843422534542852, 0.08851075378430395, 0.08849804575293581, 0.08747798260894615, 0.08851871846957429, 0.08842144178847376, 0.10153612743669432, 0.08850814773456853, 0.052448587128858346, 0.0884397861043809, 0.08839941636265114, 0.08845647766758886, 0.08845151639922767, 0.10549431844022503, 0.08850378051921447, 0.08852198579004103, 0.08845562269796564, 0.08257558684407995, 0.08842473700717357, 0.08855848796487109, 0.13484422513525254, 0.08470857481823364, 0.08847334438754251, 0.10618458662294257, 0.0884714651474591, 0.08839541786392892, 0.08641067209001876, 0.08844757957390417, 0.09187761231776102, 0.06933653694601039, 0.0885064164850514, 0.08844635403306196, 0.08844820405295688, 0.08842184352548665, 0.08842523065603274, 0.27518112501245157, 0.07359903889671394, 0.08853717833433608, 0.08850972059909341, 0.08845140291379669, 0.08847494002431486, 0.07968839454721136, 0.0884781598546433, 0.09692093208359046, 0.08847918706660873, 0.08845335389819993, 0.08851854521822806, 0.08852969811155072, 0.06185350667293175, 0.08372682371216589, 0.08851811760478724, 0.08743113972878756, 0.08851292666693063, 0.08286854772313017, 0.11193961983216508, 0.08843276321730358, 0.08543301021364963, 0.08846790462669221, 0.09318485535985913, 0.08845091225247867, 0.06161270863630188, 0.08441494873784759, 0.9132064651847359, 0.8983724161086581, 0.8984157903669168, 0.9272544914130861, 0.8984376889315668, 0.923791380688205, 0.8990542994329366, 0.8983595919462857, 0.9247420288015802, 0.1840938662282099, 0.950551866805709, 0.8978263324507817, 0.901373936682158, 0.8984283136783309, 0.14705230682317014, 0.15514485065668684, 0.9416931515671754, 0.8983972047662029, 0.9470369426643507, 0.9722216909982548, 0.9242907724211377, 0.8983615415984352, 0.8955404647242926, 0.8983560920184778, 0.9570487034399876, 0.9677100747945322, 0.8983570042480411, 0.8984017861922072, 0.9394171606071596, 0.8983608994031705, 0.9154781148353951, 0.8984104112101361, 0.8982894263424853, 0.898386444339768, 0.9465127258281453, 0.9661091172774386, 0.01536528371748881, 0.8764667187256823, 0.8982941189735293, 0.860076863402701, 0.9296511295233048, 0.11128397346538974, 0.8983202611313343, 0.8983544807227224, 0.8983326429487187, 0.8982930244955055, 0.8983734824911397, 0.898413615604174, 0.3613394164433709, 0.8983818865761014, 0.8982867149321705, 0.5809848893310403, 0.9100959178631397, 0.8983970412229022, 0.9652265505772237, 0.9839713519037212, 0.8983423630001183, 0.9479889516996144, 0.8984216973911994, 0.9086770771255613, 0.9258907906955769, 0.9012201012710273, 0.8983286217213959, 0.9241014448571714, 0.8983317401580522, 0.9226791673450784, 0.9007173434546719, 0.9156495090555311, 0.888496432493573, 0.9006070547966872, 0.8983380220643106, 0.8983431413608465, 0.8983940640619378, 0.8983558713554707, 0.8998079548805268, 0.8991729214335584, 0.8982857224702908, 0.8987282881011294, 0.8999052137246437, 0.8983200340817196, 0.9127100439446663]}, "cv": {"hps": {"normalize_kernel": true, "degree": 1.0, "regularizer": 100.0}, "score": 0.13916666666666666}}