{"metrics": {"test": {"fp": [0], "f1_score": [0.9696969696969697], "risk": [0.029411764705882353], "recall": [0.9411764705882353], "sensitivity": [0.9411764705882353], "precision": [1.0], "tp": [16], "tn": [17], "specificity": [1.0], "fn": [1]}, "train": {"fp": [0], "f1_score": [1.0], "risk": [0.0], "recall": [1.0], "sensitivity": [1.0], "precision": [1.0], "tp": [58], "tn": [78], "specificity": [1.0], "fn": [0]}}, "model": {"n_features": 567}, "data": {"path": "/scratch/adrouin/patric_data/single_species_datasets/ticarcillin_clavulanic_acid___2202579077548954665/dataset.kover", "split": "train_0.800_seed_3_10_folds", "uuid": "f15e3612-06d1-11e8-9a0b-001b2193b764"}, "predictions": {"binary": [0, 0, 0, 0, 0, 0, 0, 0, 0, 0, 0, 0, 0, 0, 0, 0, 0, 0, 0, 0, 0, 0, 0, 0, 0, 0, 0, 0, 0, 0, 0, 0, 0, 0, 0, 0, 0, 0, 0, 0, 0, 0, 0, 0, 0, 0, 0, 0, 0, 0, 0, 0, 0, 0, 0, 0, 0, 0, 0, 0, 0, 0, 0, 0, 0, 0, 0, 0, 0, 0, 0, 0, 0, 0, 0, 0, 0, 0, 0, 0, 0, 0, 0, 0, 0, 0, 0, 0, 0, 0, 0, 0, 0, 0, 0, 1, 1, 1, 1, 1, 1, 1, 1, 1, 1, 1, 1, 1, 1, 1, 0, 1, 1, 1, 1, 1, 1, 1, 1, 1, 1, 1, 1, 1, 1, 1, 1, 1, 1, 1, 1, 1, 1, 1, 1, 1, 1, 1, 1, 1, 1, 1, 1, 1, 1, 1, 1, 1, 1, 1, 1, 1, 1, 1, 1, 1, 1, 1, 1, 1, 1, 1, 1, 1, 1, 1, 1, 1, 1, 1, 0, 0, 0, 0, 0, 0, 0, 0, 0, 0, 0, 0, 0, 0, 0, 0, 0, 0, 0, 0, 0, 0], "proba": [0.026318718963793154, 0.0009867444860694147, 0.013103042960695178, 0.0039580206484150626, 0.002045288747651569, 0.0006629799413172147, 0.0006789734450008229, 0.03608738188690952, 0.007254498886595051, 0.0010064853599278222, 0.002144252977986329, 0.002144252977986329, 0.0013424449866911493, 0.005125912892042932, 0.002475654663192823, 0.013103042960695178, 0.0009420409700325111, 0.0020172629866521464, 0.0009689863786921947, 0.0027751649602527234, 0.002144252977986329, 0.002558630233919565, 0.005912979281392954, 0.0021583410431627254, 0.001239499139536074, 0.010411575676730801, 0.012950842259958678, 0.003901883792581981, 0.16419190497925373, 0.0007601393360767619, 0.0015621708214213252, 0.019727546035273713, 0.012227170658843933, 0.006567002282097962, 0.002601395807321871, 0.004718634875378646, 0.009253660869227987, 0.0033517246600357083, 0.0016780210917901406, 0.0062749969279140925, 0.001830830299383702, 0.006934246035445827, 0.0008069222243958151, 0.0022168173594376674, 0.003240271852692781, 0.009190619680849796, 0.0015981245676351713, 0.006578548863969932, 0.004518912923619226, 0.0009619622939962686, 0.0009807633063305438, 0.005434613522628957, 0.009796215835037415, 0.002144252977986329, 0.0068533176582004085, 0.08799769172844378, 0.00818504082737675, 0.005301416941564754, 0.0052262286502093944, 0.0025326689035844686, 0.0015970969138159024, 0.007252113366454301, 0.00769602901751783, 0.004775752686085777, 0.0017848596392796524, 0.00043281248211725516, 0.0014911528137392575, 0.0016733086392363642, 0.000979701973066294, 0.026685450493169463, 0.00609920402594482, 0.0028544332179046466, 0.003445689794006678, 0.006578548863969932, 0.0007013781096763979, 0.002322087012387034, 0.0021842255528487964, 0.004305972274070084, 0.01400295277087502, 0.0038057650944180324, 0.0010064853599278222, 0.0009689863786921947, 0.001882932796328092, 0.0008353192924788753, 0.0009689863786921947, 0.024773635332867198, 0.006415940490379645, 0.0025933460563849807, 0.0009689863786921947, 0.0018726068590205816, 0.003193471249623751, 0.0010900623616647452, 0.002889911662179365, 0.00495479738583084, 0.003271916702753846, 0.9987222235577435, 0.9998790171867207, 0.9979309104512334, 0.9973517841888154, 0.9768594333095812, 0.9999083311828063, 0.9993859355046097, 0.9987178399196016, 0.9892680481765305, 0.9963991136588721, 0.9942243912600369, 0.9996321095637385, 0.9639827296901944, 0.9990905463535508, 0.9993867550895777, 0.0009689863786921947, 0.9995313228206324, 0.9995115291725593, 0.9989109151505606, 0.999568915476768, 0.999541431772054, 0.999362398436667, 0.9983518519718872, 0.9994250364390398, 0.9995313228206324, 0.9995178839359539, 0.9989288308737718, 0.9991537989698465, 0.9985893414520136, 0.9991875763028166, 0.9993871080992155, 0.9857914539202043, 0.9992934868185265, 0.9967511398087221, 0.9999093347017212, 0.9994764711059313, 0.9995313228206324, 0.9973517841888154, 0.9995115291725593, 0.9984183616161828, 0.9992843619385018, 0.9825492310829582, 0.9995313228206324, 0.8410539167215225, 0.9942243912600369, 0.9942243912600369, 0.8815095171264381, 0.9942243912600369, 0.9947679399822623, 0.9623810670335086, 0.9976627872176479, 0.9546554167484474, 0.999221043295182, 0.9995049137181785, 0.9060499303820154, 0.9995115291725593, 0.9995249753080333, 0.9992062385118305, 0.9997747805272358, 0.999541431772054, 0.9996040103700582, 0.9718232859208055, 0.999598202682142, 0.9923155843899069, 0.998832594531802, 0.9802405109459147, 0.999892023649177, 0.9992046860002607, 0.9995115291725593, 0.9991017991304004, 0.9995313228206324, 0.9995992169605111, 0.9998430201110351, 0.9898565973680317, 0.9799169957393223, 0.5, 0.5, 0.5, 0.5, 0.5, 0.5, 0.5, 0.5, 0.5, 0.5, 0.5, 0.5, 0.5, 0.5, 0.5, 0.5, 0.5, 0.5, 0.5, 0.5, 0.5, 0.5]}}