{"metrics": {"test": {"fp": [11], "f1_score": [0.7105263157894737], "risk": [0.22448979591836735], "recall": [0.7105263157894737], "sensitivity": [0.7105263157894737], "precision": [0.7105263157894737], "tp": [27], "tn": [49], "specificity": [0.8166666666666667], "fn": [11]}, "train": {"fp": [1], "f1_score": [0.9969418960244648], "risk": [0.002544529262086514], "recall": [1.0], "sensitivity": [1.0], "precision": [0.9939024390243902], "tp": [163], "tn": [229], "specificity": [0.9956521739130435], "fn": [0]}}, "model": {"n_features": 1000000}, "data": {"path": "/scratch/adrouin/data/patric/single_species_datasets/levofloxacin___-9072632565547958275/dataset.kover", "split": "train_0.800_seed_1_10_folds", "uuid": "43b381aa-07c3-11e8-8bd9-001b2193b764"}, "predictions": {"binary": [0, 1, 0, 0, 0, 0, 0, 1, 0, 0, 0, 0, 0, 0, 0, 0, 0, 0, 0, 0, 0, 0, 0, 0, 0, 1, 0, 0, 0, 0, 0, 0, 0, 0, 0, 0, 0, 0, 0, 0, 0, 0, 0, 1, 0, 0, 0, 0, 0, 0, 0, 0, 0, 0, 0, 0, 0, 0, 0, 0, 0, 0, 0, 0, 0, 0, 0, 0, 0, 0, 0, 0, 0, 0, 0, 0, 0, 0, 0, 0, 0, 0, 0, 0, 0, 0, 0, 0, 0, 0, 0, 0, 0, 0, 0, 0, 0, 0, 0, 0, 0, 0, 0, 0, 0, 0, 0, 0, 0, 1, 0, 0, 0, 0, 0, 1, 0, 0, 0, 0, 0, 0, 0, 0, 0, 0, 0, 0, 0, 1, 0, 0, 0, 0, 0, 0, 0, 0, 0, 0, 0, 1, 0, 0, 0, 0, 0, 0, 0, 0, 0, 0, 0, 0, 0, 0, 0, 0, 0, 0, 0, 0, 0, 0, 0, 0, 0, 0, 0, 0, 0, 0, 0, 0, 0, 0, 0, 0, 0, 0, 0, 0, 0, 0, 0, 0, 0, 0, 0, 0, 0, 0, 0, 0, 0, 0, 1, 0, 0, 0, 0, 0, 0, 0, 0, 0, 0, 0, 0, 0, 0, 1, 0, 0, 0, 0, 0, 0, 0, 0, 0, 0, 0, 0, 0, 0, 0, 0, 0, 0, 0, 0, 0, 0, 0, 0, 0, 0, 0, 0, 0, 0, 0, 0, 0, 0, 0, 0, 0, 0, 0, 0, 0, 0, 0, 1, 0, 0, 0, 0, 0, 0, 0, 0, 0, 0, 0, 0, 0, 0, 0, 0, 0, 0, 0, 0, 0, 0, 0, 1, 0, 0, 0, 0, 0, 0, 0, 0, 0, 0, 1, 1, 1, 1, 1, 1, 1, 1, 1, 1, 1, 1, 1, 1, 1, 1, 1, 1, 1, 1, 1, 1, 1, 1, 1, 1, 1, 1, 1, 1, 1, 1, 1, 1, 1, 1, 1, 1, 1, 1, 1, 1, 1, 1, 1, 1, 1, 1, 1, 1, 1, 1, 1, 1, 1, 1, 1, 1, 1, 1, 1, 1, 1, 1, 1, 1, 0, 1, 1, 1, 1, 1, 1, 1, 1, 1, 1, 1, 1, 1, 1, 1, 1, 1, 1, 1, 1, 1, 1, 1, 1, 1, 1, 1, 1, 1, 1, 1, 1, 1, 1, 1, 1, 0, 1, 1, 0, 1, 0, 1, 1, 1, 0, 1, 1, 1, 1, 1, 1, 1, 1, 1, 1, 0, 1, 1, 1, 1, 1, 1, 1, 1, 1, 1, 1, 1, 1, 1, 1, 1, 1, 1, 1, 1, 1, 1, 1, 1, 1, 1, 1, 1, 1, 1, 1, 1, 1, 1, 1, 1, 0, 1, 1, 1, 1, 1, 0, 1, 1, 1, 1, 1, 1, 1, 1, 1, 1, 1, 0, 1, 1, 1, 1, 1, 0, 1, 1, 0, 1, 1, 1, 1, 1, 1, 1, 1, 1, 1, 1, 1, 1, 1, 1, 1, 1, 1, 1, 1, 1, 1, 1, 1, 1, 1, 1, 1, 1, 1, 1, 1, 1, 1], "proba": [0.0059883921731405795, 0.5383602488142825, 0.09827489184548147, 0.01573154190048451, 0.004862172582243759, 0.05732400921584814, 0.02866472158855907, 0.5815344891674896, 0.06665141257445352, 0.023523488059785703, 0.005692516067826496, 0.04230160334445421, 0.004973607004629091, 0.005130411831879688, 0.031177872532383417, 0.06665141257445352, 0.0051376516967451945, 0.024586746977440458, 0.0003881708847072577, 0.0160592899853504, 0.018343857563820107, 0.03238574256241579, 0.08042587764495442, 0.015434397969389332, 0.12743970138102112, 0.819992054876945, 0.11130547197190438, 0.019997602484227706, 0.006471770314834881, 0.02308997867197363, 0.12169391836045783, 0.0003678990312732028, 0.15572479724283353, 0.0375555638007345, 0.00014053052252767492, 0.03460732488928802, 0.1552691623484789, 0.3425140889731371, 0.046941925634485265, 0.013035236172215515, 0.0831242136145355, 0.032603150962728825, 0.17726703260525806, 0.539850078921159, 0.004331046360534716, 0.00013539163033300907, 0.00014755486265205728, 0.01479444990979253, 0.06430461363911398, 0.048958808151778825, 0.038354336617997656, 0.005590958672473352, 0.02134536406240942, 0.010727696028524466, 0.012114131809954687, 0.01141698556449943, 0.04243388566451433, 0.08744353275860799, 0.017055395881974123, 0.019384877930191245, 0.011880173535994172, 0.029711267744439898, 0.13647906815773772, 0.027974179161201294, 0.013873550400648629, 0.00879811954271863, 0.1104199036074791, 0.015269039885313454, 0.3672486576020716, 0.016773815627024003, 0.019424095207802364, 0.4224705619935058, 0.07232218908285223, 0.012683448572379404, 0.0243352097722735, 0.02154137369072454, 0.2897322987627369, 0.09443642406070278, 0.13508903078390233, 0.08465845157436672, 0.010976482520074295, 0.027325949552827224, 0.059842678797589706, 0.0021759766521906995, 0.0521356654165729, 0.0004472394077935498, 0.005335547009792876, 0.0065529738736126095, 0.06845020432642113, 0.09351441986218927, 0.007053356503497218, 0.018663161494741006, 0.08835121038861353, 0.05482861355110733, 0.024529726855839075, 0.05477421790092363, 0.022215512278009674, 0.021529467734473912, 0.12323781264358163, 0.12507251300710928, 0.0036420340787989124, 0.010681307606609238, 0.008895922167523015, 0.07655475926017896, 0.02207678287182034, 0.024866194451824735, 0.026468952069647687, 0.006126798641429226, 0.016083885614086618, 0.9899677359577369, 0.026245735854764127, 0.13813105695757968, 0.013935656168728666, 0.009689499521360978, 0.04881836190549451, 0.6630478997286731, 0.00013448623808116737, 0.038137799884284534, 0.02021056625993514, 0.06321090947557398, 0.004320468112118995, 0.03383307272962921, 0.002786919837050177, 0.1393669701975425, 0.007580277282704675, 0.0992231394330209, 0.05790372813117519, 0.016160638615181733, 0.058838798617193, 0.9103824613380169, 0.041072460768691324, 0.012493093064789745, 0.005210506893186931, 0.029778629813884197, 0.021218435596961575, 0.010209797251028966, 0.07543478274123813, 0.035999251794063915, 0.0002661530702274561, 5.069162194539738e-05, 0.059103605502165334, 0.9999515282904301, 0.030625323999430663, 0.015847468904326104, 0.0012250100003346213, 0.010387119117885552, 0.00786628703628697, 0.00040702995406940605, 0.0006795719198312094, 0.024603690170071142, 0.019770230638036828, 0.07775787622655024, 0.08488499120541418, 0.02216907164358723, 0.08296454870909697, 0.17467049149105335, 0.4251979956638575, 0.008477670612301463, 0.023252409288524845, 0.016785971986545512, 0.12727566435535292, 0.01980966730160815, 0.005968459360925699, 0.0066073356181872685, 0.0957427416906351, 0.003862470224382802, 0.05696282322714916, 0.05181791976486096, 0.014680639282837398, 0.03026468663492623, 0.01728688333289178, 0.022979055179320165, 0.016262142720316314, 0.01927787658384112, 0.13938188084205733, 0.03516767041309729, 0.007934772170108, 0.006963369507916066, 0.022846466921029523, 0.18483883601219991, 0.010186313613347809, 0.017252659880302116, 0.013662622689751743, 0.0007074080325468427, 0.0996154023190398, 0.021766043452464977, 0.009641495147686628, 0.02904744336406544, 0.014273408312247339, 0.13344795044715943, 0.03294613487599444, 0.030908392547615213, 0.01765618875261806, 0.0083838368153091, 0.04208111280853577, 0.041848962369005406, 0.9941451239451496, 0.01165089924726242, 0.009660904953349219, 0.016596359432601373, 0.013291696812169875, 0.13763763987347286, 0.013888937133404656, 0.0049061926688653236, 0.008728777159086301, 0.009024806933395498, 0.09494067969433208, 0.13965564135740854, 0.004004869438134496, 0.1824603409633001, 0.013447387461766545, 0.522748209825443, 0.02054425430319755, 0.09086352503041129, 0.01905515306110194, 0.030104118383618456, 0.06694825913692252, 0.017634733773721784, 0.03888431749558847, 0.010995165605107493, 0.03399616452097353, 0.01527338849136919, 0.06364299408341959, 0.002196355910537674, 0.04604123437891126, 0.03189775465714626, 0.37988379631334573, 0.092352079942026, 0.05042737469856174, 0.049468873523251675, 0.22410524955982555, 0.0926936120367544, 0.054806020100372256, 0.07143728768744312, 0.0004407392027889022, 0.06504165611943129, 0.18631179693129335, 0.02434923527163709, 0.014435871684448279, 0.033471503206375035, 0.03013018108818547, 0.007384389222360118, 0.014678648162562313, 0.010894012105144448, 0.013019108533372981, 0.02006193168127164, 0.14117849463955093, 0.10580349674766061, 0.20959654752215082, 0.08877360273366934, 0.11200623364675008, 0.049138091989694516, 0.07448414698052287, 0.010729576909338465, 0.17074801165039874, 0.7525510833935571, 0.015554009676171635, 0.02799970269000785, 0.1253615103319353, 0.03337625959597421, 0.020881963175589227, 0.025400825415933633, 0.017928735100429694, 0.04401103636439056, 