{"metrics": {"test": {"fp": [0], "f1_score": [0.7142857142857143], "risk": [0.15384615384615385], "recall": [0.5555555555555556], "sensitivity": [0.5555555555555556], "precision": [1.0], "tp": [5], "tn": [17], "specificity": [1.0], "fn": [4]}, "train": {"fp": [0], "f1_score": [0.88], "risk": [0.08333333333333333], "recall": [0.7857142857142857], "sensitivity": [0.7857142857142857], "precision": [1.0], "tp": [33], "tn": [66], "specificity": [1.0], "fn": [9]}}, "model": {"n_features": 10341091}, "data": {"path": "/scratch/adrouin/patric_data/single_species_datasets/vancomycin___-8850046431738590682/dataset.kover", "split": "train_0.800_seed_5_10_folds", "uuid": "99660f46-095d-11e8-b2a7-001b2193b764"}, "predictions": {"binary": [0, 0, 0, 0, 0, 0, 0, 0, 0, 0, 0, 0, 0, 0, 0, 0, 0, 0, 0, 0, 0, 0, 0, 0, 0, 0, 0, 0, 0, 0, 0, 0, 0, 0, 0, 0, 0, 0, 0, 0, 0, 0, 0, 0, 0, 0, 0, 0, 0, 0, 0, 0, 0, 0, 0, 0, 0, 0, 0, 0, 0, 0, 0, 0, 0, 0, 0, 0, 0, 0, 0, 0, 0, 0, 0, 0, 0, 0, 0, 0, 0, 0, 0, 1, 0, 1, 1, 1, 1, 1, 1, 1, 1, 1, 1, 0, 1, 1, 0, 1, 1, 1, 0, 1, 1, 1, 0, 1, 0, 1, 1, 1, 0, 0, 1, 1, 1, 1, 1, 0, 0, 1, 1, 1, 0, 1, 1, 1, 1, 1, 0, 1, 0, 1], "proba": [0.5557408419643433, 0.5708385720868421, 0.5088308872616326, 0.5724467865402249, 0.5669977172341735, 0.5425128207070746, 0.5451066385655536, 0.5700747807851243, 0.5693264632163744, 0.5275879020273131, 0.5186844802885897, 0.5481934610068546, 0.5303732014644917, 0.5381081326539224, 0.5439115535927138, 0.5333853019573611, 0.5375694452589429, 0.5457188131060055, 0.5432001046628553, 0.5673032744567426, 0.5764164588829281, 0.5678453275945765, 0.5691548306861616, 0.5421962939092656, 0.571156560200206, 0.5184126344453429, 0.5627032282917106, 0.5489316984441985, 0.5710433301083161, 0.5391579170021945, 0.5105680259552418, 0.5253269992572778, 0.5143771114194288, 0.5533246718172001, 0.551529552693106, 0.5670172711587185, 0.5512790970580695, 0.5144226467059577, 0.5578545192765922, 0.5413046997607905, 0.5755276295551902, 0.5703674057909744, 0.5437573720022366, 0.5190663437729677, 0.5712295592071714, 0.5371861150224236, 0.5759102052063931, 0.5159361157190359, 0.5455828303943611, 0.5750973252052519, 0.5469178600888996, 0.5757798523563717, 0.5760700044721171, 0.5762603818164158, 0.5591573295143224, 0.5762351150202407, 0.5574684554398867, 0.5174897414220497, 0.5362276412183616, 0.528149154572691, 0.5293722968847304, 0.5643490421833979, 0.5465703692539086, 0.5325603672552475]}}