{"metrics": {"test": {"fp": [1], "f1_score": [0.7272727272727272], "risk": [0.04477611940298507], "recall": [0.6666666666666666], "sensitivity": [0.6666666666666666], "precision": [0.8], "tp": [4], "tn": [60], "specificity": [0.9836065573770492], "fn": [2]}, "train": {"fp": [0], "f1_score": [1.0], "risk": [0.0], "recall": [1.0], "sensitivity": [1.0], "precision": [1.0], "tp": [29], "tn": [240], "specificity": [1.0], "fn": [0]}}, "model": {"n_features": 1725}, "data": {"path": "/scratch/adrouin/patric_data/single_species_datasets/ciprofloxacin___260162261243005161/dataset.kover", "split": "train_0.800_seed_7_10_folds", "uuid": "0a3ff80a-074a-11e8-a975-001b2193b764"}, "predictions": {"binary": [0, 0, 0, 0, 0, 0, 0, 0, 0, 0, 0, 0, 0, 0, 0, 0, 0, 0, 0, 0, 0, 0, 0, 0, 0, 0, 0, 0, 0, 0, 0, 0, 0, 0, 0, 0, 0, 0, 0, 0, 0, 0, 0, 0, 0, 0, 0, 0, 0, 0, 0, 0, 0, 0, 0, 0, 0, 0, 0, 0, 0, 0, 0, 0, 0, 0, 0, 0, 0, 0, 0, 0, 0, 0, 0, 0, 0, 0, 0, 0, 0, 0, 0, 0, 0, 0, 0, 0, 0, 0, 0, 0, 0, 0, 0, 0, 0, 0, 0, 0, 0, 0, 0, 0, 0, 0, 0, 0, 0, 0, 0, 0, 0, 0, 0, 0, 0, 0, 0, 0, 0, 0, 0, 1, 0, 0, 0, 0, 0, 0, 0, 0, 0, 0, 0, 0, 0, 0, 0, 0, 0, 0, 0, 0, 0, 0, 0, 0, 0, 0, 0, 0, 0, 0, 0, 0, 0, 0, 0, 0, 0, 0, 0, 0, 0, 0, 0, 0, 0, 0, 0, 0, 0, 0, 0, 0, 0, 0, 0, 0, 0, 0, 0, 0, 0, 0, 0, 0, 0, 0, 0, 0, 0, 0, 0, 0, 0, 0, 0, 0, 0, 0, 0, 0, 0, 0, 0, 0, 0, 0, 0, 0, 0, 0, 0, 0, 0, 0, 0, 0, 0, 0, 0, 0, 0, 0, 0, 0, 0, 0, 0, 0, 0, 0, 0, 0, 0, 0, 0, 0, 0, 0, 0, 0, 0, 0, 0, 0, 0, 0, 0, 0, 0, 0, 0, 0, 0, 0, 0, 0, 0, 0, 0, 0, 0, 0, 0, 0, 0, 0, 0, 0, 0, 0, 0, 0, 0, 0, 0, 0, 0, 0, 0, 0, 0, 0, 0, 0, 0, 0, 0, 0, 0, 0, 0, 0, 0, 0, 0, 0, 0, 1, 1, 1, 1, 1, 1, 1, 1, 1, 1, 1, 0, 1, 1, 1, 1, 0, 1, 1, 1, 1, 1, 1, 1, 1, 1, 1, 1, 1, 1, 1, 1, 1, 1, 1, 0, 0, 0, 0, 0, 0, 0, 0, 0, 0, 0, 0, 0, 0, 0, 0, 0, 0, 0, 0, 0, 0, 0, 0, 0, 0, 0, 0, 0, 0, 0, 0, 0, 0, 0, 0, 0, 0, 0, 0, 0, 0, 0, 0, 0, 0, 0, 0], "proba": [0.001243658515358318, 5.750883578714781e-05, 1.2840551416472019e-05, 1.9236861801082705e-06, 0.0003203322358877997, 0.0010129677082742678, 0.0011014820118905267, 4.0724053761402846e-05, 0.00010122502565440722, 7.832545754114955e-05, 3.2204290008063274e-06, 2.232334689696259e-06, 1.8398380028596593e-05, 1.9210958345164454e-06, 4.161356419936812e-06, 0.0005600325844585163, 1.1864751457770043e-05, 5.970662493819636e-06, 0.0013845972533852353, 8.824445145895755e-06, 0.002138550945984908, 0.0009306531064372147, 0.00031705529987881964, 4.785743885395211e-06, 0.0013249065299904108, 0.0005345173040513434, 4.267798998514691e-06, 0.0009199813642561907, 0.0001514566077881662, 0.00021944693673455186, 0.00033121133370842855, 2.3300661525536932e-05, 2.5984296690346787e-05, 5.4416883255215964e-05, 7.757623952931952e-06, 4.4779653843494485e-06, 8.798018530882393e-05, 0.00010460809573942368, 7.590480559352522e-05, 4.362313742837721e-07, 2.522003399410438e-06, 1.3278435482165808e-07, 7.402155926914918e-05, 1.217939634864748e-05, 1.587057762391274e-05, 7.63459653929413e-07, 1.739353606414133e-05, 5.224595856076162e-06, 3.5873270392679422e-06, 4.027564926770194e-07, 0.000618958452398671, 1.0939576250160744e-05, 0.00011500962902847377, 3.006137862647002e-06, 0.0006564073229799942, 3.4045453142564775e-05, 4.9280985939894576e-05, 7.363457881599556e-05, 3.4385975235156855e-05, 3.6616016132232393e-07, 4.47682261412389e-06, 8.521925585750275e-06, 0.00013364060852196229, 4.79841438037408e-05, 1.7353396292475843e-05, 3.282095358320716e-08, 6.091920533402934e-07, 6.0087580125105014e-05, 0.000840879291875078, 3.462375817145339e-05, 9.288282348288755e-07, 4.7518281139570115e-08, 6.494135625543676e-05, 8.700479409863033e-06, 1.5520638512453628e-05, 5.651251117391919e-05, 4.94293473087544e-07, 4.3203258987810906e-07, 1.2241765755040805e-05, 8.746521274605482e-07, 5.93006476545827e-05, 0.0006066458624917088, 4.3727278702615575e-05, 2.102904106404936e-06, 4.2940052706828525e-05, 1.4076725884632107e-05, 1.0459629977915656e-06, 6.839674482613462e-07, 4.286603440903337e-05, 4.4352892898614866e-07, 1.644414198435033e-08, 1.3878675007509004e-05, 6.190466956259945e-07, 0.0002951450691797743, 4.6924081599763535e-06, 2.1746504786871867e-06, 3.860880907574063e-06, 0.00016258079681914266, 3.981586535063686e-06, 3.4543977345188394e-06, 1.0247388984439979e-05, 1.2082263253340343e-05, 5.7521871974937934e-05, 2.501655824013964e-05, 1.3186009139625173e-08, 1.9556680725599574e-05, 2.3866308484640134e-05, 1.5364271702008257e-05, 1.345093652883971e-05, 3.596467493971579e-06, 4.795419676913963e-05, 4.165875547492682e-06, 4.371979886599171e-06, 8.592672612668385e-06, 9.005117763045383e-06, 3.1536650204834226e-05, 1.1414075017276614e-05, 4.959626221425014e-05, 0.0009181479922534261, 6.137381911831669e-06, 0.0002479152843953142, 1.2640899612037392e-06, 2.7730169643427707e-05, 0.5837365006575139, 3.289778721979519e-05, 0.0004308560723151267, 0.0003116622248926156, 1.3523585133932744e-05, 4.114204879323555e-05, 0.00012285894187641477, 1.5662658697714851e-06, 6.533300461716476e-07, 2.7878540275712426e-05, 1.3577387605709812e-06, 5.415683508184958e-05, 7.148608299361754e-06, 2.276822340959133e-05, 0.00011479667857662671, 3.5355785596900395e-05, 0.00027951462521643203, 7.620437789723105e-06, 1.3451502945138589e-05, 0.00010388343363164705, 2.4013340194017647e-07, 1.1133180598351744e-05, 5.116998838891142e-06, 3.656530634015119e-05, 3.900081164277209e-06, 0.00022607449950375804, 0.0011011033459783189, 2.1592237358095405e-06, 9.793093970721454e-06, 0.00013655946629740042, 4.8320624303432975e-06, 0.0038036759904512634, 2.4490718633133565e-06, 3.0026848490105405e-06, 4.479464096517767e-06, 0.003273790688723458, 3.167636283960464e-06, 7.304081287709591e-07, 6.47931219129983e-07, 1.1282187064734147e-05, 0.00010829781257881308, 3.1948650442946804e-05, 0.00010993552012856844, 4.903274962011409e-05, 2.4225497641536304e-06, 0.00019928664626646175, 2.0270910673116202e-05, 3.901026050595747e-05, 4.867063085306167e-06, 1.6516292771089738e-06, 2.7247666435359313e-05, 3.965057776248356e-06, 8.253776702199132e-06, 1.8106489155232118e-06, 1.3527097529012362e-05, 1.2662964743246455e-05, 1.9618470008020365e-07, 3.782223280480363e-05, 6.538748368271938e-06, 3.6205734727691945e-06, 3.185753755709972e-05, 4.501915916890273e-06, 2.960511147878412e-06, 3.2227917104573424e-05, 7.703633635954728e-07, 2.7259150321549413e-06, 6.339297343498039e-05, 1.019768844605434e-06, 1.0530855299590763e-07, 2.058877319937567e-06, 9.507881518559185e-06, 7.0396195436163755e-06, 0.003382262093267977, 8.46962551122035e-06, 9.569485938039571e-06, 3.6021124833957036e-06, 1.1614373370712344e-06, 3.5711776986655167e-06, 2.7205721905977426e-06, 1.9830053337270476e-07, 4.928693733211431e-05, 5.341799070419198e-06, 8.118714146065815e-06, 0.00015419211770649577, 0.0008809811444138471, 4.805035022461255e-05, 9.246647053702414e-07, 3.966464583352717e-05, 0.00016974844268436307, 6.080401642001195e-07, 2.2121486184852795e-06, 6.885998114163469e-05, 7.5297718512903374e-06, 6.152173627943693e-06, 7.827961222279985e-06, 4.1055812599757915e-05, 5.217639008397002e-06, 6.271507010411787e-06, 2.5525927767803965e-05, 4.307330487148341e-06, 3.13301122413836e-05, 3.1316545168150322e-06, 7.660468003280479e-06, 6.10658568943406e-05, 1.8553857672635757e-06, 5.586065975027016e-05, 1.9435897420293967e-05, 2.955510663477444e-06, 1.2015723868425492e-06, 2.6276063156369605e-07, 7.951694130299021e-07, 6.540028537516303e-05, 9.886227070017385e-05, 6.849524242757072e-05, 7.587532996034888e-05, 9.077284992449129e-05, 0.0001909808507923273, 0.0008691420263881702, 1.283787595939062e-05, 8.904019616767925e-06, 1.147818265321518e-06, 4.0263251728185494e-05, 1.0522933066754632e-06, 1.0377374091150183e-06, 0.0008933635654767735, 0.00022186620088909592, 0.00016338702410247506, 0.0010201850427167356, 0.00015415125535406382, 7.025191552428025e-06, 3.5692817358477747e-06, 0.0014452421483170544, 4.7391838248227376e-06, 6.293307536605235e-05, 0.00010937117330715893, 0.00055941694691829, 0.001830387618972508, 7.345625165468327e-06, 9.82486417895575e-07, 