{"metrics": {"test": {"fp": [3], "f1_score": [0.9056603773584906], "risk": [0.06097560975609756], "recall": [0.9230769230769231], "sensitivity": [0.9230769230769231], "precision": [0.8888888888888888], "tp": [24], "tn": [53], "specificity": [0.9464285714285714], "fn": [2]}, "train": {"fp": [9], "f1_score": [0.9344262295081968], "risk": [0.0486322188449848], "recall": [0.9421487603305785], "sensitivity": [0.9421487603305785], "precision": [0.926829268292683], "tp": [114], "tn": [199], "specificity": [0.9567307692307693], "fn": [7]}}, "model": {"n_features": 999897}, "data": {"path": "/scratch/adrouin/data/patric/single_species_datasets/trimethoprim___7053822222416630118/dataset.kover", "split": "train_0.800_seed_4_10_folds", "uuid": "deaf402a-05d1-11e8-8bfc-001b2193b764"}, "predictions": {"binary": [0, 0, 0, 0, 0, 0, 0, 0, 0, 0, 0, 0, 0, 1, 0, 1, 0, 0, 0, 0, 0, 0, 0, 0, 0, 0, 0, 0, 0, 0, 0, 0, 0, 0, 0, 0, 0, 0, 0, 0, 0, 0, 0, 0, 0, 0, 0, 0, 0, 0, 0, 0, 0, 0, 0, 0, 0, 0, 1, 0, 0, 0, 0, 0, 0, 0, 0, 0, 0, 0, 0, 0, 0, 0, 0, 1, 0, 1, 0, 0, 1, 0, 0, 0, 0, 0, 0, 0, 0, 0, 0, 0, 0, 0, 0, 0, 0, 0, 0, 0, 0, 0, 0, 0, 0, 0, 0, 0, 0, 0, 0, 0, 0, 0, 0, 0, 0, 0, 0, 0, 0, 0, 0, 0, 0, 0, 0, 0, 0, 0, 0, 0, 1, 0, 0, 0, 0, 0, 0, 0, 0, 0, 0, 0, 0, 0, 0, 0, 0, 0, 0, 0, 0, 0, 0, 0, 0, 0, 0, 0, 0, 0, 0, 0, 0, 0, 0, 0, 0, 0, 0, 0, 0, 0, 0, 0, 0, 0, 1, 0, 0, 0, 0, 0, 1, 0, 0, 1, 0, 0, 0, 0, 0, 0, 0, 1, 0, 0, 0, 0, 0, 0, 0, 0, 0, 0, 0, 0, 0, 0, 0, 0, 0, 0, 0, 0, 0, 0, 0, 0, 0, 0, 0, 0, 0, 0, 0, 0, 0, 0, 0, 0, 0, 0, 0, 0, 0, 0, 0, 1, 0, 0, 0, 0, 0, 0, 0, 0, 0, 0, 0, 0, 0, 0, 0, 0, 0, 0, 0, 0, 0, 0, 0, 0, 1, 1, 1, 1, 1, 1, 1, 1, 1, 1, 1, 0, 0, 1, 1, 1, 1, 1, 1, 1, 1, 1, 1, 1, 1, 1, 1, 0, 1, 1, 1, 1, 1, 1, 1, 1, 0, 1, 1, 1, 1, 1, 1, 1, 1, 1, 1, 1, 1, 1, 1, 1, 1, 1, 1, 1, 1, 1, 1, 1, 1, 1, 1, 1, 1, 1, 1, 1, 1, 1, 1, 1, 1, 1, 1, 1, 1, 1, 1, 1, 1, 1, 1, 1, 0, 1, 1, 1, 1, 0, 1, 1, 1, 1, 1, 1, 1, 1, 1, 1, 1, 1, 0, 1, 1, 0, 1, 1, 1, 1, 1, 1, 1, 1, 1, 1, 1, 1, 1, 1, 1, 1, 1, 1, 1, 1, 1, 1, 1, 1, 1, 1, 1, 1, 1, 1, 1, 1, 1, 1, 1, 1, 1, 1, 1, 0, 1, 0, 0, 0, 0, 0, 0, 0, 0, 0, 0, 0, 0, 0, 0, 0, 0, 0, 0, 0, 0, 0, 0, 0, 0, 0, 0, 0, 0, 0, 0, 0, 0, 0, 0, 0, 0, 0], "proba": [0.1977119021611984, 0.09806048150355463, 0.08555292164881513, 0.2701649407719577, 0.03267153501071681, 0.19559243137586269, 0.027296087356975803, 0.07844869626467713, 0.025169123587743182, 0.10721991111198492, 0.035670456003485305, 0.047869594873365735, 0.14163773323281914, 0.883389300430473, 0.16875311100101956, 0.701343889077602, 0.11712815374953069, 0.2629374380806261, 0.12160732408438488, 0.42007863983951094, 0.1998761038089936, 0.03854661026474844, 0.046931280634348316, 0.0792996892583483, 0.03890746734460211, 0.2861188075972524, 0.05207333756076796, 0.18069903747132574, 0.1179566693575634, 0.12314761614655545, 0.09002351596170097, 0.22276973373656678, 0.2920337845839558, 0.09424551508894667, 0.06786210686752761, 0.06947382072871414, 0.04629135578463737, 0.04449377081983127, 0.09455564406461898, 0.24999553321427012, 0.014439143992102716, 0.015429680181779494, 0.015216312204699623, 0.029574917369530763, 0.025475807945856008, 0.025018916397668876, 0.03487941177051639, 0.025817092819357547, 0.03135570931337187, 0.02703791737322989, 0.029363392572166237, 0.03602865593097031, 0.04697951869659725, 0.06514045275121853, 0.16157544891684622, 0.10153533589705517, 0.10517118057422388, 0.342403299226157, 0.8427756476934907, 0.16962187211343369, 0.08693768360792707, 0.24946888002425813, 0.09800996902930871, 0.1880930000128059, 0.10232492503542326, 0.051555084965015915, 0.019941556545461973, 0.09594731946701622, 0.030101974684125246, 0.0836912250585297, 0.21696450164140751, 0.04551172717328004, 0.17426159106126746, 0.039035251915541115, 0.06592955801488774, 0.8547166146069796, 0.10672573660456613, 0.6216907702953826, 0.1978090526734012, 0.18880221958881976, 0.5639432533463288, 0.13003817165198286, 0.15541445451843391, 0.34307991020320816, 0.2153741401271443, 0.06443924161912616, 0.12497477689824366, 0.19517639422917096, 0.05467993477168486, 0.06330912404201396, 0.19462058538004542, 0.0649694039908924, 0.11903531352940273, 0.01656963905010672, 0.2059983637736591, 0.31804157398726723, 0.09791490338605972, 0.0797622654682686, 0.05378784721593295, 0.03737383576010261, 0.020113543303084132, 0.038852549643871234, 0.0889962832568642, 0.15807111534907295, 0.0975613588304073, 0.10953864732432107, 0.11378132879170094, 0.30591715294210936, 0.051525086440293, 0.15945847395918442, 0.05153927302115907, 0.05397864164058368, 0.09490528497742223, 0.1475787574431043, 0.06996253597082658, 0.05593500825367929, 0.03747612010538543, 0.03850846248184139, 0.03794134590991071, 0.14033843595289114, 0.044743899902085216, 0.23020110829486262, 0.16531108782979956, 0.05942100414559947, 0.05258406154494864, 0.11601602494363157, 0.01500095069812751, 0.09887258240997455, 0.05886801420030759, 0.015087356131317462, 0.15593712412805968, 0.10376940669329415, 0.5360683550618659, 0.10466045208370055, 0.22804449584193404, 0.1409626841902068, 0.09796577756077803, 0.09802952153751518, 0.06338208205100751, 0.09774603687136307, 0.24325439895066622, 0.03008247370523311, 0.03762583366509301, 0.015006990336850294, 0.026626735016792486, 0.06117859816738956, 0.017745718354628546, 0.10966222368130452, 0.4629476889997511, 0.018434539029770425, 0.02920401864005034, 0.15933247261835146, 0.24457899450997722, 0.04379079816619382, 0.042723601470251976, 0.04367173298862044, 0.02821277336132402, 0.07199860463284345, 0.12683043861763937, 0.06741256968156147, 0.09351133794338651, 0.03133940156396202, 0.03276211891697977, 0.10599890197247155, 0.11824593168492954, 0.03587642617380405, 0.2116139305458622, 0.03650991275960388, 0.31355947191618566, 0.12829905629348123, 0.03920572148680205, 0.14070048317812048, 0.04601063988853677, 0.13301743694652, 0.11602589649324592, 0.12914438934889344, 0.23715868301942467, 0.0497983509546551, 0.864652970989894, 0.35616260731267335, 0.04042978850375066, 0.13919148670869788, 0.13988823024635832, 0.05136421774874229, 0.9662538139020944, 0.06575940575917791, 0.14110544994141716, 0.9215459681801563, 0.1415734202470973, 0.09212389253304014, 0.15830514216626174, 0.03928467111808446, 0.05027377325923625, 0.035595395015695794, 0.03528440918227723, 0.5232985958524894, 0.1393010602875205, 0.08187884255564427, 0.11586350629666022, 0.049074925560622144, 0.22832568559990266, 0.11162961900626545, 0.25798184461939966, 0.03042276200127433, 0.08333844229723925, 0.08305965590799651, 0.19329328435066304, 0.11157207571881353, 0.14294661579632953, 0.14042472068846235, 0.21545423874675565, 0.1411233821093255, 0.05005479274569338, 0.11178028648471519, 0.10374618739661234, 0.04993877434607516, 0.10947062768241067, 0.14103382263803482, 0.07765176757306316, 0.10188865818949432, 0.03508533078109796, 0.11592875530901688, 0.11670830325066413, 0.12998063073046998, 0.05631806881207648, 0.40327270633400747, 0.07651388258713956, 0.1788485890079335, 0.03286656755600053, 0.03499256136479814, 0.10193008257735502, 0.10196204340789966, 0.37866136168017817, 0.07834655876459914, 0.08593485058795736, 0.24279952338896665, 0.07446187075556643, 0.03445378895762361, 0.20102338257897182, 0.6762705463356444, 0.3371774597160587, 0.036911295085168064, 0.17099509622447667, 0.3387562734062614, 0.09970183946063724, 0.3003553902386919, 0.22804178100974365, 0.47548098983359993, 0.10899493080911307, 0.2343121151073871, 0.10361370654529295, 0.04079067702059417, 0.10372377527946174, 0.28224657910442585, 0.06182021265221549, 0.19973714742002904, 0.069402088663508, 0.06983099466216787, 0.34066625248931975, 0.08101015297440646, 0.11539171720063032, 0.0539326578898419, 0.10360027750068022, 0.07361498741855826, 0.9783928323543897, 0.9468537503181352, 0.7779889950478353, 0.9469924488670075, 0.9684761687195746, 0.9631733027715206, 0.7430745931403748, 0.6809837655984237, 0.9639336990893477, 0.9305046339251674, 0.9705632481109613, 0.07500176335731715, 0.47296327875913396, 0.9047868410210991, 0.922488501802768, 