{"metrics": {"test": {"fp": [1], "f1_score": [0.75], "risk": [0.029850746268656716], "recall": [0.75], "sensitivity": [0.75], "precision": [0.75], "tp": [3], "tn": [62], "specificity": [0.9841269841269841], "fn": [1]}, "train": {"fp": [2], "f1_score": [0.96875], "risk": [0.007434944237918215], "recall": [1.0], "sensitivity": [1.0], "precision": [0.9393939393939394], "tp": [31], "tn": [236], "specificity": [0.9915966386554622], "fn": [0]}}, "model": {"n_features": 999998}, "data": {"path": "/scratch/adrouin/data/patric/single_species_datasets/ciprofloxacin___260162261243005161/dataset.kover", "split": "train_0.800_seed_1_10_folds", "uuid": "0a3ff80a-074a-11e8-a975-001b2193b764"}, "predictions": {"binary": [0, 0, 0, 0, 0, 0, 0, 0, 0, 0, 0, 0, 0, 0, 0, 0, 0, 0, 0, 0, 0, 0, 0, 0, 0, 0, 0, 0, 0, 0, 0, 0, 0, 0, 0, 0, 0, 0, 0, 0, 0, 0, 0, 0, 0, 0, 0, 0, 0, 0, 0, 0, 0, 0, 0, 0, 0, 0, 0, 0, 0, 0, 0, 0, 0, 0, 0, 0, 0, 0, 0, 0, 0, 0, 0, 0, 0, 0, 0, 0, 0, 0, 0, 0, 0, 0, 0, 0, 0, 0, 0, 0, 0, 0, 0, 0, 0, 0, 0, 0, 0, 0, 0, 0, 0, 0, 0, 0, 0, 0, 0, 0, 0, 0, 0, 0, 0, 0, 0, 0, 0, 0, 0, 0, 0, 0, 0, 0, 0, 0, 0, 0, 0, 0, 0, 0, 0, 0, 0, 0, 0, 0, 0, 0, 0, 0, 0, 0, 0, 0, 0, 0, 0, 0, 0, 0, 0, 0, 0, 0, 0, 0, 0, 0, 0, 0, 0, 0, 0, 0, 0, 0, 0, 0, 0, 0, 0, 0, 0, 0, 0, 0, 0, 0, 0, 0, 0, 0, 0, 0, 0, 0, 0, 0, 0, 1, 0, 0, 0, 0, 0, 0, 0, 0, 0, 0, 0, 0, 0, 0, 0, 0, 0, 0, 0, 0, 0, 0, 0, 0, 0, 0, 0, 0, 0, 0, 0, 0, 0, 0, 0, 0, 0, 0, 0, 0, 0, 0, 0, 0, 0, 0, 0, 0, 0, 0, 0, 0, 0, 0, 0, 0, 0, 0, 0, 0, 0, 0, 0, 1, 0, 0, 0, 0, 0, 0, 0, 0, 0, 0, 0, 0, 0, 0, 0, 0, 0, 0, 0, 0, 0, 0, 0, 0, 0, 0, 0, 0, 0, 0, 0, 0, 0, 0, 0, 0, 0, 0, 0, 0, 1, 1, 1, 1, 1, 1, 1, 1, 1, 1, 1, 1, 0, 1, 1, 1, 1, 1, 1, 1, 1, 1, 1, 1, 1, 1, 1, 1, 1, 1, 1, 1, 1, 1, 1, 1, 1, 1, 1, 1, 1, 1, 1, 1, 1, 1, 1, 1, 1, 1, 1, 1, 1, 1, 1, 1, 1, 1, 1, 1, 1, 1, 1, 1, 1, 1, 1, 1, 1, 1, 1, 1, 1, 1, 1, 1, 1, 1, 1, 1, 1, 1, 1, 1], "proba": [0.00018068408299815812, 0.00010916915924638977, 1.293896168150765e-05, 0.0003357793297341934, 0.00022247273945442644, 0.000585474415872912, 0.0012438497147864117, 0.00030210801969992674, 0.000670739460633423, 0.00024149620097552334, 0.0002725068776648048, 1.3286960218208752e-06, 2.6725049978037013e-06, 2.425687773592955e-06, 0.0005702222011430301, 0.0013533323725348255, 0.00018430105993301384, 5.092319513867223e-06, 0.00012688733806660298, 0.00012057012052163203, 0.0022216377789865396, 0.003122906395624314, 0.0003176839490198935, 3.328752944453613e-07, 0.0037029226269175014, 0.46607693693385244, 6.049816297634521e-06, 1.2429382794168507e-05, 0.00019782929716808653, 0.0001597154549986285, 0.001000672993196811, 6.65472060303946e-07, 4.558503927734346e-05, 0.000824801739283919, 3.669258135094197e-06, 6.236189375123995e-07, 0.0002323290130935313, 8.907571969323094e-05, 5.506966021184765e-05, 0.0006068666270566878, 4.562730761494562e-05, 1.845240338820222e-06, 0.0005098037407493536, 3.634799299756628e-06, 1.2203424928776995e-05, 0.0006790845068090603, 0.00019923916621343476, 2.0219002413932427e-06, 3.169497842206928e-07, 1.6258857502412593e-07, 0.019373356635660456, 0.00021007806378003574, 0.004718314286085775, 1.223714943658907e-06, 0.0010731613531902832, 2.5353632895209134e-05, 1.916421683276668e-06, 0.0001348926395823097, 2.296448322726247e-06, 2.4188542566084605e-06, 0.0001095474920390455, 5.425318366092124e-05, 0.00011646379904386876, 3.932788381896196e-05, 8.310116394598439e-07, 1.4941685944567448e-05, 1.255803070584913e-06, 0.0025044455847985335, 0.004401121746581416, 3.793244119722844e-05, 6.894252902408955e-05, 4.0373752412580545e-05, 0.00011294332199229992, 0.0002951828424801206, 5.711580834449194e-06, 3.073672844457011e-06, 6.532110072956783e-06, 0.00023991671151414804, 5.0600088368747124e-05, 0.00020082188526572824, 0.0001520972519321655, 0.0026000677119128405, 0.0003404520035860957, 4.2735631178465394e-07, 4.98248241149857e-05, 0.00026071094136813377, 1.5995360658459646e-06, 7.048390134998812e-06, 0.0038170461998393835, 0.00020037337773863917, 1.4565591714194329e-05, 1.7037596313717575e-05, 6.756534701145876e-05, 0.0006312420013307037, 0.0006648384276851293, 0.0008166993376242112, 0.00016780540713831827, 0.0002983980180401704, 0.0002902869681648153, 1.7566838045166195e-05, 0.01213134991152294, 0.0003311875133005008, 0.00011806676987343162, 7.164372665747826e-06, 5.101005131748433e-05, 0.00010465233312434677, 9.756363924072414e-05, 0.0006326955355806093, 1.6542439211297379e-06, 2.18482175208766e-06, 0.00021625515276419227, 6.13633398841824e-05, 7.834363410560355e-05, 2.9374465588803768e-05, 6.98256948693372e-07, 0.00014606248218389036, 0.007785235576312587, 2.9295305938153375e-05, 0.07867021270556314, 7.2078941029295425e-06, 8.313355726228327e-05, 3.4782414340777556e-05, 3.6127638864315718e-06, 0.0011885662005272886, 9.396525159475002e-06, 0.009837022210631386, 0.0008446718345018669, 3.0033433499987557e-05, 0.0005662097167542945, 0.0004234726004529023, 2.8013489918579615e-06, 8.311763528691664e-05, 1.4232742707510097e-06, 9.836559484404807e-07, 0.0004832849508404872, 0.0004366918416655273, 0.00010015695856241577, 0.003656527391590198, 0.00023701996935226362, 0.00031681075320289697, 7.824267758344506e-07, 8.139143342034315e-07, 9.604343537076026e-05, 2.20691892153375e-05, 1.1543518172369988e-05, 2.9188693932613566e-05, 0.00023424502126504369, 0.00015497253533342128, 0.0008268800690280279, 0.005389386144865613, 4.030133035184936e-07, 0.0010570056989304868, 0.00018248655721989678, 3.282503641619059e-05, 0.0007032304175488556, 1.218059832584249e-05, 5.196479153948833e-06, 0.0003488441223241131, 2.4520769599077038e-05, 0.00011503636077809943, 1.648348546543082e-06, 2.608286736095834e-05, 1.557858374168698e-05, 0.00028284088769836894, 4.688700270453534e-05, 5.153630058174993e-05, 0.07588794438031465, 4.8461688638988e-06, 0.004679647504564319, 1.6799324647294165e-05, 0.0004177835980222081, 1.7532815862985902e-05, 0.00019526036835076905, 0.00010304385362123356, 8.48000543151845e-06, 3.831205139542576e-05, 1.012283208225446e-06, 1.2814546001097704e-06, 1.5517838351008213e-07, 3.9732711722381846e-06, 0.0010724122219010598, 9.418982708752731e-05, 1.7074922256615908e-06, 0.0034936097302937126, 0.00011649282628493808, 0.000674022872092337, 0.0005597895847153355, 6.841165110702472e-06, 0.000327044687766402, 0.004021822629778059, 7.723557233133685e-05, 1.8093043088091113e-05, 1.0342824159414241e-05, 0.0002886819218071896, 0.0007338524072289087, 0.8406353656946899, 1.0276682692800773e-06, 0.000707904275667487, 6.76778237214192e-05, 0.0026340654187085415, 6.844134033829173e-05, 6.162163632196017e-05, 2.143467451161842e-06, 3.5525998339104497e-06, 5.194006809495531e-05, 1.102553357271811e-06, 9.442104730559958e-05, 1.140298441749111e-05, 0.00018440863344640644, 4.482616220989751e-05, 0.0001431492410013663, 0.0003132882791835166, 1.4956448395955227e-06, 1.3560484225817432e-05, 4.25407190759776e-05, 4.0286067048317035e-07, 0.00021654893629150998, 1.199779009103834e-06, 7.604771252986886e-05, 1.0108213051491557e-06, 0.0001728588033596751, 2.8009228538268553e-06, 2.621088703306444e-06, 0.0004915427678638586, 2.6577072498844408e-05, 2.6785183369935893e-05, 0.001039291254685139, 1.277559830670753e-05, 0.00015167834123996346, 0.0002776784544960984, 4.412500908393451e-05, 0.0003703970855155087, 3.1540700488916146e-06, 3.090818340935455e-07, 9.407541361714778e-05, 0.012070299307001124, 0.003235273031014395, 0.0006434519821614341, 4.801779064589582e-05, 0.00031794687787543467, 0.00010793480872136273, 0.0007318281388276331, 3.598098070527719e-05, 0.0007826865112779857, 0.0007310994900133906, 0.0013900404219698132, 0.00048217748298338243, 0.220597756237975, 0.015049714590930503, 0.017291720396279135, 0.001607538531260858, 0.03659888038620329, 0.018673498029347736, 0.0005030957528284114, 0.00021979867678749288, 0.00020123908191080426, 0.000313926025761076, 0.00042652161665109143, 5.0774423266391275e-05, 0.5232640549433343, 0.0016183050774686068, 5.4053095140698324e-05, 0.00031806286459685145, 0.00011574726799725361, 