{"metrics": {"test": {"fp": [2], "f1_score": [0.7857142857142856], "risk": [0.08], "recall": [0.7333333333333333], "sensitivity": [0.7333333333333333], "precision": [0.8461538461538461], "tp": [11], "tn": [58], "specificity": [0.9666666666666667], "fn": [4]}, "train": {"fp": [21], "f1_score": [0.7801418439716312], "risk": [0.10231023102310231], "recall": [0.8461538461538461], "sensitivity": [0.8461538461538461], "precision": [0.7236842105263158], "tp": [55], "tn": [217], "specificity": [0.9117647058823529], "fn": [10]}}, "model": {"n_features": 296}, "data": {"path": "/scratch/adrouin/patric_data/single_species_datasets/para-aminosalicylic_acid___260162261243005161/dataset.kover", "split": "train_0.800_seed_1_10_folds", "uuid": "4327717e-0773-11e8-a02f-001b2193b764"}, "predictions": {"binary": [0, 0, 0, 1, 0, 0, 1, 0, 1, 0, 0, 0, 1, 1, 0, 0, 0, 0, 0, 0, 0, 0, 0, 0, 0, 0, 0, 0, 0, 0, 0, 0, 0, 1, 0, 1, 0, 0, 0, 0, 0, 1, 0, 0, 0, 0, 0, 0, 0, 0, 0, 0, 0, 0, 0, 0, 0, 1, 1, 1, 0, 1, 0, 1, 0, 0, 0, 0, 0, 0, 0, 0, 0, 0, 0, 0, 0, 0, 0, 0, 0, 0, 0, 0, 0, 0, 0, 0, 0, 0, 0, 0, 0, 0, 1, 0, 0, 0, 0, 0, 0, 0, 0, 0, 0, 0, 0, 0, 0, 0, 0, 0, 0, 0, 1, 0, 1, 0, 0, 0, 0, 0, 0, 0, 0, 0, 0, 0, 0, 0, 0, 0, 0, 0, 0, 0, 0, 0, 0, 0, 0, 0, 0, 0, 0, 1, 0, 0, 0, 1, 0, 0, 0, 0, 0, 0, 0, 0, 0, 0, 0, 0, 0, 0, 1, 0, 0, 0, 0, 0, 0, 0, 0, 0, 0, 0, 0, 0, 0, 0, 0, 0, 0, 0, 0, 0, 0, 0, 0, 0, 0, 0, 0, 0, 0, 0, 0, 0, 0, 0, 0, 0, 0, 0, 0, 0, 0, 0, 0, 0, 0, 0, 0, 0, 0, 0, 0, 1, 0, 0, 0, 0, 0, 0, 0, 0, 0, 1, 0, 0, 0, 0, 0, 0, 0, 0, 0, 0, 0, 0, 0, 1, 0, 0, 0, 0, 0, 0, 0, 0, 0, 0, 0, 0, 0, 0, 0, 0, 0, 0, 0, 0, 0, 0, 0, 0, 0, 0, 0, 0, 0, 0, 0, 0, 0, 0, 0, 1, 0, 0, 0, 0, 0, 0, 0, 0, 0, 0, 0, 0, 0, 0, 0, 0, 0, 0, 0, 0, 1, 1, 1, 1, 1, 1, 1, 1, 1, 1, 1, 1, 1, 1, 1, 1, 1, 0, 1, 1, 1, 0, 1, 0, 1, 1, 1, 1, 1, 1, 0, 1, 1, 0, 1, 1, 1, 0, 1, 1, 1, 1, 1, 1, 1, 1, 1, 1, 1, 1, 1, 1, 1, 1, 1, 0, 1, 0, 0, 1, 0, 1, 0, 1, 1, 1, 1, 1, 1, 1, 1, 1, 1, 1, 0, 1, 1, 0, 1, 0, 0, 0, 0, 0, 0, 0], "proba": [0.06714125486174569, 0.1039464259755729, 0.10289856417743473, 0.5721530812282463, 0.19639159839304413, 0.07308434870728517, 0.7385637773042603, 0.12489861694125903, 0.7052553890290021, 0.11188024380152677, 0.11310848374834807, 0.052957775048601226, 0.708896465706111, 0.7011276819595421, 0.29767992923909925, 0.30254082241108426, 0.2096073957625203, 0.06434685717281183, 0.15702404328765535, 0.15409256268736224, 0.10189506730442467, 0.08340379192422119, 0.12025832220307126, 0.2565609227416774, 0.06954758071954491, 0.0696266577384946, 0.20104362330563894, 0.12848417287545894, 0.09413169702583091, 0.07878554132689511, 0.11756806746442872, 0.06785252536332623, 0.10153905251980205, 0.5676874611740628, 0.42548301988296156, 0.6735318948441317, 0.09294924482680393, 0.4721822215691105, 0.07874858833055566, 0.3451512262093958, 0.1479644996273098, 0.534397883104672, 0.20845371301838644, 0.41742407550626764, 0.44493622361133595, 0.14355905009882863, 0.1356707567268091, 0.08975631435471114, 0.08530031857257793, 0.33638667097774166, 0.33176491739767056, 0.41742407550626764, 0.3552612911592111, 0.4269416529936313, 0.2205690564707931, 0.33745154229888435, 0.21049277716096054, 0.852889387255412, 0.5382617869333465, 0.8328963240717125, 0.2673796751065275, 0.7500510601902831, 0.3343478712469467, 0.5697153229652744, 0.12937917340428703, 0.15897720634371215, 0.1505691936064445, 0.15425652511515153, 0.44493622361133595, 0.3164307837928737, 0.46444215891547636, 0.41742407550626764, 0.435322230287382, 0.18833771602354665, 0.10936687087219696, 0.08637829673546753, 0.07356399482345596, 0.07471675393756749, 0.07092613765926896, 0.11137520548936442, 0.06590602936495636, 0.0860502829921339, 0.15133690708946368, 0.19054208599248126, 0.19399480253349688, 0.08373530665641347, 0.3038810515589445, 0.3356280314307275, 0.15109289262180597, 0.10756975076052941, 0.09203704286808521, 0.23394866113958332, 0.1395329261957781, 0.12064196905886639, 0.7725246313387415, 0.19193979629979965, 0.08518200164905897, 0.3223326342542689, 0.09161452727729123, 0.3598799778062812, 0.3149979792781202, 0.11040819181276733, 0.13223213635781633, 0.26378664979633615, 0.07185090478111666, 0.2145282438286359, 0.1316294021309782, 0.13564643950900895, 0.17556115461329108, 0.18900659761605265, 0.16872925582358123, 0.36553961354956427, 0.13002764831741387, 0.1449144398411248, 0.7732388051456959, 0.3110750275441078, 0.539785790013634, 0.19012766900831243, 0.11967441873735336, 0.11777843814581918, 0.05069910698304282, 0.08025879228392524, 0.047069890286822985, 0.06488968812582585, 0.07036227177157006, 0.3016782897606816, 0.08761452298992371, 0.08302517886443977, 0.26280445745826114, 0.12177661582767557, 0.2193442166917812, 0.4306190700692193, 0.05743558093073377, 0.1696970627799928, 0.1192345336006537, 0.14624629527181746, 0.37149314643365317, 0.19475777591628457, 0.16812576485628758, 0.10672606882743102, 0.09757268797339985, 0.07477466773631196, 0.14532834596052777, 0.06351527121444403, 0.18931812011727633, 0.5241115828291908, 0.1397235618907063, 0.3586811487912519, 0.09207241241295816, 0.5735944709815874, 0.09207241241295816, 0.07186900923334547, 0.1196171000843064, 0.1636386365439175, 0.11587576113057442, 0.13039717497388392, 0.07329972444714343, 0.0807254130767245, 0.12604817730815063, 0.22757799558245614, 0.09266216070569155, 0.2876843466078923, 0.3164307837928737, 0.0831121663619163, 0.7166153919598004, 0.11593704410644437, 0.1503286874135089, 0.08992978299895484, 0.1550851746826042, 0.09407968709464018, 0.07724291721448442, 0.08263948649032943, 0.28880883327841733, 0.4226595256686214, 0.13394397331365085, 0.11954286856514068, 0.14099888574195568, 0.08269407728827864, 0.2461505217222725, 0.263568549922823, 0.17815776712833206, 0.09408901978775656, 0.22296144488471303, 0.1309752922144636, 0.351388457243352, 0.44493622361133595, 0.08886230994557164, 0.48268598625118103, 0.2400124434668995, 0.17714817048722376, 0.23158764717150454, 0.08316689051226513, 0.44493622361133595, 0.2995342368834768, 0.20437257502378992, 0.19758482696529292, 0.3128397260005648, 0.09248358230179168, 0.44031368164786183, 0.14966148390475328, 0.115136860137943, 0.08886230994557164, 0.10650827977380449, 0.2557598856660376, 0.10054183814736792, 0.4791978236331321, 0.1356707567268091, 0.36312641999205525, 0.14937417555199128, 0.4269416529936313, 0.08332748071896476, 0.37813332925285853, 0.41742407550626764, 0.18550641387096656, 0.4269416529936313, 0.44493622361133595, 0.41742407550626764, 0.8071052594613234, 0.2204991785256784, 0.09736645070420959, 0.47824962626638073, 0.18796685851906397, 0.08416863204345679, 0.08938425163173917, 0.1981014216635396, 0.08570304352807778, 0.49653297509861033, 0.6881033232474071, 0.09508056850893848, 0.33745154229888435, 0.20437257502378992, 0.21653092252169936, 0.05930376873928464, 0.1191719721204468, 0.44493622361133595, 0.13827924253320634, 0.20437257502378992, 0.1743999919199942, 0.07286471040086223, 0.17541821503939625, 0.17541821503939625, 0.5334632799882889, 0.30219974988961734, 0.20774623207309417, 0.48268598625118103, 0.060355398567082975, 0.44493622361133595, 0.47295132651481536, 0.21653092252169936, 0.2811421220325399, 0.4269416529936313, 0.16017261287197873, 0.058498226842965385, 0.32878434150822267, 0.14937417555199128, 0.15279431826170695, 0.1575272428639891, 0.20934025404806383, 0.48268598625118103, 0.24139201775891522, 0.2541187228647489, 0.16048328097952588, 0.33745154229888435, 0.08434206905806298, 0.4269416529936313, 0.1936027708996092, 0.09643596746915976, 0.20998515557086112, 0.08314080021707174, 0.37734473832331444, 0.28115231187235035, 0.10855837841732116, 0.35667619539175627, 0.30169675143502866, 0.10487945433016205, 0.08267746992052306, 0.1615551173494731, 0.5247433816637471, 0.0807254130767245, 0.14937417555199128, 0.47824962626638073, 0.45439707705326, 0.1356707567268091, 0.10399093109883388, 0.32128779861496065, 0.41742407550626764, 0.33638667097774166, 0.0831121663619163, 0.1005090644335127, 0.2721982956734871, 0.15279431826170695, 0.21468194085136644, 