{"metrics": {"test": {"fp": [3], "f1_score": [0.75], "risk": [0.2857142857142857], "recall": [0.8571428571428571], "sensitivity": [0.8571428571428571], "precision": [0.6666666666666666], "tp": [6], "tn": [4], "specificity": [0.5714285714285714], "fn": [1]}, "train": {"fp": [2], "f1_score": [0.88], "risk": [0.15], "recall": [0.825], "sensitivity": [0.825], "precision": [0.9428571428571428], "tp": [33], "tn": [18], "specificity": [0.9], "fn": [7]}}, "model": {"n_features": 12410574}, "data": {"path": "/scratch/adrouin/patric_data/single_species_datasets/ofloxacin___2202579077548954665/dataset.kover", "split": "train_0.800_seed_3_10_folds", "uuid": "65ccc8c6-06bc-11e8-951f-001b2193b764"}, "predictions": {"binary": [0, 0, 0, 1, 0, 0, 0, 0, 0, 0, 0, 1, 0, 0, 0, 1, 0, 0, 0, 1, 1, 0, 0, 0, 0, 0, 0, 0, 0, 1, 1, 0, 1, 1, 1, 1, 1, 1, 1, 1, 1, 1, 1, 1, 1, 0, 0, 1, 1, 1, 1, 0, 1, 1, 1, 1, 0, 1, 1, 1, 1, 1, 1, 1, 0, 1, 1, 1, 1, 1, 1, 1, 1, 1], "proba": [0.5743054758479342, 0.5829829564295396, 0.5692666722069856, 0.4120184684649229, 0.505028546338339, 0.5949362601536409, 0.5699761494531751, 0.5934057804296099, 0.5002717298743773, 0.586055280644783, 0.5248457072508672, 0.47566708638280075, 0.6210368344312559, 0.5401786240193653, 0.6219441305829639, 0.4838089815951653, 0.580136327714626, 0.5776516964184576, 0.5930145778220897, 0.4780730721470952, 0.47539325359579365, 0.545288866777407, 0.5833423414693565, 0.6189315091812668, 0.5847788200031427, 0.5755549053826039, 0.5846802684180743, 0.5415910836668811, 0.5194008891476115, 0.29362750650532304, 0.2932188150713288, 0.5384903926681889, 0.3812331388164107, 0.2949184748394611, 0.4875678317922825, 0.29321985468644607, 0.4988953047707479, 0.2935054106062904, 0.47531749619628466, 0.47528438638029724, 0.30101079567049, 0.2933531736060846, 0.4752597156103977, 0.2932299158094496, 0.38413907491390176, 0.5194106256665619, 0.5793828908762314, 0.374851353171989, 0.4753706659282206, 0.47577340522703576, 0.2944673601382122, 0.5398842906715228, 0.2945178339237787, 0.29337594142613005, 0.2933160266308184, 0.2965659247973692, 0.5534003632967938, 0.4752676735852853, 0.29332578358517597, 0.2932352159257483, 0.4987100848735951, 0.4752607955283896, 0.38170519551422516, 0.2950534132775617]}}