{"metrics": {"test": {"fp": [8], "f1_score": [0.8907563025210085], "risk": [0.13131313131313133], "recall": [0.9137931034482759], "sensitivity": [0.9137931034482759], "precision": [0.8688524590163934], "tp": [53], "tn": [33], "specificity": [0.8048780487804879], "fn": [5]}, "train": {"fp": [3], "f1_score": [0.9868667917448405], "risk": [0.0175], "recall": [0.9850187265917603], "sensitivity": [0.9850187265917603], "precision": [0.9887218045112782], "tp": [263], "tn": [130], "specificity": [0.9774436090225563], "fn": [4]}}, "model": {"n_features": 42406238}, "data": {"path": "/scratch/adrouin/data/patric/single_species_datasets/imipenem___-3225223558739261696/dataset.kover", "split": "train_0.800_seed_2_10_folds", "uuid": "b4e39f74-0578-11e8-932f-001b2193b764"}, "predictions": {"binary": [0, 0, 0, 0, 0, 0, 0, 0, 0, 0, 0, 0, 0, 0, 0, 0, 0, 0, 0, 0, 0, 0, 1, 0, 0, 0, 0, 0, 0, 0, 0, 0, 0, 1, 0, 0, 0, 0, 0, 1, 0, 0, 0, 0, 0, 0, 0, 0, 0, 0, 0, 0, 0, 0, 0, 0, 0, 0, 1, 0, 0, 0, 1, 0, 0, 0, 0, 0, 0, 0, 0, 0, 0, 1, 0, 0, 0, 0, 0, 0, 0, 0, 0, 0, 0, 0, 0, 0, 0, 0, 0, 0, 0, 0, 0, 0, 0, 1, 0, 0, 0, 0, 0, 0, 0, 0, 0, 0, 0, 0, 0, 0, 0, 0, 0, 0, 1, 0, 0, 0, 0, 1, 0, 0, 0, 0, 0, 0, 0, 0, 0, 0, 0, 0, 0, 0, 1, 0, 0, 0, 0, 0, 0, 0, 0, 0, 0, 0, 0, 0, 0, 0, 0, 1, 0, 0, 0, 0, 0, 0, 0, 0, 0, 0, 0, 0, 0, 0, 0, 0, 0, 0, 0, 0, 1, 1, 1, 1, 1, 1, 1, 1, 1, 1, 1, 1, 1, 1, 1, 1, 1, 1, 1, 1, 1, 1, 0, 1, 1, 1, 1, 1, 1, 1, 1, 1, 1, 1, 1, 1, 1, 1, 1, 1, 1, 1, 1, 1, 1, 1, 1, 1, 1, 1, 1, 1, 1, 1, 1, 1, 1, 1, 1, 1, 1, 1, 1, 1, 1, 1, 1, 1, 1, 1, 1, 1, 1, 1, 1, 1, 1, 1, 0, 1, 0, 1, 1, 1, 1, 1, 1, 1, 1, 1, 1, 1, 1, 1, 1, 1, 1, 1, 1, 1, 1, 1, 1, 1, 1, 1, 1, 1, 1, 1, 1, 1, 1, 1, 1, 1, 1, 1, 1, 1, 1, 1, 1, 1, 1, 1, 1, 1, 1, 1, 1, 1, 1, 1, 1, 1, 1, 1, 1, 1, 1, 1, 1, 1, 1, 1, 1, 1, 1, 1, 1, 1, 1, 1, 1, 1, 1, 0, 1, 1, 1, 1, 1, 1, 1, 1, 1, 1, 1, 1, 1, 1, 1, 1, 1, 1, 1, 1, 1, 1, 1, 1, 1, 1, 1, 1, 1, 0, 1, 1, 1, 1, 1, 1, 1, 1, 1, 1, 1, 1, 1, 1, 1, 1, 1, 1, 1, 1, 1, 1, 1, 1, 1, 1, 1, 1, 1, 1, 1, 1, 1, 1, 1, 1, 1, 1, 1, 1, 1, 1, 1, 1, 1, 1, 1, 1, 1, 1, 1, 1, 1, 1, 1, 1, 1, 1, 1, 1, 1, 1, 1, 1, 1, 1, 1, 1, 1, 1, 1, 1, 1, 1, 1, 1, 1, 1, 1, 1, 1, 1, 1, 1, 1, 1, 1, 1, 1, 1, 1, 1, 1, 1, 1, 1, 1, 1, 1, 0, 1, 1, 1, 1, 1, 1, 1, 1, 1, 1, 1, 1, 1, 1, 1, 1, 1, 1, 1, 0, 1, 1, 1, 1, 1, 1, 1, 1, 0, 0, 1, 1, 1, 1, 1, 1, 1], "proba": [0.09145163076733616, 0.06158228468598102, 0.07974071092744454, 0.15942783326282392, 0.09142180387454682, 0.09140044375609455, 0.09130816070798396, 0.09136658221785694, 0.0914456630417326, 0.09148258068955864, 0.09139073936289978, 0.09138669264538152, 0.09140183225284046, 0.09132639013216641, 0.09131827310847103, 0.30425885416694426, 0.09136493825182036, 0.09138956883145541, 0.09143696353900897, 0.1014238247541694, 0.09141985867883021, 0.09139425678502945, 0.7803744328916035, 0.0913422685020328, 0.09147969080345231, 0.09133701551876607, 0.3416884552113098, 0.09140532041753903, 0.09132407889338028, 0.09142489617492026, 0.0913989328824542, 0.21072585421360582, 0.09144086732384721, 0.9270553350094916, 0.09294748313197827, 0.09137348988314875, 0.09147353071065689, 0.09142756929640426, 0.16303597316224247, 0.8533651335002067, 0.11631782798367024, 0.09143933558767134, 0.0913411947004615, 0.22684351855257906, 0.09144968535638195, 0.0914612131029869, 0.023912335116463533, 0.21476801561367262, 0.09141907063290348, 0.16848432829021878, 0.1142744232999918, 0.28526215527999327, 0.16002701869045552, 0.09145163208264355, 0.09147346092803355, 0.09142349709133893, 0.10199270799824448, 0.09136136280879452, 0.926290706494922, 0.09141710393594352, 0.09145362147975684, 0.12066302765550967, 0.6035058273006176, 0.09139822827889175, 0.09138917082401526, 0.09146659803133934, 0.0249349603151066, 0.09135816851132922, 0.09141595533955076, 0.09140044497398206, 0.09132713936074904, 0.0914307206583435, 0.30527193583768486, 0.5502516138999651, 0.09138956618131265, 0.15590365799604847, 0.2292665673365471, 0.09143587200353857, 0.09138817049157433, 0.09138332709883513, 0.2832495623158833, 0.1160417541051089, 0.09144164548600689, 0.2395801499098706, 0.09139416884414772, 0.09140471252455694, 0.08936580876516581, 0.09144776457765526, 0.09425748861555108, 0.0913084204795679, 0.09136873207849215, 0.09134739077720784, 0.0913801700123959, 0.0914860228844494, 0.09145998864687067, 0.14847835564510867, 0.23518540005026844, 0.7106465509892425, 0.09138897455704471, 0.0265870754267317, 0.0914255975673241, 0.09136765988896059, 0.19233578422187733, 0.09138642970349674, 0.09140571309883477, 0.09141425848917321, 0.09140270634146322, 0.027419788539755578, 0.09140850376272126, 0.09148659144800696, 0.09146102836727582, 0.0912130592868027, 0.09149952084995412, 0.09144330699018455, 0.09137559777342497, 0.0913843326618274, 0.8712326262346195, 0.09132283216088866, 0.2118555676953948, 0.09136000495356064, 0.0913989324784538, 0.8252507162596454, 0.0914408563198623, 0.09131988798408955, 0.4002025589828494, 0.1569644065465157, 0.09147315124097376, 0.09138438840645914, 0.09138303057528774, 0.09139300597641833, 0.09139096536635814, 0.09139304207607037, 0.11120812049731277, 0.45818031684848587, 0.09147635036461765, 0.09148506567843731, 0.9725077895252542, 0.07095918712632203, 0.0705790906613105, 0.09148755360142254, 0.09137581965856499, 0.09137708578397646, 0.09147789432299797, 0.0913665854256335, 0.0913969305208428, 0.09144408437871308, 0.09135817171534391, 0.09140793733863527, 0.09140773801659847, 0.09138596481477128, 0.09138926567831143, 0.09147704769431751, 0.09135395145973924, 0.5906830251716303, 0.09139994604455537, 0.43542484667810805, 0.0914272733955233, 0.09140176893042082, 0.09139714994592556, 0.09140158374495046, 0.09146787955162132, 0.09145768586201776, 0.27989871483378953, 0.09139939222857235, 0.09141835569950606, 0.0913537500921364, 0.09140724572328882, 0.30051122605782393, 0.0930804257337764, 0.09134475388725694, 0.09147167687491625, 0.09136658074079339, 0.025496953867465096, 0.09140850152225242, 0.9254176618882926, 0.92543628035129, 0.9253935921316816, 0.9683289076276048, 0.959653053415619, 0.9427594323307938, 0.9254363335743643, 0.9254354117843374, 0.9254760659684453, 0.925351155470606, 0.9254278413166963, 0.8812625142404945, 0.9793278621681099, 0.9878579823886119, 0.9253296122734536, 0.9253885213411133, 0.9632809133992625, 0.9254347465316541, 0.9254611261240907, 0.9253886261183748, 0.94699538353302, 0.9912033545913361, 0.13802966539972866, 0.9253990727235941, 0.9254640624402252, 0.9748414372833247, 0.9254005392891484, 0.9592217895353955, 0.925372783901633, 0.9344399576136256, 0.9254271464294034, 0.9254447397208325, 0.927411183699267, 0.9682203193723083, 0.9254417407551554, 0.9253219866458705, 0.929576338347605, 0.9210093552780886, 0.9509784444532848, 0.918669640885198, 0.9376257456498746, 0.9779776662288234, 0.9930391607148572, 0.9253939349640932, 0.9194049955087531, 0.9254006520970298, 0.9317334023751476, 0.9367240346470151, 0.9253491573971631, 0.9786676357556485, 0.925417600250644, 0.9330071296325722, 0.9284094449950359, 0.9855229611458386, 0.9253926795687981, 0.975950316340144, 0.9253943953858688, 0.9254312121371981, 0.9544605185198353, 0.9845634782596068, 0.9864938396927718, 0.9751496708124582, 0.9805865873977373, 0.9305903233032341, 0.9619557459805965, 0.9254590110438292, 0.940617054498909, 0.9783819186759853, 0.9300878962265631, 0.9700181938958825, 0.9507268800877688, 0.9710356387238931, 0.8210442400957844, 0.969738329176254, 0.9608874006808951, 0.9714639642595775, 0.9254217383113192, 0.9254726187309391, 0.3459748617544301, 0.9253497803504132, 0.4334968739775996, 0.863572986908055, 0.9254729179008834, 0.9828935912747114, 0.9254350449919116, 0.956312840498291, 0.9089254134499769, 0.972169410358811, 0.9254320950621622, 0.9630248309560491, 0.9757070600560259, 0.9483202630114459, 0.9892314952617013, 0.9254029254672769, 0.9674812353551928, 0.9253678916036032, 0.9253420565625241, 0.9566900126901416, 0.9254406282138826, 0.9254678831819224, 0.9852406139478926, 0.9812430432512241, 0.9737694746163955, 0.9670108484376798, 