{"metrics": {"test": {"fp": [2], "f1_score": [0.4705882352941177], "risk": [0.06474820143884892], "recall": [0.36363636363636365], "sensitivity": [0.36363636363636365], "precision": [0.6666666666666666], "tp": [4], "tn": [126], "specificity": [0.984375], "fn": [7]}, "train": {"fp": [0], "f1_score": [0.989010989010989], "risk": [0.0017857142857142857], "recall": [0.9782608695652174], "sensitivity": [0.9782608695652174], "precision": [1.0], "tp": [45], "tn": [514], "specificity": [1.0], "fn": [1]}}, "model": {"n_features": 7176022}, "data": {"path": "/scratch/adrouin/data/patric/single_species_datasets/moxifloxacin___260162261243005161/dataset.kover", "split": "train_0.800_seed_0_10_folds", "uuid": "f1efab30-0765-11e8-ac0b-001b2193b764"}, "predictions": {"binary": [0, 0, 0, 0, 0, 0, 0, 0, 0, 0, 0, 0, 0, 0, 0, 0, 0, 0, 0, 0, 0, 0, 0, 0, 0, 0, 0, 0, 0, 0, 0, 0, 0, 0, 0, 0, 0, 0, 0, 0, 0, 0, 0, 0, 0, 0, 0, 0, 0, 0, 0, 0, 0, 1, 0, 0, 0, 0, 0, 0, 0, 0, 0, 0, 0, 0, 0, 0, 0, 0, 0, 0, 0, 0, 0, 0, 0, 0, 0, 0, 0, 0, 0, 0, 0, 0, 0, 0, 0, 0, 0, 1, 0, 0, 0, 0, 0, 0, 0, 0, 0, 0, 0, 0, 0, 0, 0, 0, 0, 0, 0, 0, 0, 0, 0, 0, 0, 0, 0, 0, 0, 0, 0, 0, 0, 0, 0, 0, 0, 0, 0, 0, 0, 0, 0, 0, 0, 0, 0, 0, 0, 0, 0, 0, 0, 0, 0, 0, 0, 0, 0, 0, 0, 0, 0, 0, 0, 0, 0, 0, 0, 0, 0, 0, 0, 0, 0, 0, 0, 0, 0, 0, 0, 0, 0, 0, 0, 0, 0, 0, 0, 0, 0, 0, 0, 0, 0, 0, 0, 0, 0, 0, 0, 0, 0, 0, 0, 0, 0, 0, 0, 0, 0, 0, 0, 0, 0, 0, 0, 0, 0, 0, 0, 0, 0, 0, 0, 0, 0, 0, 0, 0, 0, 0, 0, 0, 0, 0, 0, 0, 0, 0, 0, 0, 0, 0, 0, 0, 0, 0, 0, 0, 0, 0, 0, 0, 0, 0, 0, 0, 0, 0, 0, 0, 0, 0, 0, 0, 0, 0, 0, 0, 0, 0, 0, 0, 0, 0, 0, 0, 0, 0, 0, 0, 0, 0, 0, 0, 0, 0, 0, 0, 0, 0, 0, 0, 0, 0, 0, 0, 0, 0, 0, 0, 0, 0, 0, 0, 0, 0, 0, 0, 0, 0, 0, 0, 0, 0, 0, 0, 0, 0, 0, 0, 0, 0, 0, 0, 0, 0, 0, 0, 0, 0, 0, 0, 0, 0, 0, 0, 0, 0, 0, 0, 0, 0, 0, 0, 0, 0, 0, 0, 0, 0, 0, 0, 0, 0, 0, 0, 0, 0, 0, 0, 0, 0, 0, 0, 0, 0, 0, 0, 0, 0, 0, 0, 0, 0, 0, 0, 0, 0, 0, 0, 0, 0, 0, 0, 0, 0, 0, 0, 0, 0, 0, 0, 0, 0, 0, 0, 0, 0, 0, 0, 0, 0, 0, 0, 0, 0, 0, 0, 0, 0, 0, 0, 0, 0, 0, 0, 0, 0, 0, 0, 0, 0, 0, 0, 0, 0, 0, 0, 0, 0, 0, 0, 0, 0, 0, 0, 0, 0, 0, 0, 0, 0, 0, 0, 0, 0, 0, 0, 0, 0, 0, 0, 0, 0, 0, 0, 0, 0, 0, 0, 0, 0, 0, 0, 0, 0, 0, 0, 0, 0, 0, 0, 0, 0, 0, 0, 0, 0, 0, 0, 0, 0, 0, 0, 0, 0, 0, 0, 0, 0, 0, 0, 0, 0, 0, 0, 0, 0, 0, 0, 0, 0, 0, 0, 0, 0, 0, 0, 0, 0, 0, 0, 0, 0, 0, 0, 0, 0, 0, 0, 0, 0, 0, 0, 0, 0, 0, 0, 0, 0, 0, 0, 0, 0, 0, 0, 0, 0, 0, 0, 0, 0, 0, 0, 0, 0, 0, 0, 0, 0, 0, 0, 0, 0, 0, 0, 0, 0, 0, 0, 0, 0, 0, 0, 0, 0, 0, 0, 0, 0, 0, 0, 0, 0, 0, 0, 0, 0, 0, 0, 0, 0, 0, 0, 0, 0, 0, 0, 0, 0, 0, 0, 0, 0, 0, 0, 0, 0, 0, 0, 0, 0, 0, 0, 0, 0, 0, 0, 0, 0, 0, 0, 0, 0, 0, 0, 0, 0, 0, 0, 0, 0, 0, 0, 0, 0, 0, 0, 0, 0, 0, 0, 0, 0, 0, 0, 0, 0, 0, 0, 0, 0, 0, 0, 0, 0, 0, 0, 1, 1, 1, 1, 1, 1, 1, 1, 1, 1, 1, 1, 0, 1, 1, 0, 0, 1, 1, 1, 1, 1, 1, 1, 1, 1, 1, 1, 0, 1, 1, 1, 1, 1, 1, 0, 1, 1, 1, 1, 0, 1, 1, 1, 1, 1, 0, 1, 1, 1, 1, 1, 1, 1, 0, 1, 1], "proba": [0.0065519345130739155, 0.002036892227104293, 0.04323138662335753, 0.04507535239818505, 0.009129387237293856, 0.052376114814454686, 0.052338822091213766, 0.05227536899843481, 0.05237716888575526, 0.057904846416813247, 0.05229446483474293, 0.05344699119922933, 0.0522919090425169, 0.05233847380911725, 0.005269291453527315, 0.012332154200677679, 0.0036682778408597553, 0.05234214182217557, 0.052324274012471375, 0.1294738454369166, 0.0026277490111381416, 0.05236768294452637, 0.05236004780209209, 0.2634912694771626, 0.05235777695933141, 0.0523554681020847, 0.05238497593975363, 0.05235769552871724, 0.058687665947669, 0.05237379838474633, 0.0523633320622049, 0.05239060656633637, 0.038942025597872104, 0.02896364854951068, 0.010003474669652878, 0.02247714697129116, 0.042625292022075545, 0.05233896303151083, 0.05234226780103843, 0.05239259723040736, 0.0523572044841539, 0.06161438233307139, 0.05997719434562375, 0.043614231911741734, 0.05237301432976071, 0.009385385864767911, 0.015614029473984221, 0.005200825238636811, 0.052310970192481036, 0.008207382220458009, 0.05239839385245238, 0.0052571728009471455, 0.05230524054182619, 0.5231049365966323, 0.03647546634577306, 0.052324658731116434, 0.01892747747840105, 0.007429033558361326, 0.05505358966334298, 0.05233866230223861, 0.05234403921920011, 0.005881705671992384, 0.05235067673016687, 0.052351413413640226, 0.05231661260115527, 0.052336283843010915, 0.008884496246935495, 0.006687657324006314, 0.029407002816348515, 0.05236026067610004, 0.07472465280173593, 0.052365766197019846, 0.06258282705833962, 0.0523768023005223, 0.0019510280226778085, 0.04076517920294935, 0.007128729102130955, 0.05232135443488296, 0.05236190969095416, 0.0006670654710571356, 0.00298167000091329, 0.0059934034362199564, 0.15823809642040787, 0.009316367354356212, 0.11697988335441863, 0.05234005065452677, 0.14488251182888148, 0.2505991625821348, 0.021318934118562508, 0.05236041520025882, 0.05231701497055975, 0.4809206735338749, 0.05232992265935465, 0.052344536528818805, 0.17107284162077063, 0.4263212068014477, 0.05233062937687807, 0.05232996105602481, 0.08003417214976677, 0.0018568781990737243, 0.008014864624025722, 0.04090860723067882, 0.007394946930990615, 0.0009168818925952276, 0.0005557571175590198, 0.002336512722290006, 0.009135400268175302, 0.0017934747331579102, 0.03426040946641701, 0.003554386897544503, 0.01044568311627878, 0.0034282117553012074, 0.011840747767798785, 0.05230406363235727, 0.0252270348196962, 0.031095679384282714, 0.0012894708510385313, 0.0006595018347106042, 0.03357161994215925, 0.20825752689713664, 0.05234029159886341, 0.001870882505249424, 0.005834436193866723, 0.009277883641050743, 0.005677594432078773, 0.030406531328486308, 0.012610129258183013, 0.05238502309334648, 0.010187972689931062, 0.01040220465192, 0.033241180544358456, 0.011436533363683485, 0.004558295015480417, 0.04665826042869222, 0.04552488277343238, 0.047360537238174204, 0.011700371132991369, 0.0027483538501390336, 0.05230511337159428, 0.02392933901103038, 0.05234984165523454, 0.05235345866712295, 0.0016106607368176669, 0.01272708025716709, 0.021006695801622365, 0.010508234163415361, 0.028844551301332857, 0.11633845612581412, 0.01814142900727451, 0.0523341270739811, 0.05236171229430317, 0.11106123619255227, 0.052399592944539435, 0.052345012440812674, 0.052369019541463196, 0.052353796831095416, 0.052360051629179616, 0.05237936551131441, 0.014500296055594606, 0.009994407088757512, 0.007443344481315773, 0.0018007591575100513, 0.0523265274044313, 0.010625570011973538, 0.017305200969761746, 0.04399449491667561, 0.05237002028225556, 0.01807155294864601, 0.028996700569003334, 0.011022039764829723, 0.030457339456521317, 0.052389053836143055, 0.05230589093290027, 0.03767489419534256, 0.010118240721723596, 0.05240758885162635, 0.05086201909143009, 0.08738741768321015, 0.009550515183783803, 0.00902688014245497, 0.061532532290292125, 0.026425710029989093, 0.014134383332555246, 0.03127990679329368, 0.07233489138968348, 0.01591834177777716, 0.048480486132860115, 0.052364553402459574, 0.0024384698539140124, 0.02265546449064735, 0.04969301322247619, 0.005168065312629933, 0.006582949885897503, 0.004837063440702316, 0.006042519189159472, 0.002643911539225458, 0.052352733175239495, 0.09421446424884593, 0.022830267487376127, 0.0441419727045405, 0.008548052341671839, 0.0030019713214703416, 0.0005770095167733607, 0.16623389328661559, 0.0040257040898618425, 0.013913773322927071, 0.0022941426877388167, 0.020566721348865825, 0.0013268082493479673, 0.002884175363779517, 0.00656894891574597, 0.009210074445208372, 0.04145838541589615, 0.004601095957843906, 0.052336232848130035, 0.028401071980934965, 0.046951295521656916, 0.03182713849703766, 0.0450295053896269, 0.009601485267369198, 0.010411768533923574, 0.008023360322702093, 0.007371861956180516, 0.0012849818952684158, 0.0019063216589617696, 0.01869444415505991, 0.03886460821992713, 0.031663765597877654, 0.0007812633358362111, 0.033382591371157185, 0.0490722686548952, 0.04360911410229163, 0.05235943551850359, 0.05238076409907455, 0.006859117895067375, 0.02065556474359465, 0.023332940760709797, 