{"metrics": {"test": {"fp": [0], "f1_score": [1.0], "risk": [0.0], "recall": [1.0], "sensitivity": [1.0], "precision": [1.0], "tp": [8], "tn": [9], "specificity": [1.0], "fn": [0]}, "train": {"fp": [0], "f1_score": [1.0], "risk": [0.0], "recall": [1.0], "sensitivity": [1.0], "precision": [1.0], "tp": [31], "tn": [37], "specificity": [1.0], "fn": [0]}}, "model": {"n_features": 6095164}, "data": {"path": "/scratch/adrouin/data/patric/single_species_datasets/oxacillin___6654735289702248879/dataset.kover", "split": "train_0.800_seed_7_10_folds", "uuid": "5e68fc00-084a-11e8-a17e-001b2193b764"}, "predictions": {"binary": [0, 0, 0, 0, 0, 0, 0, 0, 0, 0, 0, 0, 0, 0, 0, 0, 0, 0, 0, 0, 0, 0, 0, 0, 0, 0, 0, 0, 0, 0, 0, 0, 0, 0, 0, 0, 0, 0, 0, 0, 0, 0, 0, 0, 0, 0, 1, 1, 1, 1, 1, 1, 1, 1, 1, 1, 1, 1, 1, 1, 1, 1, 1, 1, 1, 1, 1, 1, 1, 1, 1, 1, 1, 1, 1, 1, 1, 1, 1, 1, 1, 1, 1, 1, 1], "proba": [0.024431489140090946, 0.00987686326337634, 0.029015177083551898, 0.02903194081059143, 0.014515645279252597, 0.029019955791062715, 0.027932379714465667, 0.026558106842081246, 0.2977054610385151, 0.013865663799167005, 0.028287622674277677, 0.029025961264595338, 0.02899801108746717, 0.029003855268902545, 0.13710449171947642, 0.0273703611935852, 0.022638092422900054, 0.009571061265406305, 0.010696932640163068, 0.029022287422655554, 0.02251257071780347, 0.029001782893308594, 0.029000346322244974, 0.033421876666600125, 0.024885898707488117, 0.059909152836553264, 0.02901443245931668, 0.01183428736133436, 0.029022216903255457, 0.029037211310538744, 0.02399303332585648, 0.029024473932305183, 0.015330839059540384, 0.02062184267029625, 0.029002292129161576, 0.02902981562954708, 0.029032114917700493, 0.029046565834165906, 0.02902093818306339, 0.01097979180683191, 0.029032319319407245, 0.02899433911335395, 0.009782238441467585, 0.009348003891567688, 0.009514280525239253, 0.017899453950775156, 0.9881584138237584, 0.9913438155456579, 0.9600051917363766, 0.9907980455145348, 0.988173763849645, 0.9881694427085841, 0.9885086162894068, 0.988178848117355, 0.9881913028119899, 0.9881581797021101, 0.9881645228874425, 0.9420455867249208, 0.9881737229201042, 0.9881559286113241, 0.9881682605971405, 0.9881952473995386, 0.9881814789948133, 0.9923383691858304, 0.9881772211669964, 0.9881641579804072, 0.9881807310763628, 0.6604233067847184, 0.9912817156669251, 0.9913735523360876, 0.9881735951387466, 0.9881684897606892, 0.9798978699810932, 0.988181247096424, 0.9917834048583891, 0.9881563255369687, 0.9881801994270045, 0.988242101630176, 0.9884077351062505, 0.9903252392492716, 0.9876830200601134, 0.9919309339128929, 0.9900656605922866, 0.9060972663791615, 0.9881553288125449]}, "cv": {"hps": {"normalize_kernel": true, "degree": 1.0, "regularizer": 100.0}, "score": 0.0}}