{"metrics": {"test": {"fp": [5], "f1_score": [0.5945945945945946], "risk": [0.45454545454545453], "recall": [0.5238095238095238], "sensitivity": [0.5238095238095238], "precision": [0.6875], "tp": [11], "tn": [7], "specificity": [0.5833333333333334], "fn": [10]}, "train": {"fp": [12], "f1_score": [0.8721804511278196], "risk": [0.12686567164179105], "recall": [0.9206349206349206], "sensitivity": [0.9206349206349206], "precision": [0.8285714285714286], "tp": [58], "tn": [59], "specificity": [0.8309859154929577], "fn": [5]}}, "model": {"n_features": 1000000}, "data": {"path": "/scratch/adrouin/data/patric/single_species_datasets/nicotinamide___260162261243005161/dataset.kover", "split": "train_0.800_seed_8_10_folds", "uuid": "2407f734-0767-11e8-a171-001b2193b764"}, "predictions": {"binary": [1, 0, 0, 0, 1, 0, 0, 0, 0, 0, 0, 0, 0, 0, 0, 0, 0, 0, 0, 0, 0, 0, 0, 0, 1, 0, 1, 0, 0, 0, 0, 0, 0, 0, 0, 1, 0, 0, 0, 0, 1, 0, 0, 1, 0, 0, 0, 0, 1, 0, 0, 0, 0, 1, 0, 0, 1, 0, 1, 1, 0, 0, 0, 0, 0, 1, 1, 0, 0, 0, 1, 1, 0, 0, 1, 0, 0, 0, 0, 0, 0, 0, 0, 1, 0, 0, 0, 1, 1, 1, 1, 1, 1, 1, 1, 1, 0, 1, 1, 1, 1, 0, 1, 0, 0, 1, 1, 1, 0, 0, 1, 1, 1, 1, 1, 0, 1, 1, 1, 1, 1, 1, 1, 1, 1, 1, 1, 1, 1, 1, 1, 1, 1, 0, 1, 1, 0, 1, 1, 1, 1, 1, 1, 0, 1, 0, 1, 1, 1, 1, 1, 1, 1, 1, 1, 1, 1, 1, 1, 1, 1, 1, 1, 1, 1, 0, 1, 1, 1, 1, 1, 1, 1, 1, 1, 1, 1, 1, 1, 1, 1, 1, 1, 1, 1, 1, 1, 1, 1, 1, 1, 1], "proba": [0.65360691320305, 0.2506163145343661, 0.06006816134774332, 0.1517938895217227, 0.6117396536022666, 0.09032213958070988, 0.08742748416177785, 0.43851647236796987, 0.17367785375905234, 0.49418202360901964, 0.3425911674330546, 0.11014866650186603, 0.10398486909818601, 0.4459816750888734, 0.3416292801516703, 0.03962330602262256, 0.24391867132365896, 0.19285646383956628, 0.22137390177318408, 0.15304493412128906, 0.15135889124393315, 0.1343550992127033, 0.37661769003452555, 0.04918130412593355, 0.6456814456663189, 0.12965452707927977, 0.5488733962109732, 0.1500419327420356, 0.13981840294791037, 0.33639288386733857, 0.14416818691011796, 0.06989730812699639, 0.1522099986003853, 0.04830655924153111, 0.08449271797672502, 0.6385704590717755, 0.2085712182148969, 0.24518146559097623, 0.19602255980452257, 0.12921015050107731, 0.5502686843302014, 0.12122863256537282, 0.12031014202198509, 0.7061035793900619, 0.13962214145075233, 0.13939694959422774, 0.12588105672157004, 0.12424461129689944, 0.5079025738589186, 0.0625579347425782, 0.49855093481410095, 0.162320920741495, 0.1401607983685803, 0.7608148479037278, 0.45444764528517617, 0.0648226192013705, 0.6599375000622718, 0.09687016821095382, 0.6849927043907048, 0.7424278762780354, 0.18197125059534058, 0.16562490316495215, 0.12127184041846618, 0.41006711940429663, 0.10245009167728755, 0.507712373040624, 0.688644622590932, 0.19267703310373954, 0.18172932151409735, 0.11491036074040292, 0.7591148204113437, 0.5116518383114445, 0.2161048999681109, 0.1304292846628817, 0.660240012670819, 0.05789849833177979, 0.4709726830364336, 0.14514363815214557, 0.24095830546197725, 0.3915445145275675, 0.07873332605533735, 0.15138286724436747, 0.1987000140537372, 0.8381278354289252, 0.46179831331640214, 0.044034442828433745, 0.49352830675743814, 0.5018745363688807, 0.7758141920882504, 0.8195946701825669, 0.745482775441522, 0.663880058414112, 0.6901990536101815, 0.6498277755675846, 0.6524657964057231, 0.836250564620198, 0.3362939916551512, 0.5158622845682429, 0.7570445714246321, 0.5362750837040557, 0.8313961950766124, 0.33884693830324475, 0.837605663764236, 0.29948154396537013, 0.05921887730300639, 0.8420443518492952, 0.837983427023754, 0.8435514045331662, 0.1667962180138318, 0.17480446304148264, 0.8309936536592732, 0.849311021003801, 0.8379976296186141, 0.8431562726363002, 0.8214927085971799, 0.2650132707969849, 0.8328527367326698, 0.8390925473841185, 0.8289280096736215, 0.8348359794846104, 0.5142205492679314, 0.8441767234675537, 0.8258301870816367, 0.6558064220871752, 0.8396829113762639, 0.8280352793799047, 0.8342594129663667, 0.830294865579047, 0.8354581970337439, 0.8358212581461086, 0.8316873448988436, 0.8434720661027804, 0.8284874036202786, 0.06957671291908907, 0.8366413268912033, 0.8312320148657373, 0.1470246535812355, 0.676957749323401, 0.8342908314143097, 0.8284788923588129, 0.8386907646191775, 0.5005540771182951, 0.8428409582656812, 0.41348521821657974, 0.831217457462902, 0.27411434047936734, 0.7064152014780708, 0.8461641025569472, 0.8050899650495869, 0.6679971561676611, 0.8488502584880645, 0.8435412678478201, 0.8396988956458615, 0.6764327580917198, 0.8285482190257616, 0.8359361965200092, 0.6820697764831027, 0.7729710410610757, 0.8372077958267508, 0.5702583430536688, 0.8402852023646062, 0.6890316270084811, 0.6898577114983454, 0.5722466214287484, 0.8522214579796936, 0.16855055106640537, 0.6016848766466482, 0.500018201435207, 0.500018201435207, 0.500018201435207, 0.500018201435207, 0.500018201435207, 0.500018201435207, 0.500018201435207, 0.500018201435207, 0.500018201435207, 0.500018201435207, 0.500018201435207, 0.500018201435207, 0.500018201435207, 0.500018201435207, 0.500018201435207, 0.500018201435207, 0.500018201435207, 0.500018201435207, 0.500018201435207, 0.500018201435207, 0.500018201435207, 0.500018201435207, 0.500018201435207, 0.500018201435207, 0.500018201435207]}}