{"metrics": {"test": {"fp": [2], "f1_score": [0.9549549549549549], "risk": [0.05747126436781609], "recall": [0.9464285714285714], "sensitivity": [0.9464285714285714], "precision": [0.9636363636363636], "tp": [53], "tn": [29], "specificity": [0.9354838709677419], "fn": [3]}, "train": {"fp": [3], "f1_score": [0.9619047619047618], "risk": [0.045845272206303724], "recall": [0.9395348837209302], "sensitivity": [0.9395348837209302], "precision": [0.9853658536585366], "tp": [202], "tn": [131], "specificity": [0.9776119402985075], "fn": [13]}}, "model": {"n_features": 999514}, "data": {"path": "/scratch/adrouin/data/patric/single_species_datasets/ampicillin___7053822222416630118/dataset.kover", "split": "train_0.800_seed_7_10_folds", "uuid": "9957fcbc-095d-11e8-b1fe-001b2193b764"}, "predictions": {"binary": [0, 0, 0, 0, 0, 0, 0, 0, 0, 0, 0, 0, 0, 0, 0, 0, 0, 0, 0, 0, 0, 0, 0, 1, 0, 0, 0, 0, 0, 0, 0, 0, 0, 0, 0, 0, 0, 0, 0, 0, 0, 0, 0, 0, 0, 0, 0, 0, 0, 0, 0, 0, 0, 0, 0, 0, 0, 0, 0, 0, 0, 0, 0, 0, 0, 0, 0, 0, 0, 0, 0, 0, 0, 0, 0, 0, 0, 0, 0, 0, 0, 0, 0, 0, 0, 0, 0, 0, 1, 0, 0, 0, 0, 0, 0, 0, 0, 0, 0, 0, 0, 0, 0, 0, 0, 0, 0, 0, 0, 0, 0, 0, 0, 0, 0, 0, 0, 0, 0, 0, 0, 0, 0, 0, 0, 0, 0, 0, 0, 0, 1, 0, 0, 0, 0, 0, 0, 0, 0, 0, 0, 0, 0, 0, 0, 0, 0, 0, 0, 0, 0, 0, 0, 0, 0, 0, 1, 0, 0, 0, 0, 1, 0, 0, 0, 1, 1, 1, 1, 1, 1, 1, 1, 1, 1, 1, 1, 1, 1, 1, 1, 1, 1, 1, 1, 1, 1, 0, 1, 1, 1, 1, 1, 1, 1, 1, 1, 1, 1, 1, 1, 1, 1, 1, 1, 1, 1, 1, 1, 1, 1, 1, 1, 1, 1, 1, 1, 1, 1, 1, 0, 0, 1, 1, 1, 1, 1, 1, 1, 1, 1, 1, 1, 1, 1, 1, 1, 0, 1, 1, 1, 1, 1, 1, 1, 1, 1, 1, 1, 1, 1, 1, 1, 1, 1, 1, 1, 1, 1, 1, 1, 1, 1, 1, 1, 1, 1, 1, 1, 1, 1, 1, 1, 1, 1, 0, 1, 1, 1, 1, 1, 1, 1, 0, 1, 1, 1, 1, 1, 1, 1, 1, 1, 1, 1, 1, 1, 1, 1, 1, 1, 1, 1, 1, 1, 1, 1, 1, 1, 1, 1, 1, 1, 1, 1, 1, 1, 1, 1, 1, 1, 1, 1, 1, 1, 1, 1, 1, 1, 1, 1, 1, 1, 0, 1, 0, 0, 1, 1, 1, 1, 1, 1, 1, 1, 1, 1, 1, 1, 1, 1, 1, 1, 1, 1, 1, 1, 1, 1, 1, 1, 1, 1, 0, 1, 1, 1, 1, 1, 1, 1, 1, 1, 1, 1, 1, 1, 1, 1, 1, 0, 1, 1, 1, 1, 1, 1, 1, 1, 1, 1, 1, 1, 1, 0, 1, 1, 1, 0, 1, 1, 1, 0, 1, 1, 1, 1, 1, 1, 1, 1, 1, 1, 1, 1, 1, 1, 1, 0, 0, 1, 1, 1, 1, 1, 1, 1, 1, 1, 1, 1, 1, 1, 1, 1, 1, 0, 0, 0, 0, 0, 0, 0, 0, 0, 0, 0, 0], "proba": [0.360985568394332, 0.09622273005208754, 0.06356664550474593, 0.06973180020823957, 0.06803862567992223, 0.08723847713987594, 0.12179410492047058, 0.06890879617886726, 0.021251080708160678, 0.11265762851666772, 0.23573218804626828, 0.10978177978830667, 0.07374651879646603, 0.05546985581061253, 0.13088104052910451, 0.11539484760124678, 0.12891910106745738, 0.2376353570993703, 0.06633470865506387, 0.37134098178301067, 0.06457251777963399, 0.23131890027596042, 0.09805249597972782, 0.8922823200612457, 0.08668194774950964, 0.13796408039643174, 0.3084105407420243, 0.07223994222551178, 0.08987211330259809, 0.05686250924511945, 0.10474086732141656, 0.21788749536939056, 0.10951462998943581, 0.29409645281206176, 0.0868367874998501, 0.1744415059272919, 0.12694104232721196, 0.10415135987923138, 0.05679189015415993, 0.10012860718134987, 0.10973558543124637, 0.08891160408283076, 0.0621914659988642, 0.10948435082642025, 0.19795988366714726, 0.23018736105973756, 0.08561432597071587, 0.06024555394091918, 0.2911651809723821, 0.030232648218425993, 0.06177935897273956, 0.08166621933667519, 0.18342279632746847, 0.11524841608229434, 0.09716761129431913, 0.22156789739978539, 0.12732433848913471, 0.06281613664758694, 0.13383108796621443, 0.061933511191273084, 0.1563191461561224, 0.09540521611302231, 0.031036166420030997, 0.251182616013111, 0.06257915231913316, 0.05736228389049956, 0.04988411856049176, 0.26157164718065323, 0.24151059499865532, 0.10292519735881676, 0.01564495010753709, 0.07581529819515223, 0.12507703897768685, 0.11326753481432009, 0.1181150912379275, 0.06382442681061175, 0.12718380163314166, 0.11824986285773244, 0.06356473785244962, 0.14160255004703676, 0.21414487604882834, 0.07319543905461905, 0.37950750581306425, 0.11567943894602016, 0.06963124373672486, 0.216887222172364, 0.05642698607640903, 0.04339138833533324, 0.5546008668818171, 0.44518402045236505, 0.06505234419694549, 0.13828204951950812, 0.3660727611807514, 0.08144614480343469, 0.09200321518935864, 0.09309996395586724, 0.1091125718682909, 0.05630247046395328, 0.07059172710704682, 0.2143141229678834, 0.15916788366793017, 0.06572820297801792, 0.09715411258149621, 0.11413130209894265, 0.04737068696192788, 0.07147708014312648, 0.08275611729341684, 0.06960248563449839, 0.08380004655426308, 0.11864482052102783, 0.07875196427658175, 0.07966016341513422, 0.12409937883301922, 0.09674711097675409, 0.0919536360580556, 0.06322648960982698, 0.06406694156263307, 0.10102216833733237, 0.07224991313347488, 0.18268827263655454, 0.13356270285617755, 0.11817757495303834, 0.10197621941953233, 0.1431169965442652, 0.09814946071101036, 0.08680589141308738, 0.12888857059658534, 0.43075513045428787, 0.2552838845327818, 0.05150404233604161, 0.9906916323812696, 0.09574255788565436, 0.3842443326787063, 0.046823308175738806, 0.17239197447450813, 0.059892144735230045, 0.052101344462548986, 0.0904573874983079, 0.08741783617461832, 0.04476925328180226, 0.10213363693212683, 0.06786369470381534, 0.07342703558735979, 0.09943338697144762, 0.0644623205217683, 0.18580165622350664, 0.4201334828444387, 0.15359722862663625, 0.10239560778824643, 0.0728198146142227, 0.17264338951311456, 0.1327531139685877, 0.15792740338972555, 0.10675429640458829, 0.10240418014334164, 0.16318089926967966, 0.5870685789044644, 0.10669502477811062, 0.17838169327013786, 0.18036151798855676, 0.12739623421876173, 0.58353394836604, 0.19769251208430866, 0.13710967254569556, 0.15299813587128216, 0.5193268275500487, 0.9111605346820414, 0.7619493396805789, 0.9424578246996554, 0.8766343740117019, 0.9772926193683338, 0.734661963075021, 0.9758690457443933, 0.9433688783041475, 0.9757142778614367, 0.9019457963626143, 0.9771596449385714, 0.5896679607053215, 0.9943571480761685, 0.8660859504264236, 0.8920569014659855, 0.8641468257875656, 0.8366314514275135, 0.9833327467068229, 0.984372792219253, 0.6165595259955133, 0.912304918558047, 0.3797422432101431, 0.9888552148349259, 0.6241681473702424, 0.9470474662179241, 0.9676987423500886, 0.9793666826191869, 0.991346868304342, 0.9985331535258238, 0.9921788285248891, 0.9824798777408684, 0.9815074196221546, 0.8239028164289461, 0.9881448610069445, 0.9836275083950115, 0.7388095923437585, 0.9496719813334509, 0.8205068310859636, 0.9918112593308879, 0.9123519098673616, 0.9309450868154475, 0.5688695993493721, 0.9797601425997094, 0.9435579671607984, 0.9179261437059719, 0.6596788350280485, 0.9300334862423479, 0.9539835372597856, 0.992506856197949, 0.9738390534569197, 0.8700531705980611, 0.9781230246462591, 0.9661215623267786, 0.883805966113319, 0.2162384670612281, 0.3726819933113686, 0.999357990757283, 0.9786288409275171, 0.9968234196650299, 0.9842056540116344, 0.5426034184803825, 0.8835802349291082, 0.900844389982925, 0.9976614401826733, 0.990249084692216, 0.8026498946884256, 0.962762837626402, 0.5383688732741923, 0.9801450233728607, 0.9955646820325063, 0.8672809409252604, 0.20962906818842533, 0.7823059034846647, 0.9620501981949053, 0.9005712298415028, 0.9936945733257377, 0.9947598265268555, 0.9799944840205795, 0.9645576750922313, 0.9900421227365873, 0.7633584752754234, 0.7502431564407335, 0.9951023966743705, 0.9830164143375318, 0.9894436944946845, 0.95270916282583, 0.9898822564608604, 0.9838073871777817, 0.9865197339153816, 0.8570180629353761, 0.9828750683941149, 0.9310666981055579, 0.9873441809871933, 0.9590955983594894, 0.8426799081039741, 0.9932623373632492, 0.9030892418841067, 0.9597471292659782, 0.9505940856466412, 0.9488166663443535, 0.891600140768151, 0.889411936203371, 0.9253263484488896, 0.8887235662761442, 0.7741751297056052, 0.9503820182178591, 0.9712929966738638, 0.6935581083234309, 0.9091271721356987, 0.28795101518238775, 0.7357659562674363, 0.830199595851678, 0.9892841137826418, 0.892025008040497, 0.9417074476624656, 0.9889294400068602, 0.9309283276180713, 0.2818858650218965, 0.5522158644367171, 