{"metrics": {"test": {"fp": [4], "f1_score": [0.9615384615384615], "risk": [0.07272727272727272], "recall": [1.0], "sensitivity": [1.0], "precision": [0.9259259259259259], "tp": [50], "tn": [1], "specificity": [0.2], "fn": [0]}, "train": {"fp": [1], "f1_score": [0.9949748743718593], "risk": [0.009009009009009009], "recall": [0.9949748743718593], "sensitivity": [0.9949748743718593], "precision": [0.9949748743718593], "tp": [198], "tn": [22], "specificity": [0.9565217391304348], "fn": [1]}}, "model": {"n_features": 14381774}, "data": {"path": "/scratch/adrouin/data/patric/single_species_datasets/ceftazidime___-3225223558739261696/dataset.kover", "split": "train_0.800_seed_6_10_folds", "uuid": "9991fcb4-095d-11e8-81b5-001b2193b764"}, "predictions": {"binary": [0, 1, 0, 0, 0, 0, 0, 0, 0, 0, 1, 0, 0, 0, 0, 1, 0, 0, 0, 0, 0, 0, 0, 0, 0, 0, 1, 1, 1, 1, 1, 1, 1, 1, 1, 1, 1, 1, 1, 1, 1, 1, 1, 1, 1, 1, 1, 1, 1, 1, 1, 1, 1, 1, 1, 1, 1, 1, 1, 1, 1, 1, 1, 1, 1, 1, 1, 1, 1, 1, 1, 1, 1, 1, 1, 1, 1, 1, 1, 1, 1, 1, 1, 1, 1, 1, 1, 1, 1, 1, 1, 1, 1, 1, 1, 1, 1, 1, 1, 1, 1, 1, 1, 1, 1, 1, 1, 1, 1, 1, 1, 1, 1, 1, 1, 1, 1, 1, 1, 1, 1, 1, 1, 1, 1, 1, 1, 1, 1, 1, 1, 1, 1, 1, 1, 1, 1, 1, 1, 1, 1, 1, 1, 1, 1, 1, 1, 1, 1, 1, 1, 1, 1, 1, 1, 1, 1, 1, 1, 1, 1, 1, 1, 1, 1, 1, 1, 1, 1, 1, 1, 1, 1, 1, 1, 1, 1, 1, 1, 1, 1, 1, 1, 1, 1, 1, 1, 1, 1, 1, 1, 1, 1, 1, 1, 1, 1, 1, 1, 1, 1, 1, 1, 1, 1, 1, 1, 1, 1, 1, 1, 1, 1, 1, 1, 0, 1, 1, 1, 1, 1, 1, 1, 1, 1, 1, 1, 1, 1, 1, 1, 1, 1, 1, 1, 1, 1, 1, 1, 1, 1, 1, 1, 1, 1, 1, 1, 1, 1, 1, 1, 1, 1, 1, 1, 1, 1, 1, 1, 1, 1, 1, 1, 1, 1, 1, 1, 1, 1, 1, 1, 1, 1, 1, 1, 1, 1], "proba": [0.0732134570478025, 0.9677199577935508, 0.07326372341914848, 0.07326295585352699, 0.07326581404155347, 0.07326521763307757, 0.07326631483292356, 0.07326284241065577, 0.07323078057479294, 0.07218806300364025, 0.9826715545306297, 0.07327847016580658, 0.07319857183350104, 0.07322984252108185, 0.07313613390925854, 0.9844510894909513, 0.07224332116765186, 0.07329089788964845, 0.0731892337326411, 0.0732672789613516, 0.0732806317164578, 0.07318475471849277, 0.07326810872231738, 0.07326585066149868, 0.4120293451248333, 0.0732590398533507, 0.9274323748107373, 0.9748083776512665, 0.9826203316276128, 0.9865097196143049, 0.9814507008412048, 0.9827056327322936, 0.9827562329640449, 0.9863752853997839, 0.9819236816711309, 0.9858026386446189, 0.9860112479182941, 0.9823684394569765, 0.9842858317845825, 0.9850648128674736, 0.9827114199376455, 0.986069017787962, 0.9814545318078224, 0.987834033057226, 0.9852786523335988, 0.9847277330422773, 0.9871236112525159, 0.9834391759836676, 0.9859934527358407, 0.9838781686682079, 0.9839551906954311, 0.9841272508944354, 0.9840290763456665, 0.9861658308018989, 0.984811048918893, 0.981460744988099, 0.9814400527304975, 0.9850055931790934, 0.9814470185912788, 0.9856811699402322, 0.9859992386178137, 0.984943803470311, 0.9863752436135969, 0.9864487328752015, 0.9863650960406878, 0.9856383539809086, 0.969741996248474, 0.9841412618293475, 0.9843821036124113, 0.9845927779368454, 0.9825565652633936, 0.9814519097047762, 0.9826487673036265, 0.983830666581109, 0.9859422191387137, 0.9839984513082166, 0.9840027024662875, 0.986103803107692, 0.9838768499249422, 0.9847790567217721, 0.9873619546981592, 0.9814593821874228, 0.986416914099717, 0.9814250713105304, 0.9855769981972433, 0.9851460544632098, 0.9846646210160095, 0.9859627549662775, 0.9839598520972286, 0.9861014165521392, 0.9831268433598527, 0.9889750982258367, 0.9848467708553579, 0.984757678365781, 0.981426922174352, 0.9820334995635936, 0.9861256867776633, 0.9845086656709742, 0.986863558725543, 0.986952241545221, 0.9864777063458584, 0.9850804085582527, 0.986037860832353, 0.9854720333007286, 0.9830228006839599, 0.9827370973399119, 0.9838739527079352, 0.9860863420130039, 0.9845458709272837, 0.9814312518826717, 0.9839628199925661, 0.9814471491958753, 0.9865053408785098, 0.9860818093850116, 0.9870279118993499, 0.9861277927062806, 0.9869403639425658, 0.9833861054099922, 0.9835384015324963, 0.9835162680010952, 0.9839442712973319, 0.9814317645188044, 0.9860283281878574, 0.9885480096189428, 0.9854805476201924, 0.9858319686219434, 0.9839777625577634, 0.9867345271033694, 0.9833746779652455, 0.9890742276952997, 0.9837755822877199, 0.9840003858258383, 0.9872304318876954, 0.9839144183493205, 0.9859576391781414, 0.985081919574894, 0.982819188103597, 0.9816792711386381, 0.9829775983930074, 0.9864902955702156, 0.9865654401857961, 0.9877458665706205, 0.9874300021651552, 0.986046115862402, 0.985092106885101, 0.9839606253371266, 0.9887986674502136, 0.9885927439016833, 0.9886151103633821, 0.9849315630362199, 0.9892530627825847, 0.9846249318941835, 0.9859016775044249, 0.9885591537906889, 0.9883950342592861, 0.9832004836335605, 0.9814536084071629, 0.9873122954372071, 0.9818377450984382, 0.9847658857170073, 0.9814336727930966, 0.9843607341263853, 0.988720226876887, 0.9883178998161571, 0.981461412559349, 0.9834856777768379, 0.9882008971231384, 0.9822487407313204, 0.9814471815586739, 0.9854841419749614, 0.9814466584342455, 0.9844529747754117, 0.9885624132791847, 0.9814241623982702, 0.9852907890347985, 0.9861251559571813, 0.9807886637630505, 0.9814411913528742, 0.9849769226144166, 0.9821484170929135, 0.981441175564169, 0.9844501711376034, 0.9814493226120615, 0.9814349060824847, 0.9890966086854448, 0.9849612174669952, 0.9848259732862675, 0.9839960995775008, 0.9814509709016199, 0.9814495322569131, 0.9848505629963251, 0.9853634839350925, 0.983481031186542, 0.9865209997941223, 0.9890050017485523, 0.9832596548321452, 0.9878894431317439, 0.9858940042528362, 0.9867822238974089, 0.9852288405403764, 0.9847087355218282, 0.9846200564490077, 0.9853472675919701, 0.9887477162346734, 0.9869142723225044, 0.9870497251374118, 0.9892033347682275, 0.9865189142668069, 0.9868105024845403, 0.9846428257063697, 0.9832935476110845, 0.9845852357180619, 0.9851423637646944, 0.9862339585359169, 0.9814485433041585, 0.22196977506745064, 0.9834764245099061, 0.9887757547158454, 0.9836228658875092, 0.9836826594558611, 0.9865622326327654, 0.9864298447377797, 0.9864651120358456, 0.984420072266388, 0.9868812206780244, 0.9837819913510386, 0.9834733368331086, 0.9814493070018581, 0.9814521235093737, 0.9870659831252191, 0.986964682330041, 0.986531151078729, 0.9844591941445101, 0.9849563035872506, 0.9814279345353404, 0.9847210809657793, 0.9845619415233151, 0.9835884301805539, 0.9836212415012272, 0.9814404247695713, 0.9899251545143085, 0.9897549148700321, 0.9856775052456888, 0.9864873793927594, 0.9853492971479602, 0.9861610825518782, 0.9845435509003146, 0.9814456518865264, 0.9847780501151546, 0.9885597466915461, 0.9864324215739863, 0.9903010568516021, 0.9787859509930696, 0.9857764229219363, 0.9857912466014611, 0.9852229879012055, 0.9833092430758293, 0.9814500902225558, 0.9814434068480385, 0.9822510150373714, 0.9868393479756175, 0.9821230763746859, 0.98361532271049, 0.9824415069367871, 0.8833461675063894, 0.9834558216684703, 0.9835483780234319, 0.9817781876517302, 0.9857504714351109, 0.9834463104099495, 0.9868775895713512, 0.9887385503725996, 0.9889251827595968, 0.9867937209945293, 0.9867578621397775, 0.9835733206695125, 0.9849121725835746]}, "cv": {"hps": {"normalize_kernel": true, "degree": 1.0, "regularizer": 10.0}, "score": 0.022727272727272717}}