{"metrics": {"test": {"fp": [3], "f1_score": [0.9176470588235294], "risk": [0.14893617021276595], "recall": [0.9069767441860465], "sensitivity": [0.9069767441860465], "precision": [0.9285714285714286], "tp": [39], "tn": [1], "specificity": [0.25], "fn": [4]}, "train": {"fp": [0], "f1_score": [0.9873417721518987], "risk": [0.021164021164021163], "recall": [0.975], "sensitivity": [0.975], "precision": [1.0], "tp": [156], "tn": [29], "specificity": [1.0], "fn": [4]}}, "model": {"n_features": 13409599}, "data": {"path": "/scratch/adrouin/data/patric/single_species_datasets/meropenem___-3225223558739261696/dataset.kover", "split": "train_0.800_seed_4_10_folds", "uuid": "b4dffeb4-0578-11e8-9929-001b2193b764"}, "predictions": {"binary": [1, 0, 0, 0, 0, 0, 0, 0, 0, 0, 0, 0, 0, 0, 0, 0, 0, 0, 0, 0, 0, 1, 0, 0, 0, 0, 0, 0, 0, 0, 1, 0, 0, 1, 1, 1, 1, 1, 1, 1, 1, 1, 1, 1, 1, 1, 1, 1, 1, 1, 1, 1, 1, 1, 1, 1, 0, 0, 1, 1, 1, 1, 1, 1, 1, 1, 1, 1, 1, 1, 1, 1, 1, 1, 1, 1, 1, 1, 1, 1, 1, 1, 1, 1, 1, 1, 1, 1, 1, 1, 1, 1, 1, 0, 1, 1, 1, 1, 1, 1, 1, 1, 1, 1, 1, 1, 1, 1, 1, 1, 1, 1, 1, 1, 1, 1, 1, 1, 1, 1, 1, 1, 0, 1, 1, 1, 1, 1, 1, 1, 1, 1, 1, 1, 1, 1, 1, 1, 1, 1, 1, 1, 1, 1, 1, 1, 1, 1, 1, 0, 1, 1, 1, 1, 1, 1, 1, 1, 1, 1, 1, 1, 1, 1, 1, 1, 1, 1, 1, 1, 1, 1, 1, 1, 1, 1, 1, 1, 1, 1, 1, 1, 1, 1, 1, 1, 1, 1, 1, 1, 1, 1, 1, 1, 1, 1, 1, 1, 1, 1, 1, 1, 1, 1, 1, 1, 1, 1, 1, 1, 1, 1, 1, 1, 1, 1, 1, 0, 0, 1, 1, 1, 1, 1, 1, 1, 1, 1, 1, 1, 1, 0, 1, 1, 1, 1], "proba": [0.9625494475079903, 0.06152499239352318, 0.13375521219938094, 0.20723935412819908, 0.17140122326030824, 0.13375128630471028, 0.14847642952432025, 0.13374854281856075, 0.13374983846082564, 0.13374928476344275, 0.16423463934874666, 0.13377810860616554, 0.1337729226708282, 0.059597661159341245, 0.06120743639130133, 0.1336791551326001, 0.11592648386756217, 0.12898349051495817, 0.13377337843294923, 0.13375924250252133, 0.13378019188422724, 0.7527434609259821, 0.1336851677836919, 0.13375041197359439, 0.13378255174167442, 0.13371270626860404, 0.13370051440112846, 0.2950820174213585, 0.11291273458734821, 0.11356996962130735, 0.924200440550931, 0.13365410803551528, 0.3623061416617696, 0.9641984493265395, 0.9999912112244702, 0.9917994356574631, 0.977376296029147, 0.9690678073938341, 0.7287308354728461, 0.9958783013608653, 0.957444743051058, 0.9574573249929006, 0.9999920592244088, 0.9874821384926677, 0.99998771890462, 0.9809800477127171, 0.9970020731011202, 0.9574718142874942, 0.9864291643987677, 0.9879416906284745, 0.9930835337500623, 0.9574455495042503, 0.9935866662408303, 0.9946932998604741, 0.9999894791503501, 0.9446110330367852, 0.18474608563876446, 0.41698813707069116, 0.946452545747385, 0.9619827476096136, 0.9627817292453807, 0.9839929718360577, 0.9574863534778456, 0.996994756421547, 0.9959012241326423, 0.9717348869321439, 0.9999924995278706, 0.9999952689208846, 0.9694010910496129, 0.9999893290097984, 0.9999938471119137, 0.9840407232934518, 0.9958781579717707, 0.9574282053818841, 0.9846518673444017, 0.9574600724621635, 0.986761547149424, 0.9999856751088053, 0.9832897525059695, 0.9574407532057474, 0.9574579133192805, 0.9574059871806772, 0.9895341390915292, 0.9668048062063896, 0.9803263670166311, 0.9808162929261421, 0.981169190580226, 0.9786881020666182, 0.9808935885187937, 0.9733805516087114, 0.9762623650136149, 0.9735883281948413, 0.9772817238453032, 0.22267487434862485, 0.9923310867983712, 0.991650071705902, 0.9574377368365176, 0.9684953973908011, 0.9581527564926146, 0.9715842715031451, 0.9574534158674304, 0.9574510668763533, 0.9633624764596013, 0.9640002723225052, 0.9645986302940978, 0.9799915694474115, 0.9811903985348561, 0.981340727895417, 0.979345719978742, 0.9563385027927322, 0.9579927288738597, 0.95746468667928, 0.9999958568879402, 0.9837272347513557, 0.9652035463390222, 0.9631247295740781, 0.9633547754816801, 0.96455756134874, 0.9635486944374461, 0.9604188221314172, 0.9675176843670893, 0.9574334067043622, 0.33495079790500804, 0.9631728820315708, 0.9999944173867676, 0.9803516002015318, 0.9999969567164373, 0.957444288924014, 0.9702399611590071, 0.9747461396462589, 0.9583882723591753, 0.9589389198882615, 0.9574547024777912, 0.999997543853981, 0.9873472039357667, 0.9574736288942135, 0.9598294347242523, 0.9295215535762406, 0.9678295440137799, 0.957448952888943, 0.9999974368293489, 0.9731469661622685, 0.9999937176538756, 0.993599836589101, 0.9907796772720412, 0.9921435320848694, 0.9897887623699376, 0.9690874604593911, 0.9574351029110402, 0.11434914390956817, 0.9999944672166691, 0.9668464352881323, 0.9597873945421931, 0.9686873493862047, 0.9785576708543212, 0.9999959878423126, 0.9954824164290356, 0.9960698477758742, 0.996162279355158, 0.999996412310908, 0.7650466052709632, 0.9887946442653988, 0.9877567357489488, 0.9574694964143892, 0.9999950955642377, 0.957487164603762, 0.9540657153234363, 0.9999957044430936, 0.9605212217453286, 0.9587842256257052, 0.9538313943803829, 0.9999951068733509, 0.9999974849428028, 0.9918969288429366, 0.9815850421021598, 0.9801508273154631, 0.9904679498519432, 0.9907512725874036, 0.9749049890213954, 0.958838523935321, 0.9621767094996413, 0.9999933562269526, 0.9574337417057797, 0.7191725020962036, 0.9707612266847673, 0.9999945774402087, 0.9846395901043363, 0.9778573604943829, 0.9574235104195458, 0.964866176856031, 0.9777454577323897, 0.9999966526678649, 0.9999973862638968, 0.9574733678544394, 0.9561351108302025, 0.9692267042851861, 0.9999959517188659, 0.9813865250430308, 0.9733832984747034, 0.9614450445083694, 0.9695455936089701, 0.9886522843527553, 0.9936343734779128, 0.9898486691847977, 0.9914737715124821, 0.9901528368839895, 0.9898052871964853, 0.9774116655273156, 0.9616185621103125, 0.9863236428451673, 0.9707231405406401, 0.9616702225197594, 0.9574093378212482, 0.974220174138818, 0.9999994817128584, 0.9999994786972869, 0.9759286029885558, 0.14117146584806087, 0.13927076393001453, 0.9574629124658458, 0.9575701613866224, 0.9999943819257631, 0.9574281844737446, 0.9841598980830635, 0.9778900506498329, 0.9574541520672759, 0.9583777591060295, 0.9574486431817858, 0.9676733879788526, 0.984505846895922, 0.9924329490008532, 0.20250250033824838, 0.9776805160822591, 0.9539075998206554, 0.9687940687854073, 0.9592556050428233]}, "cv": {"hps": {"normalize_kernel": false, "degree": 1.0, "regularizer": 1e-05}, "score": 0.03684210526315791}}