{"metrics": {"test": {"fp": [12], "f1_score": [0.8435374149659863], "risk": [0.18548387096774194], "recall": [0.8493150684931506], "sensitivity": [0.8493150684931506], "precision": [0.8378378378378378], "tp": [62], "tn": [39], "specificity": [0.7647058823529411], "fn": [11]}, "train": {"fp": [38], "f1_score": [0.8869257950530035], "risk": [0.128], "recall": [0.9061371841155235], "sensitivity": [0.9061371841155235], "precision": [0.8685121107266436], "tp": [251], "tn": [185], "specificity": [0.8295964125560538], "fn": [26]}}, "model": {"n_features": 9575344}, "data": {"path": "/scratch/adrouin/patric_data/single_species_datasets/clindamycin___6654735289702248879/dataset.kover", "split": "train_0.800_seed_4_10_folds", "uuid": "0de5b0d0-080d-11e8-831c-001b2193b764"}, "predictions": {"binary": [1, 0, 0, 0, 0, 1, 1, 0, 0, 0, 0, 0, 0, 0, 0, 0, 0, 0, 0, 0, 0, 0, 0, 0, 0, 0, 0, 0, 0, 0, 0, 0, 0, 0, 0, 0, 0, 0, 1, 0, 0, 0, 0, 1, 1, 0, 0, 0, 0, 0, 0, 0, 0, 0, 0, 0, 0, 0, 0, 0, 0, 0, 0, 0, 0, 0, 0, 0, 0, 0, 0, 1, 1, 1, 1, 1, 1, 1, 1, 1, 0, 0, 1, 0, 1, 0, 0, 0, 0, 1, 0, 0, 0, 0, 0, 0, 1, 0, 1, 0, 0, 1, 1, 1, 0, 0, 0, 0, 1, 0, 0, 0, 0, 0, 0, 0, 0, 0, 0, 1, 0, 1, 0, 0, 0, 0, 1, 0, 1, 0, 1, 0, 0, 1, 1, 0, 0, 0, 0, 0, 1, 0, 0, 0, 0, 0, 0, 0, 0, 0, 0, 0, 0, 0, 0, 0, 0, 0, 0, 0, 0, 0, 0, 0, 0, 0, 0, 0, 1, 0, 0, 0, 1, 0, 0, 0, 0, 1, 0, 0, 0, 0, 0, 0, 0, 0, 0, 0, 0, 0, 0, 0, 0, 0, 0, 0, 0, 0, 1, 0, 0, 0, 0, 0, 0, 0, 0, 0, 0, 1, 0, 1, 0, 1, 1, 0, 0, 0, 0, 0, 0, 0, 0, 0, 0, 0, 0, 0, 0, 0, 0, 0, 0, 0, 0, 0, 0, 0, 0, 0, 1, 0, 0, 1, 1, 0, 0, 1, 0, 0, 1, 1, 0, 0, 0, 0, 0, 0, 0, 0, 1, 0, 0, 1, 0, 0, 1, 1, 0, 0, 0, 0, 0, 0, 1, 1, 0, 1, 1, 1, 1, 1, 1, 1, 1, 1, 0, 1, 0, 0, 1, 1, 1, 1, 1, 1, 1, 0, 1, 1, 1, 1, 1, 1, 1, 1, 1, 1, 1, 1, 1, 1, 1, 1, 1, 1, 1, 1, 1, 1, 1, 1, 1, 1, 1, 1, 1, 1, 1, 0, 1, 1, 1, 1, 1, 1, 1, 1, 1, 1, 1, 0, 1, 1, 0, 1, 1, 1, 1, 1, 1, 1, 1, 1, 1, 1, 0, 0, 1, 1, 1, 0, 1, 1, 1, 0, 0, 0, 1, 1, 1, 1, 1, 1, 1, 1, 1, 1, 1, 1, 1, 1, 1, 1, 1, 1, 1, 0, 1, 1, 1, 0, 1, 1, 1, 1, 1, 1, 1, 1, 1, 1, 1, 1, 1, 1, 1, 1, 1, 1, 1, 1, 0, 1, 1, 1, 1, 1, 1, 1, 1, 1, 1, 1, 1, 1, 1, 1, 1, 1, 1, 1, 1, 1, 1, 1, 1, 1, 1, 1, 1, 1, 1, 1, 1, 1, 1, 0, 1, 1, 1, 1, 0, 1, 1, 1, 1, 1, 1, 1, 1, 1, 1, 1, 1, 1, 1, 1, 1, 1, 1, 1, 1, 1, 1, 1, 1, 1, 1, 1, 0, 1, 0, 1, 0, 1, 1, 1, 1, 1, 1, 1, 1, 1, 1, 1, 1, 1, 0, 1, 1, 0, 1, 1, 1, 1, 1, 1, 1, 1, 0, 1, 1, 1, 1, 1, 0, 1, 1, 0, 1, 1, 0, 1, 1, 1, 1, 1, 1, 1, 1, 1, 1, 0, 0, 1, 1, 1, 1, 1, 1, 1, 1, 1, 1, 1, 1, 1, 1, 1, 1, 1, 1, 1, 1, 1, 1, 1, 1, 1, 1, 1, 1, 1, 1, 1, 1, 1, 1, 1, 1, 1, 1, 1, 1, 1, 1, 1, 1, 1, 1, 1, 1, 1, 1, 1, 1, 1, 1, 1, 1, 1, 1, 1, 0, 1, 1, 1, 1, 1, 1, 1, 1, 1, 1, 1, 1, 1, 1, 1, 1, 1, 0, 1, 1, 0, 0, 0, 1, 1, 1, 1, 0, 0], "proba": [0.46165176579171485, 0.5840101292027736, 0.5032437919486427, 0.5033488035438126, 0.6282111401462639, 0.4982534469018674, 0.4765942183678652, 0.5333370169447923, 0.6085241921728208, 0.5024862382377535, 0.6359851384852871, 0.6359197423433487, 0.6360076127140681, 0.5931117543810752, 0.5605933928274546, 0.5808648590043314, 0.5604098592408654, 0.5954742039368744, 0.5992201732371849, 0.5498806738947318, 0.6084919111073228, 0.6062986758197525, 0.5334050937738759, 0.6343766400209695, 0.5590982044868139, 0.5570924320872885, 0.5614266549790871, 0.6084650347336301, 0.6077067722151864, 0.5627271113300344, 0.6367869955295796, 0.5605277569809459, 0.6198513774300605, 0.6215073577354459, 0.5761948635308692, 0.5992094597578564, 0.5578790647338145, 0.5879043293942487, 0.4146383357649802, 0.5600848786873567, 0.559031411922991, 0.5599122881157895, 0.5419860622897393, 0.4573372770472659, 0.45834622116886536, 0.5922165517469896, 0.559825713457056, 0.5554685365187185, 0.5602737256856017, 0.5554634216113149, 0.5964373734218806, 0.5602435021864334, 0.5985392214663262, 0.5571932478426043, 0.5846870406477671, 0.5333789122878368, 0.6367751986532522, 0.5567739456660631, 0.5822643222441808, 0.5567935401435034, 0.560275738333106, 0.5579482460597344, 0.5568593749859032, 0.5468298954022118]}}