{"metrics": {"test": {"fp": [4], "f1_score": [0.8205128205128205], "risk": [0.27450980392156865], "recall": [0.7619047619047619], "sensitivity": [0.7619047619047619], "precision": [0.8888888888888888], "tp": [32], "tn": [5], "specificity": [0.5555555555555556], "fn": [10]}, "train": {"fp": [24], "f1_score": [0.7999999999999999], "risk": [0.28780487804878047], "recall": [0.7712418300653595], "sensitivity": [0.7712418300653595], "precision": [0.8309859154929577], "tp": [118], "tn": [28], "specificity": [0.5384615384615384], "fn": [35]}}, "model": {"n_features": 14599054}, "data": {"path": "/scratch/adrouin/patric_data/single_species_datasets/amikacin___-3225223558739261696/dataset.kover", "split": "train_0.800_seed_5_10_folds", "uuid": "99a32c1e-095d-11e8-9258-001b2193b764"}, "predictions": {"binary": [0, 0, 0, 0, 0, 1, 0, 1, 0, 0, 0, 0, 0, 0, 0, 1, 0, 0, 1, 0, 0, 0, 1, 1, 0, 0, 1, 0, 0, 0, 0, 1, 0, 1, 1, 1, 1, 1, 0, 1, 1, 1, 1, 0, 1, 1, 0, 1, 1, 1, 1, 1, 1, 0, 0, 1, 0, 1, 0, 1, 0, 1, 0, 0, 0, 0, 1, 1, 0, 0, 1, 1, 1, 1, 1, 1, 1, 1, 1, 0, 1, 1, 0, 0, 1, 1, 1, 1, 1, 1, 1, 1, 1, 0, 1, 1, 1, 1, 0, 1, 1, 0, 1, 1, 1, 0, 0, 1, 1, 1, 1, 1, 1, 1, 1, 1, 1, 1, 1, 1, 1, 1, 1, 1, 1, 1, 1, 1, 0, 0, 1, 1, 1, 1, 1, 1, 1, 1, 1, 1, 1, 0, 1, 1, 1, 1, 1, 1, 1, 1, 1, 1, 1, 1, 1, 1, 1, 1, 1, 0, 0, 0, 0, 0, 0, 0, 0, 1, 0, 1, 1, 1, 1, 1, 1, 1, 1, 1, 1, 0, 1, 1, 1, 0, 0, 0, 1, 0, 0, 0, 0, 1, 1, 1, 1, 1, 1, 1, 1, 1, 1, 1, 0, 1, 0, 1, 1, 0, 0, 0, 1, 1, 1, 1, 1, 1, 0, 1, 1, 1, 1, 1, 1, 1, 1, 1, 1, 1, 0, 0, 1, 1, 1, 1, 1, 1, 0, 1, 1, 1, 1, 1, 1, 0, 1, 1, 1, 1, 1, 1, 1, 1, 1, 1, 0, 1], "proba": [0.5947483282731696, 0.5889937457162616, 0.5854997546498215, 0.5559736286092031, 0.5948520223866309, 0.37842862712788783, 0.5762990922767721, 0.36775393979221516, 0.54340541219227, 0.5879976532715284, 0.594762961858535, 0.5947628563458724, 0.6149071503446946, 0.5822757495878597, 0.5461506648403376, 0.37930227093398533, 0.6102587341301428, 0.5791334222071357, 0.36051638482395487, 0.6103339353711624, 0.6144835455333314, 0.5611180466312076, 0.36486510839909475, 0.36477997463002154, 0.5859132920275792, 0.58694813102449, 0.37376503914470033, 0.5620254034530953, 0.5888851638298079, 0.584421069901851, 0.5436135290565961, 0.37829562810707545, 0.5853250701912418, 0.3928031935002248, 0.3783185421812174, 0.37944386328105656, 0.3794271906948745, 0.36350326909508773, 0.5734065175944131, 0.3929018202630673, 0.3792446849276217, 0.36458650758290945, 0.3626645296634874, 0.5900758020113412, 0.40672704639870777, 0.40329951996811425, 0.5721017462116471, 0.40522775724276255, 0.37963632612882564, 0.37835994748386315, 0.3568830874214524, 0.33701856981158856, 0.42505904419221036, 0.5445273121909897, 0.5508622848574916, 0.3878721232486976, 0.5285284698310294, 0.40467063434738787, 0.5730743140144593, 0.35953453167507, 0.5517503410291281, 0.35321530810931134, 0.51520090408512, 0.5149829175970027]}}