{"metrics": {"test": {"fp": [2], "f1_score": [0.7272727272727273], "risk": [0.2727272727272727], "recall": [0.631578947368421], "sensitivity": [0.631578947368421], "precision": [0.8571428571428571], "tp": [12], "tn": [12], "specificity": [0.8571428571428571], "fn": [7]}, "train": {"fp": [0], "f1_score": [1.0], "risk": [0.0], "recall": [1.0], "sensitivity": [1.0], "precision": [1.0], "tp": [65], "tn": [69], "specificity": [1.0], "fn": [0]}}, "model": {"n_features": 4626600}, "data": {"path": "/scratch/adrouin/data/patric/single_species_datasets/nicotinamide___260162261243005161/dataset.kover", "split": "train_0.800_seed_9_10_folds", "uuid": "2407f734-0767-11e8-a171-001b2193b764"}, "predictions": {"binary": [0, 0, 0, 0, 1, 0, 0, 0, 0, 0, 0, 0, 1, 0, 0, 0, 0, 0, 0, 0, 0, 0, 0, 0, 0, 0, 0, 0, 0, 0, 0, 0, 0, 0, 0, 0, 0, 0, 0, 0, 0, 0, 0, 0, 0, 0, 0, 0, 0, 0, 0, 0, 0, 0, 0, 0, 0, 0, 0, 0, 0, 0, 0, 0, 0, 0, 0, 0, 0, 0, 0, 0, 0, 0, 0, 0, 0, 0, 0, 0, 0, 0, 0, 1, 1, 1, 1, 1, 1, 1, 1, 1, 0, 1, 1, 1, 1, 1, 1, 0, 1, 1, 1, 1, 0, 1, 1, 1, 1, 1, 1, 1, 1, 1, 1, 1, 1, 1, 1, 1, 0, 1, 1, 1, 1, 1, 1, 1, 1, 1, 1, 1, 1, 1, 1, 1, 1, 1, 1, 1, 1, 1, 1, 1, 1, 1, 1, 1, 1, 1, 1, 1, 1, 1, 1, 1, 1, 1, 1, 0, 1, 1, 1, 0, 1, 1, 0], "proba": [0.1550902393034102, 0.15503774142294832, 0.1549494624132421, 0.155082410884733, 0.8454158302119444, 0.15511458138930598, 0.07168410708341522, 0.1551346124414058, 0.15492101445438416, 0.15510645253093433, 0.15497034139208707, 0.05138147502315908, 0.6473273787113991, 0.15502169939321228, 0.15508381659397663, 0.1550606975336259, 0.1550798112015069, 0.1549821341231578, 0.21567718374914208, 0.15230128587476557, 0.0912262164323381, 0.15507335100108974, 0.19621470500625227, 0.15511751920215805, 0.15504324113063267, 0.08242275882869168, 0.1550596335369698, 0.06831423200522745, 0.15506973793888607, 0.15504201244487736, 0.08390089039025109, 0.15515663617214573, 0.15503347710789012, 0.06674308170302026, 0.09635439369145246, 0.1550776257908936, 0.14281974937509126, 0.15511109005109353, 0.054046994220548095, 0.1325484272784218, 0.3989795637619024, 0.10870159938712283, 0.10027280261855488, 0.15504268099034285, 0.15497867350642383, 0.15502312718216676, 0.061651964297656923, 0.05996577298392266, 0.1550332620007491, 0.1796585579002689, 0.1550435136457455, 0.15515320339683672, 0.05192141485738793, 0.15505915388574956, 0.15506458540694848, 0.08474345793305021, 0.47468228160087683, 0.08899537548079396, 0.40875377061520923, 0.27450092684277405, 0.0971401742875698, 0.1550425158061134, 0.2017895482273335, 0.3091501296929485, 0.14436900278736092, 0.33767487002490254, 0.15502813799559864, 0.15383110098869412, 0.1419568844241305, 0.09704577927715269, 0.15508691830979882, 0.11934140281147133, 0.10363050019429583, 0.09052152365358081, 0.15504992090026523, 0.15506326487494096, 0.15507822449523992, 0.15513439182853342, 0.15510484714866604, 0.15502759568295066, 0.15507912660933668, 0.15496769982219188, 0.15506683080307196, 0.9279778965221194, 0.8672670001717111, 0.8672673196210022, 0.867230676398809, 0.9948370342976749, 0.8672343606716391, 0.8672902097616777, 0.867221028824161, 0.7540333385141024, 0.32091594123041634, 0.8673407791779258, 0.8672328062191584, 0.8672642459167433, 0.867240430927339, 0.867161458938666, 0.8736333846675792, 0.29716164349706686, 0.9319017356382973, 0.8673084686283424, 0.8864363288363534, 0.8673025236992111, 0.1709330022609868, 0.9352477161226888, 0.894980597909644, 0.9057657207515128, 0.867230955128118, 0.8672369758452086, 0.8672750373220475, 0.8847371754227169, 0.9310429556458248, 0.876479814536645, 0.8672662888473197, 0.8673139807711995, 0.8976677307743878, 0.905174109181152, 0.8672571066063544, 0.8791229450736003, 0.1324328681978212, 0.889789893552765, 0.8672813166937647, 0.867205507019047, 0.883514918701843, 0.865669916052698, 0.8935789791706285, 0.8672727418699726, 0.8858703182644, 0.8768395607133355, 0.8726534366993904, 0.8777958131687437, 0.910022754865357, 0.8673127020887844, 0.8672636519759832, 0.8837199678731572, 0.8673401595033164, 0.7817575246158227, 0.8672795716813607, 0.7913739634425241, 0.8716320246710472, 0.8672533047593186, 0.9221161393461093, 0.8672439126591465, 0.867263038682498, 0.8673423810091367, 0.8672775885556481, 0.9103393073616539, 0.8672652454801725, 0.8672385285264846, 0.9104939464809759, 0.8864103427477366, 0.8672918052164003, 0.8672655876953415, 0.8700405529130533, 0.9282952799220028, 0.8672762539842018, 0.5477506618092718, 0.8672722727424343, 0.5116285746737556, 0.9059220106417095, 0.8672599582581932, 0.8672588589522089, 0.47176669398753757, 0.8672080624162141, 0.8673247849051781, 0.16166041119066327]}, "cv": {"hps": {"normalize_kernel": true, "degree": 9.0, "regularizer": 1000.0}, "score": 0.24065934065934064}}