{"metrics": {"test": {"fp": [2], "f1_score": [0.9361702127659574], "risk": [0.06382978723404255], "recall": [0.9565217391304348], "sensitivity": [0.9565217391304348], "precision": [0.9166666666666666], "tp": [22], "tn": [22], "specificity": [0.9166666666666666], "fn": [1]}, "train": {"fp": [6], "f1_score": [0.9489795918367346], "risk": [0.05291005291005291], "recall": [0.9587628865979382], "sensitivity": [0.9587628865979382], "precision": [0.9393939393939394], "tp": [93], "tn": [86], "specificity": [0.9347826086956522], "fn": [4]}}, "model": {"n_features": 218}, "data": {"path": "/scratch/adrouin/patric_data/single_species_datasets/amoxicillin_clavulanic_acid___2202579077548954665/dataset.kover", "split": "train_0.800_seed_7_10_folds", "uuid": "b775749e-05da-11e8-8d40-001b2193b764"}, "predictions": {"binary": [0, 0, 0, 0, 0, 0, 1, 0, 1, 0, 0, 0, 0, 0, 0, 1, 0, 0, 0, 0, 0, 0, 0, 0, 0, 0, 0, 1, 0, 0, 0, 0, 0, 0, 0, 0, 0, 0, 0, 0, 0, 0, 0, 0, 0, 0, 0, 0, 0, 0, 0, 1, 0, 0, 0, 1, 0, 0, 0, 0, 0, 0, 0, 0, 0, 0, 0, 0, 0, 0, 0, 0, 0, 0, 0, 0, 0, 0, 0, 0, 0, 0, 0, 0, 0, 0, 0, 0, 0, 0, 0, 0, 0, 0, 0, 0, 0, 1, 0, 0, 0, 0, 0, 0, 1, 0, 0, 0, 0, 0, 0, 0, 0, 0, 0, 0, 1, 1, 1, 1, 0, 1, 1, 1, 1, 1, 1, 1, 1, 1, 0, 1, 1, 1, 1, 1, 1, 1, 1, 1, 1, 1, 1, 1, 1, 1, 1, 1, 1, 1, 1, 1, 1, 1, 1, 1, 1, 1, 1, 1, 1, 1, 1, 1, 1, 1, 1, 1, 1, 1, 1, 1, 1, 1, 1, 1, 1, 1, 1, 1, 1, 1, 1, 1, 1, 1, 1, 1, 1, 1, 1, 1, 1, 0, 1, 1, 1, 1, 1, 1, 1, 1, 1, 1, 1, 1, 0, 1, 1, 1, 1, 1, 1, 1, 1, 1, 1, 1, 1, 1, 1, 1, 1, 1, 0, 1, 1, 1, 1, 1, 1, 1, 1, 1, 1, 1, 0, 0, 0, 0, 0, 0, 0, 0, 0, 0, 0, 0, 0, 0, 0, 0, 0, 0, 0, 0], "proba": [0.1633445651948984, 0.14612956671988916, 0.15670871028659372, 0.16328075121466806, 0.4939003563421346, 0.11362804379679259, 0.7088444680096577, 0.14062221257203045, 0.654354625856407, 0.13318690319778173, 0.11181909299963352, 0.2068717342282482, 0.23484346314828516, 0.10602063471388128, 0.09725530983582341, 0.6801546735512558, 0.11049664513880994, 0.10058162396847314, 0.17320894187708005, 0.16025067277214058, 0.13076114243721448, 0.13134173624449075, 0.1272358871196848, 0.1211360481931107, 0.15356779482652885, 0.11523876211031907, 0.10383674908604194, 0.5838748257855694, 0.20046812666861216, 0.15434684548512176, 0.09633913005657589, 0.20048786398305024, 0.10671486810554057, 0.1406128147053476, 0.10249518964785916, 0.11122834844171722, 0.11773061493173134, 0.10651025314717434, 0.1406898579808078, 0.09633913005657589, 0.10371893931134991, 0.13073788401063335, 0.174557341169705, 0.24313091258078906, 0.1633445651948984, 0.15695987919271642, 0.09633913005657589, 0.11362586968467306, 0.10485162952318461, 0.4485456895373118, 0.10332607728299269, 0.6615613290788808, 0.244838811158285, 0.42698988874198474, 0.15434684548512176, 0.6345637865832001, 0.10079609009340691, 0.1891442134030581, 0.17859292626942733, 0.3056989725433801, 0.16334970328211654, 0.10602063471388128, 0.13207201535282423, 0.09633913005657589, 0.11332650428487835, 0.1001422204957343, 0.14081020887133602, 0.14169891301717588, 0.10388700761246426, 0.10406191409111092, 0.10371893931134991, 0.11196311664591699, 0.13556658914275388, 0.10321173971447717, 0.1252183189986987, 0.12288977048590326, 0.1201110349243689, 0.1900620465150387, 0.10079609009340691, 0.09633913005657589, 0.11382427379278762, 0.13515274633964897, 0.1275143660203949, 0.18947577350261363, 0.17181781310789382, 0.12449245873126977, 0.18345276146910217, 0.12207404885089544, 0.12976173884310696, 0.09725530983582341, 0.10602063471388128, 0.09720791157030069, 0.17400736603492425, 0.13789606780710006, 0.49084816553359845, 0.1972816946255184, 0.1967804659586007, 0.5957127756557175, 0.14329731868897164, 0.09231245442109973, 0.10602063471388128, 0.13122965243006704, 0.1001422204957343, 0.11775428100099262, 0.6346877796884051, 0.11763405148628514, 0.11189878543660844, 0.13484925852825894, 0.12420089460064697, 0.10470486452425008, 0.13249838764464017, 0.09571109555072582, 0.12516362940433426, 0.1179449619747174, 0.10940725523254363, 0.13049103493964034, 0.9284443299911044, 0.9404865438792935, 0.8292664480596298, 0.7488521155047079, 0.46406751922887735, 0.7932592834977065, 0.9546349036900567, 0.9080530357810204, 0.9241385671864246, 0.9654543361525232, 0.7592731716798664, 0.9029364950000521, 0.9098303027105158, 0.9550778444540581, 0.35594258928706907, 0.9546349036900567, 0.9546349036900567, 0.9439132655759382, 0.6790859059382709, 0.9320605532020311, 0.9478465529795992, 0.8857871032472417, 0.9495926281901603, 0.9495926281901603, 0.9495926281901603, 0.9319198500072616, 0.948462100337339, 0.9181988775921257, 0.9525504511593922, 0.9312000323308618, 0.9065923522095198, 0.9055607229137416, 0.9055607229137416, 0.8990995839620003, 0.9405882224674548, 0.9421951466055865, 0.9181988775921257, 0.9311272250568231, 0.9055607229137416, 0.9405882224674548, 0.9464452235888006, 0.957114578271478, 0.7710003775210367, 0.9080530357810204, 0.9312000323308618, 0.9312000323308618, 0.924891965099023, 0.9312000323308618, 0.9312000323308618, 0.9525504511593922, 0.9525504511593922, 0.8793955045720083, 0.8873029466682363, 0.8048011334179207, 0.9486618464764228, 0.9486618464764228, 0.9486618464764228, 0.9312000323308618, 0.9355921927836881, 0.9667471593558199, 0.679555328369411, 0.9505368957083863, 0.9640309717381893, 0.8958380262190941, 0.9214247362682297, 0.8958380262190941, 0.9343138438382863, 0.6322801859111479, 0.8744198046218967, 0.7365187273794426, 0.8601994165465475, 0.6462222591719671, 0.9341293490955042, 0.9428580094812185, 0.8291143169125412, 0.7119977449212167, 0.9341293490955042, 0.3091634761256002, 0.6069253439891518, 0.8851608881314976, 0.8990885010231698, 0.7303526221109071, 0.8624724213241234, 0.8293454980877074, 0.8293454980877074, 0.7307571844320483, 0.652193048794669, 0.8457499405224906, 0.88696300314884, 0.7989858850474508, 0.4594129164089463, 0.9495926281901603, 0.9320853665427705, 0.7684907814378839, 0.9484454985119767, 0.9271030721112609, 0.9098746578524445, 0.9258250999203709, 0.8723053595500317, 0.9280124166786964, 0.861404269550368, 0.861404269550368, 0.8958380262190941, 0.8956855910799325, 0.8956855910799325, 0.8089384158046748, 0.5838425141904127, 0.8687851509316703, 0.34650394572082605, 0.8267925113215312, 0.9280124166786964, 0.5871510249167127, 0.8958380262190941, 0.9505368957083863, 0.902463681293063, 0.7618437348608313, 0.7119977449212167, 0.8120666770794338, 0.9471121901763845, 0.9341293490955042, 0.5, 0.5, 0.5, 0.5, 0.5, 0.5, 0.5, 0.5, 0.5, 0.5, 0.5, 0.5, 0.5, 0.5, 0.5, 0.5, 0.5, 0.5, 0.5, 0.5]}}