{"metrics": {"test": {"fp": [2], "f1_score": [0.9], "risk": [0.10256410256410256], "recall": [0.8571428571428571], "sensitivity": [0.8571428571428571], "precision": [0.9473684210526315], "tp": [36], "tn": [34], "specificity": [0.9444444444444444], "fn": [6]}, "train": {"fp": [1], "f1_score": [0.9971014492753623], "risk": [0.0031847133757961785], "recall": [1.0], "sensitivity": [1.0], "precision": [0.9942196531791907], "tp": [172], "tn": [141], "specificity": [0.9929577464788732], "fn": [0]}}, "model": {"n_features": 4766702}, "data": {"path": "/scratch/adrouin/data/patric/single_species_datasets/azithromycin___672792900560953954/dataset.kover", "split": "train_0.800_seed_1_10_folds", "uuid": "27963fe0-0790-11e8-8774-001b2193b764"}, "predictions": {"binary": [0, 0, 0, 0, 0, 0, 0, 0, 0, 0, 0, 0, 0, 0, 0, 0, 0, 0, 0, 0, 0, 0, 0, 0, 0, 0, 0, 0, 0, 0, 0, 0, 0, 0, 0, 0, 0, 0, 0, 0, 0, 0, 0, 0, 0, 0, 0, 0, 0, 0, 0, 0, 0, 0, 0, 0, 0, 0, 0, 0, 0, 0, 0, 0, 0, 0, 0, 0, 0, 0, 0, 0, 0, 0, 0, 0, 0, 0, 0, 0, 0, 0, 0, 0, 0, 0, 0, 0, 0, 0, 0, 0, 0, 0, 0, 0, 0, 0, 0, 0, 0, 0, 0, 0, 0, 0, 0, 0, 0, 0, 0, 0, 0, 0, 0, 0, 0, 0, 0, 0, 0, 1, 0, 0, 0, 0, 0, 0, 0, 0, 0, 0, 0, 0, 0, 0, 0, 0, 0, 0, 0, 0, 0, 0, 1, 0, 0, 0, 0, 0, 0, 0, 0, 0, 0, 0, 0, 0, 0, 0, 0, 0, 0, 0, 0, 0, 0, 0, 0, 0, 0, 0, 0, 0, 1, 0, 0, 0, 1, 1, 1, 1, 1, 1, 1, 1, 1, 1, 1, 1, 1, 1, 1, 1, 1, 1, 1, 1, 1, 1, 1, 1, 1, 1, 1, 1, 1, 1, 1, 1, 1, 1, 1, 1, 1, 1, 1, 1, 1, 1, 1, 1, 1, 1, 1, 1, 1, 1, 1, 1, 1, 1, 1, 1, 1, 1, 1, 1, 1, 1, 1, 1, 1, 1, 1, 1, 1, 1, 1, 1, 1, 1, 0, 1, 1, 0, 1, 1, 1, 1, 1, 1, 1, 1, 1, 1, 1, 1, 1, 1, 1, 1, 1, 1, 1, 1, 1, 1, 1, 1, 1, 1, 1, 1, 1, 1, 1, 1, 1, 1, 1, 1, 1, 1, 1, 1, 1, 1, 1, 1, 1, 1, 1, 1, 1, 1, 1, 1, 0, 1, 1, 1, 1, 0, 1, 1, 1, 1, 1, 1, 1, 1, 1, 1, 1, 1, 1, 1, 1, 1, 1, 1, 1, 1, 1, 0, 1, 1, 1, 1, 1, 1, 1, 1, 1, 1, 1, 1, 1, 1, 1, 1, 1, 1, 1, 1, 1, 0, 1, 1, 1, 1, 1, 1, 1, 1, 1, 1, 1, 1, 1, 1, 1, 1, 1, 1, 1, 1, 1, 1, 1, 1, 1, 1, 1, 1, 1, 1, 1, 1, 1, 1], "proba": [0.05190987749108465, 0.09509812718492378, 0.05195010046486329, 0.05775374244004164, 0.01721403961390937, 0.051912268769288734, 0.051902394534041045, 0.05407620099031584, 0.04131871057661262, 0.051861651609329346, 0.04683857632435482, 0.01807033219319233, 0.020477145433874272, 0.05190268516923588, 0.05187310959650041, 0.11807330923833466, 0.0519033081982752, 0.0519260614942443, 0.0518723763267528, 0.05186672775502567, 0.05189741465693454, 0.051858656332019915, 0.028127507003161915, 0.051900423554594614, 0.051925506175492166, 0.10254780097682668, 0.11438212553492084, 0.03688842594326143, 0.025025047076731016, 0.03606874391407506, 0.03476017670052101, 0.05185835419200427, 0.05191180187565648, 0.05191989913121195, 0.05190650130788986, 0.05185227544925511, 0.05187068114954141, 0.15950564879348503, 0.026784097858427405, 0.029512762266533182, 0.018506215237433368, 0.05189230025396344, 0.0519040275692795, 0.1708008625146705, 0.037674606563541546, 0.014293705689453989, 0.051883902055481664, 0.051892474597715725, 0.05039720859285752, 0.12109822435580848, 0.2535863418305913, 0.051911587377507465, 0.051916354053741995, 0.051924236814116544, 0.022266555943888613, 0.18698268827102302, 0.051885754406954504, 0.029383586672946566, 0.05191885895837479, 0.051909532736679996, 0.05191343208285913, 0.0518881330829108, 0.05190878163275149, 0.035423757465745505, 0.06213984076826447, 0.05189846488046302, 0.05187350359492359, 0.042676653301271995, 0.19036633135200096, 0.016282649780929907, 0.051898096147404225, 0.21337973316998174, 0.013567052976632363, 0.05188800014625937, 0.04862921300977108, 0.03545648967316919, 0.031246244694869932, 0.05189479164654031, 0.05192617460513406, 0.026253337264891093, 0.038061403980707544, 0.04485014105299378, 0.01982963347707646, 0.03762817399836191, 0.05189840460806283, 0.05191262562976489, 0.14244423642448886, 0.02550482391450906, 0.027344811565990647, 0.05191334070498112, 0.05191417572845256, 0.02266846724534374, 0.016650241606281892, 0.044668174937456374, 0.019185262251814213, 0.016003220986035804, 0.02138929244833268, 0.014944243072607263, 0.016074242682872365, 0.009013029345558794, 0.0518992860895509, 0.051890806014279464, 0.05197324099754391, 0.05197423544965519, 0.3730243296184364, 0.05190639971737737, 0.05188109542277527, 0.05189902632755498, 0.05191191758286474, 0.17426633503805716, 0.051887177550378624, 0.05191925721953575, 0.051901351946299856, 0.05195286509916425, 0.05190418985373247, 0.1890505840995431, 0.051902529298308575, 0.05189250908197846, 0.05190996829557999, 0.05190519210899942, 0.0519185296886954, 0.6961828581535977, 0.05190734134834587, 0.045280878386869554, 0.014254469133300368, 0.051930310848542625, 0.01666437440860384, 0.051901813360380106, 0.039249903885656606, 0.42320993517906813, 0.014772070455664423, 0.051907607916133344, 0.05189696030591908, 0.019253165781173393, 0.05194679728181701, 0.05192082956980097, 0.068724561878606, 0.05195285931979834, 0.05191281036394495, 0.05190841753187261, 0.051929680882290385, 0.24842619569247218, 0.05189547072202765, 0.22067158576710186, 0.6094246538738154, 0.050741480859813455, 0.03862436701564056, 0.03417893867194825, 0.05190312789414736, 0.05187745308658101, 0.02647486605158923, 0.014434208465146998, 0.0519065718269766, 0.06698030985450203, 0.037332715996330396, 0.0384147865235824, 0.02037663958434897, 0.05191510466131323, 0.05190191187689569, 0.051931375376665485, 0.023068957636733983, 0.05190096992811051, 0.05191257750967722, 0.05190102042179018, 0.01806433319641678, 0.0413387895039804, 0.049662425004920956, 0.03256775311411415, 0.00719001237203991, 0.05189924524586633, 0.051904245032463533, 0.051935722590845494, 0.05190225941615744, 0.05186932857003781, 0.580285761894026, 0.05188406247633452, 0.044301707454360136, 0.05190599657763856, 0.90447203939866, 0.9473077721454224, 0.9547580717325417, 0.9723007152180645, 0.9490181954963343, 0.9473050625106617, 0.9569915553057036, 0.9515194302945624, 0.9666430717553546, 0.947323887154469, 0.9697809240609654, 0.9473144005959919, 0.9625793456331246, 0.9664990849856804, 0.97150811783337, 0.9473468294514392, 0.9473210967918329, 0.9620665408428349, 0.9491961206933858, 0.9472846453129959, 0.9522374906591208, 0.9473080177734067, 0.9814519231802672, 0.9682533206754729, 0.9694943214553535, 0.9763841853124072, 0.9472751508019028, 0.9472954379302398, 0.9473073398018327, 0.9757067773565502, 0.9685946245102948, 0.9741731258104255, 0.9747842560536825, 0.9680541103311351, 0.9737605867196277, 0.9585785745396254, 0.971315894287107, 0.9799070169422918, 0.969434602974944, 0.9512652497574411, 0.9473177494736105, 0.9473083916142593, 0.9703456560107937, 0.9472943376154268, 0.9584060996819489, 0.9864962831120232, 0.9799018592071268, 0.9737896346019546, 0.9742583212606629, 0.9522168584634754, 0.966648455298755, 0.9639417209295317, 0.9473125397623497, 0.9678712149200395, 0.9472707214517847, 0.947278982784394, 0.9533040219958226, 0.9503197958211236, 0.953319186179039, 0.9615365418724198, 0.9597245203120166, 0.9598251045084617, 0.9581925570755133, 0.9146790186383613, 0.9472856669704988, 0.9566065808961567, 0.9496508431893079, 0.9473057651381356, 0.9504248379360344, 0.9633121759724868, 0.9506475939618982, 0.9662572293778223, 0.9701079352158171, 0.9472926233327459, 0.419961929476974, 0.9652334198496744, 0.9282689825802137, 0.4140673422738455, 0.9472888669333571, 0.9472839116886208, 0.9699407538518892, 0.9656770336866254, 0.9621587524677849, 0.9693011881261278, 0.9615492960278836, 0.959808885296367, 0.6083278807473246, 0.9734755062052042, 0.8235482035877953, 0.8754010669226177, 0.947294372185503, 0.9513499967583233, 0.9473033601177879, 0.9472845251337692, 0.9472555292470294, 0.947327487521368, 0.9473106885666137, 0.9473666790872828, 0.8699529196688444, 0.9473008815732751, 0.9473183465574715, 0.9726507148596601, 0.977492875129876, 0.9711995747640393, 0.580791091610072, 0.9473591788719371, 0.9472773702825379, 0.9473271978782114, 0.9473032124143869, 0.9473071002688516, 0.5782732686341113, 0.9473102752643051, 0.9472623513673568, 0.9472703916749847, 