{"metrics": {"test": {"fp": [1], "f1_score": [0.8888888888888888], "risk": [0.09090909090909091], "recall": [0.8888888888888888], "sensitivity": [0.8888888888888888], "precision": [0.8888888888888888], "tp": [8], "tn": [12], "specificity": [0.9230769230769231], "fn": [1]}, "train": {"fp": [13], "f1_score": [0.7352941176470588], "risk": [0.1956521739130435], "recall": [0.8333333333333334], "sensitivity": [0.8333333333333334], "precision": [0.6578947368421053], "tp": [25], "tn": [49], "specificity": [0.7903225806451613], "fn": [5]}}, "model": {"n_features": 5195418}, "data": {"path": "/scratch/adrouin/patric_data/single_species_datasets/fusidic_acid___946434054234721145/dataset.kover", "split": "train_0.800_seed_9_10_folds", "uuid": "8b1fcb44-0867-11e8-8137-001b2193b764"}, "predictions": {"binary": [0, 0, 0, 0, 0, 0, 0, 0, 0, 0, 0, 0, 0, 1, 0, 0, 0, 1, 0, 0, 0, 0, 0, 0, 0, 1, 0, 1, 0, 1, 1, 1, 0, 1, 0, 1, 0, 0, 0, 0, 0, 0, 1, 1, 0, 0, 1, 0, 0, 0, 0, 0, 0, 0, 0, 0, 0, 0, 0, 0, 0, 1, 0, 0, 0, 0, 0, 0, 0, 0, 0, 1, 0, 0, 0, 1, 1, 1, 0, 1, 1, 1, 1, 0, 1, 1, 1, 0, 1, 1, 1, 1, 1, 1, 1, 1, 1, 1, 1, 1, 1, 0, 1, 1, 1, 1, 1, 0, 1, 1, 1, 1, 1, 0], "proba": [0.5056083021755996, 0.5144038414303952, 0.5987640212772597, 0.5992102849220207, 0.5555434649563933, 0.6036187089254944, 0.5925897311618479, 0.5868326136705322, 0.5107388681118098, 0.6035463812912967, 0.5307879447691539, 0.5826021079989927, 0.5708800805687975, 0.49242636774269927, 0.5256038805174479, 0.5171710930863125, 0.5977894696756105, 0.4999917308621895, 0.5574977442140883, 0.5000965750422789, 0.6010975272974076, 0.592681379079251, 0.582761817291627, 0.5955086598903315, 0.6009676754385626, 0.47331271666644553, 0.5909571472726742, 0.4550583102379847, 0.5982833791399276, 0.4710395133109039, 0.48920633507409844, 0.4713991959687982, 0.5279777392094469, 0.4886674990796426, 0.5304314025463921, 0.4998267764621657, 0.5278077856039262, 0.5946697734732922, 0.5197781712470397, 0.5222280529461919, 0.593234407074078, 0.504809158467672, 0.47218227936738455, 0.4975437854315451, 0.5212996100513859, 0.5950128178248905, 0.43314840888839745, 0.5879602708587615, 0.5783397253935676, 0.5966425674865684, 0.6009348680986184, 0.5267921408904647, 0.5173503185214483, 0.5330600568577775, 0.5174011140600931, 0.5223652896670672, 0.5965868907755079, 0.5192513262053773, 0.5964521739133714, 0.5190172794492499, 0.5207051262845214, 0.4827012281594925, 0.5170596508799999, 0.5161377758312287]}}