{"metrics": {"test": {"fp": [1], "f1_score": [0.9428571428571428], "risk": [0.043478260869565216], "recall": [0.9166666666666666], "sensitivity": [0.9166666666666666], "precision": [0.9705882352941176], "tp": [33], "tn": [55], "specificity": [0.9821428571428571], "fn": [3]}, "train": {"fp": [3], "f1_score": [0.945578231292517], "risk": [0.043243243243243246], "recall": [0.9144736842105263], "sensitivity": [0.9144736842105263], "precision": [0.9788732394366197], "tp": [139], "tn": [215], "specificity": [0.9862385321100917], "fn": [13]}}, "model": {"n_features": 19753432}, "data": {"path": "/scratch/adrouin/patric_data/single_species_datasets/moxifloxacin___-8916328542551230855/dataset.kover", "split": "train_0.800_seed_9_10_folds", "uuid": "188637c8-547d-11e8-9fd4-f0921c053df8"}, "predictions": {"binary": [0, 0, 0, 0, 0, 0, 0, 0, 0, 0, 0, 0, 1, 0, 0, 0, 0, 0, 0, 0, 0, 0, 0, 0, 0, 0, 0, 0, 0, 0, 0, 0, 0, 0, 0, 0, 0, 0, 0, 0, 0, 0, 0, 0, 1, 0, 0, 0, 0, 0, 0, 0, 0, 0, 0, 0, 0, 0, 0, 0, 0, 0, 0, 0, 0, 0, 0, 0, 0, 0, 0, 0, 0, 0, 0, 0, 0, 0, 0, 0, 0, 0, 0, 0, 0, 0, 0, 0, 0, 0, 0, 0, 0, 0, 0, 0, 0, 0, 0, 0, 0, 0, 0, 0, 0, 0, 0, 0, 0, 0, 0, 0, 0, 0, 0, 0, 0, 0, 0, 0, 0, 0, 0, 0, 0, 0, 0, 0, 0, 0, 0, 0, 0, 0, 0, 0, 0, 0, 1, 0, 0, 0, 0, 0, 0, 0, 0, 0, 0, 0, 0, 0, 0, 0, 0, 0, 0, 0, 0, 0, 0, 0, 0, 0, 0, 0, 0, 0, 0, 0, 0, 0, 0, 0, 0, 0, 0, 0, 0, 0, 0, 0, 0, 0, 0, 0, 0, 0, 0, 0, 0, 1, 0, 0, 0, 0, 0, 0, 0, 0, 0, 0, 0, 0, 0, 0, 0, 0, 0, 0, 0, 0, 0, 0, 0, 0, 0, 0, 0, 0, 0, 0, 0, 0, 0, 0, 0, 0, 0, 0, 0, 0, 0, 0, 0, 0, 0, 0, 0, 0, 0, 0, 0, 0, 0, 0, 0, 0, 0, 0, 0, 0, 0, 0, 0, 0, 0, 0, 0, 0, 0, 0, 0, 0, 0, 0, 0, 0, 0, 0, 0, 0, 0, 0, 1, 1, 1, 1, 1, 1, 1, 1, 1, 1, 1, 1, 1, 1, 1, 1, 1, 1, 1, 1, 0, 1, 1, 1, 1, 1, 1, 1, 1, 1, 1, 1, 1, 1, 1, 1, 1, 0, 1, 1, 1, 1, 1, 0, 1, 1, 1, 1, 1, 1, 0, 1, 0, 1, 0, 1, 1, 1, 1, 1, 0, 1, 1, 1, 1, 1, 0, 1, 1, 1, 1, 1, 1, 0, 0, 1, 1, 1, 1, 1, 1, 1, 1, 1, 1, 1, 1, 1, 1, 1, 1, 1, 1, 1, 1, 1, 1, 1, 1, 1, 1, 1, 1, 1, 1, 1, 1, 1, 1, 1, 1, 1, 1, 1, 1, 1, 1, 1, 1, 1, 1, 1, 1, 1, 1, 0, 1, 1, 1, 1, 1, 1, 1, 1, 1, 1, 1, 1, 0, 1, 1, 1, 1, 1, 1, 1, 1, 1, 1, 1, 1, 1, 1, 1, 1, 1, 1, 1, 1, 1, 1, 1, 1, 1, 1, 0, 1, 1, 1, 1, 1, 1, 1, 1, 0, 1, 0, 1, 1, 1, 0, 1, 1, 1, 1, 1, 1, 1], "proba": [0.057660134154548036, 0.05207121965409829, 0.05101210580630503, 0.05109740411916073, 0.050997152218312934, 0.04805485029614477, 0.051003828613229815, 0.05108522897839462, 0.04049944869807494, 0.05105663919490465, 0.05009844759312488, 0.051086673554035344, 0.5793684875164038, 0.04884011350456145, 0.04904635514310879, 0.05106366741442669, 0.04710686994670275, 0.04866634681844569, 0.05037487695358921, 0.050984416781195835, 0.04343155768072752, 0.05105676721893908, 0.051233640010644343, 0.051015075922857374, 0.052211708931392195, 0.05106384270209818, 0.05107376839035456, 0.050995244183895325, 0.05103305822894447, 0.05097159429041542, 0.049116167360755546, 0.0510349275250559, 0.051042855464505404, 0.051015144693343256, 0.04936180109589728, 0.05104624801034, 0.05102636873838153, 0.049465274531484305, 0.05103504456696008, 0.05101001037347976, 0.04940918255959063, 0.041677024403344046, 0.051042868460556945, 0.049691256505455486, 0.7616364225547619, 0.0498060864158552, 0.04772718444725274, 0.04903143641139711, 0.050992975689934106, 0.045315926060023416, 0.042134553118082486, 0.043188595772851605, 0.05111960445092099, 0.05108363037702333, 0.05103690052796633, 0.05111285257643546, 0.051286931225886914, 0.04007388894579822, 0.05220637475291079, 0.05230942881315935, 0.051087137586510414, 0.05130038166321631, 0.05104752403073749, 0.0572189207669512, 0.05110111162902415, 0.05008769676979633, 0.05101881684799322, 0.0511063663191015, 0.05108425659365147, 0.05099363442594256, 0.05103567778618523, 0.051061920676666615, 0.051088952968649244, 0.04311029110824574, 0.490758064477653, 0.051005556189339836, 0.04915397100687462, 0.04385604939370951, 0.05105137446861431, 0.051029034589598864, 0.051042124496041535, 0.051085035899848065, 0.04571094474987363, 0.27116715236599315, 0.051012261841699456, 0.04970930135182399, 0.04794688977547303, 0.05090730275422767, 0.05111285510341192, 0.051118556709180356, 0.0496727411953901, 0.05097959573638145, 0.04932460739058348, 0.048701719891429386, 0.05105072166730448, 0.04270654096645819, 0.051037075124608665, 0.051058274493678446, 0.05105909784437063, 0.0495673869217557, 0.04995476004344744, 0.042543941329981835, 0.04727308342032597, 0.05110732505021194, 0.050319149880587964, 0.05108379991982391, 0.051051164573956684, 0.0500045759461729, 0.051992871277637, 0.05108964934819725, 0.04685430299007051, 0.04493944591184703, 0.04991185354867766, 0.051078332820448887, 0.054167300055740775, 0.05107572659258517, 0.051095746998527265, 0.050607598469246125, 0.048401494911737335, 0.04967453992780784, 0.053769348013091016, 0.05105906096497131, 0.0588204076665847, 0.050845154040168414, 0.043653304555369414, 0.5335061203955462, 0.05329356022709375, 0.05104950731752436, 0.0490616732313728, 0.052713213904041115, 0.05104932700740965, 0.05092178041340997, 0.051082630065482, 0.04995076819710534, 0.04561591148114193, 0.037306940928681274, 0.051046157047882554, 0.05106689949933486, 0.9669839534007222, 0.049813868648619454, 0.05108071930185557, 0.051314108254609116, 0.049024028622281786, 0.05094927557608534, 0.05345388926501782, 0.050923474354630315, 0.04353498458187939, 0.049367532200094696, 0.05089814668931406, 0.050997676388663475, 0.041857585633646624, 0.05104595718125132, 0.05097227214671778, 0.05103788491437156, 0.045194664655381966, 0.04929670388211157, 0.05108651392924141, 0.05103401901183648, 0.051084945348560416, 0.05105414740054546, 0.0491039440607142, 0.03646528340533551, 0.046715961680211186, 0.05105598604155749, 0.05105012969085735, 0.044846523104635064, 0.03922548712047309, 0.051023028540130785, 0.05112203036948064, 0.051007869628102574, 0.04243939596146969, 0.050358544463392434, 0.051051692988126195, 0.0420942493256146, 0.05099432294151423, 0.043703922203468804, 0.054870149267225325, 0.04521892506470803, 0.05104487212728985, 0.05107747014763961, 0.05024968070140724, 0.0502210590318474, 0.060440914758727524, 0.04306835336620241, 0.05358893694393168, 0.051111529422278965, 0.049122773321649535, 0.040510125351971016, 0.05111247795626476, 0.05102674103930986, 0.041815181469424915, 0.5633924577910074, 0.051061766014227794, 0.05097888241321866, 0.05107145691816563, 0.2516393157352843, 0.051076572728307866, 0.05110708428037178, 0.03690763457457403, 0.050648138463045805, 0.04468804263316966, 0.05014766626296778, 0.04190070214561596, 0.05102746913461176, 0.05107742313891683, 0.044616006484141914, 0.0509841078321051, 0.04975792815065367, 0.054066889188745686, 0.050920264584448025, 0.05105002258591275, 0.05112548038696334, 0.050669095029424537, 0.04325487507844271, 0.05114135663727082, 0.04278606435437345, 0.05104493436924973, 0.05104619607611469, 0.04749620369251195, 0.05137221421295276, 0.04955170560539111, 0.051156470435975064, 0.04348521792332582, 0.051078216600045634, 0.046062188281581394, 0.05104391701883491, 0.05100814691150249, 0.07688329860713031, 0.042422896490622836, 0.05110717876822665, 0.04936462147899509, 0.05106054625915145, 0.045552934173458466, 0.05106586534403427, 0.05164969119705283, 0.05067285563313735, 0.04226661420025087, 0.05105941053730168, 0.06002027997785176, 0.048692359717311014, 0.05165165528243373, 0.04787525346496428, 0.05103967588656882, 0.04994739778819859, 0.05107294201707956, 0.051525526068192856, 0.04948650342268012, 0.05028193865050423, 0.046405309574746846, 0.051099388827979306, 0.13219596159577857, 0.04413510954212438, 0.051052994701150226, 0.045444725018862195, 0.04380869962712949, 0.051006088246583606, 0.05104509778014587, 0.05107812046107457, 0.05104663212957313, 0.05110489043304426, 0.28815704612298, 0.05192009496793346, 0.05097728541948524, 0.047593343217400295, 0.05106379349248474, 0.0422902777394506, 0.049863822825763654, 0.05101238013752045, 0.04547640908220066, 0.050058234277659555, 0.5098902026142214, 0.05108548871789009, 